
**********************************************************************
*                                                                    *
*                        M   A   P   L   E                           *
*                                                                    *
*      MAchine-learning Potential for Landscape Exploration          *
*                                                                    *
*                                                                    *
*      © 2025 University of Pittsburgh. All rights reserved.         *
*      Licensed under CC BY 4.0 for academic use.                    *
*                                                                    *
*      Principal Developer:  Xujian Wang                             *
*                                                                    *
**********************************************************************


Parsing # commands...
Global parameter: model = uma
Task set to 'opt'
Global parameter: device = gpu0
Parsed configuration:
----------------------------------------
Task: opt
model          : uma
method         : sdcg
device         : gpu0

                             Coordinates                              
**********************************************************************

Group 1 (inline)
--------------------
1    C             -0.778126            -1.067561             0.321059
2    C              1.302553             0.052120            -0.028299
3    C             -0.971993             1.456249             0.823657
4    C              1.981229            -0.418433             1.250175
5    C              2.264033             0.435168            -1.133107
6    N              0.291164            -0.876821            -0.500399
7    N             -2.019163            -1.372006            -0.233112
8    O             -1.664734             1.630223            -0.401837
9    H             -2.258632             0.870139            -0.475899
10   H              0.027849            -0.678312            -1.458495
11   H             -0.609759            -1.367856             1.341178
12   H              0.681264             0.918300             0.286941
13   H             -2.573263            -2.057361             0.257412
14   H             -2.052428            -1.504542            -1.233823
15   H             -0.368993             2.351392             0.991747
16   H             -1.639609             1.294215             1.674653
17   H              2.764449             0.291462             1.522846
18   H              1.725114             0.730695            -2.037794
19   H              2.435593            -1.406098             1.134215
20   H              1.273005            -0.447224             2.080579
21   H              2.850345             1.298697            -0.814322
22   H              2.960009            -0.368806            -1.388910

======================================================================
SDCG Parameters
======================================================================
mode:              SD+CG
max_step:          0.2
max_iter:          256
sd_enabled:        True
cg_enabled:        True
sd_max_iter:       50
cg_switch_fmax:    0.0
cg_restart_thresh: 0.2
cg_beta_method:    prp+
diis_enabled:      True
diis_store_every:  5
diis_memory:       6
write_traj:        False
traj_every:        1
verbose:           1
======================================================================

  Auto cg_switch_fmax = 0.024294 (0.5 * initial max_f = 0.048587)

----------------------------------------------------------------------
                          Iteration: 1 [SD]                           


                             Coordinates                              
----------------------------------------------------------------------
0    C               -0.7788              -1.0578               0.3220
1    C                1.3046               0.0514              -0.0285
2    C               -0.9796               1.4494               0.8249
3    C                1.9817              -0.4190               1.2489
4    C                2.2650               0.4341              -1.1335
5    N                0.2922              -0.8786              -0.5009
6    N               -2.0170              -1.3711              -0.2321
7    O               -1.6648               1.6300              -0.4014
8    H               -2.2584               0.8708              -0.4762
9    H                0.0276              -0.6779              -1.4580
10   H               -0.6097              -1.3683               1.3410
11   H                0.6825               0.9184               0.2859
12   H               -2.5728              -2.0567               0.2575
13   H               -2.0518              -1.5045              -1.2335
14   H               -0.3685               2.3500               0.9916
15   H               -1.6403               1.2956               1.6743
16   H                2.7643               0.2912               1.5228
17   H                1.7252               0.7306              -2.0375
18   H                2.4355              -1.4060               1.1342
19   H                1.2729              -0.4474               2.0803
20   H                2.8504               1.2983              -0.8144
21   H                2.9598              -0.3688              -1.3889


Energy:                 -383.529243 Convergence criteria  Is converged 
Maximum Force:             0.047339     0.002850  No
RMS Force:                 0.014253     0.001900  No
Maximum Displacement:      0.009717     0.003150  No
RMS Displacement:          0.003254     0.002100  No

----------------------------------------------------------------------
                          Iteration: 2 [SD]                           


                             Coordinates                              
----------------------------------------------------------------------
0    C               -0.7795              -1.0484               0.3238
1    C                1.3061               0.0510              -0.0289
2    C               -0.9843               1.4442               0.8253
3    C                1.9821              -0.4194               1.2482
4    C                2.2658               0.4335              -1.1339
5    N                0.2934              -0.8801              -0.5012
6    N               -2.0154              -1.3702              -0.2316
7    O               -1.6652               1.6298              -0.4011
8    H               -2.2584               0.8712              -0.4768
9    H                0.0273              -0.6776              -1.4577
10   H               -0.6096              -1.3685               1.3404
11   H                0.6841               0.9182               0.2848
12   H               -2.5722              -2.0558               0.2577
13   H               -2.0510              -1.5043              -1.2329
14   H               -0.3690               2.3468               0.9913
15   H               -1.6422               1.2967               1.6750
16   H                2.7642               0.2909               1.5227
17   H                1.7253               0.7304              -2.0372
18   H                2.4355              -1.4061               1.1341
19   H                1.2730              -0.4476               2.0798
20   H                2.8504               1.2980              -0.8144
21   H                2.9598              -0.3690              -1.3890


Energy:                 -383.530119 Convergence criteria  Is converged 
Maximum Force:             0.046188     0.002850  No
RMS Force:                 0.013806     0.001900  No
Maximum Displacement:      0.009468     0.003150  No
RMS Displacement:          0.002851     0.002100  No

----------------------------------------------------------------------
                          Iteration: 3 [SD]                           


                             Coordinates                              
----------------------------------------------------------------------
0    C               -0.7803              -1.0391               0.3257
1    C                1.3072               0.0506              -0.0294
2    C               -0.9879               1.4395               0.8254
3    C                1.9825              -0.4197               1.2476
4    C                2.2665               0.4330              -1.1343
5    N                0.2946              -0.8813              -0.5013
6    N               -2.0140              -1.3693              -0.2311
7    O               -1.6659               1.6296              -0.4007
8    H               -2.2588               0.8714              -0.4776
9    H                0.0271              -0.6771              -1.4573
10   H               -0.6096              -1.3686               1.3398
11   H                0.6858               0.9179               0.2836
12   H               -2.5713              -2.0548               0.2579
13   H               -2.0501              -1.5040              -1.2322
14   H               -0.3697               2.3428               0.9910
15   H               -1.6447               1.2977               1.6760
16   H                2.7642               0.2907               1.5226
17   H                1.7254               0.7302              -2.0370
18   H                2.4355              -1.4062               1.1341
19   H                1.2731              -0.4478               2.0793
20   H                2.8505               1.2976              -0.8145
21   H                2.9599              -0.3694              -1.3892


Energy:                 -383.530952 Convergence criteria  Is converged 
Maximum Force:             0.045056     0.002850  No
RMS Force:                 0.013675     0.001900  No
Maximum Displacement:      0.009238     0.003150  No
RMS Displacement:          0.002761     0.002100  No

----------------------------------------------------------------------
                          Iteration: 4 [SD]                           


                             Coordinates                              
----------------------------------------------------------------------
0    C               -0.7810              -1.0301               0.3277
1    C                1.3081               0.0504              -0.0299
2    C               -0.9909               1.4350               0.8253
3    C                1.9828              -0.4200               1.2472
4    C                2.2672               0.4327              -1.1346
5    N                0.2957              -0.8823              -0.5013
6    N               -2.0128              -1.3682              -0.2306
7    O               -1.6666               1.6295              -0.4004
8    H               -2.2593               0.8715              -0.4786
9    H                0.0269              -0.6767              -1.4569
10   H               -0.6095              -1.3685               1.3391
11   H                0.6876               0.9176               0.2824
12   H               -2.5704              -2.0537               0.2582
13   H               -2.0492              -1.5037              -1.2315
14   H               -0.3706               2.3384               0.9906
15   H               -1.6473               1.2985               1.6771
16   H                2.7641               0.2904               1.5225
17   H                1.7255               0.7300              -2.0368
18   H                2.4356              -1.4065               1.1340
19   H                1.2732              -0.4480               2.0787
20   H                2.8507               1.2972              -0.8146
21   H                2.9601              -0.3698              -1.3894


Energy:                 -383.531773 Convergence criteria  Is converged 
Maximum Force:             0.043947     0.002850  No
RMS Force:                 0.013622     0.001900  No
Maximum Displacement:      0.009011     0.003150  No
RMS Displacement:          0.002735     0.002100  No

----------------------------------------------------------------------
                          Iteration: 5 [SD]                           


                             Coordinates                              
----------------------------------------------------------------------
0    C               -0.7818              -1.0213               0.3298
1    C                1.3090               0.0501              -0.0304
2    C               -0.9937               1.4305               0.8253
3    C                1.9831              -0.4203               1.2469
4    C                2.2678               0.4323              -1.1349
5    N                0.2967              -0.8831              -0.5013
6    N               -2.0118              -1.3669              -0.2301
7    O               -1.6675               1.6295              -0.4000
8    H               -2.2599               0.8716              -0.4796
9    H                0.0267              -0.6763              -1.4565
10   H               -0.6095              -1.3684               1.3385
11   H                0.6895               0.9174               0.2811
12   H               -2.5694              -2.0525               0.2585
13   H               -2.0481              -1.5034              -1.2309
14   H               -0.3714               2.3336               0.9903
15   H               -1.6500               1.2993               1.6782
16   H                2.7642               0.2902               1.5224
17   H                1.7257               0.7298              -2.0366
18   H                2.4357              -1.4068               1.1339
19   H                1.2733              -0.4482               2.0780
20   H                2.8509               1.2969              -0.8147
21   H                2.9604              -0.3703              -1.3896


Energy:                 -383.532589 Convergence criteria  Is converged 
Maximum Force:             0.042870     0.002850  No
RMS Force:                 0.013599     0.001900  No
Maximum Displacement:      0.008789     0.003150  No
RMS Displacement:          0.002724     0.002100  No

----------------------------------------------------------------------
                          Iteration: 6 [SD]                           


                             Coordinates                              
----------------------------------------------------------------------
0    C               -0.7826              -1.0128               0.3318
1    C                1.3098               0.0499              -0.0309
2    C               -0.9964               1.4260               0.8251
3    C                1.9835              -0.4205               1.2465
4    C                2.2685               0.4320              -1.1352
5    N                0.2976              -0.8838              -0.5011
6    N               -2.0108              -1.3655              -0.2296
7    O               -1.6685               1.6294              -0.3997
8    H               -2.2607               0.8716              -0.4807
9    H                0.0266              -0.6759              -1.4561
10   H               -0.6095              -1.3681               1.3379
11   H                0.6915               0.9171               0.2798
12   H               -2.5683              -2.0514               0.2589
13   H               -2.0470              -1.5030              -1.2302
14   H               -0.3721               2.3286               0.9900
15   H               -1.6528               1.3001               1.6792
16   H                2.7642               0.2900               1.5224
17   H                1.7258               0.7296              -2.0364
18   H                2.4359              -1.4071               1.1338
19   H                1.2734              -0.4484               2.0774
20   H                2.8511               1.2966              -0.8148
21   H                2.9607              -0.3708              -1.3898


Energy:                 -383.533402 Convergence criteria  Is converged 
Maximum Force:             0.041832     0.002850  No
RMS Force:                 0.013595     0.001900  No
Maximum Displacement:      0.008574     0.003150  No
RMS Displacement:          0.002720     0.002100  No

----------------------------------------------------------------------
                          Iteration: 7 [SD]                           


                             Coordinates                              
----------------------------------------------------------------------
0    C               -0.7835              -1.0044               0.3338
1    C                1.3105               0.0497              -0.0314
2    C               -0.9991               1.4214               0.8250
3    C                1.9838              -0.4208               1.2462
4    C                2.2691               0.4317              -1.1355
5    N                0.2985              -0.8844              -0.5010
6    N               -2.0100              -1.3639              -0.2291
7    O               -1.6696               1.6293              -0.3992
8    H               -2.2615               0.8716              -0.4820
9    H                0.0265              -0.6755              -1.4556
10   H               -0.6095              -1.3677               1.3373
11   H                0.6936               0.9170               0.2785
12   H               -2.5672              -2.0501               0.2593
13   H               -2.0459              -1.5026              -1.2295
14   H               -0.3727               2.3233               0.9897
15   H               -1.6555               1.3007               1.6801
16   H                2.7643               0.2897               1.5223
17   H                1.7259               0.7294              -2.0363
18   H                2.4360              -1.4073               1.1337
19   H                1.2735              -0.4486               2.0768
20   H                2.8514               1.2963              -0.8149
21   H                2.9610              -0.3713              -1.3901


Energy:                 -383.534215 Convergence criteria  Is converged 
Maximum Force:             0.040846     0.002850  No
RMS Force:                 0.013605     0.001900  No
Maximum Displacement:      0.008366     0.003150  No
RMS Displacement:          0.002719     0.002100  No

----------------------------------------------------------------------
                          Iteration: 8 [SD]                           


                             Coordinates                              
----------------------------------------------------------------------
0    C               -0.7843              -0.9962               0.3358
1    C                1.3113               0.0495              -0.0318
2    C               -1.0018               1.4169               0.8248
3    C                1.9842              -0.4210               1.2459
4    C                2.2698               0.4314              -1.1358
5    N                0.2992              -0.8849              -0.5007
6    N               -2.0092              -1.3622              -0.2285
7    O               -1.6707               1.6292              -0.3988
8    H               -2.2625               0.8716              -0.4833
9    H                0.0265              -0.6750              -1.4551
10   H               -0.6095              -1.3672               1.3368
11   H                0.6958               0.9168               0.2772
12   H               -2.5660              -2.0488               0.2598
13   H               -2.0447              -1.5022              -1.2288
14   H               -0.3733               2.3179               0.9895
15   H               -1.6583               1.3012               1.6810
16   H                2.7645               0.2895               1.5223
17   H                1.7261               0.7292              -2.0362
18   H                2.4362              -1.4077               1.1336
19   H                1.2736              -0.4489               2.0763
20   H                2.8518               1.2961              -0.8150
21   H                2.9613              -0.3717              -1.3904


Energy:                 -383.535030 Convergence criteria  Is converged 
Maximum Force:             0.039920     0.002850  No
RMS Force:                 0.013630     0.001900  No
Maximum Displacement:      0.008169     0.003150  No
RMS Displacement:          0.002721     0.002100  No

----------------------------------------------------------------------
                          Iteration: 9 [SD]                           


                             Coordinates                              
----------------------------------------------------------------------
0    C               -0.7852              -0.9882               0.3378
1    C                1.3120               0.0493              -0.0323
2    C               -1.0046               1.4124               0.8246
3    C                1.9846              -0.4212               1.2456
4    C                2.2704               0.4311              -1.1361
5    N                0.2999              -0.8853              -0.5004
6    N               -2.0086              -1.3603              -0.2280
7    O               -1.6720               1.6291              -0.3983
8    H               -2.2635               0.8715              -0.4847
9    H                0.0264              -0.6746              -1.4546
10   H               -0.6095              -1.3665               1.3363
11   H                0.6981               0.9168               0.2759
12   H               -2.5647              -2.0475               0.2603
13   H               -2.0434              -1.5017              -1.2281
14   H               -0.3738               2.3123               0.9892
15   H               -1.6611               1.3017               1.6818
16   H                2.7646               0.2893               1.5223
17   H                1.7263               0.7290              -2.0361
18   H                2.4363              -1.4080               1.1334
19   H                1.2737              -0.4491               2.0757
20   H                2.8522               1.2958              -0.8151
21   H                2.9616              -0.3722              -1.3907


Energy:                 -383.535849 Convergence criteria  Is converged 
Maximum Force:             0.039064     0.002850  No
RMS Force:                 0.013670     0.001900  No
Maximum Displacement:      0.007984     0.003150  No
RMS Displacement:          0.002726     0.002100  No

----------------------------------------------------------------------
                          Iteration: 10 [SD]                          


                             Coordinates                              
----------------------------------------------------------------------
0    C               -0.7860              -0.9804               0.3397
1    C                1.3128               0.0492              -0.0327
2    C               -1.0073               1.4078               0.8244
3    C                1.9850              -0.4214               1.2454
4    C                2.2711               0.4308              -1.1364
5    N                0.3005              -0.8856              -0.5001
6    N               -2.0081              -1.3582              -0.2274
7    O               -1.6732               1.6289              -0.3978
8    H               -2.2646               0.8715              -0.4861
9    H                0.0264              -0.6741              -1.4540
10   H               -0.6095              -1.3658               1.3358
11   H                0.7004               0.9168               0.2745
12   H               -2.5634              -2.0462               0.2608
13   H               -2.0420              -1.5013              -1.2273
14   H               -0.3742               2.3065               0.9890
15   H               -1.6639               1.3020               1.6825
16   H                2.7648               0.2891               1.5223
17   H                1.7264               0.7288              -2.0361
18   H                2.4365              -1.4083               1.1333
19   H                1.2738              -0.4493               2.0751
20   H                2.8526               1.2955              -0.8153
21   H                2.9620              -0.3727              -1.3910


Energy:                 -383.536673 Convergence criteria  Is converged 
Maximum Force:             0.038286     0.002850  No
RMS Force:                 0.013727     0.001900  No
Maximum Displacement:      0.007813     0.003150  No
RMS Displacement:          0.002734     0.002100  No

----------------------------------------------------------------------
                          Iteration: 11 [SD]                          


                             Coordinates                              
----------------------------------------------------------------------
0    C               -0.7869              -0.9728               0.3417
1    C                1.3135               0.0491              -0.0332
2    C               -1.0101               1.4032               0.8242
3    C                1.9854              -0.4216               1.2451
4    C                2.2717               0.4305              -1.1367
5    N                0.3011              -0.8858              -0.4998
6    N               -2.0077              -1.3561              -0.2269
7    O               -1.6745               1.6287              -0.3973
8    H               -2.2657               0.8714              -0.4877
9    H                0.0264              -0.6737              -1.4535
10   H               -0.6096              -1.3650               1.3353
11   H                0.7028               0.9169               0.2731
12   H               -2.5621              -2.0448               0.2614
13   H               -2.0407              -1.5008              -1.2266
14   H               -0.3745               2.3006               0.9888
15   H               -1.6667               1.3023               1.6831
16   H                2.7650               0.2890               1.5223
17   H                1.7266               0.7286              -2.0360
18   H                2.4366              -1.4086               1.1332
19   H                1.2739              -0.4496               2.0745
20   H                2.8530               1.2953              -0.8154
21   H                2.9623              -0.3732              -1.3913


Energy:                 -383.537504 Convergence criteria  Is converged 
Maximum Force:             0.037591     0.002850  No
RMS Force:                 0.013800     0.001900  No
Maximum Displacement:      0.007657     0.003150  No
RMS Displacement:          0.002745     0.002100  No

----------------------------------------------------------------------
                          Iteration: 12 [SD]                          


                             Coordinates                              
----------------------------------------------------------------------
0    C               -0.7877              -0.9653               0.3436
1    C                1.3143               0.0490              -0.0336
2    C               -1.0129               1.3986               0.8239
3    C                1.9858              -0.4218               1.2448
4    C                2.2724               0.4303              -1.1370
5    N                0.3016              -0.8860              -0.4994
6    N               -2.0074              -1.3537              -0.2263
7    O               -1.6759               1.6285              -0.3968
8    H               -2.2670               0.8713              -0.4892
9    H                0.0265              -0.6733              -1.4529
10   H               -0.6097              -1.3641               1.3349
11   H                0.7053               0.9171               0.2718
12   H               -2.5607              -2.0434               0.2620
13   H               -2.0392              -1.5003              -1.2258
14   H               -0.3748               2.2946               0.9885
15   H               -1.6695               1.3024               1.6837
16   H                2.7653               0.2888               1.5223
17   H                1.7268               0.7284              -2.0360
18   H                2.4368              -1.4089               1.1330
19   H                1.2740              -0.4498               2.0740
20   H                2.8535               1.2951              -0.8156
21   H                2.9627              -0.3737              -1.3916


Energy:                 -383.538344 Convergence criteria  Is converged 
Maximum Force:             0.036984     0.002850  No
RMS Force:                 0.013890     0.001900  No
Maximum Displacement:      0.007518     0.003150  No
RMS Displacement:          0.002760     0.002100  No

----------------------------------------------------------------------
                          Iteration: 13 [SD]                          


                             Coordinates                              
----------------------------------------------------------------------
0    C               -0.7886              -0.9579               0.3456
1    C                1.3150               0.0489              -0.0339
2    C               -1.0158               1.3939               0.8236
3    C                1.9862              -0.4220               1.2446
4    C                2.2731               0.4300              -1.1373
5    N                0.3020              -0.8861              -0.4989
6    N               -2.0072              -1.3513              -0.2257
7    O               -1.6774               1.6282              -0.3963
8    H               -2.2683               0.8712              -0.4909
9    H                0.0265              -0.6728              -1.4524
10   H               -0.6098              -1.3631               1.3345
11   H                0.7078               0.9174               0.2704
12   H               -2.5593              -2.0420               0.2626
13   H               -2.0378              -1.4997              -1.2250
14   H               -0.3749               2.2884               0.9883
15   H               -1.6723               1.3025               1.6843
16   H                2.7655               0.2886               1.5223
17   H                1.7270               0.7282              -2.0360
18   H                2.4370              -1.4091               1.1329
19   H                1.2741              -0.4501               2.0734
20   H                2.8539               1.2948              -0.8157
21   H                2.9630              -0.3741              -1.3919


Energy:                 -383.539196 Convergence criteria  Is converged 
Maximum Force:             0.036467     0.002850  No
RMS Force:                 0.013997     0.001900  No
Maximum Displacement:      0.007397     0.003150  No
RMS Displacement:          0.002778     0.002100  No

----------------------------------------------------------------------
                          Iteration: 14 [SD]                          


                             Coordinates                              
----------------------------------------------------------------------
0    C               -0.7895              -0.9506               0.3475
1    C                1.3157               0.0488              -0.0343
2    C               -1.0186               1.3892               0.8233
3    C                1.9866              -0.4222               1.2444
4    C                2.2737               0.4297              -1.1376
5    N                0.3024              -0.8862              -0.4985
6    N               -2.0071              -1.3488              -0.2250
7    O               -1.6788               1.6279              -0.3958
8    H               -2.2696               0.8710              -0.4925
9    H                0.0265              -0.6723              -1.4518
10   H               -0.6100              -1.3620               1.3341
11   H                0.7104               0.9177               0.2690
12   H               -2.5579              -2.0405               0.2632
13   H               -2.0362              -1.4992              -1.2242
14   H               -0.3751               2.2820               0.9882
15   H               -1.6751               1.3024               1.6848
16   H                2.7658               0.2884               1.5223
17   H                1.7273               0.7280              -2.0360
18   H                2.4372              -1.4094               1.1327
19   H                1.2742              -0.4504               2.0729
20   H                2.8544               1.2946              -0.8159
21   H                2.9634              -0.3746              -1.3922


Energy:                 -383.540062 Convergence criteria  Is converged 
Maximum Force:             0.036041     0.002850  No
RMS Force:                 0.014120     0.001900  No
Maximum Displacement:      0.007293     0.003150  No
RMS Displacement:          0.002799     0.002100  No

----------------------------------------------------------------------
                      Iteration: 15 [SD] (GDIIS)                      


                             Coordinates                              
----------------------------------------------------------------------
0    C               -0.7731              -1.0668               0.3136
1    C                1.3026               0.0480              -0.0294
2    C               -0.9634               1.4790               0.8318
3    C                1.9775              -0.4197               1.2474
4    C                2.2609               0.4340              -1.1317
5    N                0.3024              -0.8931              -0.5111
6    N               -1.9978              -1.4120              -0.2380
7    O               -1.6447               1.6366              -0.4075
8    H               -2.2360               0.8752              -0.4541
9    H                0.0238              -0.6814              -1.4642
10   H               -0.6052              -1.3942               1.3374
11   H                0.6545               0.9033               0.2953
12   H               -2.5889              -2.0712               0.2488
13   H               -2.0701              -1.5114              -1.2415
14   H               -0.3821               2.4168               0.9900
15   H               -1.6226               1.3142               1.6829
16   H                2.7579               0.2912               1.5206
17   H                1.7218               0.7321              -2.0338
18   H                2.4333              -1.4042               1.1364
19   H                1.2718              -0.4449               2.0820
20   H                2.8416               1.2982              -0.8115
21   H                2.9558              -0.3661              -1.3851


Energy:                 -383.525404 Convergence criteria  Is converged 
Maximum Force:             0.029402     0.002850  No
RMS Force:                 0.011854     0.001900  No
Maximum Displacement:      0.134765     0.003150  No
RMS Displacement:          0.054745     0.002100  No

----------------------------------------------------------------------
                          Iteration: 16 [SD]                          


                             Coordinates                              
----------------------------------------------------------------------
0    C               -0.7728              -1.0621               0.3170
1    C                1.3030               0.0477              -0.0300
2    C               -0.9666               1.4776               0.8314
3    C                1.9778              -0.4199               1.2471
4    C                2.2614               0.4340              -1.1318
5    N                0.3016              -0.8932              -0.5099
6    N               -1.9984              -1.4109              -0.2384
7    O               -1.6451               1.6359              -0.4056
8    H               -2.2365               0.8755              -0.4554
9    H                0.0241              -0.6811              -1.4635
10   H               -0.6052              -1.3931               1.3348
11   H                0.6569               0.9031               0.2938
12   H               -2.5870              -2.0699               0.2494
13   H               -2.0687              -1.5108              -1.2405
14   H               -0.3835               2.4109               0.9897
15   H               -1.6244               1.3153               1.6829
16   H                2.7581               0.2912               1.5205
17   H                1.7218               0.7319              -2.0338
18   H                2.4334              -1.4047               1.1363
19   H                1.2717              -0.4451               2.0813
20   H                2.8420               1.2982              -0.8114
21   H                2.9562              -0.3668              -1.3854


Energy:                 -383.525991 Convergence criteria  Is converged 
Maximum Force:             0.027149     0.002850  No
RMS Force:                 0.010958     0.001900  No
Maximum Displacement:      0.005880     0.003150  No
RMS Displacement:          0.002371     0.002100  No

----------------------------------------------------------------------
                          Iteration: 17 [SD]                          


                             Coordinates                              
----------------------------------------------------------------------
0    C               -0.7735              -1.0572               0.3188
1    C                1.3035               0.0473              -0.0304
2    C               -0.9697               1.4757               0.8312
3    C                1.9782              -0.4202               1.2468
4    C                2.2619               0.4339              -1.1320
5    N                0.3013              -0.8931              -0.5090
6    N               -1.9983              -1.4092              -0.2381
7    O               -1.6457               1.6355              -0.4041
8    H               -2.2371               0.8756              -0.4566
9    H                0.0244              -0.6808              -1.4628
10   H               -0.6050              -1.3924               1.3334
11   H                0.6593               0.9030               0.2924
12   H               -2.5854              -2.0688               0.2500
13   H               -2.0673              -1.5104              -1.2400
14   H               -0.3844               2.4055               0.9894
15   H               -1.6264               1.3162               1.6830
16   H                2.7583               0.2911               1.5204
17   H                1.7218               0.7317              -2.0338
18   H                2.4336              -1.4052               1.1362
19   H                1.2717              -0.4454               2.0807
20   H                2.8425               1.2982              -0.8113
21   H                2.9566              -0.3673              -1.3857


Energy:                 -383.526512 Convergence criteria  Is converged 
Maximum Force:             0.025785     0.002850  No
RMS Force:                 0.010750     0.001900  No
Maximum Displacement:      0.005430     0.003150  No
RMS Displacement:          0.002192     0.002100  No

----------------------------------------------------------------------
                          Iteration: 18 [SD]                          


                             Coordinates                              
----------------------------------------------------------------------
0    C               -0.7744              -1.0523               0.3203
1    C                1.3039               0.0469              -0.0308
2    C               -0.9727               1.4732               0.8311
3    C                1.9785              -0.4205               1.2465
4    C                2.2624               0.4337              -1.1322
5    N                0.3011              -0.8929              -0.5083
6    N               -1.9981              -1.4073              -0.2377
7    O               -1.6465               1.6352              -0.4030
8    H               -2.2378               0.8755              -0.4579
9    H                0.0246              -0.6805              -1.4620
10   H               -0.6049              -1.3918               1.3324
11   H                0.6617               0.9030               0.2910
12   H               -2.5839              -2.0678               0.2507
13   H               -2.0659              -1.5099              -1.2396
14   H               -0.3851               2.4003               0.9891
15   H               -1.6285               1.3171               1.6833
16   H                2.7585               0.2910               1.5203
17   H                1.7218               0.7316              -2.0339
18   H                2.4337              -1.4056               1.1361
19   H                1.2716              -0.4457               2.0801
20   H                2.8429               1.2982              -0.8113
21   H                2.9569              -0.3678              -1.3860


Energy:                 -383.527019 Convergence criteria  Is converged 
Maximum Force:             0.025314     0.002850  No
RMS Force:                 0.010721     0.001900  No
Maximum Displacement:      0.005157     0.003150  No
RMS Displacement:          0.002150     0.002100  No

----------------------------------------------------------------------
                          Iteration: 19 [SD]                          


                             Coordinates                              
----------------------------------------------------------------------
0    C               -0.7752              -1.0472               0.3216
1    C                1.3044               0.0466              -0.0311
2    C               -0.9755               1.4704               0.8311
3    C                1.9789              -0.4207               1.2462
4    C                2.2630               0.4335              -1.1325
5    N                0.3010              -0.8928              -0.5076
6    N               -1.9979              -1.4054              -0.2372
7    O               -1.6475               1.6350              -0.4022
8    H               -2.2386               0.8755              -0.4592
9    H                0.0248              -0.6803              -1.4612
10   H               -0.6047              -1.3912               1.3317
11   H                0.6640               0.9031               0.2896
12   H               -2.5824              -2.0667               0.2514
13   H               -2.0645              -1.5095              -1.2391
14   H               -0.3856               2.3953               0.9889
15   H               -1.6307               1.3179               1.6837
16   H                2.7586               0.2909               1.5202
17   H                1.7218               0.7314              -2.0339
18   H                2.4338              -1.4061               1.1360
19   H                1.2716              -0.4460               2.0795
20   H                2.8434               1.2981              -0.8113
21   H                2.9572              -0.3683              -1.3862


Energy:                 -383.527526 Convergence criteria  Is converged 
Maximum Force:             0.025638     0.002850  No
RMS Force:                 0.010780     0.001900  No
Maximum Displacement:      0.005063     0.003150  No
RMS Displacement:          0.002144     0.002100  No

----------------------------------------------------------------------
                      Iteration: 20 [SD] (GDIIS)                      


                             Coordinates                              
----------------------------------------------------------------------
0    C               -0.7494              -1.2385               0.2738
1    C                1.2829               0.0420              -0.0248
2    C               -0.9004               1.6255               0.8451
3    C                1.9653              -0.4184               1.2498
4    C                2.2433               0.4408              -1.1231
5    N                0.2920              -0.8998              -0.5201
6    N               -1.9867              -1.5036              -0.2599
7    O               -1.5913               1.6465              -0.4100
8    H               -2.1832               0.8833              -0.4010
9    H                0.0234              -0.6953              -1.4763
10   H               -0.5946              -1.4411               1.3248
11   H                0.5840               0.8787               0.3251
12   H               -2.6230              -2.1139               0.2323
13   H               -2.1125              -1.5272              -1.2662
14   H               -0.4040               2.5953               0.9908
15   H               -1.5491               1.3470               1.6784
16   H                2.7464               0.2961               1.5162
17   H                1.7116               0.7374              -2.0310
18   H                2.4281              -1.4011               1.1419
19   H                1.2659              -0.4387               2.0908
20   H                2.8246               1.3059              -0.8022
21   H                2.9464              -0.3571              -1.3758


Energy:                 -383.512921 Convergence criteria  Is converged 
Maximum Force:             0.033921     0.002850  No
RMS Force:                 0.015253     0.001900  No
Maximum Displacement:      0.200000     0.003150  No
RMS Displacement:          0.085132     0.002100  No

----------------------------------------------------------------------
                          Iteration: 21 [SD]                          


                             Coordinates                              
----------------------------------------------------------------------
0    C               -0.7473              -1.2345               0.2783
1    C                1.2812               0.0421              -0.0244
2    C               -0.9072               1.6250               0.8428
3    C                1.9657              -0.4188               1.2495
4    C                2.2435               0.4409              -1.1230
5    N                0.2932              -0.9018              -0.5214
6    N               -1.9918              -1.5031              -0.2629
7    O               -1.5892               1.6462              -0.4063
8    H               -2.1826               0.8837              -0.4011
9    H                0.0236              -0.6952              -1.4756
10   H               -0.5943              -1.4415               1.3227
11   H                0.5878               0.8798               0.3239
12   H               -2.6208              -2.1134               0.2321
13   H               -2.1108              -1.5274              -1.2638
14   H               -0.4049               2.5925               0.9903
15   H               -1.5488               1.3484               1.6781
16   H                2.7463               0.2960               1.5159
17   H                1.7115               0.7371              -2.0308
18   H                2.4280              -1.4015               1.1418
19   H                1.2659              -0.4391               2.0901
20   H                2.8247               1.3058              -0.8020
21   H                2.9463              -0.3573              -1.3759


Energy:                 -383.513795 Convergence criteria  Is converged 
Maximum Force:             0.030103     0.002850  No
RMS Force:                 0.012014     0.001900  No
Maximum Displacement:      0.006784     0.003150  No
RMS Displacement:          0.003051     0.002100  No

----------------------------------------------------------------------
                          Iteration: 22 [SD]                          


                             Coordinates                              
----------------------------------------------------------------------
0    C               -0.7480              -1.2310               0.2806
1    C                1.2798               0.0423              -0.0243
2    C               -0.9132               1.6257               0.8410
3    C                1.9659              -0.4192               1.2492
4    C                2.2436               0.4410              -1.1229
5    N                0.2951              -0.9038              -0.5224
6    N               -1.9939              -1.5012              -0.2632
7    O               -1.5877               1.6457              -0.4032
8    H               -2.1819               0.8839              -0.4013
9    H                0.0236              -0.6950              -1.4752
10   H               -0.5939              -1.4422               1.3221
11   H                0.5918               0.8808               0.3227
12   H               -2.6194              -2.1137               0.2321
13   H               -2.1094              -1.5279              -1.2633
14   H               -0.4056               2.5894               0.9898
15   H               -1.5489               1.3493               1.6783
16   H                2.7462               0.2959               1.5156
17   H                1.7113               0.7369              -2.0307
18   H                2.4279              -1.4020               1.1417
19   H                1.2659              -0.4396               2.0895
20   H                2.8248               1.3057              -0.8018
21   H                2.9461              -0.3575              -1.3759


Energy:                 -383.514405 Convergence criteria  Is converged 
Maximum Force:             0.027353     0.002850  No
RMS Force:                 0.011183     0.001900  No
Maximum Displacement:      0.006021     0.003150  No
RMS Displacement:          0.002403     0.002100  No

----------------------------------------------------------------------
                          Iteration: 23 [SD]                          


                             Coordinates                              
----------------------------------------------------------------------
0    C               -0.7491              -1.2276               0.2822
1    C                1.2787               0.0427              -0.0242
2    C               -0.9187               1.6270               0.8398
3    C                1.9661              -0.4195               1.2490
4    C                2.2436               0.4411              -1.1226
5    N                0.2969              -0.9059              -0.5232
6    N               -1.9955              -1.4989              -0.2630
7    O               -1.5867               1.6453              -0.4009
8    H               -2.1814               0.8841              -0.4015
9    H                0.0236              -0.6948              -1.4748
10   H               -0.5935              -1.4431               1.3219
11   H                0.5960               0.8817               0.3213
12   H               -2.6182              -2.1140               0.2321
13   H               -2.1081              -1.5285              -1.2632
14   H               -0.4062               2.5865               0.9892
15   H               -1.5493               1.3499               1.6787
16   H                2.7461               0.2958               1.5154
17   H                1.7112               0.7366              -2.0305
18   H                2.4279              -1.4024               1.1416
19   H                1.2659              -0.4402               2.0889
20   H                2.8249               1.3057              -0.8016
21   H                2.9458              -0.3578              -1.3759


Energy:                 -383.514941 Convergence criteria  Is converged 
Maximum Force:             0.025334     0.002850  No
RMS Force:                 0.010635     0.001900  No
Maximum Displacement:      0.005471     0.003150  No
RMS Displacement:          0.002237     0.002100  No

----------------------------------------------------------------------
                          Iteration: 24 [SD]                          


                             Coordinates                              
----------------------------------------------------------------------
0    C               -0.7502              -1.2242               0.2836
1    C                1.2779               0.0430              -0.0242
2    C               -0.9238               1.6285               0.8390
3    C                1.9662              -0.4198               1.2487
4    C                2.2435               0.4412              -1.1224
5    N                0.2986              -0.9081              -0.5240
6    N               -1.9970              -1.4964              -0.2628
7    O               -1.5860               1.6449              -0.3992
8    H               -2.1809               0.8841              -0.4018
9    H                0.0235              -0.6945              -1.4746
10   H               -0.5930              -1.4441               1.3219
11   H                0.6002               0.8825               0.3198
12   H               -2.6171              -2.1145               0.2321
13   H               -2.1069              -1.5292              -1.2631
14   H               -0.4066               2.5838               0.9887
15   H               -1.5499               1.3503               1.6794
16   H                2.7460               0.2958               1.5151
17   H                1.7111               0.7364              -2.0303
18   H                2.4278              -1.4028               1.1414
19   H                1.2659              -0.4407               2.0883
20   H                2.8250               1.3056              -0.8015
21   H                2.9455              -0.3580              -1.3758


Energy:                 -383.515428 Convergence criteria  Is converged 
Maximum Force:             0.023766     0.002850  No
RMS Force:                 0.010219     0.001900  No
Maximum Displacement:      0.005067     0.003150  No
RMS Displacement:          0.002127     0.002100  No

======================================================================
Phase transition: SD -> CG at iteration 24
  SD iterations completed: 24
======================================================================


----------------------------------------------------------------------
                          Iteration: 25 [CG]                          


                             Coordinates                              
----------------------------------------------------------------------
0    C               -0.7513              -1.2209               0.2849
1    C                1.2774               0.0433              -0.0242
2    C               -0.9285               1.6300               0.8386
3    C                1.9663              -0.4201               1.2485
4    C                2.2435               0.4414              -1.1222
5    N                0.3001              -0.9102              -0.5246
6    N               -1.9984              -1.4938              -0.2624
7    O               -1.5856               1.6446              -0.3980
8    H               -2.1806               0.8839              -0.4021
9    H                0.0235              -0.6943              -1.4743
10   H               -0.5927              -1.4451               1.3220
11   H                0.6044               0.8833               0.3182
12   H               -2.6160              -2.1150               0.2320
13   H               -2.1056              -1.5299              -1.2630
14   H               -0.4069               2.5813               0.9881
15   H               -1.5507               1.3504               1.6801
16   H                2.7460               0.2957               1.5148
17   H                1.7110               0.7362              -2.0302
18   H                2.4277              -1.4032               1.1412
19   H                1.2659              -0.4413               2.0878
20   H                2.8252               1.3056              -0.8013
21   H                2.9452              -0.3582              -1.3757


Energy:                 -383.515880 Convergence criteria  Is converged 
Maximum Force:             0.022496     0.002850  No
RMS Force:                 0.009887     0.001900  No
Maximum Displacement:      0.004753     0.003150  No
RMS Displacement:          0.002044     0.002100  Yes

----------------------------------------------------------------------
                          Iteration: 26 [CG]                          


                             Coordinates                              
----------------------------------------------------------------------
0    C               -0.7524              -1.2177               0.2862
1    C                1.2771               0.0434              -0.0242
2    C               -0.9330               1.6316               0.8385
3    C                1.9664              -0.4204               1.2483
4    C                2.2435               0.4415              -1.1220
5    N                0.3014              -0.9123              -0.5252
6    N               -1.9999              -1.4911              -0.2620
7    O               -1.5854               1.6443              -0.3971
8    H               -2.1803               0.8837              -0.4024
9    H                0.0235              -0.6940              -1.4740
10   H               -0.5923              -1.4462               1.3221
11   H                0.6085               0.8841               0.3166
12   H               -2.6149              -2.1154               0.2319
13   H               -2.1043              -1.5307              -1.2630
14   H               -0.4070               2.5791               0.9876
15   H               -1.5517               1.3505               1.6810
16   H                2.7459               0.2956               1.5146
17   H                1.7109               0.7360              -2.0300
18   H                2.4276              -1.4036               1.1409
19   H                1.2660              -0.4419               2.0874
20   H                2.8253               1.3056              -0.8011
21   H                2.9448              -0.3584              -1.3755


Energy:                 -383.516304 Convergence criteria  Is converged 
Maximum Force:             0.021434     0.002850  No
RMS Force:                 0.009612     0.001900  No
Maximum Displacement:      0.004499     0.003150  No
RMS Displacement:          0.001977     0.002100  Yes

----------------------------------------------------------------------
                          Iteration: 27 [CG]                          


                             Coordinates                              
----------------------------------------------------------------------
0    C               -0.7533              -1.2146               0.2874
1    C                1.2769               0.0435              -0.0242
2    C               -0.9373               1.6332               0.8385
3    C                1.9666              -0.4206               1.2480
4    C                2.2435               0.4415              -1.1218
5    N                0.3027              -0.9142              -0.5257
6    N               -2.0013              -1.4884              -0.2616
7    O               -1.5854               1.6440              -0.3964
8    H               -2.1800               0.8834              -0.4027
9    H                0.0235              -0.6938              -1.4738
10   H               -0.5920              -1.4473               1.3222
11   H                0.6126               0.8849               0.3150
12   H               -2.6138              -2.1159               0.2318
13   H               -2.1031              -1.5315              -1.2629
14   H               -0.4069               2.5771               0.9871
15   H               -1.5528               1.3504               1.6819
16   H                2.7459               0.2955               1.5143
17   H                1.7108               0.7358              -2.0299
18   H                2.4275              -1.4039               1.1406
19   H                1.2660              -0.4424               2.0869
20   H                2.8255               1.3055              -0.8009
21   H                2.9444              -0.3585              -1.3754


Energy:                 -383.516705 Convergence criteria  Is converged 
Maximum Force:             0.020521     0.002850  No
RMS Force:                 0.009375     0.001900  No
Maximum Displacement:      0.004287     0.003150  No
RMS Displacement:          0.001922     0.002100  Yes

----------------------------------------------------------------------
                          Iteration: 28 [CG]                          


                             Coordinates                              
----------------------------------------------------------------------
0    C               -0.7543              -1.2116               0.2885
1    C                1.2768               0.0435              -0.0243
2    C               -0.9414               1.6347               0.8386
3    C                1.9667              -0.4209               1.2478
4    C                2.2436               0.4416              -1.1217
5    N                0.3038              -0.9161              -0.5261
6    N               -2.0026              -1.4857              -0.2612
7    O               -1.5855               1.6438              -0.3959
8    H               -2.1798               0.8830              -0.4031
9    H                0.0234              -0.6935              -1.4735
10   H               -0.5917              -1.4484               1.3223
11   H                0.6166               0.8857               0.3134
12   H               -2.6128              -2.1163               0.2316
13   H               -2.1018              -1.5324              -1.2627
14   H               -0.4068               2.5752               0.9866
15   H               -1.5541               1.3503               1.6829
16   H                2.7459               0.2954               1.5141
17   H                1.7107               0.7356              -2.0297
18   H                2.4274              -1.4043               1.1403
19   H                1.2660              -0.4430               2.0865
20   H                2.8257               1.3055              -0.8008
21   H                2.9441              -0.3587              -1.3752


Energy:                 -383.517087 Convergence criteria  Is converged 
Maximum Force:             0.019717     0.002850  No
RMS Force:                 0.009162     0.001900  No
Maximum Displacement:      0.004104     0.003150  No
RMS Displacement:          0.001875     0.002100  Yes

----------------------------------------------------------------------
                          Iteration: 29 [CG]                          


                             Coordinates                              
----------------------------------------------------------------------
0    C               -0.7552              -1.2086               0.2896
1    C                1.2769               0.0435              -0.0244
2    C               -0.9454               1.6363               0.8388
3    C                1.9669              -0.4212               1.2476
4    C                2.2437               0.4417              -1.1215
5    N                0.3048              -0.9178              -0.5265
6    N               -2.0040              -1.4830              -0.2608
7    O               -1.5857               1.6437              -0.3955
8    H               -2.1797               0.8825              -0.4035
9    H                0.0234              -0.6933              -1.4732
10   H               -0.5914              -1.4495               1.3224
11   H                0.6205               0.8865               0.3118
12   H               -2.6117              -2.1167               0.2314
13   H               -2.1005              -1.5332              -1.2626
14   H               -0.4066               2.5736               0.9862
15   H               -1.5554               1.3501               1.6838
16   H                2.7458               0.2953               1.5139
17   H                1.7106               0.7354              -2.0296
18   H                2.4273              -1.4046               1.1400
19   H                1.2660              -0.4436               2.0860
20   H                2.8259               1.3055              -0.8006
21   H                2.9437              -0.3589              -1.3751


Energy:                 -383.517452 Convergence criteria  Is converged 
Maximum Force:             0.018994     0.002850  No
RMS Force:                 0.008964     0.001900  No
Maximum Displacement:      0.003943     0.003150  No
RMS Displacement:          0.001832     0.002100  Yes

----------------------------------------------------------------------
                          Iteration: 30 [CG]                          


                             Coordinates                              
----------------------------------------------------------------------
0    C               -0.7561              -1.2057               0.2907
1    C                1.2770               0.0434              -0.0245
2    C               -0.9492               1.6378               0.8391
3    C                1.9671              -0.4214               1.2474
4    C                2.2438               0.4417              -1.1215
5    N                0.3057              -0.9195              -0.5268
6    N               -2.0054              -1.4803              -0.2604
7    O               -1.5861               1.6435              -0.3952
8    H               -2.1796               0.8820              -0.4039
9    H                0.0234              -0.6931              -1.4729
10   H               -0.5912              -1.4507               1.3225
11   H                0.6242               0.8873               0.3101
12   H               -2.6106              -2.1170               0.2312
13   H               -2.0992              -1.5341              -1.2624
14   H               -0.4064               2.5721               0.9858
15   H               -1.5568               1.3499               1.6848
16   H                2.7459               0.2952               1.5137
17   H                1.7106               0.7353              -2.0294
18   H                2.4273              -1.4049               1.1397
19   H                1.2661              -0.4442               2.0856
20   H                2.8261               1.3055              -0.8005
21   H                2.9433              -0.3591              -1.3749


Energy:                 -383.517802 Convergence criteria  Is converged 
Maximum Force:             0.018365     0.002850  No
RMS Force:                 0.008775     0.001900  No
Maximum Displacement:      0.003799     0.003150  No
RMS Displacement:          0.001793     0.002100  Yes

----------------------------------------------------------------------
                          Iteration: 31 [CG]                          


                             Coordinates                              
----------------------------------------------------------------------
0    C               -0.7570              -1.2028               0.2918
1    C                1.2772               0.0432              -0.0247
2    C               -0.9528               1.6392               0.8394
3    C                1.9673              -0.4217               1.2473
4    C                2.2439               0.4418              -1.1214
5    N                0.3066              -0.9210              -0.5270
6    N               -2.0067              -1.4775              -0.2600
7    O               -1.5865               1.6434              -0.3949
8    H               -2.1796               0.8814              -0.4043
9    H                0.0234              -0.6929              -1.4726
10   H               -0.5910              -1.4518               1.3226
11   H                0.6279               0.8881               0.3085
12   H               -2.6096              -2.1174               0.2309
13   H               -2.0979              -1.5350              -1.2622
14   H               -0.4061               2.5706               0.9854
15   H               -1.5583               1.3496               1.6858
16   H                2.7459               0.2951               1.5136
17   H                1.7105               0.7351              -2.0293
18   H                2.4272              -1.4052               1.1394
19   H                1.2661              -0.4447               2.0852
20   H                2.8262               1.3055              -0.8003
21   H                2.9430              -0.3593              -1.3748


Energy:                 -383.518137 Convergence criteria  Is converged 
Maximum Force:             0.017828     0.002850  No
RMS Force:                 0.008593     0.001900  No
Maximum Displacement:      0.003673     0.003150  No
RMS Displacement:          0.001755     0.002100  Yes

----------------------------------------------------------------------
                          Iteration: 32 [CG]                          


                             Coordinates                              
----------------------------------------------------------------------
0    C               -0.7578              -1.2001               0.2928
1    C                1.2775               0.0430              -0.0248
2    C               -0.9564               1.6407               0.8398
3    C                1.9675              -0.4219               1.2471
4    C                2.2441               0.4418              -1.1214
5    N                0.3074              -0.9224              -0.5272
6    N               -2.0080              -1.4748              -0.2595
7    O               -1.5870               1.6432              -0.3947
8    H               -2.1795               0.8808              -0.4047
9    H                0.0234              -0.6927              -1.4723
10   H               -0.5908              -1.4530               1.3227
11   H                0.6315               0.8889               0.3069
12   H               -2.6085              -2.1177               0.2306
13   H               -2.0966              -1.5359              -1.2619
14   H               -0.4058               2.5693               0.9850
15   H               -1.5598               1.3493               1.6868
16   H                2.7459               0.2949               1.5134
17   H                1.7104               0.7350              -2.0291
18   H                2.4272              -1.4055               1.1391
19   H                1.2661              -0.4453               2.0848
20   H                2.8264               1.3054              -0.8002
21   H                2.9427              -0.3595              -1.3747


Energy:                 -383.518459 Convergence criteria  Is converged 
Maximum Force:             0.017287     0.002850  No
RMS Force:                 0.008415     0.001900  No
Maximum Displacement:      0.003566     0.003150  No
RMS Displacement:          0.001719     0.002100  Yes

----------------------------------------------------------------------
                          Iteration: 33 [CG]                          


                             Coordinates                              
----------------------------------------------------------------------
0    C               -0.7586              -1.1973               0.2938
1    C                1.2778               0.0428              -0.0250
2    C               -0.9598               1.6421               0.8402
3    C                1.9677              -0.4222               1.2469
4    C                2.2443               0.4417              -1.1214
5    N                0.3081              -0.9238              -0.5273
6    N               -2.0092              -1.4721              -0.2591
7    O               -1.5875               1.6431              -0.3945
8    H               -2.1795               0.8802              -0.4052
9    H                0.0234              -0.6925              -1.4719
10   H               -0.5907              -1.4542               1.3227
11   H                0.6349               0.8898               0.3053
12   H               -2.6075              -2.1179               0.2303
13   H               -2.0953              -1.5368              -1.2617
14   H               -0.4054               2.5681               0.9847
15   H               -1.5613               1.3490               1.6878
16   H                2.7459               0.2948               1.5133
17   H                1.7104               0.7348              -2.0290
18   H                2.4271              -1.4058               1.1387
19   H                1.2662              -0.4459               2.0845
20   H                2.8266               1.3054              -0.8001
21   H                2.9424              -0.3598              -1.3746


Energy:                 -383.518767 Convergence criteria  Is converged 
Maximum Force:             0.016747     0.002850  No
RMS Force:                 0.008241     0.001900  No
Maximum Displacement:      0.003457     0.003150  No
RMS Displacement:          0.001683     0.002100  Yes

----------------------------------------------------------------------
                          Iteration: 34 [CG]                          


                             Coordinates                              
----------------------------------------------------------------------
0    C               -0.7594              -1.1947               0.2948
1    C                1.2781               0.0426              -0.0252
2    C               -0.9631               1.6434               0.8406
3    C                1.9679              -0.4225               1.2467
4    C                2.2445               0.4417              -1.1214
5    N                0.3087              -0.9250              -0.5274
6    N               -2.0104              -1.4694              -0.2587
7    O               -1.5882               1.6430              -0.3943
8    H               -2.1796               0.8796              -0.4056
9    H                0.0234              -0.6923              -1.4716
10   H               -0.5905              -1.4554               1.3227
11   H                0.6383               0.8906               0.3037
12   H               -2.6064              -2.1182               0.2300
13   H               -2.0940              -1.5377              -1.2614
14   H               -0.4051               2.5669               0.9843
15   H               -1.5629               1.3487               1.6887
16   H                2.7460               0.2947               1.5131
17   H                1.7103               0.7347              -2.0289
18   H                2.4271              -1.4061               1.1384
19   H                1.2662              -0.4464               2.0841
20   H                2.8268               1.3053              -0.7999
21   H                2.9422              -0.3600              -1.3745


Energy:                 -383.519063 Convergence criteria  Is converged 
Maximum Force:             0.016213     0.002850  No
RMS Force:                 0.008071     0.001900  No
Maximum Displacement:      0.003349     0.003150  No
RMS Displacement:          0.001648     0.002100  Yes

----------------------------------------------------------------------
                          Iteration: 35 [CG]                          


                             Coordinates                              
----------------------------------------------------------------------
0    C               -0.7601              -1.1921               0.2958
1    C                1.2785               0.0423              -0.0253
2    C               -0.9663               1.6448               0.8411
3    C                1.9681              -0.4227               1.2466
4    C                2.2447               0.4416              -1.1214
5    N                0.3093              -0.9261              -0.5275
6    N               -2.0116              -1.4668              -0.2583
7    O               -1.5888               1.6429              -0.3941
8    H               -2.1796               0.8790              -0.4061
9    H                0.0234              -0.6921              -1.4712
10   H               -0.5904              -1.4566               1.3227
11   H                0.6415               0.8914               0.3021
12   H               -2.6053              -2.1184               0.2297
13   H               -2.0927              -1.5386              -1.2611
14   H               -0.4048               2.5658               0.9840
15   H               -1.5645               1.3485               1.6896
16   H                2.7461               0.2945               1.5130
17   H                1.7103               0.7346              -2.0288
18   H                2.4271              -1.4064               1.1381
19   H                1.2662              -0.4470               2.0837
20   H                2.8270               1.3053              -0.7998
21   H                2.9420              -0.3603              -1.3744


Energy:                 -383.519347 Convergence criteria  Is converged 
Maximum Force:             0.015687     0.002850  No
RMS Force:                 0.007903     0.001900  No
Maximum Displacement:      0.003243     0.003150  No
RMS Displacement:          0.001614     0.002100  Yes

----------------------------------------------------------------------
                          Iteration: 36 [CG]                          


                             Coordinates                              
----------------------------------------------------------------------
0    C               -0.7609              -1.1896               0.2967
1    C                1.2789               0.0421              -0.0255
2    C               -0.9694               1.6460               0.8415
3    C                1.9683              -0.4230               1.2464
4    C                2.2450               0.4415              -1.1215
5    N                0.3098              -0.9272              -0.5275
6    N               -2.0128              -1.4641              -0.2578
7    O               -1.5895               1.6428              -0.3939
8    H               -2.1796               0.8783              -0.4066
9    H                0.0234              -0.6919              -1.4708
10   H               -0.5904              -1.4578               1.3227
11   H                0.6447               0.8922               0.3006
12   H               -2.6043              -2.1186               0.2294
13   H               -2.0914              -1.5395              -1.2607
14   H               -0.4045               2.5648               0.9838
15   H               -1.5661               1.3482               1.6904
16   H                2.7461               0.2944               1.5129
17   H                1.7103               0.7345              -2.0286
18   H                2.4271              -1.4067               1.1377
19   H                1.2663              -0.4475               2.0834
20   H                2.8272               1.3052              -0.7997
21   H                2.9418              -0.3606              -1.3744


Energy:                 -383.519619 Convergence criteria  Is converged 
Maximum Force:             0.015173     0.002850  No
RMS Force:                 0.007740     0.001900  No
Maximum Displacement:      0.003137     0.003150  Yes
RMS Displacement:          0.001581     0.002100  Yes

----------------------------------------------------------------------
                          Iteration: 37 [CG]                          


                             Coordinates                              
----------------------------------------------------------------------
0    C               -0.7616              -1.1871               0.2976
1    C                1.2793               0.0418              -0.0257
2    C               -0.9725               1.6473               0.8420
3    C                1.9685              -0.4233               1.2463
4    C                2.2452               0.4414              -1.1216
5    N                0.3102              -0.9281              -0.5274
6    N               -2.0139              -1.4615              -0.2574
7    O               -1.5903               1.6428              -0.3937
8    H               -2.1797               0.8776              -0.4070
9    H                0.0234              -0.6917              -1.4704
10   H               -0.5903              -1.4590               1.3227
11   H                0.6477               0.8931               0.2991
12   H               -2.6032              -2.1187               0.2291
13   H               -2.0901              -1.5404              -1.2604
14   H               -0.4042               2.5638               0.9835
15   H               -1.5678               1.3479               1.6913
16   H                2.7462               0.2942               1.5128
17   H                1.7102               0.7343              -2.0285
18   H                2.4271              -1.4070               1.1374
19   H                1.2663              -0.4481               2.0830
20   H                2.8274               1.3051              -0.7996
21   H                2.9417              -0.3608              -1.3744


Energy:                 -383.519879 Convergence criteria  Is converged 
Maximum Force:             0.014673     0.002850  No
RMS Force:                 0.007580     0.001900  No
Maximum Displacement:      0.003035     0.003150  Yes
RMS Displacement:          0.001548     0.002100  Yes

----------------------------------------------------------------------
                          Iteration: 38 [CG]                          


                             Coordinates                              
----------------------------------------------------------------------
0    C               -0.7623              -1.1847               0.2985
1    C                1.2798               0.0416              -0.0259
2    C               -0.9754               1.6485               0.8424
3    C                1.9688              -0.4235               1.2461
4    C                2.2455               0.4413              -1.1216
5    N                0.3106              -0.9290              -0.5274
6    N               -2.0150              -1.4589              -0.2570
7    O               -1.5911               1.6427              -0.3936
8    H               -2.1798               0.8769              -0.4075
9    H                0.0233              -0.6916              -1.4701
10   H               -0.5903              -1.4602               1.3226
11   H                0.6506               0.8939               0.2976
12   H               -2.6022              -2.1188               0.2288
13   H               -2.0887              -1.5412              -1.2600
14   H               -0.4039               2.5628               0.9833
15   H               -1.5694               1.3477               1.6921
16   H                2.7463               0.2940               1.5127
17   H                1.7102               0.7342              -2.0284
18   H                2.4272              -1.4073               1.1371
19   H                1.2663              -0.4486               2.0827
20   H                2.8276               1.3051              -0.7996
21   H                2.9416              -0.3611              -1.3744


Energy:                 -383.520130 Convergence criteria  Is converged 
Maximum Force:             0.014209     0.002850  No
RMS Force:                 0.007425     0.001900  No
Maximum Displacement:      0.002935     0.003150  Yes
RMS Displacement:          0.001516     0.002100  Yes

----------------------------------------------------------------------
                      Iteration: 39 [CG] (GDIIS)                      


                             Coordinates                              
----------------------------------------------------------------------
0    C               -0.7767              -1.1321               0.3183
1    C                1.2930               0.0344              -0.0309
2    C               -1.0363               1.6735               0.8550
3    C                1.9750              -0.4299               1.2430
4    C                2.2542               0.4366              -1.1253
5    N                0.3148              -0.9420              -0.5223
6    N               -2.0388              -1.3991              -0.2474
7    O               -1.6145               1.6424              -0.3906
8    H               -2.1833               0.8590              -0.4195
9    H                0.0231              -0.6882              -1.4602
10   H               -0.5913              -1.4889               1.3205
11   H                0.7119               0.9138               0.2638
12   H               -2.5776              -2.1191               0.2205
13   H               -2.0568              -1.5623              -1.2499
14   H               -0.3967               2.5449               0.9794
15   H               -1.6108               1.3415               1.7089
16   H                2.7495               0.2896               1.5117
17   H                1.7103               0.7318              -2.0262
18   H                2.4290              -1.4143               1.1289
19   H                1.2674              -0.4611               2.0747
20   H                2.8327               1.3022              -0.7982
21   H                2.9416              -0.3690              -1.3759


Energy:                 -383.524244 Convergence criteria  Is converged 
Maximum Force:             0.007174     0.002850  No
RMS Force:                 0.005407     0.001900  No
Maximum Displacement:      0.061258     0.003150  No
RMS Displacement:          0.033822     0.002100  No

----------------------------------------------------------------------
                          Iteration: 40 [CG]                          


                             Coordinates                              
----------------------------------------------------------------------
0    C               -0.7766              -1.1313               0.3194
1    C                1.2931               0.0348              -0.0308
2    C               -1.0375               1.6738               0.8549
3    C                1.9753              -0.4301               1.2429
4    C                2.2547               0.4360              -1.1256
5    N                0.3143              -0.9410              -0.5217
6    N               -2.0393              -1.3986              -0.2481
7    O               -1.6156               1.6424              -0.3897
8    H               -2.1834               0.8586              -0.4198
9    H                0.0230              -0.6881              -1.4598
10   H               -0.5917              -1.4895               1.3197
11   H                0.7126               0.9144               0.2632
12   H               -2.5765              -2.1179               0.2203
13   H               -2.0554              -1.5624              -1.2484
14   H               -0.3976               2.5436               0.9796
15   H               -1.6121               1.3420               1.7087
16   H                2.7498               0.2893               1.5119
17   H                1.7105               0.7316              -2.0262
18   H                2.4294              -1.4147               1.1287
19   H                1.2676              -0.4615               2.0743
20   H                2.8330               1.3017              -0.7983
21   H                2.9424              -0.3696              -1.3766


Energy:                 -383.524364 Convergence criteria  Is converged 
Maximum Force:             0.006688     0.002850  No
RMS Force:                 0.004840     0.001900  No
Maximum Displacement:      0.001435     0.003150  Yes
RMS Displacement:          0.001081     0.002100  Yes

----------------------------------------------------------------------
                          Iteration: 41 [CG]                          


                             Coordinates                              
----------------------------------------------------------------------
0    C               -0.7768              -1.1305               0.3201
1    C                1.2932               0.0352              -0.0308
2    C               -1.0388               1.6739               0.8549
3    C                1.9756              -0.4304               1.2427
4    C                2.2551               0.4355              -1.1259
5    N                0.3139              -0.9400              -0.5211
6    N               -2.0393              -1.3977              -0.2482
7    O               -1.6167               1.6426              -0.3891
8    H               -2.1835               0.8581              -0.4201
9    H                0.0228              -0.6880              -1.4595
10   H               -0.5921              -1.4903               1.3194
11   H                0.7134               0.9152               0.2627
12   H               -2.5756              -2.1169               0.2202
13   H               -2.0541              -1.5626              -1.2476
14   H               -0.3984               2.5425               0.9797
15   H               -1.6134               1.3424               1.7085
16   H                2.7501               0.2890               1.5120
17   H                1.7108               0.7315              -2.0262
18   H                2.4297              -1.4150               1.1285
19   H                1.2677              -0.4619               2.0740
20   H                2.8333               1.3012              -0.7985
21   H                2.9431              -0.3701              -1.3772


Energy:                 -383.524465 Convergence criteria  Is converged 
Maximum Force:             0.006584     0.002850  No
RMS Force:                 0.004682     0.001900  No
Maximum Displacement:      0.001338     0.003150  Yes
RMS Displacement:          0.000968     0.002100  Yes

----------------------------------------------------------------------
                          Iteration: 42 [CG]                          


                             Coordinates                              
----------------------------------------------------------------------
0    C               -0.7771              -1.1295               0.3206
1    C                1.2935               0.0355              -0.0308
2    C               -1.0401               1.6738               0.8550
3    C                1.9758              -0.4306               1.2426
4    C                2.2556               0.4349              -1.1262
5    N                0.3135              -0.9391              -0.5205
6    N               -2.0393              -1.3966              -0.2482
7    O               -1.6179               1.6427              -0.3886
8    H               -2.1836               0.8576              -0.4204
9    H                0.0227              -0.6880              -1.4592
10   H               -0.5925              -1.4911               1.3191
11   H                0.7141               0.9159               0.2622
12   H               -2.5749              -2.1160               0.2201
13   H               -2.0528              -1.5629              -1.2471
14   H               -0.3991               2.5416               0.9799
15   H               -1.6147               1.3429               1.7084
16   H                2.7504               0.2886               1.5121
17   H                1.7110               0.7313              -2.0263
18   H                2.4300              -1.4153               1.1282
19   H                1.2678              -0.4623               2.0737
20   H                2.8336               1.3008              -0.7987
21   H                2.9438              -0.3706              -1.3778


Energy:                 -383.524560 Convergence criteria  Is converged 
Maximum Force:             0.006669     0.002850  No
RMS Force:                 0.004592     0.001900  No
Maximum Displacement:      0.001317     0.003150  Yes
RMS Displacement:          0.000936     0.002100  Yes

----------------------------------------------------------------------
                          Iteration: 43 [CG]                          


                             Coordinates                              
----------------------------------------------------------------------
0    C               -0.7773              -1.1286               0.3211
1    C                1.2937               0.0357              -0.0308
2    C               -1.0414               1.6737               0.8552
3    C                1.9761              -0.4308               1.2424
4    C                2.2561               0.4344              -1.1264
5    N                0.3131              -0.9382              -0.5199
6    N               -2.0392              -1.3955              -0.2481
7    O               -1.6190               1.6429              -0.3882
8    H               -2.1838               0.8571              -0.4206
9    H                0.0225              -0.6879              -1.4589
10   H               -0.5928              -1.4919               1.3189
11   H                0.7148               0.9167               0.2617
12   H               -2.5742              -2.1152               0.2202
13   H               -2.0515              -1.5632              -1.2466
14   H               -0.3997               2.5407               0.9801
15   H               -1.6160               1.3433               1.7084
16   H                2.7507               0.2883               1.5123
17   H                1.7113               0.7311              -2.0263
18   H                2.4303              -1.4155               1.1280
19   H                1.2679              -0.4627               2.0733
20   H                2.8339               1.3003              -0.7989
21   H                2.9444              -0.3711              -1.3783


Energy:                 -383.524652 Convergence criteria  Is converged 
Maximum Force:             0.006829     0.002850  No
RMS Force:                 0.004527     0.001900  No
Maximum Displacement:      0.001334     0.003150  Yes
RMS Displacement:          0.000918     0.002100  Yes

----------------------------------------------------------------------
                      Iteration: 44 [CG] (GDIIS)                      


                             Coordinates                              
----------------------------------------------------------------------
0    C               -0.7790              -1.1186               0.3278
1    C                1.2977               0.0377              -0.0314
2    C               -1.0535               1.6739               0.8573
3    C                1.9794              -0.4332               1.2409
4    C                2.2618               0.4281              -1.1300
5    N                0.3070              -0.9271              -0.5127
6    N               -2.0402              -1.3833              -0.2484
7    O               -1.6333               1.6447              -0.3835
8    H               -2.1859               0.8507              -0.4242
9    H                0.0211              -0.6871              -1.4549
10   H               -0.5972              -1.5010               1.3150
11   H                0.7222               0.9249               0.2556
12   H               -2.5652              -2.1053               0.2190
13   H               -2.0367              -1.5666              -1.2387
14   H               -0.4059               2.5324               0.9822
15   H               -1.6320               1.3469               1.7076
16   H                2.7540               0.2847               1.5140
17   H                1.7139               0.7294              -2.0266
18   H                2.4337              -1.4186               1.1250
19   H                1.2691              -0.4672               2.0698
20   H                2.8373               1.2951              -0.8007
21   H                2.9517              -0.3767              -1.3846


Energy:                 -383.525551 Convergence criteria  Is converged 
Maximum Force:             0.010234     0.002850  No
RMS Force:                 0.005662     0.001900  No
Maximum Displacement:      0.015999     0.003150  No
RMS Displacement:          0.010636     0.002100  No

----------------------------------------------------------------------
                          Iteration: 45 [CG]                          


                             Coordinates                              
----------------------------------------------------------------------
0    C               -0.7799              -1.1172               0.3277
1    C                1.2978               0.0382              -0.0314
2    C               -1.0550               1.6727               0.8573
3    C                1.9796              -0.4333               1.2408
4    C                2.2620               0.4277              -1.1301
5    N                0.3075              -0.9267              -0.5129
6    N               -2.0391              -1.3813              -0.2470
7    O               -1.6343               1.6451              -0.3837
8    H               -2.1862               0.8501              -0.4243
9    H                0.0208              -0.6869              -1.4546
10   H               -0.5972              -1.5020               1.3159
11   H                0.7233               0.9254               0.2553
12   H               -2.5655              -2.1053               0.2197
13   H               -2.0356              -1.5671              -1.2403
14   H               -0.4061               2.5322               0.9824
15   H               -1.6334               1.3473               1.7081
16   H                2.7542               0.2844               1.5141
17   H                1.7143               0.7290              -2.0268
18   H                2.4338              -1.4186               1.1247
19   H                1.2693              -0.4675               2.0695
20   H                2.8378               1.2945              -0.8010
21   H                2.9519              -0.3770              -1.3850


Energy:                 -383.525671 Convergence criteria  Is converged 
Maximum Force:             0.007333     0.002850  No
RMS Force:                 0.004412     0.001900  No
Maximum Displacement:      0.002047     0.003150  Yes
RMS Displacement:          0.001132     0.002100  Yes

----------------------------------------------------------------------
                          Iteration: 46 [CG]                          


                             Coordinates                              
----------------------------------------------------------------------
0    C               -0.7801              -1.1158               0.3282
1    C                1.2980               0.0385              -0.0314
2    C               -1.0561               1.6719               0.8574
3    C                1.9798              -0.4334               1.2406
4    C                2.2622               0.4274              -1.1302
5    N                0.3077              -0.9264              -0.5128
6    N               -2.0389              -1.3800              -0.2468
7    O               -1.6354               1.6453              -0.3839
8    H               -2.1864               0.8497              -0.4245
9    H                0.0206              -0.6867              -1.4545
10   H               -0.5974              -1.5028               1.3163
11   H                0.7244               0.9260               0.2550
12   H               -2.5656              -2.1049               0.2201
13   H               -2.0345              -1.5674              -1.2408
14   H               -0.4065               2.5317               0.9826
15   H               -1.6348               1.3476               1.7085
16   H                2.7545               0.2840               1.5143
17   H                1.7146               0.7287              -2.0269
18   H                2.4340              -1.4187               1.1244
19   H                1.2694              -0.4679               2.0693
20   H                2.8382               1.2940              -0.8012
21   H                2.9522              -0.3772              -1.3853


Energy:                 -383.525754 Convergence criteria  Is converged 
Maximum Force:             0.007337     0.002850  No
RMS Force:                 0.004215     0.001900  No
Maximum Displacement:      0.001467     0.003150  Yes
RMS Displacement:          0.000882     0.002100  Yes

----------------------------------------------------------------------
                          Iteration: 47 [CG]                          


                             Coordinates                              
----------------------------------------------------------------------
0    C               -0.7801              -1.1145               0.3289
1    C                1.2983               0.0387              -0.0314
2    C               -1.0571               1.6712               0.8574
3    C                1.9800              -0.4335               1.2405
4    C                2.2625               0.4271              -1.1304
5    N                0.3078              -0.9261              -0.5127
6    N               -2.0389              -1.3789              -0.2467
7    O               -1.6365               1.6455              -0.3839
8    H               -2.1867               0.8492              -0.4247
9    H                0.0203              -0.6864              -1.4543
10   H               -0.5975              -1.5035               1.3166
11   H                0.7254               0.9266               0.2548
12   H               -2.5654              -2.1043               0.2205
13   H               -2.0333              -1.5676              -1.2410
14   H               -0.4070               2.5311               0.9828
15   H               -1.6363               1.3479               1.7089
16   H                2.7548               0.2837               1.5144
17   H                1.7150               0.7284              -2.0271
18   H                2.4341              -1.4188               1.1240
19   H                1.2695              -0.4683               2.0690
20   H                2.8387               1.2935              -0.8015
21   H                2.9524              -0.3776              -1.3857


Energy:                 -383.525832 Convergence criteria  Is converged 
Maximum Force:             0.007262     0.002850  No
RMS Force:                 0.004142     0.001900  No
Maximum Displacement:      0.001467     0.003150  Yes
RMS Displacement:          0.000843     0.002100  Yes

----------------------------------------------------------------------
                          Iteration: 48 [CG]                          


                             Coordinates                              
----------------------------------------------------------------------
0    C               -0.7801              -1.1132               0.3295
1    C                1.2986               0.0390              -0.0315
2    C               -1.0581               1.6706               0.8575
3    C                1.9802              -0.4335               1.2404
4    C                2.2628               0.4267              -1.1305
5    N                0.3078              -0.9258              -0.5125
6    N               -2.0389              -1.3780              -0.2467
7    O               -1.6376               1.6456              -0.3839
8    H               -2.1870               0.8488              -0.4249
9    H                0.0201              -0.6861              -1.4542
10   H               -0.5976              -1.5042               1.3168
11   H                0.7263               0.9273               0.2546
12   H               -2.5653              -2.1036               0.2208
13   H               -2.0322              -1.5677              -1.2411
14   H               -0.4076               2.5304               0.9830
15   H               -1.6378               1.3482               1.7093
16   H                2.7551               0.2834               1.5146
17   H                1.7153               0.7281              -2.0272
18   H                2.4343              -1.4188               1.1237
19   H                1.2697              -0.4687               2.0688
20   H                2.8392               1.2930              -0.8018
21   H                2.9526              -0.3779              -1.3860


Energy:                 -383.525907 Convergence criteria  Is converged 
Maximum Force:             0.007187     0.002850  No
RMS Force:                 0.004100     0.001900  No
Maximum Displacement:      0.001452     0.003150  Yes
RMS Displacement:          0.000828     0.002100  Yes

----------------------------------------------------------------------
                      Iteration: 49 [CG] (GDIIS)                      


                             Coordinates                              
----------------------------------------------------------------------
0    C               -0.7817              -1.1054               0.3337
1    C                1.3012               0.0390              -0.0321
2    C               -1.0671               1.6728               0.8593
3    C                1.9818              -0.4349               1.2396
4    C                2.2656               0.4242              -1.1321
5    N                0.3059              -0.9229              -0.5095
6    N               -2.0414              -1.3692              -0.2465
7    O               -1.6446               1.6462              -0.3819
8    H               -2.1880               0.8451              -0.4272
9    H                0.0196              -0.6856              -1.4519
10   H               -0.5992              -1.5097               1.3150
11   H                0.7339               0.9318               0.2497
12   H               -2.5599              -2.0999               0.2195
13   H               -2.0244              -1.5706              -1.2370
14   H               -0.4093               2.5259               0.9834
15   H               -1.6468               1.3490               1.7103
16   H                2.7565               0.2818               1.5151
17   H                1.7163               0.7273              -2.0272
18   H                2.4356              -1.4205               1.1220
19   H                1.2702              -0.4713               2.0669
20   H                2.8409               1.2910              -0.8023
21   H                2.9551              -0.3805              -1.3883


Energy:                 -383.526356 Convergence criteria  Is converged 
Maximum Force:             0.006939     0.002850  No
RMS Force:                 0.004253     0.001900  No
Maximum Displacement:      0.009064     0.003150  No
RMS Displacement:          0.006063     0.002100  No

----------------------------------------------------------------------
                          Iteration: 50 [CG]                          


                             Coordinates                              
----------------------------------------------------------------------
0    C               -0.7820              -1.1042               0.3341
1    C                1.3014               0.0393              -0.0321
2    C               -1.0681               1.6717               0.8593
3    C                1.9820              -0.4350               1.2395
4    C                2.2658               0.4239              -1.1323
5    N                0.3061              -0.9225              -0.5094
6    N               -2.0408              -1.3681              -0.2461
7    O               -1.6457               1.6464              -0.3821
8    H               -2.1883               0.8447              -0.4274
9    H                0.0193              -0.6853              -1.4518
10   H               -0.5993              -1.5103               1.3154
11   H                0.7348               0.9323               0.2496
12   H               -2.5601              -2.0993               0.2201
13   H               -2.0234              -1.5707              -1.2376
14   H               -0.4098               2.5254               0.9836
15   H               -1.6482               1.3494               1.7107
16   H                2.7568               0.2815               1.5153
17   H                1.7167               0.7270              -2.0274
18   H                2.4358              -1.4205               1.1216
19   H                1.2703              -0.4717               2.0667
20   H                2.8414               1.2904              -0.8027
21   H                2.9553              -0.3808              -1.3887


Energy:                 -383.526432 Convergence criteria  Is converged 
Maximum Force:             0.007040     0.002850  No
RMS Force:                 0.004019     0.001900  No
Maximum Displacement:      0.001388     0.003150  Yes
RMS Displacement:          0.000851     0.002100  Yes

----------------------------------------------------------------------
                          Iteration: 51 [CG]                          


                             Coordinates                              
----------------------------------------------------------------------
0    C               -0.7820              -1.1031               0.3346
1    C                1.3016               0.0396              -0.0322
2    C               -1.0689               1.6708               0.8594
3    C                1.9822              -0.4350               1.2394
4    C                2.2661               0.4236              -1.1324
5    N                0.3062              -0.9221              -0.5093
6    N               -2.0405              -1.3673              -0.2461
7    O               -1.6468               1.6465              -0.3822
8    H               -2.1886               0.8444              -0.4276
9    H                0.0190              -0.6850              -1.4516
10   H               -0.5994              -1.5108               1.3156
11   H                0.7356               0.9329               0.2495
12   H               -2.5601              -2.0986               0.2205
13   H               -2.0223              -1.5708              -1.2378
14   H               -0.4105               2.5247               0.9838
15   H               -1.6496               1.3498               1.7110
16   H                2.7571               0.2812               1.5155
17   H                1.7171               0.7267              -2.0276
18   H                2.4359              -1.4205               1.1213
19   H                1.2704              -0.4720               2.0665
20   H                2.8420               1.2899              -0.8030
21   H                2.9555              -0.3811              -1.3890


Energy:                 -383.526503 Convergence criteria  Is converged 
Maximum Force:             0.007013     0.002850  No
RMS Force:                 0.003965     0.001900  No
Maximum Displacement:      0.001408     0.003150  Yes
RMS Displacement:          0.000804     0.002100  Yes

----------------------------------------------------------------------
                          Iteration: 52 [CG]                          


                             Coordinates                              
----------------------------------------------------------------------
0    C               -0.7820              -1.1019               0.3352
1    C                1.3019               0.0398              -0.0322
2    C               -1.0697               1.6700               0.8594
3    C                1.9824              -0.4351               1.2393
4    C                2.2663               0.4233              -1.1326
5    N                0.3063              -0.9217              -0.5091
6    N               -2.0403              -1.3667              -0.2461
7    O               -1.6478               1.6466              -0.3822
8    H               -2.1890               0.8440              -0.4278
9    H                0.0188              -0.6847              -1.4514
10   H               -0.5995              -1.5113               1.3158
11   H                0.7365               0.9334               0.2494
12   H               -2.5601              -2.0978               0.2208
13   H               -2.0213              -1.5709              -1.2379
14   H               -0.4111               2.5240               0.9840
15   H               -1.6510               1.3502               1.7113
16   H                2.7574               0.2809               1.5157
17   H                1.7174               0.7264              -2.0278
18   H                2.4360              -1.4205               1.1209
19   H                1.2706              -0.4724               2.0663
20   H                2.8426               1.2894              -0.8033
21   H                2.9556              -0.3814              -1.3893


Energy:                 -383.526571 Convergence criteria  Is converged 
Maximum Force:             0.006968     0.002850  No
RMS Force:                 0.003939     0.001900  No
Maximum Displacement:      0.001403     0.003150  Yes
RMS Displacement:          0.000793     0.002100  Yes

----------------------------------------------------------------------
                          Iteration: 53 [CG]                          


                             Coordinates                              
----------------------------------------------------------------------
0    C               -0.7820              -1.1008               0.3357
1    C                1.3022               0.0400              -0.0323
2    C               -1.0705               1.6691               0.8594
3    C                1.9826              -0.4351               1.2391
4    C                2.2666               0.4230              -1.1328
5    N                0.3063              -0.9213              -0.5089
6    N               -2.0400              -1.3661              -0.2461
7    O               -1.6489               1.6467              -0.3821
8    H               -2.1893               0.8437              -0.4280
9    H                0.0185              -0.6843              -1.4512
10   H               -0.5996              -1.5117               1.3159
11   H                0.7373               0.9340               0.2494
12   H               -2.5601              -2.0969               0.2211
13   H               -2.0203              -1.5709              -1.2379
14   H               -0.4118               2.5232               0.9842
15   H               -1.6524               1.3506               1.7116
16   H                2.7577               0.2806               1.5158
17   H                1.7178               0.7260              -2.0280
18   H                2.4361              -1.4206               1.1205
19   H                1.2707              -0.4727               2.0661
20   H                2.8432               1.2889              -0.8036
21   H                2.9558              -0.3818              -1.3896


Energy:                 -383.526640 Convergence criteria  Is converged 
Maximum Force:             0.006932     0.002850  No
RMS Force:                 0.003923     0.001900  No
Maximum Displacement:      0.001394     0.003150  Yes
RMS Displacement:          0.000788     0.002100  Yes

----------------------------------------------------------------------
                      Iteration: 54 [CG] (GDIIS)                      


                             Coordinates                              
----------------------------------------------------------------------
0    C               -0.7820              -1.0935               0.3404
1    C                1.3046               0.0421              -0.0326
2    C               -1.0762               1.6634               0.8598
3    C                1.9844              -0.4359               1.2382
4    C                2.2697               0.4198              -1.1347
5    N                0.3044              -0.9153              -0.5057
6    N               -2.0379              -1.3619              -0.2474
7    O               -1.6582               1.6476              -0.3805
8    H               -2.1919               0.8406              -0.4301
9    H                0.0167              -0.6823              -1.4492
10   H               -0.6014              -1.5154               1.3151
11   H                0.7419               0.9387               0.2485
12   H               -2.5581              -2.0885               0.2228
13   H               -2.0114              -1.5711              -1.2354
14   H               -0.4180               2.5165               0.9860
15   H               -1.6635               1.3542               1.7121
16   H                2.7602               0.2780               1.5174
17   H                1.7208               0.7238              -2.0294
18   H                2.4377              -1.4214               1.1178
19   H                1.2718              -0.4755               2.0642
20   H                2.8475               1.2848              -0.8061
21   H                2.9587              -0.3850              -1.3929


Energy:                 -383.527170 Convergence criteria  Is converged 
Maximum Force:             0.006826     0.002850  No
RMS Force:                 0.004391     0.001900  No
Maximum Displacement:      0.011048     0.003150  No
RMS Displacement:          0.006551     0.002100  No

----------------------------------------------------------------------
                          Iteration: 55 [CG]                          


                             Coordinates                              
----------------------------------------------------------------------
0    C               -0.7824              -1.0922               0.3403
1    C                1.3049               0.0423              -0.0326
2    C               -1.0772               1.6621               0.8600
3    C                1.9846              -0.4359               1.2381
4    C                2.2699               0.4196              -1.1349
5    N                0.3046              -0.9150              -0.5056
6    N               -2.0372              -1.3607              -0.2466
7    O               -1.6591               1.6478              -0.3805
8    H               -2.1924               0.8402              -0.4304
9    H                0.0165              -0.6819              -1.4488
10   H               -0.6014              -1.5158               1.3156
11   H                0.7428               0.9391               0.2484
12   H               -2.5584              -2.0879               0.2232
13   H               -2.0105              -1.5713              -1.2362
14   H               -0.4184               2.5159               0.9862
15   H               -1.6648               1.3545               1.7124
16   H                2.7605               0.2778               1.5175
17   H                1.7211               0.7235              -2.0296
18   H                2.4378              -1.4214               1.1174
19   H                1.2719              -0.4758               2.0641
20   H                2.8481               1.2844              -0.8065
21   H                2.9587              -0.3854              -1.3931


Energy:                 -383.527249 Convergence criteria  Is converged 
Maximum Force:             0.007062     0.002850  No
RMS Force:                 0.003966     0.001900  No
Maximum Displacement:      0.001365     0.003150  Yes
RMS Displacement:          0.000878     0.002100  Yes

----------------------------------------------------------------------
                          Iteration: 56 [CG]                          


                             Coordinates                              
----------------------------------------------------------------------
0    C               -0.7824              -1.0909               0.3408
1    C                1.3052               0.0425              -0.0327
2    C               -1.0780               1.6611               0.8601
3    C                1.9849              -0.4360               1.2380
4    C                2.2702               0.4194              -1.1350
5    N                0.3047              -0.9148              -0.5055
6    N               -2.0368              -1.3599              -0.2464
7    O               -1.6600               1.6478              -0.3804
8    H               -2.1929               0.8398              -0.4307
9    H                0.0163              -0.6816              -1.4486
10   H               -0.6013              -1.5161               1.3158
11   H                0.7437               0.9396               0.2483
12   H               -2.5585              -2.0872               0.2236
13   H               -2.0095              -1.5715              -1.2364
14   H               -0.4190               2.5151               0.9863
15   H               -1.6662               1.3548               1.7126
16   H                2.7608               0.2775               1.5177
17   H                1.7215               0.7232              -2.0298
18   H                2.4379              -1.4214               1.1170
19   H                1.2720              -0.4761               2.0639
20   H                2.8487               1.2840              -0.8068
21   H                2.9587              -0.3858              -1.3932


Energy:                 -383.527318 Convergence criteria  Is converged 
Maximum Force:             0.007085     0.002850  No
RMS Force:                 0.003916     0.001900  No
Maximum Displacement:      0.001412     0.003150  Yes
RMS Displacement:          0.000793     0.002100  Yes

----------------------------------------------------------------------
                          Iteration: 57 [CG]                          


                             Coordinates                              
----------------------------------------------------------------------
0    C               -0.7824              -1.0897               0.3412
1    C                1.3056               0.0426              -0.0327
2    C               -1.0787               1.6601               0.8602
3    C                1.9851              -0.4360               1.2379
4    C                2.2705               0.4191              -1.1352
5    N                0.3048              -0.9144              -0.5053
6    N               -2.0366              -1.3592              -0.2464
7    O               -1.6610               1.6478              -0.3804
8    H               -2.1933               0.8395              -0.4311
9    H                0.0160              -0.6812              -1.4483
10   H               -0.6013              -1.5163               1.3159
11   H                0.7445               0.9401               0.2482
12   H               -2.5585              -2.0863               0.2239
13   H               -2.0086              -1.5715              -1.2364
14   H               -0.4196               2.5143               0.9865
15   H               -1.6677               1.3552               1.7129
16   H                2.7610               0.2773               1.5179
17   H                1.7218               0.7230              -2.0301
18   H                2.4380              -1.4215               1.1166
19   H                1.2722              -0.4764               2.0637
20   H                2.8494               1.2836              -0.8071
21   H                2.9588              -0.3862              -1.3934


Energy:                 -383.527385 Convergence criteria  Is converged 
Maximum Force:             0.007057     0.002850  No
RMS Force:                 0.003903     0.001900  No
Maximum Displacement:      0.001417     0.003150  Yes
RMS Displacement:          0.000783     0.002100  Yes

----------------------------------------------------------------------
                          Iteration: 58 [CG]                          


                             Coordinates                              
----------------------------------------------------------------------
0    C               -0.7824              -1.0886               0.3417
1    C                1.3059               0.0428              -0.0328
2    C               -1.0794               1.6591               0.8603
3    C                1.9853              -0.4361               1.2378
4    C                2.2708               0.4189              -1.1354
5    N                0.3048              -0.9141              -0.5051
6    N               -2.0364              -1.3585              -0.2464
7    O               -1.6620               1.6478              -0.3803
8    H               -2.1938               0.8392              -0.4315
9    H                0.0158              -0.6808              -1.4480
10   H               -0.6014              -1.5165               1.3160
11   H                0.7453               0.9405               0.2481
12   H               -2.5586              -2.0855               0.2241
13   H               -2.0077              -1.5716              -1.2364
14   H               -0.4202               2.5134               0.9867
15   H               -1.6691               1.3555               1.7131
16   H                2.7613               0.2770               1.5180
17   H                1.7222               0.7227              -2.0303
18   H                2.4381              -1.4215               1.1162
19   H                1.2723              -0.4767               2.0635
20   H                2.8500               1.2832              -0.8075
21   H                2.9588              -0.3865              -1.3936


Energy:                 -383.527452 Convergence criteria  Is converged 
Maximum Force:             0.007024     0.002850  No
RMS Force:                 0.003898     0.001900  No
Maximum Displacement:      0.001411     0.003150  Yes
RMS Displacement:          0.000781     0.002100  Yes

----------------------------------------------------------------------
                      Iteration: 59 [CG] (GDIIS)                      


                             Coordinates                              
----------------------------------------------------------------------
0    C               -0.7826              -1.0911               0.3413
1    C                1.3053               0.0420              -0.0328
2    C               -1.0787               1.6639               0.8603
3    C                1.9848              -0.4362               1.2380
4    C                2.2702               0.4192              -1.1349
5    N                0.3045              -0.9151              -0.5054
6    N               -2.0385              -1.3588              -0.2468
7    O               -1.6600               1.6481              -0.3807
8    H               -2.1919               0.8396              -0.4304
9    H                0.0165              -0.6823              -1.4489
10   H               -0.6018              -1.5175               1.3155
11   H                0.7442               0.9399               0.2472
12   H               -2.5571              -2.0885               0.2229
13   H               -2.0094              -1.5721              -1.2355
14   H               -0.4179               2.5163               0.9861
15   H               -1.6658               1.3541               1.7130
16   H                2.7605               0.2776               1.5175
17   H                1.7210               0.7236              -2.0293
18   H                2.4380              -1.4217               1.1174
19   H                1.2719              -0.4762               2.0638
20   H                2.8478               1.2842              -0.8062
21   H                2.9592              -0.3854              -1.3934


Energy:                 -383.527277 Convergence criteria  Is converged 
Maximum Force:             0.006571     0.002850  No
RMS Force:                 0.003983     0.001900  No
Maximum Displacement:      0.004801     0.003150  No
RMS Displacement:          0.002274     0.002100  No

----------------------------------------------------------------------
                          Iteration: 60 [CG]                          


                             Coordinates                              
----------------------------------------------------------------------
0    C               -0.7828              -1.0900               0.3415
1    C                1.3055               0.0423              -0.0329
2    C               -1.0796               1.6628               0.8604
3    C                1.9850              -0.4362               1.2379
4    C                2.2705               0.4190              -1.1351
5    N                0.3045              -0.9148              -0.5052
6    N               -2.0380              -1.3581              -0.2464
7    O               -1.6608               1.6481              -0.3805
8    H               -2.1924               0.8392              -0.4307
9    H                0.0163              -0.6819              -1.4485
10   H               -0.6017              -1.5177               1.3157
11   H                0.7451               0.9403               0.2471
12   H               -2.5572              -2.0876               0.2232
13   H               -2.0085              -1.5722              -1.2359
14   H               -0.4185               2.5155               0.9863
15   H               -1.6671               1.3545               1.7131
16   H                2.7608               0.2773               1.5176
17   H                1.7214               0.7233              -2.0295
18   H                2.4381              -1.4217               1.1170
19   H                1.2720              -0.4765               2.0636
20   H                2.8484               1.2838              -0.8065
21   H                2.9592              -0.3858              -1.3936


Energy:                 -383.527346 Convergence criteria  Is converged 
Maximum Force:             0.006749     0.002850  No
RMS Force:                 0.003880     0.001900  No
Maximum Displacement:      0.001314     0.003150  Yes
RMS Displacement:          0.000797     0.002100  Yes

----------------------------------------------------------------------
                          Iteration: 61 [CG]                          


                             Coordinates                              
----------------------------------------------------------------------
0    C               -0.7828              -1.0888               0.3419
1    C                1.3058               0.0424              -0.0329
2    C               -1.0803               1.6618               0.8605
3    C                1.9852              -0.4363               1.2378
4    C                2.2708               0.4188              -1.1353
5    N                0.3046              -0.9145              -0.5050
6    N               -2.0376              -1.3574              -0.2463
7    O               -1.6618               1.6481              -0.3804
8    H               -2.1929               0.8389              -0.4311
9    H                0.0160              -0.6815              -1.4482
10   H               -0.6018              -1.5179               1.3157
11   H                0.7459               0.9408               0.2470
12   H               -2.5573              -2.0868               0.2235
13   H               -2.0076              -1.5723              -1.2359
14   H               -0.4192               2.5146               0.9864
15   H               -1.6685               1.3549               1.7133
16   H                2.7611               0.2771               1.5178
17   H                1.7217               0.7230              -2.0298
18   H                2.4382              -1.4217               1.1166
19   H                1.2722              -0.4768               2.0635
20   H                2.8491               1.2834              -0.8069
21   H                2.9592              -0.3862              -1.3938


Energy:                 -383.527412 Convergence criteria  Is converged 
Maximum Force:             0.006810     0.002850  No
RMS Force:                 0.003870     0.001900  No
Maximum Displacement:      0.001350     0.003150  Yes
RMS Displacement:          0.000776     0.002100  Yes

----------------------------------------------------------------------
                          Iteration: 62 [CG]                          


                             Coordinates                              
----------------------------------------------------------------------
0    C               -0.7828              -1.0877               0.3424
1    C                1.3061               0.0426              -0.0329
2    C               -1.0810               1.6608               0.8606
3    C                1.9854              -0.4363               1.2377
4    C                2.2711               0.4186              -1.1355
5    N                0.3046              -0.9141              -0.5048
6    N               -2.0373              -1.3568              -0.2463
7    O               -1.6627               1.6481              -0.3802
8    H               -2.1934               0.8386              -0.4314
9    H                0.0158              -0.6811              -1.4479
10   H               -0.6018              -1.5181               1.3158
11   H                0.7467               0.9412               0.2470
12   H               -2.5574              -2.0858               0.2237
13   H               -2.0067              -1.5723              -1.2359
14   H               -0.4198               2.5137               0.9866
15   H               -1.6698               1.3553               1.7135
16   H                2.7614               0.2768               1.5180
17   H                1.7221               0.7227              -2.0300
18   H                2.4383              -1.4218               1.1162
19   H                1.2723              -0.4771               2.0633
20   H                2.8497               1.2830              -0.8072
21   H                2.9593              -0.3866              -1.3940


Energy:                 -383.527478 Convergence criteria  Is converged 
Maximum Force:             0.006834     0.002850  No
RMS Force:                 0.003870     0.001900  No
Maximum Displacement:      0.001362     0.003150  Yes
RMS Displacement:          0.000774     0.002100  Yes

----------------------------------------------------------------------
                          Iteration: 63 [CG]                          


                             Coordinates                              
----------------------------------------------------------------------
0    C               -0.7828              -1.0866               0.3429
1    C                1.3065               0.0428              -0.0330
2    C               -1.0817               1.6598               0.8607
3    C                1.9856              -0.4364               1.2376
4    C                2.2714               0.4184              -1.1357
5    N                0.3046              -0.9137              -0.5046
6    N               -2.0370              -1.3563              -0.2463
7    O               -1.6637               1.6481              -0.3801
8    H               -2.1939               0.8383              -0.4318
9    H                0.0156              -0.6807              -1.4476
10   H               -0.6018              -1.5183               1.3158
11   H                0.7474               0.9416               0.2469
12   H               -2.5574              -2.0849               0.2240
13   H               -2.0058              -1.5723              -1.2358
14   H               -0.4205               2.5128               0.9868
15   H               -1.6712               1.3556               1.7137
16   H                2.7616               0.2766               1.5181
17   H                1.7224               0.7224              -2.0303
18   H                2.4384              -1.4218               1.1158
19   H                1.2724              -0.4774               2.0631
20   H                2.8504               1.2826              -0.8076
21   H                2.9593              -0.3870              -1.3942


Energy:                 -383.527544 Convergence criteria  Is converged 
Maximum Force:             0.006847     0.002850  No
RMS Force:                 0.003872     0.001900  No
Maximum Displacement:      0.001367     0.003150  Yes
RMS Displacement:          0.000774     0.002100  Yes

----------------------------------------------------------------------
                      Iteration: 64 [CG] (GDIIS)                      


                             Coordinates                              
----------------------------------------------------------------------
0    C               -0.7838              -1.0951               0.3407
1    C                1.3041               0.0405              -0.0331
2    C               -1.0796               1.6743               0.8605
3    C                1.9838              -0.4363               1.2383
4    C                2.2690               0.4198              -1.1342
5    N                0.3044              -0.9182              -0.5063
6    N               -2.0421              -1.3571              -0.2457
7    O               -1.6573               1.6496              -0.3809
8    H               -2.1878               0.8394              -0.4281
9    H                0.0170              -0.6855              -1.4500
10   H               -0.6031              -1.5223               1.3154
11   H                0.7451               0.9391               0.2443
12   H               -2.5547              -2.0953               0.2206
13   H               -2.0112              -1.5739              -1.2359
14   H               -0.4142               2.5249               0.9852
15   H               -1.6605               1.3518               1.7129
16   H                2.7593               0.2780               1.5167
17   H                1.7191               0.7247              -2.0278
18   H                2.4376              -1.4216               1.1189
19   H                1.2711              -0.4760               2.0643
20   H                2.8441               1.2857              -0.8037
21   H                2.9597              -0.3828              -1.3935


Energy:                 -383.526989 Convergence criteria  Is converged 
Maximum Force:             0.006006     0.002850  No
RMS Force:                 0.003851     0.001900  No
Maximum Displacement:      0.014447     0.003150  No
RMS Displacement:          0.007184     0.002100  No

----------------------------------------------------------------------
                          Iteration: 65 [CG]                          


                             Coordinates                              
----------------------------------------------------------------------
0    C               -0.7837              -1.0940               0.3411
1    C                1.3044               0.0407              -0.0331
2    C               -1.0802               1.6735               0.8606
3    C                1.9840              -0.4364               1.2382
4    C                2.2693               0.4196              -1.1344
5    N                0.3043              -0.9179              -0.5060
6    N               -2.0417              -1.3570              -0.2459
7    O               -1.6582               1.6495              -0.3807
8    H               -2.1882               0.8391              -0.4284
9    H                0.0168              -0.6851              -1.4497
10   H               -0.6031              -1.5225               1.3154
11   H                0.7458               0.9396               0.2443
12   H               -2.5548              -2.0941               0.2208
13   H               -2.0103              -1.5738              -1.2357
14   H               -0.4152               2.5238               0.9853
15   H               -1.6617               1.3523               1.7130
16   H                2.7596               0.2778               1.5169
17   H                1.7195               0.7244              -2.0281
18   H                2.4377              -1.4216               1.1185
19   H                1.2712              -0.4763               2.0641
20   H                2.8448               1.2853              -0.8040
21   H                2.9597              -0.3832              -1.3937


Energy:                 -383.527053 Convergence criteria  Is converged 
Maximum Force:             0.006105     0.002850  No
RMS Force:                 0.003801     0.001900  No
Maximum Displacement:      0.001201     0.003150  Yes
RMS Displacement:          0.000770     0.002100  Yes

----------------------------------------------------------------------
                          Iteration: 66 [CG]                          


                             Coordinates                              
----------------------------------------------------------------------
0    C               -0.7837              -1.0931               0.3415
1    C                1.3047               0.0408              -0.0331
2    C               -1.0808               1.6727               0.8607
3    C                1.9842              -0.4364               1.2381
4    C                2.2696               0.4194              -1.1346
5    N                0.3043              -0.9175              -0.5057
6    N               -2.0413              -1.3568              -0.2459
7    O               -1.6591               1.6495              -0.3805
8    H               -2.1887               0.8388              -0.4287
9    H                0.0165              -0.6848              -1.4493
10   H               -0.6031              -1.5227               1.3153
11   H                0.7465               0.9401               0.2444
12   H               -2.5548              -2.0930               0.2211
13   H               -2.0094              -1.5737              -1.2356
14   H               -0.4161               2.5229               0.9855
15   H               -1.6629               1.3528               1.7131
16   H                2.7599               0.2776               1.5171
17   H                1.7198               0.7241              -2.0284
18   H                2.4378              -1.4217               1.1181
19   H                1.2714              -0.4766               2.0639
20   H                2.8455               1.2849              -0.8044
21   H                2.9598              -0.3836              -1.3939


Energy:                 -383.527117 Convergence criteria  Is converged 
Maximum Force:             0.006219     0.002850  No
RMS Force:                 0.003786     0.001900  No
Maximum Displacement:      0.001221     0.003150  Yes
RMS Displacement:          0.000760     0.002100  Yes

----------------------------------------------------------------------
                          Iteration: 67 [CG]                          


                             Coordinates                              
----------------------------------------------------------------------
0    C               -0.7837              -1.0921               0.3419
1    C                1.3050               0.0410              -0.0332
2    C               -1.0815               1.6717               0.8608
3    C                1.9844              -0.4365               1.2380
4    C                2.2699               0.4191              -1.1348
5    N                0.3043              -0.9171              -0.5055
6    N               -2.0408              -1.3565              -0.2460
7    O               -1.6600               1.6495              -0.3803
8    H               -2.1891               0.8386              -0.4290
9    H                0.0163              -0.6844              -1.4490
10   H               -0.6031              -1.5229               1.3153
11   H                0.7471               0.9405               0.2444
12   H               -2.5550              -2.0920               0.2213
13   H               -2.0085              -1.5737              -1.2355
14   H               -0.4169               2.5220               0.9856
15   H               -1.6642               1.3533               1.7132
16   H                2.7602               0.2773               1.5172
17   H                1.7202               0.7238              -2.0287
18   H                2.4379              -1.4217               1.1177
19   H                1.2715              -0.4769               2.0638
20   H                2.8461               1.2845              -0.8048
21   H                2.9599              -0.3841              -1.3941


Energy:                 -383.527180 Convergence criteria  Is converged 
Maximum Force:             0.006318     0.002850  No
RMS Force:                 0.003779     0.001900  No
Maximum Displacement:      0.001244     0.003150  Yes
RMS Displacement:          0.000757     0.002100  Yes

----------------------------------------------------------------------
                          Iteration: 68 [CG]                          


                             Coordinates                              
----------------------------------------------------------------------
0    C               -0.7837              -1.0912               0.3423
1    C                1.3053               0.0412              -0.0332
2    C               -1.0822               1.6708               0.8609
3    C                1.9846              -0.4365               1.2379
4    C                2.2702               0.4189              -1.1350
5    N                0.3043              -0.9167              -0.5052
6    N               -2.0404              -1.3561              -0.2461
7    O               -1.6609               1.6495              -0.3802
8    H               -2.1896               0.8383              -0.4293
9    H                0.0161              -0.6840              -1.4487
10   H               -0.6031              -1.5231               1.3153
11   H                0.7478               0.9410               0.2445
12   H               -2.5551              -2.0909               0.2216
13   H               -2.0076              -1.5736              -1.2355
14   H               -0.4177               2.5211               0.9858
15   H               -1.6654               1.3537               1.7133
16   H                2.7604               0.2771               1.5174
17   H                1.7206               0.7235              -2.0290
18   H                2.4380              -1.4218               1.1173
19   H                1.2716              -0.4772               2.0636
20   H                2.8468               1.2841              -0.8051
21   H                2.9599              -0.3845              -1.3943


Energy:                 -383.527243 Convergence criteria  Is converged 
Maximum Force:             0.006397     0.002850  No
RMS Force:                 0.003776     0.001900  No
Maximum Displacement:      0.001264     0.003150  Yes
RMS Displacement:          0.000756     0.002100  Yes

----------------------------------------------------------------------
                      Iteration: 69 [CG] (GDIIS)                      


                             Coordinates                              
----------------------------------------------------------------------
0    C               -0.7844              -1.1218               0.3383
1    C                1.2982               0.0362              -0.0338
2    C               -1.0758               1.7182               0.8597
3    C                1.9788              -0.4356               1.2393
4    C                2.2638               0.4217              -1.1325
5    N                0.3026              -0.9280              -0.5082
6    N               -2.0460              -1.3700              -0.2471
7    O               -1.6494               1.6594              -0.3793
8    H               -2.1674               0.8402              -0.4131
9    H                0.0146              -0.7006              -1.4535
10   H               -0.6111              -1.5489               1.3142
11   H                0.7430               0.9372               0.2412
12   H               -2.5522              -2.1146               0.2140
13   H               -2.0159              -1.5742              -1.2389
14   H               -0.4162               2.5689               0.9831
15   H               -1.6339               1.3509               1.7089
16   H                2.7560               0.2778               1.5162
17   H                1.7148               0.7261              -2.0264
18   H                2.4356              -1.4190               1.1223
19   H                1.2680              -0.4769               2.0669
20   H                2.8340               1.2881              -0.7958
21   H                2.9631              -0.3714              -1.3970


Energy:                 -383.525959 Convergence criteria  Is converged 
Maximum Force:             0.005976     0.002850  No
RMS Force:                 0.003601     0.001900  No
Maximum Displacement:      0.047890     0.003150  No
RMS Displacement:          0.021817     0.002100  No

----------------------------------------------------------------------
                          Iteration: 70 [CG]                          


                             Coordinates                              
----------------------------------------------------------------------
0    C               -0.7843              -1.1210               0.3386
1    C                1.2986               0.0364              -0.0337
2    C               -1.0770               1.7173               0.8601
3    C                1.9791              -0.4358               1.2392
4    C                2.2642               0.4215              -1.1328
5    N                0.3027              -0.9277              -0.5078
6    N               -2.0456              -1.3696              -0.2471
7    O               -1.6501               1.6593              -0.3792
8    H               -2.1678               0.8400              -0.4133
9    H                0.0144              -0.7003              -1.4529
10   H               -0.6108              -1.5492               1.3141
11   H                0.7434               0.9376               0.2413
12   H               -2.5526              -2.1137               0.2141
13   H               -2.0152              -1.5743              -1.2391
14   H               -0.4170               2.5686               0.9831
15   H               -1.6347               1.3515               1.7090
16   H                2.7561               0.2776               1.5164
17   H                1.7151               0.7260              -2.0268
18   H                2.4357              -1.4193               1.1218
19   H                1.2681              -0.4771               2.0667
20   H                2.8346               1.2879              -0.7962
21   H                2.9630              -0.3721              -1.3970


Energy:                 -383.526015 Convergence criteria  Is converged 
Maximum Force:             0.004782     0.002850  No
RMS Force:                 0.003482     0.001900  No
Maximum Displacement:      0.001195     0.003150  Yes
RMS Displacement:          0.000720     0.002100  Yes

----------------------------------------------------------------------
                          Iteration: 71 [CG]                          


                             Coordinates                              
----------------------------------------------------------------------
0    C               -0.7843              -1.1202               0.3389
1    C                1.2989               0.0367              -0.0337
2    C               -1.0780               1.7167               0.8604
3    C                1.9794              -0.4360               1.2391
4    C                2.2645               0.4213              -1.1330
5    N                0.3029              -0.9274              -0.5074
6    N               -2.0452              -1.3693              -0.2472
7    O               -1.6507               1.6592              -0.3791
8    H               -2.1683               0.8398              -0.4136
9    H                0.0143              -0.6999              -1.4523
10   H               -0.6104              -1.5495               1.3140
11   H                0.7438               0.9381               0.2414
12   H               -2.5530              -2.1128               0.2142
13   H               -2.0144              -1.5745              -1.2392
14   H               -0.4179               2.5681               0.9832
15   H               -1.6357               1.3521               1.7093
16   H                2.7563               0.2775               1.5165
17   H                1.7155               0.7258              -2.0271
18   H                2.4358              -1.4195               1.1213
19   H                1.2682              -0.4774               2.0665
20   H                2.8353               1.2876              -0.7966
21   H                2.9630              -0.3727              -1.3971


Energy:                 -383.526068 Convergence criteria  Is converged 
Maximum Force:             0.005096     0.002850  No
RMS Force:                 0.003448     0.001900  No
Maximum Displacement:      0.000956     0.003150  Yes
RMS Displacement:          0.000696     0.002100  Yes

----------------------------------------------------------------------
                          Iteration: 72 [CG]                          


                             Coordinates                              
----------------------------------------------------------------------
0    C               -0.7842              -1.1194               0.3393
1    C                1.2992               0.0370              -0.0336
2    C               -1.0788               1.7161               0.8605
3    C                1.9797              -0.4361               1.2390
4    C                2.2649               0.4211              -1.1332
5    N                0.3030              -0.9271              -0.5070
6    N               -2.0448              -1.3689              -0.2473
7    O               -1.6514               1.6591              -0.3790
8    H               -2.1687               0.8396              -0.4139
9    H                0.0141              -0.6996              -1.4518
10   H               -0.6101              -1.5497               1.3138
11   H                0.7443               0.9385               0.2415
12   H               -2.5533              -2.1119               0.2143
13   H               -2.0137              -1.5746              -1.2392
14   H               -0.4188               2.5675               0.9832
15   H               -1.6367               1.3526               1.7097
16   H                2.7564               0.2774               1.5167
17   H                1.7158               0.7256              -2.0273
18   H                2.4359              -1.4198               1.1209
19   H                1.2683              -0.4776               2.0662
20   H                2.8359               1.2874              -0.7970
21   H                2.9630              -0.3734              -1.3971


Energy:                 -383.526120 Convergence criteria  Is converged 
Maximum Force:             0.005254     0.002850  No
RMS Force:                 0.003426     0.001900  No
Maximum Displacement:      0.001019     0.003150  Yes
RMS Displacement:          0.000690     0.002100  Yes

----------------------------------------------------------------------
                          Iteration: 73 [CG]                          


                             Coordinates                              
----------------------------------------------------------------------
0    C               -0.7841              -1.1186               0.3397
1    C                1.2995               0.0373              -0.0336
2    C               -1.0796               1.7155               0.8607
3    C                1.9799              -0.4362               1.2389
4    C                2.2652               0.4209              -1.1335
5    N                0.3031              -0.9268              -0.5067
6    N               -2.0444              -1.3686              -0.2474
7    O               -1.6521               1.6589              -0.3789
8    H               -2.1692               0.8394              -0.4142
9    H                0.0140              -0.6992              -1.4513
10   H               -0.6098              -1.5500               1.3137
11   H                0.7447               0.9389               0.2416
12   H               -2.5536              -2.1109               0.2144
13   H               -2.0130              -1.5747              -1.2392
14   H               -0.4197               2.5670               0.9833
15   H               -1.6377               1.3530               1.7101
16   H                2.7566               0.2773               1.5168
17   H                1.7161               0.7253              -2.0276
18   H                2.4360              -1.4200               1.1204
19   H                1.2684              -0.4779               2.0660
20   H                2.8366               1.2871              -0.7975
21   H                2.9629              -0.3740              -1.3972


Energy:                 -383.526172 Convergence criteria  Is converged 
Maximum Force:             0.005354     0.002850  No
RMS Force:                 0.003409     0.001900  No
Maximum Displacement:      0.001051     0.003150  Yes
RMS Displacement:          0.000685     0.002100  Yes

----------------------------------------------------------------------
                      Iteration: 74 [CG] (GDIIS)                      


                             Coordinates                              
----------------------------------------------------------------------
0    C               -0.7841              -1.1408               0.3388
1    C                1.2958               0.0343              -0.0338
2    C               -1.0828               1.7574               0.8621
3    C                1.9768              -0.4368               1.2395
4    C                2.2619               0.4227              -1.1330
5    N                0.3041              -0.9377              -0.5066
6    N               -2.0465              -1.3794              -0.2491
7    O               -1.6456               1.6668              -0.3773
8    H               -2.1517               0.8396              -0.4009
9    H                0.0113              -0.7118              -1.4506
10   H               -0.6134              -1.5776               1.3115
11   H                0.7457               0.9388               0.2392
12   H               -2.5552              -2.1260               0.2073
13   H               -2.0151              -1.5765              -1.2438
14   H               -0.4267               2.6099               0.9805
15   H               -1.6151               1.3549               1.7097
16   H                2.7532               0.2772               1.5168
17   H                1.7134               0.7261              -2.0282
18   H                2.4340              -1.4196               1.1205
19   H                1.2658              -0.4798               2.0672
20   H                2.8304               1.2895              -0.7924
21   H                2.9639              -0.3673              -1.3991


Energy:                 -383.525573 Convergence criteria  Is converged 
Maximum Force:             0.004957     0.002850  No
RMS Force:                 0.003306     0.001900  No
Maximum Displacement:      0.042916     0.003150  No
RMS Displacement:          0.017801     0.002100  No

----------------------------------------------------------------------
                          Iteration: 75 [CG]                          


                             Coordinates                              
----------------------------------------------------------------------
0    C               -0.7839              -1.1403               0.3392
1    C                1.2961               0.0346              -0.0337
2    C               -1.0837               1.7569               0.8624
3    C                1.9771              -0.4369               1.2394
4    C                2.2622               0.4224              -1.1331
5    N                0.3041              -0.9372              -0.5062
6    N               -2.0462              -1.3792              -0.2495
7    O               -1.6462               1.6666              -0.3772
8    H               -2.1521               0.8394              -0.4011
9    H                0.0113              -0.7115              -1.4501
10   H               -0.6130              -1.5779               1.3113
11   H                0.7458               0.9391               0.2393
12   H               -2.5556              -2.1250               0.2072
13   H               -2.0145              -1.5767              -1.2435
14   H               -0.4275               2.6097               0.9806
15   H               -1.6159               1.3554               1.7101
16   H                2.7534               0.2771               1.5170
17   H                1.7137               0.7259              -2.0283
18   H                2.4341              -1.4199               1.1201
19   H                1.2659              -0.4801               2.0669
20   H                2.8309               1.2892              -0.7929
21   H                2.9639              -0.3680              -1.3991


Energy:                 -383.525621 Convergence criteria  Is converged 
Maximum Force:             0.004902     0.002850  No
RMS Force:                 0.003238     0.001900  No
Maximum Displacement:      0.000991     0.003150  Yes
RMS Displacement:          0.000661     0.002100  Yes

----------------------------------------------------------------------
                          Iteration: 76 [CG]                          


                             Coordinates                              
----------------------------------------------------------------------
0    C               -0.7837              -1.1399               0.3395
1    C                1.2963               0.0349              -0.0337
2    C               -1.0844               1.7565               0.8625
3    C                1.9774              -0.4371               1.2393
4    C                2.2625               0.4222              -1.1333
5    N                0.3042              -0.9366              -0.5058
6    N               -2.0458              -1.3788              -0.2497
7    O               -1.6468               1.6664              -0.3771
8    H               -2.1526               0.8392              -0.4014
9    H                0.0113              -0.7111              -1.4497
10   H               -0.6126              -1.5782               1.3111
11   H                0.7460               0.9393               0.2394
12   H               -2.5559              -2.1241               0.2071
13   H               -2.0138              -1.5769              -1.2435
14   H               -0.4284               2.6095               0.9806
15   H               -1.6168               1.3558               1.7105
16   H                2.7535               0.2769               1.5171
17   H                1.7140               0.7258              -2.0285
18   H                2.4342              -1.4202               1.1196
19   H                1.2660              -0.4803               2.0666
20   H                2.8315               1.2889              -0.7934
21   H                2.9638              -0.3688              -1.3991


Energy:                 -383.525667 Convergence criteria  Is converged 
Maximum Force:             0.004826     0.002850  No
RMS Force:                 0.003207     0.001900  No
Maximum Displacement:      0.000980     0.003150  Yes
RMS Displacement:          0.000648     0.002100  Yes

----------------------------------------------------------------------
                          Iteration: 77 [CG]                          


                             Coordinates                              
----------------------------------------------------------------------
0    C               -0.7836              -1.1394               0.3399
1    C                1.2966               0.0352              -0.0336
2    C               -1.0851               1.7561               0.8627
3    C                1.9777              -0.4372               1.2392
4    C                2.2628               0.4219              -1.1334
5    N                0.3043              -0.9361              -0.5054
6    N               -2.0455              -1.3785              -0.2498
7    O               -1.6474               1.6662              -0.3770
8    H               -2.1530               0.8390              -0.4016
9    H                0.0113              -0.7107              -1.4492
10   H               -0.6122              -1.5784               1.3110
11   H                0.7461               0.9396               0.2395
12   H               -2.5562              -2.1231               0.2071
13   H               -2.0132              -1.5771              -1.2434
14   H               -0.4293               2.6092               0.9807
15   H               -1.6177               1.3563               1.7109
16   H                2.7537               0.2768               1.5173
17   H                1.7144               0.7256              -2.0286
18   H                2.4343              -1.4204               1.1192
19   H                1.2662              -0.4806               2.0663
20   H                2.8320               1.2886              -0.7940
21   H                2.9637              -0.3695              -1.3990


Energy:                 -383.525712 Convergence criteria  Is converged 
Maximum Force:             0.004777     0.002850  No
RMS Force:                 0.003183     0.001900  No
Maximum Displacement:      0.000965     0.003150  Yes
RMS Displacement:          0.000641     0.002100  Yes

----------------------------------------------------------------------
                          Iteration: 78 [CG]                          


                             Coordinates                              
----------------------------------------------------------------------
0    C               -0.7835              -1.1389               0.3402
1    C                1.2969               0.0355              -0.0335
2    C               -1.0858               1.7557               0.8629
3    C                1.9780              -0.4373               1.2391
4    C                2.2631               0.4217              -1.1336
5    N                0.3043              -0.9356              -0.5051
6    N               -2.0451              -1.3781              -0.2500
7    O               -1.6480               1.6660              -0.3770
8    H               -2.1535               0.8387              -0.4019
9    H                0.0113              -0.7103              -1.4488
10   H               -0.6118              -1.5787               1.3109
11   H                0.7463               0.9399               0.2396
12   H               -2.5565              -2.1221               0.2071
13   H               -2.0125              -1.5773              -1.2434
14   H               -0.4302               2.6090               0.9807
15   H               -1.6186               1.3567               1.7113
16   H                2.7539               0.2767               1.5175
17   H                1.7147               0.7254              -2.0288
18   H                2.4345              -1.4206               1.1188
19   H                1.2663              -0.4808               2.0661
20   H                2.8326               1.2883              -0.7945
21   H                2.9636              -0.3702              -1.3990


Energy:                 -383.525756 Convergence criteria  Is converged 
Maximum Force:             0.004748     0.002850  No
RMS Force:                 0.003163     0.001900  No
Maximum Displacement:      0.000955     0.003150  Yes
RMS Displacement:          0.000637     0.002100  Yes

----------------------------------------------------------------------
                      Iteration: 79 [CG] (GDIIS)                      


                             Coordinates                              
----------------------------------------------------------------------
0    C               -0.7819              -1.1560               0.3455
1    C                1.2972               0.0368              -0.0329
2    C               -1.1041               1.8007               0.8678
3    C                1.9788              -0.4403               1.2378
4    C                2.2644               0.4192              -1.1363
5    N                0.3060              -0.9406              -0.4984
6    N               -2.0413              -1.3847              -0.2544
7    O               -1.6525               1.6738              -0.3725
8    H               -2.1388               0.8343              -0.3894
9    H                0.0063              -0.7201              -1.4403
10   H               -0.6115              -1.6203               1.3059
11   H                0.7538               0.9465               0.2374
12   H               -2.5626              -2.1242               0.1984
13   H               -2.0015              -1.5826              -1.2480
14   H               -0.4548               2.6570               0.9786
15   H               -1.6075               1.3676               1.7166
16   H                2.7531               0.2736               1.5205
17   H                1.7173               0.7228              -2.0329
18   H                2.4342              -1.4238               1.1111
19   H                1.2652              -0.4884               2.0629
20   H                2.8351               1.2854              -0.7964
21   H                2.9649              -0.3730              -1.4027


Energy:                 -383.525893 Convergence criteria  Is converged 
Maximum Force:             0.004545     0.002850  No
RMS Force:                 0.002971     0.001900  No
Maximum Displacement:      0.048064     0.003150  No
RMS Displacement:          0.020365     0.002100  No

----------------------------------------------------------------------
                          Iteration: 80 [CG]                          


                             Coordinates                              
----------------------------------------------------------------------
0    C               -0.7816              -1.1559               0.3459
1    C                1.2974               0.0370              -0.0328
2    C               -1.1046               1.8003               0.8679
3    C                1.9791              -0.4403               1.2376
4    C                2.2645               0.4189              -1.1363
5    N                0.3060              -0.9399              -0.4982
6    N               -2.0410              -1.3842              -0.2545
7    O               -1.6531               1.6734              -0.3724
8    H               -2.1393               0.8342              -0.3896
9    H                0.0065              -0.7196              -1.4402
10   H               -0.6111              -1.6205               1.3058
11   H                0.7537               0.9466               0.2375
12   H               -2.5629              -2.1233               0.1984
13   H               -2.0009              -1.5829              -1.2480
14   H               -0.4555               2.6571               0.9786
15   H               -1.6084               1.3679               1.7170
16   H                2.7534               0.2734               1.5207
17   H                1.7176               0.7226              -2.0328
18   H                2.4343              -1.4239               1.1108
19   H                1.2654              -0.4887               2.0627
20   H                2.8356               1.2850              -0.7970
21   H                2.9646              -0.3737              -1.4025


Energy:                 -383.525932 Convergence criteria  Is converged 
Maximum Force:             0.004659     0.002850  No
RMS Force:                 0.002925     0.001900  No
Maximum Displacement:      0.000909     0.003150  Yes
RMS Displacement:          0.000594     0.002100  Yes

----------------------------------------------------------------------
                          Iteration: 81 [CG]                          


                             Coordinates                              
----------------------------------------------------------------------
0    C               -0.7814              -1.1558               0.3462
1    C                1.2976               0.0373              -0.0328
2    C               -1.1051               1.7999               0.8680
3    C                1.9793              -0.4403               1.2375
4    C                2.2647               0.4187              -1.1363
5    N                0.3060              -0.9393              -0.4980
6    N               -2.0408              -1.3837              -0.2547
7    O               -1.6536               1.6731              -0.3724
8    H               -2.1397               0.8339              -0.3897
9    H                0.0066              -0.7191              -1.4401
10   H               -0.6107              -1.6208               1.3057
11   H                0.7538               0.9468               0.2377
12   H               -2.5632              -2.1224               0.1983
13   H               -2.0004              -1.5832              -1.2480
14   H               -0.4563               2.6571               0.9787
15   H               -1.6092               1.3682               1.7174
16   H                2.7536               0.2732               1.5209
17   H                1.7179               0.7225              -2.0329
18   H                2.4344              -1.4239               1.1104
19   H                1.2656              -0.4889               2.0624
20   H                2.8361               1.2847              -0.7976
21   H                2.9644              -0.3744              -1.4023


Energy:                 -383.525969 Convergence criteria  Is converged 
Maximum Force:             0.004683     0.002850  No
RMS Force:                 0.002900     0.001900  No
Maximum Displacement:      0.000932     0.003150  Yes
RMS Displacement:          0.000585     0.002100  Yes

----------------------------------------------------------------------
                          Iteration: 82 [CG]                          


                             Coordinates                              
----------------------------------------------------------------------
0    C               -0.7812              -1.1556               0.3464
1    C                1.2978               0.0375              -0.0327
2    C               -1.1056               1.7996               0.8681
3    C                1.9796              -0.4404               1.2374
4    C                2.2649               0.4184              -1.1363
5    N                0.3060              -0.9388              -0.4979
6    N               -2.0405              -1.3832              -0.2548
7    O               -1.6541               1.6728              -0.3723
8    H               -2.1402               0.8336              -0.3899
9    H                0.0067              -0.7186              -1.4400
10   H               -0.6103              -1.6210               1.3057
11   H                0.7538               0.9469               0.2378
12   H               -2.5635              -2.1214               0.1983
13   H               -1.9998              -1.5835              -1.2480
14   H               -0.4571               2.6571               0.9787
15   H               -1.6100               1.3686               1.7178
16   H                2.7539               0.2731               1.5210
17   H                1.7182               0.7223              -2.0329
18   H                2.4346              -1.4240               1.1100
19   H                1.2658              -0.4892               2.0622
20   H                2.8367               1.2843              -0.7981
21   H                2.9642              -0.3750              -1.4022


Energy:                 -383.526006 Convergence criteria  Is converged 
Maximum Force:             0.004687     0.002850  No
RMS Force:                 0.002881     0.001900  No
Maximum Displacement:      0.000937     0.003150  Yes
RMS Displacement:          0.000580     0.002100  Yes

----------------------------------------------------------------------
                          Iteration: 83 [CG]                          


                             Coordinates                              
----------------------------------------------------------------------
0    C               -0.7810              -1.1554               0.3466
1    C                1.2980               0.0378              -0.0326
2    C               -1.1061               1.7992               0.8682
3    C                1.9798              -0.4404               1.2373
4    C                2.2650               0.4181              -1.1364
5    N                0.3060              -0.9382              -0.4977
6    N               -2.0402              -1.3827              -0.2549
7    O               -1.6546               1.6726              -0.3722
8    H               -2.1407               0.8334              -0.3901
9    H                0.0068              -0.7180              -1.4399
10   H               -0.6099              -1.6213               1.3056
11   H                0.7538               0.9471               0.2380
12   H               -2.5637              -2.1205               0.1983
13   H               -1.9992              -1.5837              -1.2480
14   H               -0.4578               2.6571               0.9788
15   H               -1.6108               1.3689               1.7181
16   H                2.7542               0.2729               1.5212
17   H                1.7185               0.7221              -2.0329
18   H                2.4347              -1.4240               1.1097
19   H                1.2659              -0.4895               2.0620
20   H                2.8372               1.2839              -0.7987
21   H                2.9640              -0.3757              -1.4020


Energy:                 -383.526043 Convergence criteria  Is converged 
Maximum Force:             0.004685     0.002850  No
RMS Force:                 0.002864     0.001900  No
Maximum Displacement:      0.000937     0.003150  Yes
RMS Displacement:          0.000576     0.002100  Yes

----------------------------------------------------------------------
                      Iteration: 84 [CG] (GDIIS)                      


                             Coordinates                              
----------------------------------------------------------------------
0    C               -0.7778              -1.1655               0.3551
1    C                1.3011               0.0423              -0.0312
2    C               -1.1293               1.8321               0.8738
3    C                1.9840              -0.4437               1.2347
4    C                2.2691               0.4117              -1.1397
5    N                0.3062              -0.9335              -0.4889
6    N               -2.0335              -1.3804              -0.2597
7    O               -1.6675               1.6766              -0.3666
8    H               -2.1341               0.8255              -0.3821
9    H                0.0033              -0.7204              -1.4305
10   H               -0.6062              -1.6608               1.3005
11   H                0.7621               0.9562               0.2367
12   H               -2.5705              -2.1097               0.1910
13   H               -1.9802              -1.5918              -1.2506
14   H               -0.4888               2.6953               0.9780
15   H               -1.6143               1.3830               1.7263
16   H                2.7572               0.2675               1.5263
17   H                1.7247               0.7173              -2.0369
18   H                2.4366              -1.4279               1.0984
19   H                1.2673              -0.4998               2.0560
20   H                2.8461               1.2762              -0.8071
21   H                2.9643              -0.3865              -1.4050


Energy:                 -383.526596 Convergence criteria  Is converged 
Maximum Force:             0.004689     0.002850  No
RMS Force:                 0.002712     0.001900  No
Maximum Displacement:      0.039565     0.003150  No
RMS Displacement:          0.019656     0.002100  No

----------------------------------------------------------------------
                          Iteration: 85 [CG]                          


                             Coordinates                              
----------------------------------------------------------------------
0    C               -0.7775              -1.1655               0.3551
1    C                1.3012               0.0425              -0.0312
2    C               -1.1298               1.8315               0.8740
3    C                1.9842              -0.4436               1.2347
4    C                2.2692               0.4116              -1.1397
5    N                0.3062              -0.9332              -0.4890
6    N               -2.0334              -1.3800              -0.2598
7    O               -1.6679               1.6762              -0.3665
8    H               -2.1345               0.8253              -0.3821
9    H                0.0035              -0.7197              -1.4306
10   H               -0.6058              -1.6609               1.3003
11   H                0.7622               0.9563               0.2369
12   H               -2.5708              -2.1088               0.1911
13   H               -1.9797              -1.5921              -1.2506
14   H               -0.4895               2.6954               0.9780
15   H               -1.6149               1.3834               1.7265
16   H                2.7575               0.2673               1.5264
17   H                1.7248               0.7170              -2.0370
18   H                2.4368              -1.4277               1.0981
19   H                1.2675              -0.5001               2.0559
20   H                2.8467               1.2758              -0.8075
21   H                2.9639              -0.3871              -1.4047


Energy:                 -383.526628 Convergence criteria  Is converged 
Maximum Force:             0.004641     0.002850  No
RMS Force:                 0.002676     0.001900  No
Maximum Displacement:      0.000938     0.003150  Yes
RMS Displacement:          0.000542     0.002100  Yes

----------------------------------------------------------------------
                          Iteration: 86 [CG]                          


                             Coordinates                              
----------------------------------------------------------------------
0    C               -0.7773              -1.1654               0.3552
1    C                1.3013               0.0427              -0.0311
2    C               -1.1302               1.8311               0.8741
3    C                1.9844              -0.4436               1.2347
4    C                2.2693               0.4114              -1.1397
5    N                0.3063              -0.9329              -0.4891
6    N               -2.0332              -1.3795              -0.2599
7    O               -1.6682               1.6759              -0.3664
8    H               -2.1349               0.8250              -0.3821
9    H                0.0036              -0.7191              -1.4307
10   H               -0.6055              -1.6611               1.3002
11   H                0.7623               0.9565               0.2372
12   H               -2.5711              -2.1078               0.1912
13   H               -1.9792              -1.5924              -1.2505
14   H               -0.4903               2.6954               0.9780
15   H               -1.6156               1.3837               1.7266
16   H                2.7578               0.2671               1.5266
17   H                1.7250               0.7167              -2.0370
18   H                2.4369              -1.4276               1.0977
19   H                1.2677              -0.5004               2.0558
20   H                2.8473               1.2755              -0.8080
21   H                2.9635              -0.3877              -1.4044


Energy:                 -383.526660 Convergence criteria  Is converged 
Maximum Force:             0.004627     0.002850  No
RMS Force:                 0.002659     0.001900  No
Maximum Displacement:      0.000928     0.003150  Yes
RMS Displacement:          0.000535     0.002100  Yes

----------------------------------------------------------------------
                          Iteration: 87 [CG]                          


                             Coordinates                              
----------------------------------------------------------------------
0    C               -0.7771              -1.1654               0.3552
1    C                1.3014               0.0428              -0.0310
2    C               -1.1305               1.8308               0.8741
3    C                1.9845              -0.4436               1.2346
4    C                2.2694               0.4113              -1.1397
5    N                0.3064              -0.9326              -0.4891
6    N               -2.0330              -1.3791              -0.2600
7    O               -1.6686               1.6756              -0.3663
8    H               -2.1353               0.8248              -0.3821
9    H                0.0037              -0.7184              -1.4308
10   H               -0.6051              -1.6612               1.3001
11   H                0.7625               0.9566               0.2374
12   H               -2.5713              -2.1069               0.1913
13   H               -1.9787              -1.5926              -1.2505
14   H               -0.4911               2.6954               0.9780
15   H               -1.6163               1.3840               1.7268
16   H                2.7581               0.2669               1.5268
17   H                1.7252               0.7165              -2.0371
18   H                2.4370              -1.4275               1.0974
19   H                1.2678              -0.5007               2.0558
20   H                2.8479               1.2751              -0.8085
21   H                2.9631              -0.3882              -1.4041


Energy:                 -383.526691 Convergence criteria  Is converged 
Maximum Force:             0.004622     0.002850  No
RMS Force:                 0.002645     0.001900  No
Maximum Displacement:      0.000925     0.003150  Yes
RMS Displacement:          0.000532     0.002100  Yes

----------------------------------------------------------------------
                          Iteration: 88 [CG]                          


                             Coordinates                              
----------------------------------------------------------------------
0    C               -0.7769              -1.1653               0.3552
1    C                1.3015               0.0430              -0.0309
2    C               -1.1309               1.8304               0.8742
3    C                1.9847              -0.4435               1.2346
4    C                2.2694               0.4111              -1.1397
5    N                0.3064              -0.9323              -0.4892
6    N               -2.0328              -1.3786              -0.2602
7    O               -1.6690               1.6753              -0.3662
8    H               -2.1358               0.8245              -0.3821
9    H                0.0038              -0.7178              -1.4308
10   H               -0.6047              -1.6613               1.3000
11   H                0.7626               0.9568               0.2376
12   H               -2.5716              -2.1060               0.1914
13   H               -1.9783              -1.5929              -1.2504
14   H               -0.4919               2.6954               0.9780
15   H               -1.6170               1.3843               1.7270
16   H                2.7584               0.2667               1.5269
17   H                1.7253               0.7162              -2.0371
18   H                2.4372              -1.4274               1.0970
19   H                1.2680              -0.5009               2.0557
20   H                2.8485               1.2748              -0.8089
21   H                2.9627              -0.3888              -1.4038


Energy:                 -383.526722 Convergence criteria  Is converged 
Maximum Force:             0.004618     0.002850  No
RMS Force:                 0.002633     0.001900  No
Maximum Displacement:      0.000924     0.003150  Yes
RMS Displacement:          0.000529     0.002100  Yes

----------------------------------------------------------------------
                      Iteration: 89 [CG] (GDIIS)                      


                             Coordinates                              
----------------------------------------------------------------------
0    C               -0.7684              -1.1900               0.3613
1    C                1.3036               0.0497              -0.0278
2    C               -1.1574               1.8744               0.8813
3    C                1.9898              -0.4458               1.2322
4    C                2.2722               0.4041              -1.1420
5    N                0.3089              -0.9284              -0.4828
6    N               -2.0217              -1.3795              -0.2684
7    O               -1.6823               1.6772              -0.3585
8    H               -2.1280               0.8144              -0.3664
9    H                0.0012              -0.7147              -1.4228
10   H               -0.5951              -1.7133               1.2923
11   H                0.7690               0.9661               0.2426
12   H               -2.5875              -2.0863               0.1831
13   H               -1.9553              -1.6049              -1.2562
14   H               -0.5407               2.7568               0.9756
15   H               -1.6175               1.4050               1.7372
16   H                2.7648               0.2587               1.5348
17   H                1.7328               0.7073              -2.0428
18   H                2.4402              -1.4282               1.0802
19   H                1.2712              -0.5157               2.0502
20   H                2.8648               1.2628              -0.8230
21   H                2.9554              -0.4062              -1.4015


Energy:                 -383.527430 Convergence criteria  Is converged 
Maximum Force:             0.004675     0.002850  No
RMS Force:                 0.002528     0.001900  No
Maximum Displacement:      0.061409     0.003150  No
RMS Displacement:          0.028217     0.002100  No

----------------------------------------------------------------------
                          Iteration: 90 [CG]                          


                             Coordinates                              
----------------------------------------------------------------------
0    C               -0.7682              -1.1897               0.3609
1    C                1.3037               0.0498              -0.0277
2    C               -1.1579               1.8740               0.8812
3    C                1.9899              -0.4458               1.2322
4    C                2.2723               0.4040              -1.1420
5    N                0.3091              -0.9282              -0.4829
6    N               -2.0217              -1.3790              -0.2683
7    O               -1.6824               1.6770              -0.3582
8    H               -2.1283               0.8141              -0.3662
9    H                0.0013              -0.7140              -1.4228
10   H               -0.5948              -1.7133               1.2920
11   H                0.7692               0.9662               0.2427
12   H               -2.5876              -2.0854               0.1831
13   H               -1.9550              -1.6053              -1.2560
14   H               -0.5416               2.7567               0.9755
15   H               -1.6179               1.4053               1.7372
16   H                2.7650               0.2586               1.5349
17   H                1.7327               0.7071              -2.0428
18   H                2.4404              -1.4282               1.0799
19   H                1.2714              -0.5159               2.0503
20   H                2.8652               1.2625              -0.8233
21   H                2.9550              -0.4068              -1.4012


Energy:                 -383.527458 Convergence criteria  Is converged 
Maximum Force:             0.004327     0.002850  No
RMS Force:                 0.002446     0.001900  No
Maximum Displacement:      0.000935     0.003150  Yes
RMS Displacement:          0.000506     0.002100  Yes

----------------------------------------------------------------------
                          Iteration: 91 [CG]                          


                             Coordinates                              
----------------------------------------------------------------------
0    C               -0.7681              -1.1895               0.3607
1    C                1.3038               0.0500              -0.0276
2    C               -1.1583               1.8737               0.8812
3    C                1.9900              -0.4458               1.2322
4    C                2.2724               0.4039              -1.1420
5    N                0.3092              -0.9281              -0.4831
6    N               -2.0216              -1.3785              -0.2684
7    O               -1.6826               1.6767              -0.3581
8    H               -2.1285               0.8139              -0.3660
9    H                0.0014              -0.7133              -1.4227
10   H               -0.5944              -1.7134               1.2916
11   H                0.7693               0.9664               0.2428
12   H               -2.5877              -2.0845               0.1832
13   H               -1.9548              -1.6057              -1.2558
14   H               -0.5425               2.7565               0.9754
15   H               -1.6184               1.4056               1.7373
16   H                2.7652               0.2585               1.5349
17   H                1.7327               0.7068              -2.0428
18   H                2.4406              -1.4281               1.0796
19   H                1.2717              -0.5161               2.0504
20   H                2.8657               1.2622              -0.8235
21   H                2.9546              -0.4074              -1.4009


Energy:                 -383.527484 Convergence criteria  Is converged 
Maximum Force:             0.004248     0.002850  No
RMS Force:                 0.002415     0.001900  No
Maximum Displacement:      0.000865     0.003150  Yes
RMS Displacement:          0.000489     0.002100  Yes

----------------------------------------------------------------------
                          Iteration: 92 [CG]                          


                             Coordinates                              
----------------------------------------------------------------------
0    C               -0.7679              -1.1893               0.3605
1    C                1.3039               0.0501              -0.0275
2    C               -1.1586               1.8734               0.8812
3    C                1.9902              -0.4459               1.2322
4    C                2.2725               0.4038              -1.1420
5    N                0.3094              -0.9279              -0.4832
6    N               -2.0216              -1.3780              -0.2684
7    O               -1.6828               1.6764              -0.3580
8    H               -2.1288               0.8136              -0.3659
9    H                0.0015              -0.7127              -1.4227
10   H               -0.5941              -1.7134               1.2913
11   H                0.7695               0.9665               0.2429
12   H               -2.5878              -2.0836               0.1833
13   H               -1.9545              -1.6061              -1.2557
14   H               -0.5433               2.7564               0.9753
15   H               -1.6189               1.4058               1.7374
16   H                2.7654               0.2584               1.5350
17   H                1.7327               0.7066              -2.0428
18   H                2.4408              -1.4281               1.0793
19   H                1.2719              -0.5163               2.0505
20   H                2.8662               1.2619              -0.8238
21   H                2.9542              -0.4080              -1.4006


Energy:                 -383.527509 Convergence criteria  Is converged 
Maximum Force:             0.004228     0.002850  No
RMS Force:                 0.002393     0.001900  No
Maximum Displacement:      0.000850     0.003150  Yes
RMS Displacement:          0.000483     0.002100  Yes

----------------------------------------------------------------------
                          Iteration: 93 [CG]                          


                             Coordinates                              
----------------------------------------------------------------------
0    C               -0.7677              -1.1892               0.3603
1    C                1.3040               0.0502              -0.0274
2    C               -1.1590               1.8732               0.8812
3    C                1.9903              -0.4459               1.2323
4    C                2.2725               0.4037              -1.1420
5    N                0.3095              -0.9277              -0.4833
6    N               -2.0215              -1.3775              -0.2685
7    O               -1.6831               1.6761              -0.3579
8    H               -2.1290               0.8134              -0.3657
9    H                0.0017              -0.7120              -1.4227
10   H               -0.5937              -1.7135               1.2909
11   H                0.7696               0.9666               0.2430
12   H               -2.5879              -2.0828               0.1835
13   H               -1.9543              -1.6065              -1.2555
14   H               -0.5441               2.7563               0.9752
15   H               -1.6194               1.4060               1.7375
16   H                2.7656               0.2583               1.5351
17   H                1.7327               0.7063              -2.0428
18   H                2.4410              -1.4281               1.0791
19   H                1.2721              -0.5165               2.0506
20   H                2.8666               1.2616              -0.8240
21   H                2.9538              -0.4086              -1.4003


Energy:                 -383.527534 Convergence criteria  Is converged 
Maximum Force:             0.004224     0.002850  No
RMS Force:                 0.002375     0.001900  No
Maximum Displacement:      0.000846     0.003150  Yes
RMS Displacement:          0.000479     0.002100  Yes

----------------------------------------------------------------------
                      Iteration: 94 [CG] (GDIIS)                      


                             Coordinates                              
----------------------------------------------------------------------
0    C               -0.7615              -1.2055               0.3620
1    C                1.3052               0.0544              -0.0250
2    C               -1.1757               1.9008               0.8855
3    C                1.9935              -0.4473               1.2312
4    C                2.2739               0.3999              -1.1430
5    N                0.3126              -0.9268              -0.4808
6    N               -2.0145              -1.3781              -0.2740
7    O               -1.6898               1.6762              -0.3530
8    H               -2.1242               0.8069              -0.3542
9    H                0.0005              -0.7077              -1.4180
10   H               -0.5859              -1.7454               1.2845
11   H                0.7735               0.9721               0.2472
12   H               -2.5993              -2.0687               0.1786
13   H               -1.9412              -1.6150              -1.2592
14   H               -0.5774               2.7960               0.9729
15   H               -1.6186               1.4195               1.7439
16   H                2.7697               0.2535               1.5399
17   H                1.7365               0.7000              -2.0464
18   H                2.4433              -1.4282               1.0679
19   H                1.2747              -0.5259               2.0483
20   H                2.8780               1.2539              -0.8330
21   H                2.9466              -0.4209              -1.3968


Energy:                 -383.527941 Convergence criteria  Is converged 
Maximum Force:             0.004582     0.002850  No
RMS Force:                 0.002371     0.001900  No
Maximum Displacement:      0.039725     0.003150  No
RMS Displacement:          0.018321     0.002100  No

----------------------------------------------------------------------
                          Iteration: 95 [CG]                          


                             Coordinates                              
----------------------------------------------------------------------
0    C               -0.7613              -1.2053               0.3618
1    C                1.3053               0.0544              -0.0249
2    C               -1.1762               1.9004               0.8854
3    C                1.9936              -0.4473               1.2312
4    C                2.2740               0.3997              -1.1430
5    N                0.3127              -0.9265              -0.4809
6    N               -2.0145              -1.3777              -0.2740
7    O               -1.6900               1.6759              -0.3529
8    H               -2.1243               0.8067              -0.3540
9    H                0.0006              -0.7070              -1.4180
10   H               -0.5856              -1.7454               1.2840
11   H                0.7735               0.9722               0.2472
12   H               -2.5991              -2.0678               0.1787
13   H               -1.9411              -1.6155              -1.2590
14   H               -0.5782               2.7958               0.9728
15   H               -1.6190               1.4198               1.7439
16   H                2.7698               0.2535               1.5399
17   H                1.7365               0.6998              -2.0462
18   H                2.4435              -1.4282               1.0677
19   H                1.2750              -0.5261               2.0484
20   H                2.8784               1.2536              -0.8331
21   H                2.9463              -0.4215              -1.3966


Energy:                 -383.527965 Convergence criteria  Is converged 
Maximum Force:             0.004172     0.002850  No
RMS Force:                 0.002312     0.001900  No
Maximum Displacement:      0.000916     0.003150  Yes
RMS Displacement:          0.000474     0.002100  Yes

----------------------------------------------------------------------
                          Iteration: 96 [CG]                          


                             Coordinates                              
----------------------------------------------------------------------
0    C               -0.7612              -1.2051               0.3616
1    C                1.3054               0.0545              -0.0248
2    C               -1.1765               1.9002               0.8853
3    C                1.9938              -0.4474               1.2312
4    C                2.2741               0.3995              -1.1429
5    N                0.3128              -0.9263              -0.4810
6    N               -2.0144              -1.3772              -0.2740
7    O               -1.6902               1.6757              -0.3528
8    H               -2.1245               0.8064              -0.3537
9    H                0.0007              -0.7064              -1.4179
10   H               -0.5853              -1.7454               1.2835
11   H                0.7736               0.9723               0.2473
12   H               -2.5991              -2.0669               0.1788
13   H               -1.9410              -1.6159              -1.2588
14   H               -0.5790               2.7957               0.9727
15   H               -1.6194               1.4200               1.7439
16   H                2.7699               0.2534               1.5399
17   H                1.7364               0.6996              -2.0461
18   H                2.4438              -1.4282               1.0675
19   H                1.2753              -0.5263               2.0485
20   H                2.8787               1.2533              -0.8333
21   H                2.9459              -0.4220              -1.3963


Energy:                 -383.527989 Convergence criteria  Is converged 
Maximum Force:             0.004054     0.002850  No
RMS Force:                 0.002280     0.001900  No
Maximum Displacement:      0.000834     0.003150  Yes
RMS Displacement:          0.000462     0.002100  Yes

----------------------------------------------------------------------
                          Iteration: 97 [CG]                          


                             Coordinates                              
----------------------------------------------------------------------
0    C               -0.7611              -1.2048               0.3614
1    C                1.3056               0.0546              -0.0248
2    C               -1.1769               1.8999               0.8853
3    C                1.9939              -0.4475               1.2312
4    C                2.2741               0.3994              -1.1429
5    N                0.3129              -0.9260              -0.4811
6    N               -2.0143              -1.3766              -0.2741
7    O               -1.6905               1.6754              -0.3527
8    H               -2.1246               0.8062              -0.3535
9    H                0.0008              -0.7057              -1.4179
10   H               -0.5850              -1.7454               1.2830
11   H                0.7737               0.9724               0.2473
12   H               -2.5990              -2.0661               0.1790
13   H               -1.9409              -1.6163              -1.2586
14   H               -0.5798               2.7956               0.9726
15   H               -1.6198               1.4201               1.7440
16   H                2.7700               0.2533               1.5399
17   H                1.7364               0.6994              -2.0460
18   H                2.4440              -1.4281               1.0674
19   H                1.2756              -0.5265               2.0486
20   H                2.8790               1.2530              -0.8334
21   H                2.9456              -0.4226              -1.3961


Energy:                 -383.528011 Convergence criteria  Is converged 
Maximum Force:             0.004011     0.002850  No
RMS Force:                 0.002256     0.001900  No
Maximum Displacement:      0.000811     0.003150  Yes
RMS Displacement:          0.000456     0.002100  Yes

----------------------------------------------------------------------
                          Iteration: 98 [CG]                          


                             Coordinates                              
----------------------------------------------------------------------
0    C               -0.7609              -1.2046               0.3612
1    C                1.3057               0.0547              -0.0247
2    C               -1.1772               1.8996               0.8853
3    C                1.9941              -0.4476               1.2313
4    C                2.2742               0.3992              -1.1428
5    N                0.3130              -0.9258              -0.4813
6    N               -2.0142              -1.3761              -0.2742
7    O               -1.6907               1.6751              -0.3527
8    H               -2.1247               0.8059              -0.3533
9    H                0.0009              -0.7050              -1.4180
10   H               -0.5847              -1.7454               1.2825
11   H                0.7738               0.9725               0.2473
12   H               -2.5990              -2.0653               0.1791
13   H               -1.9408              -1.6167              -1.2585
14   H               -0.5805               2.7955               0.9725
15   H               -1.6202               1.4203               1.7441
16   H                2.7702               0.2533               1.5400
17   H                1.7363               0.6992              -2.0459
18   H                2.4443              -1.4281               1.0672
19   H                1.2758              -0.5267               2.0487
20   H                2.8793               1.2527              -0.8336
21   H                2.9453              -0.4231              -1.3959


Energy:                 -383.528034 Convergence criteria  Is converged 
Maximum Force:             0.003991     0.002850  No
RMS Force:                 0.002237     0.001900  No
Maximum Displacement:      0.000802     0.003150  Yes
RMS Displacement:          0.000451     0.002100  Yes

----------------------------------------------------------------------
                      Iteration: 99 [CG] (GDIIS)                      


                             Coordinates                              
----------------------------------------------------------------------
0    C               -0.7498              -1.2257               0.3594
1    C                1.3094               0.0611              -0.0195
2    C               -1.2098               1.9423               0.8909
3    C                2.0011              -0.4513               1.2303
4    C                2.2773               0.3903              -1.1427
5    N                0.3191              -0.9211              -0.4803
6    N               -2.0058              -1.3653              -0.2831
7    O               -1.7032               1.6706              -0.3445
8    H               -2.1174               0.7909              -0.3309
9    H                0.0018              -0.6872              -1.4119
10   H               -0.5683              -1.7950               1.2625
11   H                0.7818               0.9820               0.2514
12   H               -2.6115              -2.0323               0.1730
13   H               -1.9213              -1.6390              -1.2595
14   H               -0.6420               2.8559               0.9663
15   H               -1.6236               1.4418               1.7546
16   H                2.7775               0.2455               1.5466
17   H                1.7394               0.6867              -2.0472
18   H                2.4524              -1.4284               1.0487
19   H                1.2847              -0.5440               2.0478
20   H                2.8995               1.2363              -0.8476
21   H                2.9287              -0.4504              -1.3861


Energy:                 -383.528822 Convergence criteria  Is converged 
Maximum Force:             0.004309     0.002850  No
RMS Force:                 0.002461     0.001900  No
Maximum Displacement:      0.061481     0.003150  No
RMS Displacement:          0.031649     0.002100  No

----------------------------------------------------------------------
                         Iteration: 100 [CG]                          


                             Coordinates                              
----------------------------------------------------------------------
0    C               -0.7498              -1.2252               0.3591
1    C                1.3095               0.0611              -0.0194
2    C               -1.2104               1.9414               0.8911
3    C                2.0012              -0.4514               1.2303
4    C                2.2774               0.3900              -1.1426
5    N                0.3190              -0.9207              -0.4804
6    N               -2.0052              -1.3649              -0.2836
7    O               -1.7035               1.6704              -0.3446
8    H               -2.1174               0.7906              -0.3307
9    H                0.0018              -0.6866              -1.4119
10   H               -0.5681              -1.7950               1.2621
11   H                0.7818               0.9820               0.2515
12   H               -2.6117              -2.0318               0.1737
13   H               -1.9214              -1.6392              -1.2593
14   H               -0.6426               2.8560               0.9663
15   H               -1.6237               1.4422               1.7544
16   H                2.7776               0.2455               1.5466
17   H                1.7394               0.6865              -2.0470
18   H                2.4526              -1.4284               1.0487
19   H                1.2849              -0.5442               2.0479
20   H                2.8997               1.2360              -0.8476
21   H                2.9286              -0.4507              -1.3860


Energy:                 -383.528846 Convergence criteria  Is converged 
Maximum Force:             0.003574     0.002850  No
RMS Force:                 0.002060     0.001900  No
Maximum Displacement:      0.000862     0.003150  Yes
RMS Displacement:          0.000492     0.002100  Yes

----------------------------------------------------------------------
                         Iteration: 101 [CG]                          


                             Coordinates                              
----------------------------------------------------------------------
0    C               -0.7497              -1.2248               0.3588
1    C                1.3096               0.0611              -0.0193
2    C               -1.2108               1.9410               0.8912
3    C                2.0013              -0.4514               1.2303
4    C                2.2774               0.3898              -1.1425
5    N                0.3190              -0.9204              -0.4805
6    N               -2.0048              -1.3648              -0.2838
7    O               -1.7037               1.6702              -0.3446
8    H               -2.1174               0.7903              -0.3306
9    H                0.0018              -0.6859              -1.4120
10   H               -0.5679              -1.7950               1.2617
11   H                0.7819               0.9820               0.2516
12   H               -2.6117              -2.0311               0.1742
13   H               -1.9215              -1.6394              -1.2593
14   H               -0.6432               2.8560               0.9662
15   H               -1.6239               1.4424               1.7544
16   H                2.7777               0.2455               1.5465
17   H                1.7394               0.6863              -2.0468
18   H                2.4528              -1.4284               1.0486
19   H                1.2852              -0.5443               2.0481
20   H                2.9000               1.2357              -0.8477
21   H                2.9285              -0.4511              -1.3860


Energy:                 -383.528864 Convergence criteria  Is converged 
Maximum Force:             0.003763     0.002850  No
RMS Force:                 0.002004     0.001900  No
Maximum Displacement:      0.000715     0.003150  Yes
RMS Displacement:          0.000412     0.002100  Yes

----------------------------------------------------------------------
                         Iteration: 102 [CG]                          


                             Coordinates                              
----------------------------------------------------------------------
0    C               -0.7496              -1.2244               0.3587
1    C                1.3097               0.0611              -0.0192
2    C               -1.2110               1.9406               0.8911
3    C                2.0014              -0.4515               1.2303
4    C                2.2775               0.3896              -1.1425
5    N                0.3190              -0.9200              -0.4806
6    N               -2.0046              -1.3646              -0.2840
7    O               -1.7040               1.6700              -0.3445
8    H               -2.1174               0.7900              -0.3305
9    H                0.0018              -0.6853              -1.4120
10   H               -0.5678              -1.7950               1.2613
11   H                0.7819               0.9820               0.2517
12   H               -2.6117              -2.0304               0.1746
13   H               -1.9216              -1.6396              -1.2593
14   H               -0.6439               2.8559               0.9661
15   H               -1.6242               1.4426               1.7544
16   H                2.7778               0.2455               1.5465
17   H                1.7394               0.6862              -2.0467
18   H                2.4531              -1.4284               1.0486
19   H                1.2855              -0.5445               2.0482
20   H                2.9003               1.2354              -0.8477
21   H                2.9283              -0.4515              -1.3860


Energy:                 -383.528882 Convergence criteria  Is converged 
Maximum Force:             0.003776     0.002850  No
RMS Force:                 0.001981     0.001900  No
Maximum Displacement:      0.000753     0.003150  Yes
RMS Displacement:          0.000401     0.002100  Yes

----------------------------------------------------------------------
                         Iteration: 103 [CG]                          


                             Coordinates                              
----------------------------------------------------------------------
0    C               -0.7495              -1.2240               0.3585
1    C                1.3098               0.0612              -0.0191
2    C               -1.2113               1.9404               0.8911
3    C                2.0016              -0.4516               1.2303
4    C                2.2776               0.3894              -1.1424
5    N                0.3190              -0.9197              -0.4808
6    N               -2.0044              -1.3644              -0.2841
7    O               -1.7042               1.6697              -0.3445
8    H               -2.1175               0.7897              -0.3304
9    H                0.0017              -0.6846              -1.4121
10   H               -0.5676              -1.7950               1.2609
11   H                0.7820               0.9820               0.2518
12   H               -2.6116              -2.0296               0.1750
13   H               -1.9217              -1.6398              -1.2594
14   H               -0.6446               2.8558               0.9660
15   H               -1.6245               1.4427               1.7545
16   H                2.7779               0.2455               1.5465
17   H                1.7394               0.6860              -2.0465
18   H                2.4533              -1.4284               1.0485
19   H                1.2857              -0.5447               2.0483
20   H                2.9005               1.2350              -0.8477
21   H                2.9282              -0.4518              -1.3860


Energy:                 -383.528899 Convergence criteria  Is converged 
Maximum Force:             0.003753     0.002850  No
RMS Force:                 0.001963     0.001900  No
Maximum Displacement:      0.000755     0.003150  Yes
RMS Displacement:          0.000396     0.002100  Yes

----------------------------------------------------------------------
                     Iteration: 104 [CG] (GDIIS)                      


                             Coordinates                              
----------------------------------------------------------------------
0    C               -0.7441              -1.2442               0.3564
1    C                1.3099               0.0625              -0.0164
2    C               -1.2304               1.9827               0.8947
3    C                2.0038              -0.4541               1.2302
4    C                2.2777               0.3845              -1.1416
5    N                0.3216              -0.9209              -0.4806
6    N               -2.0004              -1.3639              -0.2907
7    O               -1.7080               1.6709              -0.3399
8    H               -2.1038               0.7808              -0.3121
9    H                0.0007              -0.6804              -1.4092
10   H               -0.5614              -1.8342               1.2479
11   H                0.7862               0.9864               0.2522
12   H               -2.6175              -2.0196               0.1706
13   H               -1.9145              -1.6526              -1.2618
14   H               -0.6798               2.9086               0.9612
15   H               -1.6145               1.4544               1.7591
16   H                2.7798               0.2419               1.5494
17   H                1.7392               0.6800              -2.0459
18   H                2.4574              -1.4287               1.0402
19   H                1.2898              -0.5549               2.0489
20   H                2.9070               1.2269              -0.8512
21   H                2.9212              -0.4625              -1.3829


Energy:                 -383.529041 Convergence criteria  Is converged 
Maximum Force:             0.007965     0.002850  No
RMS Force:                 0.003387     0.001900  No
Maximum Displacement:      0.052801     0.003150  No
RMS Displacement:          0.021753     0.002100  No

----------------------------------------------------------------------
                         Iteration: 105 [CG]                          


                             Coordinates                              
----------------------------------------------------------------------
0    C               -0.7440              -1.2437               0.3561
1    C                1.3100               0.0624              -0.0164
2    C               -1.2316               1.9811               0.8947
3    C                2.0039              -0.4542               1.2302
4    C                2.2778               0.3844              -1.1415
5    N                0.3215              -0.9206              -0.4805
6    N               -2.0001              -1.3641              -0.2904
7    O               -1.7080               1.6706              -0.3394
8    H               -2.1035               0.7812              -0.3120
9    H                0.0006              -0.6798              -1.4093
10   H               -0.5613              -1.8340               1.2473
11   H                0.7862               0.9863               0.2524
12   H               -2.6174              -2.0187               0.1710
13   H               -1.9147              -1.6528              -1.2621
14   H               -0.6806               2.9084               0.9611
15   H               -1.6140               1.4553               1.7585
16   H                2.7799               0.2419               1.5494
17   H                1.7393               0.6798              -2.0458
18   H                2.4576              -1.4287               1.0402
19   H                1.2900              -0.5550               2.0490
20   H                2.9072               1.2266              -0.8512
21   H                2.9212              -0.4629              -1.3829


Energy:                 -383.529084 Convergence criteria  Is converged 
Maximum Force:             0.004937     0.002850  No
RMS Force:                 0.002517     0.001900  No
Maximum Displacement:      0.001593     0.003150  Yes
RMS Displacement:          0.000677     0.002100  Yes

----------------------------------------------------------------------
                         Iteration: 106 [CG]                          


                             Coordinates                              
----------------------------------------------------------------------
0    C               -0.7438              -1.2432               0.3560
1    C                1.3101               0.0623              -0.0163
2    C               -1.2321               1.9803               0.8946
3    C                2.0040              -0.4543               1.2302
4    C                2.2779               0.3842              -1.1414
5    N                0.3214              -0.9203              -0.4806
6    N               -1.9998              -1.3641              -0.2903
7    O               -1.7081               1.6704              -0.3391
8    H               -2.1033               0.7812              -0.3119
9    H                0.0006              -0.6792              -1.4092
10   H               -0.5611              -1.8339               1.2467
11   H                0.7861               0.9862               0.2526
12   H               -2.6174              -2.0179               0.1714
13   H               -1.9149              -1.6530              -1.2621
14   H               -0.6816               2.9079               0.9609
15   H               -1.6139               1.4560               1.7582
16   H                2.7800               0.2420               1.5493
17   H                1.7393               0.6797              -2.0456
18   H                2.4578              -1.4287               1.0402
19   H                1.2903              -0.5552               2.0491
20   H                2.9075               1.2263              -0.8513
21   H                2.9211              -0.4632              -1.3829


Energy:                 -383.529110 Convergence criteria  Is converged 
Maximum Force:             0.004879     0.002850  No
RMS Force:                 0.002266     0.001900  No
Maximum Displacement:      0.000987     0.003150  Yes
RMS Displacement:          0.000503     0.002100  Yes

----------------------------------------------------------------------
                         Iteration: 107 [CG]                          


                             Coordinates                              
----------------------------------------------------------------------
0    C               -0.7438              -1.2428               0.3559
1    C                1.3102               0.0623              -0.0162
2    C               -1.2325               1.9798               0.8945
3    C                2.0042              -0.4543               1.2303
4    C                2.2780               0.3840              -1.1414
5    N                0.3213              -0.9199              -0.4807
6    N               -1.9995              -1.3642              -0.2904
7    O               -1.7082               1.6702              -0.3390
8    H               -2.1032               0.7812              -0.3118
9    H                0.0006              -0.6786              -1.4092
10   H               -0.5609              -1.8337               1.2461
11   H                0.7861               0.9861               0.2527
12   H               -2.6174              -2.0172               0.1719
13   H               -1.9151              -1.6531              -1.2622
14   H               -0.6826               2.9074               0.9608
15   H               -1.6138               1.4564               1.7582
16   H                2.7800               0.2420               1.5493
17   H                1.7393               0.6796              -2.0455
18   H                2.4580              -1.4287               1.0402
19   H                1.2905              -0.5554               2.0492
20   H                2.9077               1.2260              -0.8513
21   H                2.9210              -0.4636              -1.3828


Energy:                 -383.529132 Convergence criteria  Is converged 
Maximum Force:             0.004631     0.002850  No
RMS Force:                 0.002137     0.001900  No
Maximum Displacement:      0.000976     0.003150  Yes
RMS Displacement:          0.000453     0.002100  Yes

----------------------------------------------------------------------
                         Iteration: 108 [CG]                          


                             Coordinates                              
----------------------------------------------------------------------
0    C               -0.7437              -1.2423               0.3557
1    C                1.3103               0.0623              -0.0162
2    C               -1.2328               1.9794               0.8944
3    C                2.0043              -0.4544               1.2303
4    C                2.2781               0.3838              -1.1413
5    N                0.3213              -0.9196              -0.4808
6    N               -1.9993              -1.3642              -0.2905
7    O               -1.7084               1.6700              -0.3389
8    H               -2.1031               0.7811              -0.3118
9    H                0.0005              -0.6779              -1.4093
10   H               -0.5607              -1.8336               1.2456
11   H                0.7861               0.9860               0.2529
12   H               -2.6174              -2.0165               0.1723
13   H               -1.9153              -1.6532              -1.2622
14   H               -0.6835               2.9070               0.9606
15   H               -1.6138               1.4568               1.7583
16   H                2.7801               0.2420               1.5493
17   H                1.7393               0.6795              -2.0454
18   H                2.4582              -1.4287               1.0402
19   H                1.2907              -0.5555               2.0493
20   H                2.9080               1.2257              -0.8513
21   H                2.9209              -0.4639              -1.3828


Energy:                 -383.529151 Convergence criteria  Is converged 
Maximum Force:             0.004371     0.002850  No
RMS Force:                 0.002053     0.001900  No
Maximum Displacement:      0.000926     0.003150  Yes
RMS Displacement:          0.000427     0.002100  Yes

----------------------------------------------------------------------
                     Iteration: 109 [CG] (GDIIS)                      


                             Coordinates                              
----------------------------------------------------------------------
0    C               -0.7457              -1.2292               0.3577
1    C                1.3114               0.0635              -0.0172
2    C               -1.2230               1.9525               0.8930
3    C                2.0044              -0.4530               1.2299
4    C                2.2791               0.3855              -1.1422
5    N                0.3207              -0.9164              -0.4807
6    N               -2.0010              -1.3592              -0.2876
7    O               -1.7098               1.6674              -0.3419
8    H               -2.1158               0.7835              -0.3233
9    H                0.0022              -0.6766              -1.4103
10   H               -0.5618              -1.8109               1.2533
11   H                0.7850               0.9854               0.2532
12   H               -2.6153              -2.0162               0.1744
13   H               -1.9149              -1.6480              -1.2593
14   H               -0.6662               2.8745               0.9640
15   H               -1.6278               1.4500               1.7581
16   H                2.7809               0.2428               1.5487
17   H                1.7406               0.6813              -2.0463
18   H                2.4568              -1.4286               1.0423
19   H                1.2895              -0.5510               2.0481
20   H                2.9081               1.2284              -0.8527
21   H                2.9226              -0.4622              -1.3827


Energy:                 -383.529162 Convergence criteria  Is converged 
Maximum Force:             0.003939     0.002850  No
RMS Force:                 0.001972     0.001900  No
Maximum Displacement:      0.032470     0.003150  No
RMS Displacement:          0.012894     0.002100  No

----------------------------------------------------------------------
                         Iteration: 110 [CG]                          


                             Coordinates                              
----------------------------------------------------------------------
0    C               -0.7456              -1.2288               0.3576
1    C                1.3115               0.0635              -0.0172
2    C               -1.2233               1.9522               0.8929
3    C                2.0045              -0.4530               1.2300
4    C                2.2792               0.3853              -1.1421
5    N                0.3207              -0.9161              -0.4808
6    N               -2.0008              -1.3592              -0.2877
7    O               -1.7101               1.6671              -0.3418
8    H               -2.1157               0.7832              -0.3232
9    H                0.0021              -0.6760              -1.4104
10   H               -0.5616              -1.8109               1.2529
11   H                0.7851               0.9854               0.2533
12   H               -2.6152              -2.0154               0.1748
13   H               -1.9151              -1.6481              -1.2593
14   H               -0.6669               2.8744               0.9639
15   H               -1.6280               1.4502               1.7581
16   H                2.7810               0.2428               1.5487
17   H                1.7406               0.6812              -2.0462
18   H                2.4570              -1.4285               1.0422
19   H                1.2897              -0.5512               2.0482
20   H                2.9083               1.2281              -0.8527
21   H                2.9225              -0.4624              -1.3827


Energy:                 -383.529179 Convergence criteria  Is converged 
Maximum Force:             0.003741     0.002850  No
RMS Force:                 0.001931     0.001900  No
Maximum Displacement:      0.000788     0.003150  Yes
RMS Displacement:          0.000394     0.002100  Yes

----------------------------------------------------------------------
                         Iteration: 111 [CG]                          


                             Coordinates                              
----------------------------------------------------------------------
0    C               -0.7456              -1.2284               0.3574
1    C                1.3117               0.0635              -0.0171
2    C               -1.2235               1.9519               0.8928
3    C                2.0046              -0.4531               1.2300
4    C                2.2793               0.3851              -1.1421
5    N                0.3207              -0.9158              -0.4810
6    N               -2.0005              -1.3592              -0.2878
7    O               -1.7103               1.6669              -0.3417
8    H               -2.1157               0.7829              -0.3232
9    H                0.0020              -0.6754              -1.4104
10   H               -0.5615              -1.8108               1.2524
11   H                0.7852               0.9855               0.2534
12   H               -2.6152              -2.0147               0.1753
13   H               -1.9152              -1.6483              -1.2593
14   H               -0.6676               2.8743               0.9638
15   H               -1.6283               1.4503               1.7581
16   H                2.7810               0.2428               1.5487
17   H                1.7406               0.6810              -2.0461
18   H                2.4572              -1.4285               1.0422
19   H                1.2900              -0.5514               2.0483
20   H                2.9086               1.2278              -0.8527
21   H                2.9224              -0.4627              -1.3828


Energy:                 -383.529195 Convergence criteria  Is converged 
Maximum Force:             0.003638     0.002850  No
RMS Force:                 0.001904     0.001900  No
Maximum Displacement:      0.000748     0.003150  Yes
RMS Displacement:          0.000386     0.002100  Yes

----------------------------------------------------------------------
                         Iteration: 112 [CG]                          


                             Coordinates                              
----------------------------------------------------------------------
0    C               -0.7455              -1.2280               0.3573
1    C                1.3118               0.0635              -0.0170
2    C               -1.2237               1.9516               0.8927
3    C                2.0047              -0.4532               1.2300
4    C                2.2794               0.3850              -1.1420
5    N                0.3207              -0.9156              -0.4811
6    N               -2.0003              -1.3592              -0.2879
7    O               -1.7106               1.6667              -0.3417
8    H               -2.1157               0.7826              -0.3232
9    H                0.0019              -0.6747              -1.4104
10   H               -0.5614              -1.8107               1.2520
11   H                0.7853               0.9855               0.2536
12   H               -2.6152              -2.0139               0.1758
13   H               -1.9154              -1.6484              -1.2594
14   H               -0.6682               2.8742               0.9637
15   H               -1.6285               1.4504               1.7582
16   H                2.7811               0.2428               1.5487
17   H                1.7406               0.6808              -2.0460
18   H                2.4574              -1.4285               1.0422
19   H                1.2902              -0.5515               2.0484
20   H                2.9088               1.2274              -0.8527
21   H                2.9223              -0.4630              -1.3828


Energy:                 -383.529211 Convergence criteria  Is converged 
Maximum Force:             0.003571     0.002850  No
RMS Force:                 0.001883     0.001900  Yes
Maximum Displacement:      0.000728     0.003150  Yes
RMS Displacement:          0.000381     0.002100  Yes

----------------------------------------------------------------------
                         Iteration: 113 [CG]                          


                             Coordinates                              
----------------------------------------------------------------------
0    C               -0.7454              -1.2276               0.3572
1    C                1.3119               0.0635              -0.0170
2    C               -1.2238               1.9513               0.8927
3    C                2.0049              -0.4532               1.2300
4    C                2.2795               0.3848              -1.1420
5    N                0.3207              -0.9153              -0.4812
6    N               -2.0001              -1.3592              -0.2881
7    O               -1.7109               1.6664              -0.3417
8    H               -2.1157               0.7823              -0.3231
9    H                0.0019              -0.6741              -1.4104
10   H               -0.5612              -1.8107               1.2516
11   H                0.7855               0.9855               0.2537
12   H               -2.6152              -2.0132               0.1762
13   H               -1.9156              -1.6486              -1.2594
14   H               -0.6689               2.8741               0.9637
15   H               -1.6288               1.4505               1.7582
16   H                2.7812               0.2428               1.5486
17   H                1.7407               0.6807              -2.0459
18   H                2.4576              -1.4285               1.0422
19   H                1.2905              -0.5517               2.0485
20   H                2.9091               1.2271              -0.8526
21   H                2.9223              -0.4633              -1.3828


Energy:                 -383.529226 Convergence criteria  Is converged 
Maximum Force:             0.003521     0.002850  No
RMS Force:                 0.001865     0.001900  Yes
Maximum Displacement:      0.000714     0.003150  Yes
RMS Displacement:          0.000377     0.002100  Yes

----------------------------------------------------------------------
                     Iteration: 114 [CG] (GDIIS)                      


                             Coordinates                              
----------------------------------------------------------------------
0    C               -0.7356              -1.2267               0.3507
1    C                1.3183               0.0687              -0.0113
2    C               -1.2512               1.9633               0.8941
3    C                2.0138              -0.4576               1.2303
4    C                2.2855               0.3727              -1.1397
5    N                0.3248              -0.9010              -0.4859
6    N               -1.9879              -1.3473              -0.2982
7    O               -1.7287               1.6541              -0.3357
8    H               -2.1141               0.7615              -0.3084
9    H                0.0014              -0.6387              -1.4084
10   H               -0.5448              -1.8370               1.2252
11   H                0.7941               0.9923               0.2609
12   H               -2.6227              -1.9646               0.1880
13   H               -1.9071              -1.6695              -1.2598
14   H               -0.7297               2.9056               0.9572
15   H               -1.6444               1.4677               1.7665
16   H                2.7896               0.2376               1.5523
17   H                1.7435               0.6667              -2.0422
18   H                2.4707              -1.4282               1.0291
19   H                1.3050              -0.5685               2.0519
20   H                2.9323               1.2051              -0.8629
21   H                2.9070              -0.4927              -1.3753


Energy:                 -383.530032 Convergence criteria  Is converged 
Maximum Force:             0.002891     0.002850  No
RMS Force:                 0.001848     0.001900  Yes
Maximum Displacement:      0.060793     0.003150  No
RMS Displacement:          0.028730     0.002100  No

----------------------------------------------------------------------
                         Iteration: 115 [CG]                          


                             Coordinates                              
----------------------------------------------------------------------
0    C               -0.7357              -1.2265               0.3507
1    C                1.3184               0.0687              -0.0113
2    C               -1.2509               1.9635               0.8942
3    C                2.0139              -0.4576               1.2303
4    C                2.2856               0.3726              -1.1398
5    N                0.3249              -0.9008              -0.4862
6    N               -1.9882              -1.3471              -0.2982
7    O               -1.7291               1.6540              -0.3359
8    H               -2.1142               0.7609              -0.3086
9    H                0.0013              -0.6382              -1.4083
10   H               -0.5446              -1.8369               1.2251
11   H                0.7945               0.9923               0.2610
12   H               -2.6228              -1.9641               0.1883
13   H               -1.9074              -1.6698              -1.2599
14   H               -0.7301               2.9056               0.9571
15   H               -1.6449               1.4674               1.7668
16   H                2.7897               0.2376               1.5522
17   H                1.7436               0.6667              -2.0421
18   H                2.4709              -1.4283               1.0292
19   H                1.3052              -0.5687               2.0519
20   H                2.9327               1.2049              -0.8628
21   H                2.9070              -0.4928              -1.3754


Energy:                 -383.530046 Convergence criteria  Is converged 
Maximum Force:             0.002889     0.002850  No
RMS Force:                 0.001651     0.001900  Yes
Maximum Displacement:      0.000578     0.003150  Yes
RMS Displacement:          0.000370     0.002100  Yes

----------------------------------------------------------------------
                         Iteration: 116 [CG]                          


                             Coordinates                              
----------------------------------------------------------------------
0    C               -0.7357              -1.2264               0.3507
1    C                1.3186               0.0687              -0.0113
2    C               -1.2508               1.9634               0.8942
3    C                2.0140              -0.4577               1.2303
4    C                2.2858               0.3725              -1.1398
5    N                0.3249              -0.9006              -0.4864
6    N               -1.9883              -1.3469              -0.2982
7    O               -1.7295               1.6538              -0.3360
8    H               -2.1142               0.7604              -0.3088
9    H                0.0011              -0.6376              -1.4082
10   H               -0.5444              -1.8368               1.2251
11   H                0.7948               0.9924               0.2612
12   H               -2.6229              -1.9636               0.1886
13   H               -1.9076              -1.6700              -1.2599
14   H               -0.7305               2.9058               0.9570
15   H               -1.6453               1.4672               1.7669
16   H                2.7897               0.2377               1.5522
17   H                1.7438               0.6667              -2.0421
18   H                2.4711              -1.4284               1.0292
19   H                1.3053              -0.5688               2.0520
20   H                2.9330               1.2047              -0.8628
21   H                2.9071              -0.4929              -1.3755


Energy:                 -383.530058 Convergence criteria  Is converged 
Maximum Force:             0.002914     0.002850  No
RMS Force:                 0.001602     0.001900  Yes
Maximum Displacement:      0.000578     0.003150  Yes
RMS Displacement:          0.000330     0.002100  Yes

----------------------------------------------------------------------
                         Iteration: 117 [CG]                          


                             Coordinates                              
----------------------------------------------------------------------
0    C               -0.7357              -1.2262               0.3506
1    C                1.3188               0.0687              -0.0113
2    C               -1.2508               1.9633               0.8942
3    C                2.0141              -0.4578               1.2303
4    C                2.2860               0.3725              -1.1398
5    N                0.3249              -0.9004              -0.4865
6    N               -1.9884              -1.3468              -0.2983
7    O               -1.7299               1.6536              -0.3360
8    H               -2.1142               0.7599              -0.3090
9    H                0.0010              -0.6370              -1.4081
10   H               -0.5443              -1.8368               1.2250
11   H                0.7952               0.9925               0.2613
12   H               -2.6230              -1.9632               0.1889
13   H               -1.9079              -1.6702              -1.2599
14   H               -0.7309               2.9059               0.9569
15   H               -1.6457               1.4671               1.7670
16   H                2.7898               0.2377               1.5522
17   H                1.7439               0.6667              -2.0421
18   H                2.4713              -1.4284               1.0292
19   H                1.3055              -0.5689               2.0520
20   H                2.9333               1.2045              -0.8627
21   H                2.9071              -0.4930              -1.3756


Energy:                 -383.530069 Convergence criteria  Is converged 
Maximum Force:             0.002915     0.002850  No
RMS Force:                 0.001578     0.001900  Yes
Maximum Displacement:      0.000583     0.003150  Yes
RMS Displacement:          0.000320     0.002100  Yes

----------------------------------------------------------------------
                         Iteration: 118 [CG]                          


                             Coordinates                              
----------------------------------------------------------------------
0    C               -0.7357              -1.2261               0.3505
1    C                1.3189               0.0687              -0.0113
2    C               -1.2509               1.9631               0.8943
3    C                2.0142              -0.4579               1.2303
4    C                2.2861               0.3724              -1.1398
5    N                0.3249              -0.9002              -0.4866
6    N               -1.9885              -1.3466              -0.2983
7    O               -1.7302               1.6534              -0.3360
8    H               -2.1142               0.7595              -0.3092
9    H                0.0008              -0.6364              -1.4081
10   H               -0.5442              -1.8367               1.2249
11   H                0.7955               0.9925               0.2614
12   H               -2.6231              -1.9627               0.1892
13   H               -1.9081              -1.6704              -1.2598
14   H               -0.7313               2.9060               0.9568
15   H               -1.6461               1.4670               1.7671
16   H                2.7898               0.2377               1.5521
17   H                1.7441               0.6667              -2.0421
18   H                2.4715              -1.4285               1.0293
19   H                1.3056              -0.5690               2.0521
20   H                2.9336               1.2043              -0.8627
21   H                2.9072              -0.4932              -1.3757


Energy:                 -383.530080 Convergence criteria  Is converged 
Maximum Force:             0.002910     0.002850  No
RMS Force:                 0.001562     0.001900  Yes
Maximum Displacement:      0.000583     0.003150  Yes
RMS Displacement:          0.000316     0.002100  Yes

----------------------------------------------------------------------
                     Iteration: 119 [CG] (GDIIS)                      


                             Coordinates                              
----------------------------------------------------------------------
0    C               -0.7302              -1.2383               0.3461
1    C                1.3206               0.0697              -0.0082
2    C               -1.2689               1.9910               0.8963
3    C                2.0176              -0.4609               1.2308
4    C                2.2877               0.3669              -1.1384
5    N                0.3275              -0.8983              -0.4888
6    N               -1.9834              -1.3459              -0.3045
7    O               -1.7358               1.6508              -0.3315
8    H               -2.1030               0.7490              -0.2941
9    H               -0.0009              -0.6233              -1.4059
10   H               -0.5360              -1.8658               1.2090
11   H                0.8005               0.9957               0.2645
12   H               -2.6291              -1.9445               0.1914
13   H               -1.9058              -1.6834              -1.2624
14   H               -0.7698               2.9469               0.9512
15   H               -1.6405               1.4788               1.7709
16   H                2.7924               0.2350               1.5541
17   H                1.7446               0.6601              -2.0404
18   H                2.4777              -1.4286               1.0223
19   H                1.3121              -0.5792               2.0544
20   H                2.9434               1.1939              -0.8657
21   H                2.8994              -0.5060              -1.3724


Energy:                 -383.530291 Convergence criteria  Is converged 
Maximum Force:             0.003198     0.002850  No
RMS Force:                 0.001638     0.001900  Yes
Maximum Displacement:      0.040822     0.003150  No
RMS Displacement:          0.019125     0.002100  No

----------------------------------------------------------------------
                         Iteration: 120 [CG]                          


                             Coordinates                              
----------------------------------------------------------------------
0    C               -0.7302              -1.2382               0.3461
1    C                1.3208               0.0697              -0.0083
2    C               -1.2691               1.9907               0.8961
3    C                2.0177              -0.4610               1.2308
4    C                2.2880               0.3668              -1.1384
5    N                0.3274              -0.8980              -0.4889
6    N               -1.9836              -1.3459              -0.3045
7    O               -1.7361               1.6506              -0.3313
8    H               -2.1028               0.7489              -0.2943
9    H               -0.0011              -0.6228              -1.4057
10   H               -0.5359              -1.8656               1.2088
11   H                0.8007               0.9956               0.2646
12   H               -2.6290              -1.9440               0.1915
13   H               -1.9062              -1.6836              -1.2622
14   H               -0.7705               2.9466               0.9510
15   H               -1.6406               1.4789               1.7709
16   H                2.7924               0.2350               1.5540
17   H                1.7448               0.6602              -2.0403
18   H                2.4779              -1.4287               1.0224
19   H                1.3122              -0.5793               2.0543
20   H                2.9436               1.1937              -0.8656
21   H                2.8995              -0.5061              -1.3726


Energy:                 -383.530302 Convergence criteria  Is converged 
Maximum Force:             0.003062     0.002850  No
RMS Force:                 0.001553     0.001900  Yes
Maximum Displacement:      0.000640     0.003150  Yes
RMS Displacement:          0.000328     0.002100  Yes

----------------------------------------------------------------------
                         Iteration: 121 [CG]                          


                             Coordinates                              
----------------------------------------------------------------------
0    C               -0.7302              -1.2381               0.3461
1    C                1.3209               0.0696              -0.0083
2    C               -1.2692               1.9904               0.8960
3    C                2.0178              -0.4611               1.2307
4    C                2.2882               0.3667              -1.1384
5    N                0.3273              -0.8978              -0.4889
6    N               -1.9837              -1.3458              -0.3044
7    O               -1.7363               1.6504              -0.3311
8    H               -2.1027               0.7487              -0.2945
9    H               -0.0012              -0.6223              -1.4056
10   H               -0.5358              -1.8654               1.2087
11   H                0.8010               0.9956               0.2647
12   H               -2.6291              -1.9436               0.1917
13   H               -1.9065              -1.6838              -1.2620
14   H               -0.7711               2.9464               0.9508
15   H               -1.6408               1.4789               1.7709
16   H                2.7924               0.2350               1.5540
17   H                1.7450               0.6602              -2.0403
18   H                2.4781              -1.4287               1.0224
19   H                1.3123              -0.5794               2.0543
20   H                2.9439               1.1936              -0.8656
21   H                2.8996              -0.5061              -1.3727


Energy:                 -383.530313 Convergence criteria  Is converged 
Maximum Force:             0.002955     0.002850  No
RMS Force:                 0.001522     0.001900  Yes
Maximum Displacement:      0.000612     0.003150  Yes
RMS Displacement:          0.000311     0.002100  Yes

----------------------------------------------------------------------
                         Iteration: 122 [CG]                          


                             Coordinates                              
----------------------------------------------------------------------
0    C               -0.7303              -1.2380               0.3460
1    C                1.3211               0.0695              -0.0083
2    C               -1.2693               1.9901               0.8960
3    C                2.0179              -0.4612               1.2307
4    C                2.2884               0.3667              -1.1384
5    N                0.3272              -0.8975              -0.4890
6    N               -1.9838              -1.3456              -0.3044
7    O               -1.7365               1.6503              -0.3311
8    H               -2.1026               0.7485              -0.2947
9    H               -0.0014              -0.6217              -1.4055
10   H               -0.5356              -1.8652               1.2085
11   H                0.8013               0.9956               0.2648
12   H               -2.6292              -1.9432               0.1918
13   H               -1.9068              -1.6839              -1.2619
14   H               -0.7717               2.9462               0.9507
15   H               -1.6410               1.4790               1.7709
16   H                2.7924               0.2350               1.5540
17   H                1.7452               0.6603              -2.0403
18   H                2.4783              -1.4288               1.0225
19   H                1.3124              -0.5795               2.0542
20   H                2.9442               1.1934              -0.8656
21   H                2.8997              -0.5062              -1.3728


Energy:                 -383.530323 Convergence criteria  Is converged 
Maximum Force:             0.002867     0.002850  No
RMS Force:                 0.001503     0.001900  Yes
Maximum Displacement:      0.000591     0.003150  Yes
RMS Displacement:          0.000304     0.002100  Yes

----------------------------------------------------------------------
                         Iteration: 123 [CG]                          


                             Coordinates                              
----------------------------------------------------------------------
0    C               -0.7303              -1.2378               0.3460
1    C                1.3212               0.0695              -0.0083
2    C               -1.2694               1.9898               0.8959
3    C                2.0180              -0.4613               1.2307
4    C                2.2886               0.3666              -1.1385
5    N                0.3271              -0.8973              -0.4890
6    N               -1.9839              -1.3455              -0.3044
7    O               -1.7368               1.6502              -0.3310
8    H               -2.1025               0.7482              -0.2948
9    H               -0.0016              -0.6212              -1.4054
10   H               -0.5355              -1.8650               1.2084
11   H                0.8016               0.9956               0.2649
12   H               -2.6293              -1.9428               0.1920
13   H               -1.9072              -1.6841              -1.2617
14   H               -0.7722               2.9461               0.9505
15   H               -1.6412               1.4790               1.7710
16   H                2.7925               0.2350               1.5540
17   H                1.7455               0.6604              -2.0402
18   H                2.4784              -1.4289               1.0226
19   H                1.3125              -0.5796               2.0542
20   H                2.9445               1.1932              -0.8656
21   H                2.8998              -0.5063              -1.3729


Energy:                 -383.530333 Convergence criteria  Is converged 
Maximum Force:             0.002794     0.002850  Yes
RMS Force:                 0.001490     0.001900  Yes
Maximum Displacement:      0.000573     0.003150  Yes
RMS Displacement:          0.000301     0.002100  Yes

----------------------------------------------------------------------
                         Iteration: 123 [CG]                          


                             Coordinates                              
----------------------------------------------------------------------
0    C               -0.7303              -1.2378               0.3460
1    C                1.3212               0.0695              -0.0083
2    C               -1.2694               1.9898               0.8959
3    C                2.0180              -0.4613               1.2307
4    C                2.2886               0.3666              -1.1385
5    N                0.3271              -0.8973              -0.4890
6    N               -1.9839              -1.3455              -0.3044
7    O               -1.7368               1.6502              -0.3310
8    H               -2.1025               0.7482              -0.2948
9    H               -0.0016              -0.6212              -1.4054
10   H               -0.5355              -1.8650               1.2084
11   H                0.8016               0.9956               0.2649
12   H               -2.6293              -1.9428               0.1920
13   H               -1.9072              -1.6841              -1.2617
14   H               -0.7722               2.9461               0.9505
15   H               -1.6412               1.4790               1.7710
16   H                2.7925               0.2350               1.5540
17   H                1.7455               0.6604              -2.0402
18   H                2.4784              -1.4289               1.0226
19   H                1.3125              -0.5796               2.0542
20   H                2.9445               1.1932              -0.8656
21   H                2.8998              -0.5063              -1.3729


Energy:                 -383.530333 Convergence criteria  Is converged 
Maximum Force:             0.002794     0.002850  Yes
RMS Force:                 0.001490     0.001900  Yes
Maximum Displacement:      0.000573     0.003150  Yes
RMS Displacement:          0.000301     0.002100  Yes

SDCG converged at iteration 123 (phase: CG). Final frame written to /home/user/software/MAPLE/examples/opt/sdcg/inp1_opt.xyz
Complete trajectory written to /home/user/software/MAPLE/examples/opt/sdcg/inp1_traj.xyz



Program started: 2026-02-03 13:16:55

======================================================================
                      TIMING SUMMARY
======================================================================
Input Reading (×20).................................   0.225 s  (   2.9 %)
  Settings Parsing (×20)..............................   0.191 s  (  84.8 %)
  Coordinate Section Parsing (×20)....................   0.004 s  (   1.9 %)
  Post-Processing Expansion (×20).....................   0.000 s  (   0.0 %)
MLP Initialization (×20)............................  14.770 s  ( 188.9 %)
Job Dispatching (×20)............................... 436.659 s  (5585.2 %)
  Frequency Calculation (×6)..........................   1.983 s  (   0.5 %)
  IRC Calculation (×4)................................  18.715 s  (   4.3 %)
  Single Point Energy Calculation.....................   1.246 s  (   0.3 %)
  Optimization (×9)................................... 414.705 s  (  95.0 %)
======================================================================
Total wall time: 7.818 s
Total CPU time: 150.413 s
======================================================================

Program ended: 2026-02-03 13:17:03
TOTAL RUN TIME: 0 days 0 hours 0 minutes 7 seconds 818 msec
