
**********************************************************************
*                                                                    *
*                        M   A   P   L   E                           *
*                                                                    *
*      MAchine-learning Potential for Landscape Exploration          *
*                                                                    *
*                                                                    *
*      © 2025 University of Pittsburgh. All rights reserved.         *
*      Licensed under CC BY 4.0 for academic use.                    *
*                                                                    *
*      Principal Developer:  Xujian Wang                             *
*                                                                    *
**********************************************************************


Parsing # commands...
Global parameter: model = uma
Task set to 'opt'
Global parameter: device = gpu0
Parsed configuration:
----------------------------------------
Task: opt
model          : uma
device         : gpu0

                             Coordinates                              
**********************************************************************

Group 1 (inline)
--------------------
1    C             -0.778126            -1.067561             0.321059
2    C              1.302553             0.052120            -0.028299
3    C             -0.971993             1.456249             0.823657
4    C              1.981229            -0.418433             1.250175
5    C              2.264033             0.435168            -1.133107
6    N              0.291164            -0.876821            -0.500399
7    N             -2.019163            -1.372006            -0.233112
8    O             -1.664734             1.630223            -0.401837
9    H             -2.258632             0.870139            -0.475899
10   H              0.027849            -0.678312            -1.458495
11   H             -0.609759            -1.367856             1.341178
12   H              0.681264             0.918300             0.286941
13   H             -2.573263            -2.057361             0.257412
14   H             -2.052428            -1.504542            -1.233823
15   H             -0.368993             2.351392             0.991747
16   H             -1.639609             1.294215             1.674653
17   H              2.764449             0.291462             1.522846
18   H              1.725114             0.730695            -2.037794
19   H              2.435593            -1.406098             1.134215
20   H              1.273005            -0.447224             2.080579
21   H              2.850345             1.298697            -0.814322
22   H              2.960009            -0.368806            -1.388910

======================================================================
LBFGS Parameters
======================================================================
memory:     5
curvature:  70.0
max_step:   0.2
max_iter:   256
write_traj: False
traj_every: 1
verbose:    1
======================================================================


----------------------------------------------------------------------
                             Iteration: 1                             


                             Coordinates                              
----------------------------------------------------------------------
0    C               -0.7781              -1.0683               0.3210
1    C                1.3024               0.0522              -0.0283
2    C               -0.9715               1.4567               0.8236
3    C                1.9812              -0.4184               1.2503
4    C                2.2640               0.4352              -1.1331
5    N                0.2911              -0.8767              -0.5004
6    N               -2.0193              -1.3721              -0.2332
7    O               -1.6647               1.6302              -0.4019
8    H               -2.2587               0.8701              -0.4759
9    H                0.0279              -0.6783              -1.4585
10   H               -0.6098              -1.3678               1.3412
11   H                0.6812               0.9183               0.2870
12   H               -2.5733              -2.0574               0.2574
13   H               -2.0525              -1.5045              -1.2338
14   H               -0.3690               2.3515               0.9918
15   H               -1.6396               1.2941               1.6747
16   H                2.7645               0.2915               1.5229
17   H                1.7251               0.7307              -2.0378
18   H                2.4356              -1.4061               1.1342
19   H                1.2730              -0.4472               2.0806
20   H                2.8503               1.2987              -0.8143
21   H                2.9600              -0.3688              -1.3889


Energy:                 -383.528090 Convergence criteria  Is converged 
Maximum Force:             0.048670     0.002850  No
RMS Force:                 0.016464     0.001900  No
Maximum Displacement:      0.000694     0.003150  Yes
RMS Displacement:          0.000232     0.002100  Yes

----------------------------------------------------------------------
                             Iteration: 2                             


                             Coordinates                              
----------------------------------------------------------------------
0    C               -0.7865              -0.9512               0.3412
1    C                1.3211               0.0462              -0.0327
2    C               -1.0343               1.3901               0.8305
3    C                1.9862              -0.4237               1.2402
4    C                2.2740               0.4266              -1.1379
5    N                0.3055              -0.8952              -0.5044
6    N               -1.9985              -1.3616              -0.2255
7    O               -1.6696               1.6275              -0.3974
8    H               -2.2590               0.8755              -0.4828
9    H                0.0245              -0.6735              -1.4539
10   H               -0.6090              -1.3710               1.3350
11   H                0.6996               0.9165               0.2734
12   H               -2.5654              -2.0467               0.2594
13   H               -2.0431              -1.5023              -1.2268
14   H               -0.3732               2.3150               0.9883
15   H               -1.6610               1.3082               1.6811
16   H                2.7631               0.2882               1.5217
17   H                1.7264               0.7286              -2.0344
18   H                2.4354              -1.4067               1.1337
19   H                1.2734              -0.4495               2.0750
20   H                2.8508               1.2940              -0.8151
21   H                2.9597              -0.3713              -1.3899


Energy:                 -383.536355 Convergence criteria  Is converged 
Maximum Force:             0.058820     0.002850  No
RMS Force:                 0.024090     0.001900  No
Maximum Displacement:      0.117085     0.003150  No
RMS Displacement:          0.035548     0.002100  No

----------------------------------------------------------------------
                             Iteration: 3                             


                             Coordinates                              
----------------------------------------------------------------------
0    C               -0.7964              -0.8324               0.3692
1    C                1.3334               0.0428              -0.0397
2    C               -1.0830               1.3253               0.8263
3    C                1.9912              -0.4277               1.2342
4    C                2.2831               0.4218              -1.1417
5    N                0.3198              -0.9094              -0.5042
6    N               -1.9825              -1.3455              -0.2174
7    O               -1.6771               1.6269              -0.3900
8    H               -2.2666               0.8763              -0.4957
9    H                0.0222              -0.6678              -1.4485
10   H               -0.6088              -1.3683               1.3249
11   H                0.7264               0.9130               0.2562
12   H               -2.5528              -2.0321               0.2628
13   H               -2.0301              -1.4986              -1.2186
14   H               -0.3815               2.2592               0.9848
15   H               -1.6955               1.3202               1.6963
16   H                2.7630               0.2847               1.5206
17   H                1.7280               0.7259              -2.0313
18   H                2.4366              -1.4101               1.1325
19   H                1.2749              -0.4524               2.0670
20   H                2.8532               1.2893              -0.8163
21   H                2.9627              -0.3775              -1.3928


Energy:                 -383.542630 Convergence criteria  Is converged 
Maximum Force:             0.083576     0.002850  No
RMS Force:                 0.032698     0.001900  No
Maximum Displacement:      0.118807     0.003150  No
RMS Displacement:          0.037003     0.002100  No

----------------------------------------------------------------------
                             Iteration: 4                             


                             Coordinates                              
----------------------------------------------------------------------
0    C               -0.8131              -0.6324               0.4259
1    C                1.3575               0.0342              -0.0546
2    C               -1.1631               1.1908               0.8265
3    C                2.0012              -0.4339               1.2248
4    C                2.3004               0.4138              -1.1494
5    N                0.3279              -0.9174              -0.4894
6    N               -1.9620              -1.2936              -0.2013
7    O               -1.7103               1.6184              -0.3805
8    H               -2.2891               0.8806              -0.5332
9    H                0.0220              -0.6566              -1.4327
10   H               -0.6120              -1.3375               1.2997
11   H                0.7883               0.9144               0.2194
12   H               -2.5217              -1.9982               0.2748
13   H               -1.9967              -1.4870              -1.1981
14   H               -0.3981               2.1199               0.9801
15   H               -1.7635               1.3366               1.7151
16   H                2.7667               0.2793               1.5197
17   H                1.7318               0.7202              -2.0282
18   H                2.4407              -1.4194               1.1290
19   H                1.2783              -0.4593               2.0505
20   H                2.8634               1.2827              -0.8192
21   H                2.9713              -0.3919              -1.4004


Energy:                 -383.553021 Convergence criteria  Is converged 
Maximum Force:             0.106998     0.002850  No
RMS Force:                 0.049174     0.001900  No
Maximum Displacement:      0.200000     0.003150  No
RMS Displacement:          0.071835     0.002100  No

----------------------------------------------------------------------
                             Iteration: 5                             


                             Coordinates                              
----------------------------------------------------------------------
0    C               -0.8404              -0.5009               0.4712
1    C                1.3847               0.0254              -0.0644
2    C               -1.2235               1.0614               0.8153
3    C                2.0162              -0.4413               1.2169
4    C                2.3221               0.4039              -1.1611
5    N                0.3198              -0.8886              -0.4608
6    N               -1.9636              -1.2224              -0.1758
7    O               -1.7331               1.6149              -0.3562
8    H               -2.3394               0.8672              -0.5897
9    H                0.0233              -0.6459              -1.4107
10   H               -0.6197              -1.2655               1.2788
11   H                0.8525               0.9310               0.1842
12   H               -2.4812              -1.9531               0.2899
13   H               -1.9533              -1.4679              -1.1745
14   H               -0.4169               1.9507               0.9802
15   H               -1.8274               1.3337               1.7189
16   H                2.7738               0.2738               1.5198
17   H                1.7374               0.7139              -2.0278
18   H                2.4460              -1.4288               1.1251
19   H                1.2817              -0.4668               2.0339
20   H                2.8779               1.2754              -0.8236
21   H                2.9830              -0.4065              -1.4113


Energy:                 -383.567437 Convergence criteria  Is converged 
Maximum Force:             0.142360     0.002850  No
RMS Force:                 0.063619     0.001900  No
Maximum Displacement:      0.169136     0.003150  No
RMS Displacement:          0.070735     0.002100  No

----------------------------------------------------------------------
                             Iteration: 6                             


                             Coordinates                              
----------------------------------------------------------------------
0    C               -0.8737              -0.4949               0.4901
1    C                1.4025               0.0301              -0.0665
2    C               -1.2394               0.9954               0.8157
3    C                2.0323              -0.4463               1.2179
4    C                2.3423               0.3953              -1.1741
5    N                0.2899              -0.8175              -0.4174
6    N               -2.0012              -1.1314              -0.1655
7    O               -1.7835               1.5746              -0.3450
8    H               -2.3892               0.8735              -0.6551
9    H                0.0258              -0.6345              -1.3846
10   H               -0.6328              -1.1477               1.2749
11   H                0.9192               0.9645               0.1556
12   H               -2.4364              -1.9046               0.3154
13   H               -1.8994              -1.4373              -1.1367
14   H               -0.4376               1.7507               0.9895
15   H               -1.8760               1.2917               1.6970
16   H                2.7873               0.2689               1.5221
17   H                1.7459               0.7067              -2.0320
18   H                2.4554              -1.4418               1.1206
19   H                1.2869              -0.4748               2.0163
20   H                2.8985               1.2672              -0.8310
21   H                3.0031              -0.4243              -1.4289


Energy:                 -383.604621 Convergence criteria  Is converged 
Maximum Force:             0.074579     0.002850  No
RMS Force:                 0.041132     0.001900  No
Maximum Displacement:      0.200000     0.003150  No
RMS Displacement:          0.072428     0.002100  No

----------------------------------------------------------------------
                             Iteration: 7                             


                             Coordinates                              
----------------------------------------------------------------------
0    C               -0.8890              -0.5411               0.4171
1    C                1.3953               0.0620              -0.0455
2    C               -1.2277               1.0224               0.8056
3    C                2.0442              -0.4469               1.2219
4    C                2.3518               0.3805              -1.1825
5    N                0.2463              -0.7537              -0.3972
6    N               -2.0903              -1.0812              -0.1724
7    O               -1.8179               1.5509              -0.3492
8    H               -2.4423               0.8655              -0.7035
9    H                0.0245              -0.6222              -1.3615
10   H               -0.6372              -1.0862               1.3622
11   H                0.9701               1.0197               0.1537
12   H               -2.4016              -1.8659               0.3383
13   H               -1.8508              -1.4054              -1.1003
14   H               -0.4265               1.6009               1.0062
15   H               -1.8995               1.2057               1.6659
16   H                2.8088               0.2663               1.5299
17   H                1.7578               0.7008              -2.0440
18   H                2.4666              -1.4512               1.1161
19   H                1.2912              -0.4810               2.0090
20   H                2.9228               1.2582              -0.8426
21   H                3.0233              -0.4346              -1.4486


Energy:                 -383.617219 Convergence criteria  Is converged 
Maximum Force:             0.123595     0.002850  No
RMS Force:                 0.057132     0.001900  No
Maximum Displacement:      0.149885     0.003150  No
RMS Displacement:          0.065697     0.002100  No

----------------------------------------------------------------------
                             Iteration: 8                             


                             Coordinates                              
----------------------------------------------------------------------
0    C               -0.9054              -0.4767               0.4591
1    C                1.4047               0.0679              -0.0463
2    C               -1.2861               0.9467               0.7959
3    C                2.0518              -0.4483               1.2204
4    C                2.3597               0.3732              -1.1861
5    N                0.2450              -0.7397              -0.3949
6    N               -2.1029              -1.0355              -0.1810
7    O               -1.8571               1.5327              -0.3634
8    H               -2.4549               0.8802              -0.7246
9    H                0.0222              -0.6112              -1.3565
10   H               -0.6485              -1.0423               1.3698
11   H                1.0102               1.0482               0.1444
12   H               -2.3853              -1.8519               0.3571
13   H               -1.8257              -1.3927              -1.0805
14   H               -0.3986               1.5182               1.0168
15   H               -1.9286               1.1742               1.6576
16   H                2.8184               0.2616               1.5329
17   H                1.7655               0.6956              -2.0474
18   H                2.4718              -1.4556               1.1121
19   H                1.2953              -0.4861               2.0021
20   H                2.9353               1.2484              -0.8504
21   H                3.0328              -0.4434              -1.4585


Energy:                 -383.626983 Convergence criteria  Is converged 
Maximum Force:             0.049906     0.002850  No
RMS Force:                 0.027022     0.001900  No
Maximum Displacement:      0.082684     0.003150  No
RMS Displacement:          0.041829     0.002100  No

----------------------------------------------------------------------
                             Iteration: 9                             


                             Coordinates                              
----------------------------------------------------------------------
0    C               -0.8989              -0.5419               0.4733
1    C                1.3926               0.0689              -0.0463
2    C               -1.2671               0.9985               0.7820
3    C                2.0449              -0.4435               1.2242
4    C                2.3478               0.3796              -1.1781
5    N                0.2613              -0.7585              -0.4116
6    N               -2.0918              -1.0791              -0.1866
7    O               -1.8331               1.5552              -0.3728
8    H               -2.4362               0.8765              -0.6941
9    H                0.0182              -0.6124              -1.3803
10   H               -0.6537              -1.0732               1.3677
11   H                0.9777               1.0479               0.1681
12   H               -2.4104              -1.8769               0.3466
13   H               -1.8521              -1.4085              -1.1009
14   H               -0.3744               1.6203               1.0186
15   H               -1.9007               1.1689               1.6606
16   H                2.8152               0.2618               1.5338
17   H                1.7653               0.6975              -2.0479
18   H                2.4680              -1.4465               1.1124
19   H                1.2948              -0.4828               2.0138
20   H                2.9284               1.2470              -0.8519
21   H                3.0241              -0.4350              -1.4519


Energy:                 -383.629986 Convergence criteria  Is converged 
Maximum Force:             0.056638     0.002850  No
RMS Force:                 0.024168     0.001900  No
Maximum Displacement:      0.102079     0.003150  No
RMS Displacement:          0.038071     0.002100  No

----------------------------------------------------------------------
                            Iteration: 10                             


                             Coordinates                              
----------------------------------------------------------------------
0    C               -0.9126              -0.5145               0.4716
1    C                1.3951               0.0802              -0.0459
2    C               -1.2591               0.9854               0.7762
3    C                2.0481              -0.4424               1.2233
4    C                2.3517               0.3745              -1.1805
5    N                0.2562              -0.7508              -0.4035
6    N               -2.1000              -1.0709              -0.1706
7    O               -1.8402               1.5581              -0.3772
8    H               -2.4524               0.8747              -0.7062
9    H                0.0130              -0.6014              -1.3836
10   H               -0.6651              -1.0548               1.3874
11   H                0.9980               1.0689               0.1721
12   H               -2.4083              -1.8688               0.3484
13   H               -1.8401              -1.4093              -1.1014
14   H               -0.3750               1.5773               1.0203
15   H               -1.9159               1.1359               1.6543
16   H                2.8222               0.2574               1.5375
17   H                1.7725               0.6936              -2.0512
18   H                2.4701              -1.4444               1.1084
19   H                1.2985              -0.4855               2.0150
20   H                2.9375               1.2384              -0.8599
21   H                3.0257              -0.4377              -1.4561


Energy:                 -383.634290 Convergence criteria  Is converged 
Maximum Force:             0.024265     0.002850  No
RMS Force:                 0.013426     0.001900  No
Maximum Displacement:      0.042994     0.003150  No
RMS Displacement:          0.019314     0.002100  No

----------------------------------------------------------------------
                            Iteration: 11                             


                             Coordinates                              
----------------------------------------------------------------------
0    C               -0.9203              -0.4940               0.4727
1    C                1.3949               0.0961              -0.0418
2    C               -1.2578               0.9766               0.7676
3    C                2.0508              -0.4385               1.2230
4    C                2.3545               0.3691              -1.1839
5    N                0.2458              -0.7385              -0.4034
6    N               -2.1066              -1.0650              -0.1728
7    O               -1.8489               1.5582              -0.3850
8    H               -2.4670               0.8778              -0.7148
9    H                0.0073              -0.5869              -1.3802
10   H               -0.6835              -1.0302               1.4115
11   H                1.0229               1.0961               0.1804
12   H               -2.4113              -1.8685               0.3550
13   H               -1.8321              -1.4069              -1.0891
14   H               -0.3697               1.5350               1.0236
15   H               -1.9288               1.0878               1.6412
16   H                2.8321               0.2514               1.5430
17   H                1.7824               0.6883              -2.0567
18   H                2.4727              -1.4407               1.1020
19   H                1.3045              -0.4888               2.0181
20   H                2.9510               1.2274              -0.8712
21   H                3.0267              -0.4422              -1.4607


Energy:                 -383.636786 Convergence criteria  Is converged 
Maximum Force:             0.020197     0.002850  No
RMS Force:                 0.011599     0.001900  No
Maximum Displacement:      0.048155     0.003150  No
RMS Displacement:          0.021986     0.002100  No

----------------------------------------------------------------------
                            Iteration: 12                             


                             Coordinates                              
----------------------------------------------------------------------
0    C               -0.9205              -0.4872               0.4671
1    C                1.3911               0.1122              -0.0392
2    C               -1.2644               0.9714               0.7568
3    C                2.0508              -0.4312               1.2234
4    C                2.3547               0.3662              -1.1856
5    N                0.2410              -0.7213              -0.3984
6    N               -2.1073              -1.0752              -0.1618
7    O               -1.8487               1.5601              -0.3937
8    H               -2.4735               0.8875              -0.7109
9    H               -0.0026              -0.5649              -1.3771
10   H               -0.7115              -1.0055               1.4314
11   H                1.0464               1.1237               0.1965
12   H               -2.4246              -1.8735               0.3544
13   H               -1.8314              -1.4144              -1.0851
14   H               -0.3615               1.5195               1.0266
15   H               -1.9347               1.0286               1.6210
16   H                2.8436               0.2438               1.5508
17   H                1.7941               0.6823              -2.0662
18   H                2.4730              -1.4313               1.0908
19   H                1.3143              -0.4915               2.0264
20   H                2.9695               1.2147              -0.8870
21   H                3.0223              -0.4503              -1.4618


Energy:                 -383.638972 Convergence criteria  Is converged 
Maximum Force:             0.023429     0.002850  No
RMS Force:                 0.013012     0.001900  No
Maximum Displacement:      0.059133     0.003150  No
RMS Displacement:          0.023003     0.002100  No

----------------------------------------------------------------------
                            Iteration: 13                             


                             Coordinates                              
----------------------------------------------------------------------
0    C               -0.9229              -0.4932               0.4707
1    C                1.3925               0.1336              -0.0327
2    C               -1.2547               0.9669               0.7411
3    C                2.0519              -0.4213               1.2239
4    C                2.3546               0.3636              -1.1882
5    N                0.2440              -0.6983              -0.4000
6    N               -2.0912              -1.0927              -0.1628
7    O               -1.8338               1.5701              -0.3977
8    H               -2.4802               0.8997              -0.6998
9    H               -0.0156              -0.5327              -1.3645
10   H               -0.7469              -0.9765               1.4386
11   H                1.0701               1.1476               0.2171
12   H               -2.4510              -1.8956               0.3563
13   H               -1.8441              -1.4312              -1.0791
14   H               -0.3715               1.5239               1.0268
15   H               -1.9452               0.9631               1.6012
16   H                2.8556               0.2348               1.5598
17   H                1.8071               0.6753              -2.0805
18   H                2.4698              -1.4158               1.0719
19   H                1.3280              -0.4933               2.0405
20   H                2.9956               1.2011              -0.9079
21   H                3.0080              -0.4655              -1.4563


Energy:                 -383.640782 Convergence criteria  Is converged 
Maximum Force:             0.024352     0.002850  No
RMS Force:                 0.012493     0.001900  No
Maximum Displacement:      0.065525     0.003150  No
RMS Displacement:          0.028553     0.002100  No

----------------------------------------------------------------------
                            Iteration: 14                             


                             Coordinates                              
----------------------------------------------------------------------
0    C               -0.9162              -0.4988               0.4672
1    C                1.3976               0.1356              -0.0314
2    C               -1.2621               0.9655               0.7469
3    C                2.0532              -0.4195               1.2254
4    C                2.3568               0.3660              -1.1897
5    N                0.2486              -0.6951              -0.3959
6    N               -2.0920              -1.1071              -0.1632
7    O               -1.8300               1.5664              -0.3963
8    H               -2.4756               0.9092              -0.6946
9    H               -0.0177              -0.5229              -1.3595
10   H               -0.7485              -0.9746               1.4328
11   H                1.0713               1.1465               0.2182
12   H               -2.4530              -1.8946               0.3529
13   H               -1.8498              -1.4379              -1.0800
14   H               -0.3821               1.5347               1.0272
15   H               -1.9466               0.9623               1.5966
16   H                2.8567               0.2348               1.5604
17   H                1.8080               0.6740              -2.0828
18   H                2.4678              -1.4143               1.0654
19   H                1.3315              -0.4924               2.0422
20   H                3.0014               1.1996              -0.9121
21   H                3.0008              -0.4737              -1.4513


Energy:                 -383.641821 Convergence criteria  Is converged 
Maximum Force:             0.010679     0.002850  No
RMS Force:                 0.007059     0.001900  No
Maximum Displacement:      0.014416     0.003150  No
RMS Displacement:          0.008113     0.002100  No

----------------------------------------------------------------------
                            Iteration: 15                             


                             Coordinates                              
----------------------------------------------------------------------
0    C               -0.9146              -0.5027               0.4636
1    C                1.4030               0.1380              -0.0301
2    C               -1.2695               0.9606               0.7492
3    C                2.0562              -0.4186               1.2265
4    C                2.3597               0.3668              -1.1911
5    N                0.2545              -0.6926              -0.3930
6    N               -2.0904              -1.1132              -0.1630
7    O               -1.8242               1.5656              -0.3933
8    H               -2.4754               0.9166              -0.6924
9    H               -0.0191              -0.5109              -1.3536
10   H               -0.7472              -0.9744               1.4289
11   H                1.0726               1.1470               0.2186
12   H               -2.4551              -1.8968               0.3528
13   H               -1.8542              -1.4472              -1.0849
14   H               -0.3938               1.5447               1.0297
15   H               -1.9528               0.9631               1.5952
16   H                2.8590               0.2356               1.5612
17   H                1.8089               0.6726              -2.0847
18   H                2.4660              -1.4137               1.0579
19   H                1.3351              -0.4914               2.0435
20   H                3.0087               1.1982              -0.9171
21   H                2.9924              -0.4836              -1.4456


Energy:                 -383.642455 Convergence criteria  Is converged 
Maximum Force:             0.011799     0.002850  No
RMS Force:                 0.006747     0.001900  No
Maximum Displacement:      0.011924     0.003150  No
RMS Displacement:          0.007847     0.002100  No

----------------------------------------------------------------------
                            Iteration: 16                             


                             Coordinates                              
----------------------------------------------------------------------
0    C               -0.9137              -0.5076               0.4601
1    C                1.4124               0.1482              -0.0263
2    C               -1.2796               0.9518               0.7523
3    C                2.0652              -0.4161               1.2275
4    C                2.3664               0.3651              -1.1932
5    N                0.2641              -0.6852              -0.3880
6    N               -2.0895              -1.1261              -0.1674
7    O               -1.8173               1.5648              -0.3920
8    H               -2.4811               0.9347              -0.6929
9    H               -0.0212              -0.4783              -1.3416
10   H               -0.7439              -0.9722               1.4277
11   H                1.0803               1.1567               0.2211
12   H               -2.4572              -1.8992               0.3551
13   H               -1.8615              -1.4683              -1.0924
14   H               -0.4211               1.5540               1.0394
15   H               -1.9759               0.9561               1.5933
16   H                2.8686               0.2370               1.5647
17   H                1.8135               0.6675              -2.0887
18   H                2.4632              -1.4130               1.0397
19   H                1.3446              -0.4895               2.0459
20   H                3.0299               1.1918              -0.9319
21   H                2.9736              -0.5086              -1.4338


Energy:                 -383.643518 Convergence criteria  Is converged 
Maximum Force:             0.011619     0.002850  No
RMS Force:                 0.008280     0.001900  No
Maximum Displacement:      0.032620     0.003150  No
RMS Displacement:          0.018150     0.002100  No

----------------------------------------------------------------------
                            Iteration: 17                             


                             Coordinates                              
----------------------------------------------------------------------
0    C               -0.9115              -0.5145               0.4596
1    C                1.4259               0.1727              -0.0147
2    C               -1.3238               0.9381               0.7679
3    C                2.0853              -0.4088               1.2264
4    C                2.3797               0.3573              -1.1948
5    N                0.2717              -0.6709              -0.3896
6    N               -2.0808              -1.1391              -0.1866
7    O               -1.8078               1.5676              -0.3938
8    H               -2.5036               0.9683              -0.7048
9    H               -0.0179              -0.4079              -1.3182
10   H               -0.7281              -0.9786               1.4300
11   H                1.0949               1.1824               0.2250
12   H               -2.4571              -1.9066               0.3670
13   H               -1.8705              -1.5106              -1.1019
14   H               -0.4671               1.5657               1.0716
15   H               -2.0237               0.9455               1.5812
16   H                2.8925               0.2378               1.5705
17   H                1.8253               0.6545              -2.0905
18   H                2.4608              -1.4135               1.0046
19   H                1.3662              -0.4861               2.0452
20   H                3.0742               1.1703              -0.9650
21   H                2.9353              -0.5601              -1.4105


Energy:                 -383.644324 Convergence criteria  Is converged 
Maximum Force:             0.050894     0.002850  No
RMS Force:                 0.017565     0.001900  No
Maximum Displacement:      0.070385     0.003150  No
RMS Displacement:          0.038323     0.002100  No

----------------------------------------------------------------------
                            Iteration: 18                             


                             Coordinates                              
----------------------------------------------------------------------
0    C               -0.9156              -0.5142               0.4621
1    C                1.4268               0.1820              -0.0128
2    C               -1.3214               0.9385               0.7625
3    C                2.0918              -0.4065               1.2242
4    C                2.3824               0.3507              -1.1930
5    N                0.2744              -0.6596              -0.3859
6    N               -2.0797              -1.1457              -0.1838
7    O               -1.8109               1.5680              -0.3970
8    H               -2.5131               0.9808              -0.7110
9    H               -0.0182              -0.3800              -1.3164
10   H               -0.7255              -0.9797               1.4335
11   H                1.1023               1.1974               0.2292
12   H               -2.4557              -1.9050               0.3683
13   H               -1.8689              -1.5259              -1.1053
14   H               -0.4842               1.5593               1.0852
15   H               -2.0496               0.9325               1.5805
16   H                2.9036               0.2357               1.5729
17   H                1.8313               0.6487              -2.0915
18   H                2.4610              -1.4102               0.9935
19   H                1.3750              -0.4858               2.0455
20   H                3.0917               1.1585              -0.9783
21   H                2.9227              -0.5761              -1.4039


Energy:                 -383.645774 Convergence criteria  Is converged 
Maximum Force:             0.013030     0.002850  No
RMS Force:                 0.007818     0.001900  No
Maximum Displacement:      0.027924     0.003150  No
RMS Displacement:          0.015041     0.002100  No

----------------------------------------------------------------------
                            Iteration: 19                             


                             Coordinates                              
----------------------------------------------------------------------
0    C               -0.9183              -0.5103               0.4666
1    C                1.4246               0.1902              -0.0108
2    C               -1.3243               0.9406               0.7610
3    C                2.0961              -0.4038               1.2208
4    C                2.3827               0.3434              -1.1898
5    N                0.2709              -0.6478              -0.3876
6    N               -2.0770              -1.1486              -0.1849
7    O               -1.8181               1.5693              -0.4019
8    H               -2.5227               0.9889              -0.7195
9    H               -0.0160              -0.3590              -1.3172
10   H               -0.7210              -0.9851               1.4364
11   H                1.1070               1.2105               0.2324
12   H               -2.4522              -1.9028               0.3706
13   H               -1.8629              -1.5343              -1.1012
14   H               -0.4931               1.5490               1.1005
15   H               -2.0694               0.9235               1.5760
16   H                2.9132               0.2318               1.5730
17   H                1.8367               0.6430              -2.0896
18   H                2.4630              -1.4066               0.9879
19   H                1.3824              -0.4863               2.0439
20   H                3.1038               1.1439              -0.9882
21   H                2.9144              -0.5858              -1.4001


Energy:                 -383.646599 Convergence criteria  Is converged 
Maximum Force:             0.011363     0.002850  No
RMS Force:                 0.006423     0.001900  No
Maximum Displacement:      0.021021     0.003150  No
RMS Displacement:          0.012429     0.002100  No

----------------------------------------------------------------------
                            Iteration: 20                             


                             Coordinates                              
----------------------------------------------------------------------
0    C               -0.9197              -0.5059               0.4707
1    C                1.4242               0.2058              -0.0065
2    C               -1.3416               0.9396               0.7626
3    C                2.1036              -0.3977               1.2161
4    C                2.3829               0.3328              -1.1855
5    N                0.2665              -0.6239              -0.3880
6    N               -2.0711              -1.1544              -0.1860
7    O               -1.8265               1.5723              -0.4069
8    H               -2.5400               1.0043              -0.7342
9    H               -0.0134              -0.3169              -1.3182
10   H               -0.7110              -0.9947               1.4358
11   H                1.1152               1.2314               0.2373
12   H               -2.4463              -1.9002               0.3757
13   H               -1.8503              -1.5517              -1.0936
14   H               -0.5124               1.5362               1.1300
15   H               -2.1046               0.9113               1.5639
16   H                2.9305               0.2243               1.5711
17   H                1.8457               0.6319              -2.0867
18   H                2.4670              -1.4004               0.9757
19   H                1.3969              -0.4871               2.0417
20   H                3.1272               1.1153              -1.0055
21   H                2.8974              -0.6086              -1.3912


Energy:                 -383.647463 Convergence criteria  Is converged 
Maximum Force:             0.016014     0.002850  No
RMS Force:                 0.007427     0.001900  No
Maximum Displacement:      0.042040     0.003150  No
RMS Displacement:          0.023276     0.002100  No

----------------------------------------------------------------------
                            Iteration: 21                             


                             Coordinates                              
----------------------------------------------------------------------
0    C               -0.9249              -0.5004               0.4708
1    C                1.4293               0.2321               0.0028
2    C               -1.3703               0.9341               0.7682
3    C                2.1139              -0.3911               1.2096
4    C                2.3879               0.3085              -1.1832
5    N                0.2603              -0.5683              -0.4052
6    N               -2.0561              -1.1599              -0.1836
7    O               -1.8430               1.5706              -0.4077
8    H               -2.5539               1.0333              -0.7505
9    H               -0.0129              -0.2508              -1.3090
10   H               -0.6958              -1.0040               1.4177
11   H                1.1289               1.2597               0.2454
12   H               -2.4403              -1.9025               0.3891
13   H               -1.8145              -1.5784              -1.0748
14   H               -0.5566               1.5165               1.1762
15   H               -2.1636               0.8949               1.5378
16   H                2.9567               0.2099               1.5595
17   H                1.8538               0.6139              -2.0888
18   H                2.4739              -1.3835               0.9572
19   H                1.4189              -0.4891               2.0450
20   H                3.1641               1.0609              -1.0246
21   H                2.8641              -0.6428              -1.3735


Energy:                 -383.647875 Convergence criteria  Is converged 
Maximum Force:             0.036441     0.002850  No
RMS Force:                 0.017944     0.001900  No
Maximum Displacement:      0.066152     0.003150  No
RMS Displacement:          0.040079     0.002100  No

----------------------------------------------------------------------
                            Iteration: 22                             


                             Coordinates                              
----------------------------------------------------------------------
0    C               -0.9218              -0.4977               0.4683
1    C                1.4316               0.2380               0.0027
2    C               -1.3840               0.9298               0.7715
3    C                2.1156              -0.3878               1.2099
4    C                2.3874               0.3080              -1.1834
5    N                0.2608              -0.5601              -0.3977
6    N               -2.0552              -1.1669              -0.1856
7    O               -1.8387               1.5754              -0.4047
8    H               -2.5621               1.0374              -0.7558
9    H               -0.0156              -0.2284              -1.3136
10   H               -0.6904              -1.0065               1.4136
11   H                1.1332               1.2670               0.2474
12   H               -2.4380              -1.9014               0.3912
13   H               -1.8068              -1.5867              -1.0702
14   H               -0.5689               1.5163               1.1878
15   H               -2.1783               0.8917               1.5312
16   H                2.9633               0.2076               1.5567
17   H                1.8567               0.6088              -2.0885
18   H                2.4756              -1.3823               0.9502
19   H                1.4254              -0.4892               2.0458
20   H                3.1749               1.0478              -1.0299
21   H                2.8553              -0.6573              -1.3684


Energy:                 -383.648901 Convergence criteria  Is converged 
Maximum Force:             0.011082     0.002850  No
RMS Force:                 0.005746     0.001900  No
Maximum Displacement:      0.022416     0.003150  No
RMS Displacement:          0.011342     0.002100  No

----------------------------------------------------------------------
                            Iteration: 23                             


                             Coordinates                              
----------------------------------------------------------------------
0    C               -0.9200              -0.4962               0.4650
1    C                1.4339               0.2397               0.0022
2    C               -1.3911               0.9264               0.7745
3    C                2.1148              -0.3869               1.2110
4    C                2.3871               0.3081              -1.1854
5    N                0.2604              -0.5549              -0.3977
6    N               -2.0543              -1.1696              -0.1856
7    O               -1.8361               1.5771              -0.4010
8    H               -2.5602               1.0386              -0.7546
9    H               -0.0190              -0.2199              -1.3145
10   H               -0.6878              -1.0050               1.4069
11   H                1.1357               1.2675               0.2481
12   H               -2.4375              -1.9022               0.3930
13   H               -1.7979              -1.5897              -1.0668
14   H               -0.5770               1.5186               1.1911
15   H               -2.1838               0.8916               1.5270
16   H                2.9645               0.2067               1.5524
17   H                1.8558               0.6068              -2.0900
18   H                2.4764              -1.3814               0.9479
19   H                1.4270              -0.4894               2.0487
20   H                3.1782               1.0408              -1.0278
21   H                2.8507              -0.6632              -1.3659


Energy:                 -383.649217 Convergence criteria  Is converged 
Maximum Force:             0.008191     0.002850  No
RMS Force:                 0.004007     0.001900  No
Maximum Displacement:      0.008978     0.003150  No
RMS Displacement:          0.005726     0.002100  No

----------------------------------------------------------------------
                            Iteration: 24                             


                             Coordinates                              
----------------------------------------------------------------------
0    C               -0.9198              -0.4926               0.4617
1    C                1.4354               0.2447               0.0020
2    C               -1.4022               0.9229               0.7780
3    C                2.1145              -0.3858               1.2108
4    C                2.3866               0.3036              -1.1876
5    N                0.2579              -0.5422              -0.4016
6    N               -2.0511              -1.1730              -0.1859
7    O               -1.8344               1.5807              -0.3962
8    H               -2.5580               1.0428              -0.7542
9    H               -0.0249              -0.1987              -1.3159
10   H               -0.6808              -1.0034               1.3970
11   H                1.1424               1.2727               0.2504
12   H               -2.4354              -1.9034               0.3973
13   H               -1.7778              -1.5987              -1.0604
14   H               -0.5940               1.5198               1.2015
15   H               -2.2014               0.8872               1.5200
16   H                2.9693               0.2050               1.5443
17   H                1.8557               0.6021              -2.0928
18   H                2.4781              -1.3790               0.9428
19   H                1.4319              -0.4896               2.0541
20   H                3.1882               1.0245              -1.0258
21   H                2.8396              -0.6757              -1.3608


Energy:                 -383.649551 Convergence criteria  Is converged 
Maximum Force:             0.008892     0.002850  No
RMS Force:                 0.004943     0.001900  No
Maximum Displacement:      0.021176     0.003150  No
RMS Displacement:          0.012451     0.002100  No

----------------------------------------------------------------------
                            Iteration: 25                             


                             Coordinates                              
----------------------------------------------------------------------
0    C               -0.9200              -0.4857               0.4579
1    C                1.4334               0.2487              -0.0005
2    C               -1.4175               0.9226               0.7863
3    C                2.1127              -0.3856               1.2100
4    C                2.3869               0.2965              -1.1897
5    N                0.2494              -0.5253              -0.4121
6    N               -2.0462              -1.1824              -0.1934
7    O               -1.8329               1.5887              -0.3908
8    H               -2.5477               1.0480              -0.7509
9    H               -0.0381              -0.1617              -1.3194
10   H               -0.6652              -0.9980               1.3862
11   H                1.1568               1.2819               0.2540
12   H               -2.4287              -1.9021               0.4020
13   H               -1.7393              -1.6166              -1.0471
14   H               -0.6224               1.5255               1.2186
15   H               -2.2319               0.8753               1.5111
16   H                2.9739               0.2051               1.5284
17   H                1.8564               0.5956              -2.0978
18   H                2.4788              -1.3784               0.9354
19   H                1.4404              -0.4885               2.0632
20   H                3.2023               0.9970              -1.0188
21   H                2.8188              -0.6966              -1.3543


Energy:                 -383.650071 Convergence criteria  Is converged 
Maximum Force:             0.011169     0.002850  No
RMS Force:                 0.006698     0.001900  No
Maximum Displacement:      0.038540     0.003150  No
RMS Displacement:          0.021715     0.002100  No

----------------------------------------------------------------------
                            Iteration: 26                             


                             Coordinates                              
----------------------------------------------------------------------
0    C               -0.9263              -0.4770               0.4538
1    C                1.4278               0.2569              -0.0025
2    C               -1.4445               0.9237               0.7944
3    C                2.1109              -0.3877               1.2034
4    C                2.3838               0.2769              -1.1917
5    N                0.2342              -0.4932              -0.4328
6    N               -2.0326              -1.1842              -0.1979
7    O               -1.8285               1.6055              -0.3791
8    H               -2.5373               1.0527              -0.7523
9    H               -0.0599              -0.0984              -1.3231
10   H               -0.6382              -0.9892               1.3746
11   H                1.1811               1.2969               0.2588
12   H               -2.4176              -1.9014               0.4089
13   H               -1.6719              -1.6561              -1.0323
14   H               -0.6643               1.5353               1.2534
15   H               -2.2829               0.8512               1.4967
16   H                2.9801               0.2058               1.5023
17   H                1.8629               0.5855              -2.1024
18   H                2.4773              -1.3773               0.9250
19   H                1.4562              -0.4858               2.0758
20   H                3.2270               0.9520              -1.0089
21   H                2.7827              -0.7285              -1.3455


Energy:                 -383.650382 Convergence criteria  Is converged 
Maximum Force:             0.019256     0.002850  No
RMS Force:                 0.010120     0.001900  No
Maximum Displacement:      0.067417     0.003150  No
RMS Displacement:          0.036757     0.002100  No

----------------------------------------------------------------------
                            Iteration: 27                             


                             Coordinates                              
----------------------------------------------------------------------
0    C               -0.9249              -0.4773               0.4572
1    C                1.4261               0.2535              -0.0035
2    C               -1.4374               0.9268               0.7943
3    C                2.1097              -0.3887               1.2025
4    C                2.3838               0.2785              -1.1894
5    N                0.2338              -0.4979              -0.4307
6    N               -2.0314              -1.1852              -0.2033
7    O               -1.8326               1.6031              -0.3819
8    H               -2.5343               1.0512              -0.7526
9    H               -0.0597              -0.1060              -1.3228
10   H               -0.6401              -0.9875               1.3802
11   H                1.1788               1.2931               0.2569
12   H               -2.4177              -1.8994               0.4052
13   H               -1.6788              -1.6533              -1.0303
14   H               -0.6575               1.5358               1.2503
15   H               -2.2744               0.8511               1.4999
16   H                2.9753               0.2076               1.5039
17   H                1.8649               0.5887              -2.1005
18   H                2.4749              -1.3803               0.9284
19   H                1.4546              -0.4848               2.0725
20   H                3.2204               0.9580              -1.0084
21   H                2.7864              -0.7232              -1.3494


Energy:                 -383.650860 Convergence criteria  Is converged 
Maximum Force:             0.005494     0.002850  No
RMS Force:                 0.004234     0.001900  No
Maximum Displacement:      0.008480     0.003150  No
RMS Displacement:          0.005871     0.002100  No

----------------------------------------------------------------------
                            Iteration: 28                             


                             Coordinates                              
----------------------------------------------------------------------
0    C               -0.9240              -0.4751               0.4597
1    C                1.4227               0.2506              -0.0052
2    C               -1.4349               0.9309               0.7959
3    C                2.1076              -0.3907               1.1990
4    C                2.3831               0.2757              -1.1866
5    N                0.2299              -0.4950              -0.4329
6    N               -2.0271              -1.1864              -0.2082
7    O               -1.8364               1.6048              -0.3815
8    H               -2.5293               1.0494              -0.7556
9    H               -0.0652              -0.0997              -1.3221
10   H               -0.6360              -0.9830               1.3857
11   H                1.1811               1.2918               0.2552
12   H               -2.4148              -1.8951               0.4005
13   H               -1.6700              -1.6616              -1.0251
14   H               -0.6588               1.5386               1.2562
15   H               -2.2750               0.8449               1.5005
16   H                2.9699               0.2099               1.4994
17   H                1.8699               0.5910              -2.0987
18   H                2.4706              -1.3843               0.9306
19   H                1.4566              -0.4825               2.0704
20   H                3.2175               0.9544              -1.0057
21   H                2.7823              -0.7247              -1.3529


Energy:                 -383.651149 Convergence criteria  Is converged 
Maximum Force:             0.006267     0.002850  No
RMS Force:                 0.003873     0.001900  No
Maximum Displacement:      0.008817     0.003150  No
RMS Displacement:          0.006316     0.002100  No

----------------------------------------------------------------------
                            Iteration: 29                             


                             Coordinates                              
----------------------------------------------------------------------
0    C               -0.9213              -0.4707               0.4615
1    C                1.4193               0.2491              -0.0077
2    C               -1.4387               0.9334               0.7997
3    C                2.1043              -0.3932               1.1939
4    C                2.3816               0.2697              -1.1845
5    N                0.2242              -0.4849              -0.4363
6    N               -2.0177              -1.1868              -0.2150
7    O               -1.8406               1.6097              -0.3774
8    H               -2.5230               1.0472              -0.7628
9    H               -0.0759              -0.0805              -1.3209
10   H               -0.6279              -0.9753               1.3897
11   H                1.1860               1.2920               0.2532
12   H               -2.4117              -1.8899               0.3963
13   H               -1.6479              -1.6792              -1.0148
14   H               -0.6671               1.5427               1.2705
15   H               -2.2811               0.8344               1.4979
16   H                2.9640               0.2122               1.4891
17   H                1.8781               0.5933              -2.0968
18   H                2.4643              -1.3898               0.9319
19   H                1.4607              -0.4789               2.0688
20   H                3.2180               0.9424              -1.0011
21   H                2.7721              -0.7333              -1.3567


Energy:                 -383.651432 Convergence criteria  Is converged 
Maximum Force:             0.008673     0.002850  No
RMS Force:                 0.004107     0.001900  No
Maximum Displacement:      0.022005     0.003150  No
RMS Displacement:          0.012328     0.002100  No

----------------------------------------------------------------------
                            Iteration: 30                             


                             Coordinates                              
----------------------------------------------------------------------
0    C               -0.9149              -0.4603               0.4613
1    C                1.4190               0.2523              -0.0126
2    C               -1.4449               0.9341               0.8071
3    C                2.0979              -0.3987               1.1839
4    C                2.3822               0.2526              -1.1866
5    N                0.2187              -0.4572              -0.4478
6    N               -1.9990              -1.1919              -0.2167
7    O               -1.8555               1.6148              -0.3643
8    H               -2.5043               1.0468              -0.7818
9    H               -0.0992              -0.0342              -1.3095
10   H               -0.6131              -0.9566               1.3905
11   H                1.1927               1.2935               0.2487
12   H               -2.4105              -1.8722               0.3876
13   H               -1.5903              -1.7217              -0.9910
14   H               -0.6963               1.5448               1.3020
15   H               -2.2969               0.8147               1.4946
16   H                2.9552               0.2137               1.4639
17   H                1.8932               0.6025              -2.0976
18   H                2.4489              -1.4007               0.9329
19   H                1.4624              -0.4705               2.0679
20   H                3.2261               0.9137              -0.9896
21   H                2.7485              -0.7558              -1.3647


Energy:                 -383.651486 Convergence criteria  Is converged 
Maximum Force:             0.023656     0.002850  No
RMS Force:                 0.012235     0.001900  No
Maximum Displacement:      0.057668     0.003150  No
RMS Displacement:          0.029259     0.002100  No

----------------------------------------------------------------------
                            Iteration: 31                             


                             Coordinates                              
----------------------------------------------------------------------
0    C               -0.9143              -0.4606               0.4614
1    C                1.4193               0.2517              -0.0136
2    C               -1.4489               0.9321               0.8067
3    C                2.0969              -0.3985               1.1846
4    C                2.3823               0.2544              -1.1871
5    N                0.2188              -0.4582              -0.4453
6    N               -1.9946              -1.1904              -0.2221
7    O               -1.8526               1.6176              -0.3621
8    H               -2.5066               1.0440              -0.7843
9    H               -0.0998              -0.0323              -1.3106
10   H               -0.6130              -0.9564               1.3906
11   H                1.1923               1.2941               0.2485
12   H               -2.4133              -1.8742               0.3907
13   H               -1.5907              -1.7209              -0.9877
14   H               -0.6953               1.5453               1.3028
15   H               -2.2953               0.8146               1.4945
16   H                2.9555               0.2132               1.4638
17   H                1.8938               0.6031              -2.0974
18   H                2.4483              -1.4011               0.9330
19   H                1.4620              -0.4700               2.0670
20   H                3.2264               0.9129              -0.9897
21   H                2.7487              -0.7569              -1.3654


Energy:                 -383.651923 Convergence criteria  Is converged 
Maximum Force:             0.005830     0.002850  No
RMS Force:                 0.003516     0.001900  No
Maximum Displacement:      0.005378     0.003150  No
RMS Displacement:          0.002811     0.002100  No

----------------------------------------------------------------------
                            Iteration: 32                             


                             Coordinates                              
----------------------------------------------------------------------
0    C               -0.9135              -0.4608               0.4604
1    C                1.4211               0.2528              -0.0143
2    C               -1.4517               0.9296               0.8068
3    C                2.0963              -0.3982               1.1855
4    C                2.3835               0.2550              -1.1893
5    N                0.2202              -0.4580              -0.4446
6    N               -1.9924              -1.1911              -0.2223
7    O               -1.8531               1.6180              -0.3604
8    H               -2.5057               1.0436              -0.7865
9    H               -0.1001              -0.0293              -1.3092
10   H               -0.6135              -0.9558               1.3890
11   H                1.1913               1.2950               0.2482
12   H               -2.4169              -1.8729               0.3927
13   H               -1.5876              -1.7220              -0.9847
14   H               -0.6974               1.5438               1.3034
15   H               -2.2950               0.8150               1.4955
16   H                2.9570               0.2116               1.4630
17   H                1.8938               0.6048              -2.0985
18   H                2.4469              -1.4012               0.9326
19   H                1.4594              -0.4693               2.0668
20   H                3.2289               0.9113              -0.9893
21   H                2.7485              -0.7585              -1.3662


Energy:                 -383.652040 Convergence criteria  Is converged 
Maximum Force:             0.003784     0.002850  No
RMS Force:                 0.002705     0.001900  No
Maximum Displacement:      0.003652     0.003150  No
RMS Displacement:          0.002520     0.002100  No

----------------------------------------------------------------------
                            Iteration: 33                             


                             Coordinates                              
----------------------------------------------------------------------
0    C               -0.9112              -0.4595               0.4596
1    C                1.4240               0.2554              -0.0173
2    C               -1.4587               0.9256               0.8086
3    C                2.0935              -0.3983               1.1850
4    C                2.3866               0.2532              -1.1938
5    N                0.2209              -0.4523              -0.4468
6    N               -1.9833              -1.1947              -0.2245
7    O               -1.8576               1.6208              -0.3547
8    H               -2.4987               1.0419              -0.7956
9    H               -0.1055              -0.0114              -1.3041
10   H               -0.6102              -0.9509               1.3869
11   H                1.1913               1.2977               0.2461
12   H               -2.4257              -1.8646               0.3960
13   H               -1.5669              -1.7349              -0.9721
14   H               -0.7085               1.5404               1.3111
15   H               -2.2991               0.8103               1.4986
16   H                2.9590               0.2075               1.4563
17   H                1.8975               0.6113              -2.1014
18   H                2.4395              -1.4038               0.9322
19   H                1.4534              -0.4650               2.0654
20   H                3.2373               0.9008              -0.9864
21   H                2.7423              -0.7658              -1.3706


Energy:                 -383.652241 Convergence criteria  Is converged 
Maximum Force:             0.006693     0.002850  No
RMS Force:                 0.003911     0.001900  No
Maximum Displacement:      0.020715     0.003150  No
RMS Displacement:          0.010872     0.002100  No

----------------------------------------------------------------------
                            Iteration: 34                             


                             Coordinates                              
----------------------------------------------------------------------
0    C               -0.9100              -0.4584               0.4590
1    C                1.4261               0.2586              -0.0217
2    C               -1.4699               0.9213               0.8120
3    C                2.0892              -0.3974               1.1839
4    C                2.3906               0.2524              -1.1992
5    N                0.2200              -0.4458              -0.4508
6    N               -1.9726              -1.2027              -0.2285
7    O               -1.8650               1.6242              -0.3492
8    H               -2.4865               1.0392              -0.8070
9    H               -0.1108               0.0140              -1.2982
10   H               -0.6039              -0.9473               1.3872
11   H                1.1933               1.3021               0.2423
12   H               -2.4399              -1.8484               0.4005
13   H               -1.5378              -1.7549              -0.9525
14   H               -0.7215               1.5353               1.3197
15   H               -2.3061               0.8019               1.5050
16   H                2.9637               0.1990               1.4502
17   H                1.9046               0.6209              -2.1048
18   H                2.4269              -1.4063               0.9320
19   H                1.4439              -0.4573               2.0613
20   H                3.2518               0.8852              -0.9840
21   H                2.7337              -0.7722              -1.3786


Energy:                 -383.652527 Convergence criteria  Is converged 
Maximum Force:             0.007764     0.002850  No
RMS Force:                 0.005138     0.001900  No
Maximum Displacement:      0.029085     0.003150  No
RMS Displacement:          0.015807     0.002100  No

----------------------------------------------------------------------
                            Iteration: 35                             


                             Coordinates                              
----------------------------------------------------------------------
0    C               -0.9089              -0.4573               0.4622
1    C                1.4297               0.2665              -0.0300
2    C               -1.4892               0.9150               0.8192
3    C                2.0805              -0.3955               1.1768
4    C                2.3984               0.2478              -1.2066
5    N                0.2146              -0.4238              -0.4627
6    N               -1.9486              -1.2124              -0.2352
7    O               -1.8784               1.6330              -0.3312
8    H               -2.4615               1.0293              -0.8348
9    H               -0.1240               0.0714              -1.2858
10   H               -0.5876              -0.9373               1.3866
11   H                1.2014               1.3106               0.2325
12   H               -2.4700              -1.8127               0.4076
13   H               -1.4690              -1.8108              -0.9095
14   H               -0.7514               1.5258               1.3401
15   H               -2.3268               0.7795               1.5171
16   H                2.9709               0.1798               1.4366
17   H                1.9239               0.6425              -2.1111
18   H                2.3964              -1.4129               0.9319
19   H                1.4260              -0.4383               2.0519
20   H                3.2823               0.8477              -0.9794
21   H                2.7110              -0.7843              -1.3977


Energy:                 -383.652670 Convergence criteria  Is converged 
Maximum Force:             0.017200     0.002850  No
RMS Force:                 0.009992     0.001900  No
Maximum Displacement:      0.068839     0.003150  No
RMS Displacement:          0.036672     0.002100  No

----------------------------------------------------------------------
                            Iteration: 36                             


                             Coordinates                              
----------------------------------------------------------------------
0    C               -0.9097              -0.4568               0.4623
1    C                1.4283               0.2660              -0.0296
2    C               -1.4878               0.9156               0.8210
3    C                2.0806              -0.3947               1.1768
4    C                2.3976               0.2505              -1.2045
5    N                0.2132              -0.4243              -0.4614
6    N               -1.9517              -1.2163              -0.2369
7    O               -1.8803               1.6286              -0.3359
8    H               -2.4595               1.0311              -0.8296
9    H               -0.1211               0.0665              -1.2887
10   H               -0.5871              -0.9410               1.3885
11   H                1.2036               1.3109               0.2321
12   H               -2.4691              -1.8102               0.4047
13   H               -1.4774              -1.8090              -0.9067
14   H               -0.7463               1.5265               1.3363
15   H               -2.3267               0.7793               1.5165
16   H                2.9714               0.1779               1.4417
17   H                1.9253               0.6419              -2.1093
18   H                2.3954              -1.4118               0.9320
19   H                1.4273              -0.4371               2.0501
20   H                3.2816               0.8491              -0.9822
21   H                2.7122              -0.7788              -1.3986


Energy:                 -383.653126 Convergence criteria  Is converged 
Maximum Force:             0.006910     0.002850  No
RMS Force:                 0.003975     0.001900  No
Maximum Displacement:      0.008438     0.003150  No
RMS Displacement:          0.004379     0.002100  No

----------------------------------------------------------------------
                            Iteration: 37                             


                             Coordinates                              
----------------------------------------------------------------------
0    C               -0.9102              -0.4562               0.4627
1    C                1.4281               0.2683              -0.0311
2    C               -1.4914               0.9141               0.8244
3    C                2.0785              -0.3937               1.1745
4    C                2.3984               0.2513              -1.2042
5    N                0.2108              -0.4173              -0.4634
6    N               -1.9491              -1.2205              -0.2379
7    O               -1.8843               1.6271              -0.3334
8    H               -2.4523               1.0285              -0.8329
9    H               -0.1220               0.0762              -1.2884
10   H               -0.5823              -0.9423               1.3897
11   H                1.2085               1.3136               0.2289
12   H               -2.4763              -1.7979               0.4026
13   H               -1.4675              -1.8252              -0.8928
14   H               -0.7487               1.5251               1.3379
15   H               -2.3321               0.7731               1.5179
16   H                2.9733               0.1706               1.4438
17   H                1.9325               0.6473              -2.1088
18   H                2.3857              -1.4127               0.9319
19   H                1.4243              -0.4303               2.0458
20   H                3.2890               0.8408              -0.9838
21   H                2.7070              -0.7763              -1.4049


Energy:                 -383.653344 Convergence criteria  Is converged 
Maximum Force:             0.005902     0.002850  No
RMS Force:                 0.003425     0.001900  No
Maximum Displacement:      0.016213     0.003150  No
RMS Displacement:          0.008909     0.002100  No

----------------------------------------------------------------------
                            Iteration: 38                             


                             Coordinates                              
----------------------------------------------------------------------
0    C               -0.9097              -0.4551               0.4641
1    C                1.4292               0.2742              -0.0343
2    C               -1.4986               0.9103               0.8309
3    C                2.0740              -0.3922               1.1698
4    C                2.4006               0.2525              -1.2046
5    N                0.2070              -0.4013              -0.4671
6    N               -1.9388              -1.2264              -0.2429
7    O               -1.8919               1.6252              -0.3255
8    H               -2.4384               1.0210              -0.8417
9    H               -0.1256               0.0976              -1.2878
10   H               -0.5725              -0.9435               1.3896
11   H                1.2189               1.3204               0.2228
12   H               -2.4940              -1.7742               0.4003
13   H               -1.4468              -1.8605              -0.8619
14   H               -0.7554               1.5220               1.3432
15   H               -2.3434               0.7602               1.5199
16   H                2.9763               0.1560               1.4468
17   H                1.9474               0.6600              -2.1084
18   H                2.3647              -1.4159               0.9315
19   H                1.4181              -0.4158               2.0382
20   H                3.3037               0.8232              -0.9862
21   H                2.6952              -0.7740              -1.4182


Energy:                 -383.653624 Convergence criteria  Is converged 
Maximum Force:             0.005232     0.002850  No
RMS Force:                 0.004014     0.001900  No
Maximum Displacement:      0.035289     0.003150  No
RMS Displacement:          0.019054     0.002100  No

----------------------------------------------------------------------
                            Iteration: 39                             


                             Coordinates                              
----------------------------------------------------------------------
0    C               -0.8991              -0.4548               0.4611
1    C                1.4384               0.2910              -0.0406
2    C               -1.5124               0.8966               0.8407
3    C                2.0657              -0.3908               1.1659
4    C                2.4093               0.2578              -1.2113
5    N                0.2089              -0.3713              -0.4679
6    N               -1.9249              -1.2360              -0.2405
7    O               -1.9061               1.6188              -0.3094
8    H               -2.4148               1.0011              -0.8537
9    H               -0.1342               0.1285              -1.2915
10   H               -0.5574              -0.9467               1.3791
11   H                1.2416               1.3425               0.2155
12   H               -2.5298              -1.7229               0.3878
13   H               -1.4230              -1.9332              -0.7997
14   H               -0.7650               1.5161               1.3524
15   H               -2.3583               0.7400               1.5181
16   H                2.9801               0.1277               1.4561
17   H                1.9724               0.6910              -2.1093
18   H                2.3214              -1.4263               0.9283
19   H                1.4057              -0.3866               2.0299
20   H                3.3276               0.7967              -0.9886
21   H                2.6738              -0.7756              -1.4440


Energy:                 -383.653879 Convergence criteria  Is converged 
Maximum Force:             0.026311     0.002850  No
RMS Force:                 0.011669     0.001900  No
Maximum Displacement:      0.072671     0.003150  No
RMS Displacement:          0.036341     0.002100  No

----------------------------------------------------------------------
                            Iteration: 40                             


                             Coordinates                              
----------------------------------------------------------------------
0    C               -0.8985              -0.4545               0.4615
1    C                1.4413               0.2964              -0.0412
2    C               -1.5119               0.8949               0.8425
3    C                2.0636              -0.3908               1.1646
4    C                2.4113               0.2573              -1.2136
5    N                0.2092              -0.3627              -0.4724
6    N               -1.9147              -1.2385              -0.2465
7    O               -1.9103               1.6163              -0.3061
8    H               -2.4089               0.9960              -0.8561
9    H               -0.1354               0.1341              -1.2903
10   H               -0.5530              -0.9477               1.3766
11   H                1.2480               1.3480               0.2139
12   H               -2.5423              -1.7116               0.3885
13   H               -1.4202              -1.9494              -0.7816
14   H               -0.7691               1.5132               1.3545
15   H               -2.3626               0.7345               1.5184
16   H                2.9811               0.1207               1.4583
17   H                1.9784               0.6997              -2.1098
18   H                2.3098              -1.4285               0.9276
19   H                1.4024              -0.3792               2.0286
20   H                3.3341               0.7909              -0.9887
21   H                2.6679              -0.7755              -1.4504


Energy:                 -383.654311 Convergence criteria  Is converged 
Maximum Force:             0.006602     0.002850  No
RMS Force:                 0.003966     0.001900  No
Maximum Displacement:      0.018034     0.003150  No
RMS Displacement:          0.009596     0.002100  No

----------------------------------------------------------------------
                            Iteration: 41                             


                             Coordinates                              
----------------------------------------------------------------------
0    C               -0.8963              -0.4550               0.4597
1    C                1.4445               0.2994              -0.0406
2    C               -1.5079               0.8940               0.8403
3    C                2.0635              -0.3915               1.1667
4    C                2.4130               0.2577              -1.2161
5    N                0.2136              -0.3634              -0.4726
6    N               -1.9130              -1.2385              -0.2472
7    O               -1.9103               1.6140              -0.3075
8    H               -2.4110               0.9932              -0.8524
9    H               -0.1347               0.1263              -1.2916
10   H               -0.5536              -0.9491               1.3728
11   H                1.2504               1.3518               0.2164
12   H               -2.5452              -1.7097               0.3878
13   H               -1.4322              -1.9486              -0.7787
14   H               -0.7685               1.5119               1.3535
15   H               -2.3593               0.7363               1.5168
16   H                2.9804               0.1205               1.4601
17   H                1.9762               0.7034              -2.1105
18   H                2.3077              -1.4293               0.9269
19   H                1.4023              -0.3790               2.0321
20   H                3.3321               0.7958              -0.9875
21   H                2.6683              -0.7768              -1.4501


Energy:                 -383.654468 Convergence criteria  Is converged 
Maximum Force:             0.005545     0.002850  No
RMS Force:                 0.003269     0.001900  No
Maximum Displacement:      0.012064     0.003150  No
RMS Displacement:          0.004698     0.002100  No

----------------------------------------------------------------------
                            Iteration: 42                             


                             Coordinates                              
----------------------------------------------------------------------
0    C               -0.8927              -0.4550               0.4575
1    C                1.4489               0.3066              -0.0424
2    C               -1.5091               0.8903               0.8415
3    C                2.0598              -0.3909               1.1664
4    C                2.4166               0.2596              -1.2195
5    N                0.2168              -0.3549              -0.4752
6    N               -1.9071              -1.2400              -0.2493
7    O               -1.9153               1.6108              -0.3045
8    H               -2.4047               0.9841              -0.8542
9    H               -0.1362               0.1319              -1.2930
10   H               -0.5469              -0.9515               1.3687
11   H                1.2607               1.3610               0.2157
12   H               -2.5607              -1.6897               0.3861
13   H               -1.4299              -1.9744              -0.7571
14   H               -0.7730               1.5080               1.3569
15   H               -2.3618               0.7296               1.5167
16   H                2.9822               0.1106               1.4632
17   H                1.9830               0.7168              -2.1114
18   H                2.2907              -1.4324               0.9258
19   H                1.3977              -0.3694               2.0318
20   H                3.3403               0.7901              -0.9870
21   H                2.6606              -0.7776              -1.4584


Energy:                 -383.654585 Convergence criteria  Is converged 
Maximum Force:             0.007428     0.002850  No
RMS Force:                 0.003391     0.001900  No
Maximum Displacement:      0.025832     0.003150  No
RMS Displacement:          0.012809     0.002100  No

----------------------------------------------------------------------
                            Iteration: 43                             


                             Coordinates                              
----------------------------------------------------------------------
0    C               -0.8888              -0.4559               0.4554
1    C                1.4517               0.3110              -0.0433
2    C               -1.5090               0.8883               0.8393
3    C                2.0568              -0.3892               1.1673
4    C                2.4192               0.2624              -1.2219
5    N                0.2207              -0.3534              -0.4780
6    N               -1.9072              -1.2420              -0.2523
7    O               -1.9177               1.6082              -0.3062
8    H               -2.4040               0.9753              -0.8532
9    H               -0.1347               0.1302              -1.2956
10   H               -0.5403              -0.9537               1.3658
11   H                1.2702               1.3666               0.2171
12   H               -2.5701              -1.6704               0.3860
13   H               -1.4343              -1.9904              -0.7441
14   H               -0.7762               1.5044               1.3604
15   H               -2.3584               0.7253               1.5174
16   H                2.9838               0.1039               1.4635
17   H                1.9854               0.7274              -2.1110
18   H                2.2775              -1.4324               0.9260
19   H                1.3948              -0.3646               2.0339
20   H                3.3451               0.7898              -0.9855
21   H                2.6553              -0.7771              -1.4625


Energy:                 -383.654750 Convergence criteria  Is converged 
Maximum Force:             0.005628     0.002850  No
RMS Force:                 0.002769     0.001900  No
Maximum Displacement:      0.019293     0.003150  No
RMS Displacement:          0.009124     0.002100  No

----------------------------------------------------------------------
                            Iteration: 44                             


                             Coordinates                              
----------------------------------------------------------------------
0    C               -0.8854              -0.4617               0.4463
1    C                1.4541               0.3128              -0.0450
2    C               -1.5058               0.8848               0.8340
3    C                2.0520              -0.3854               1.1706
4    C                2.4229               0.2705              -1.2213
5    N                0.2272              -0.3600              -0.4771
6    N               -1.9058              -1.2374              -0.2554
7    O               -1.9196               1.6004              -0.3152
8    H               -2.4089               0.9630              -0.8482
9    H               -0.1284               0.1209              -1.3047
10   H               -0.5303              -0.9559               1.3609
11   H                1.2823               1.3703               0.2208
12   H               -2.5812              -1.6400               0.3901
13   H               -1.4493              -2.0065              -0.7336
14   H               -0.7792               1.5004               1.3655
15   H               -2.3467               0.7197               1.5192
16   H                2.9867               0.0966               1.4596
17   H                1.9852               0.7406              -2.1073
18   H                2.2601              -1.4294               0.9281
19   H                1.3930              -0.3614               2.0385
20   H                3.3476               0.7936              -0.9830
21   H                2.6493              -0.7722              -1.4645


Energy:                 -383.654846 Convergence criteria  Is converged 
Maximum Force:             0.012224     0.002850  No
RMS Force:                 0.006038     0.001900  No
Maximum Displacement:      0.030394     0.003150  No
RMS Displacement:          0.013271     0.002100  No

----------------------------------------------------------------------
                            Iteration: 45                             


                             Coordinates                              
----------------------------------------------------------------------
0    C               -0.8843              -0.4614               0.4485
1    C                1.4526               0.3110              -0.0430
2    C               -1.5042               0.8849               0.8322
3    C                2.0528              -0.3851               1.1704
4    C                2.4210               0.2705              -1.2200
5    N                0.2267              -0.3621              -0.4807
6    N               -1.9095              -1.2374              -0.2547
7    O               -1.9170               1.6004              -0.3156
8    H               -2.4135               0.9619              -0.8483
9    H               -0.1251               0.1157              -1.3042
10   H               -0.5309              -0.9552               1.3604
11   H                1.2804               1.3670               0.2212
12   H               -2.5776              -1.6381               0.3907
13   H               -1.4526              -2.0017              -0.7386
14   H               -0.7781               1.5011               1.3646
15   H               -2.3442               0.7200               1.5197
16   H                2.9870               0.0982               1.4573
17   H                1.9834               0.7389              -2.1054
18   H                2.2618              -1.4282               0.9291
19   H                1.3939              -0.3632               2.0395
20   H                3.3465               0.7963              -0.9823
21   H                2.6507              -0.7696              -1.4623


Energy:                 -383.654989 Convergence criteria  Is converged 
Maximum Force:             0.003931     0.002850  No
RMS Force:                 0.002346     0.001900  No
Maximum Displacement:      0.005167     0.003150  No
RMS Displacement:          0.003554     0.002100  No

----------------------------------------------------------------------
                            Iteration: 46                             


                             Coordinates                              
----------------------------------------------------------------------
0    C               -0.8836              -0.4607               0.4489
1    C                1.4517               0.3103              -0.0424
2    C               -1.5036               0.8843               0.8328
3    C                2.0530              -0.3853               1.1701
4    C                2.4202               0.2708              -1.2186
5    N                0.2265              -0.3620              -0.4812
6    N               -1.9093              -1.2369              -0.2546
7    O               -1.9168               1.5990              -0.3153
8    H               -2.4143               0.9618              -0.8487
9    H               -0.1239               0.1152              -1.3050
10   H               -0.5308              -0.9549               1.3599
11   H                1.2787               1.3655               0.2206
12   H               -2.5781              -1.6359               0.3914
13   H               -1.4527              -2.0016              -0.7390
14   H               -0.7775               1.5016               1.3637
15   H               -2.3443               0.7189               1.5197
16   H                2.9875               0.0982               1.4563
17   H                1.9837               0.7387              -2.1042
18   H                2.2616              -1.4287               0.9296
19   H                1.3942              -0.3625               2.0391
20   H                3.3467               0.7960              -0.9823
21   H                2.6510              -0.7679              -1.4624


Energy:                 -383.655036 Convergence criteria  Is converged 
Maximum Force:             0.003910     0.002850  No
RMS Force:                 0.002030     0.001900  No
Maximum Displacement:      0.002204     0.003150  Yes
RMS Displacement:          0.001233     0.002100  Yes

----------------------------------------------------------------------
                            Iteration: 47                             


                             Coordinates                              
----------------------------------------------------------------------
0    C               -0.8788              -0.4599               0.4463
1    C                1.4504               0.3088              -0.0410
2    C               -1.5010               0.8805               0.8335
3    C                2.0524              -0.3862               1.1702
4    C                2.4198               0.2754              -1.2130
5    N                0.2287              -0.3621              -0.4842
6    N               -1.9069              -1.2347              -0.2548
7    O               -1.9170               1.5902              -0.3144
8    H               -2.4189               0.9549              -0.8493
9    H               -0.1165               0.1104              -1.3124
10   H               -0.5263              -0.9554               1.3560
11   H                1.2733               1.3626               0.2197
12   H               -2.5861              -1.6123               0.3952
13   H               -1.4592              -2.0083              -0.7325
14   H               -0.7754               1.5028               1.3598
15   H               -2.3418               0.7103               1.5199
16   H                2.9906               0.0941               1.4505
17   H                1.9853               0.7451              -2.0973
18   H                2.2531              -1.4320               0.9324
19   H                1.3948              -0.3558               2.0390
20   H                3.3491               0.7952              -0.9803
21   H                2.6501              -0.7600              -1.4651


Energy:                 -383.655178 Convergence criteria  Is converged 
Maximum Force:             0.003794     0.002850  No
RMS Force:                 0.002376     0.001900  No
Maximum Displacement:      0.023595     0.003150  No
RMS Displacement:          0.008853     0.002100  No

----------------------------------------------------------------------
                            Iteration: 48                             


                             Coordinates                              
----------------------------------------------------------------------
0    C               -0.8723              -0.4615               0.4432
1    C                1.4508               0.3097              -0.0390
2    C               -1.4964               0.8753               0.8343
3    C                2.0519              -0.3885               1.1700
4    C                2.4205               0.2800              -1.2101
5    N                0.2331              -0.3638              -0.4890
6    N               -1.9073              -1.2305              -0.2524
7    O               -1.9232               1.5777              -0.3194
8    H               -2.4210               0.9479              -0.8448
9    H               -0.1068               0.1028              -1.3226
10   H               -0.5191              -0.9573               1.3503
11   H                1.2645               1.3605               0.2202
12   H               -2.5965              -1.5782               0.3967
13   H               -1.4699              -2.0196              -0.7207
14   H               -0.7726               1.5036               1.3535
15   H               -2.3374               0.6981               1.5201
16   H                2.9946               0.0872               1.4430
17   H                1.9868               0.7568              -2.0882
18   H                2.2407              -1.4372               0.9367
19   H                1.3958              -0.3450               2.0409
20   H                3.3540               0.7966              -0.9749
21   H                2.6495              -0.7510              -1.4693


Energy:                 -383.655168 Convergence criteria  Is converged 
Maximum Force:             0.012239     0.002850  No
RMS Force:                 0.006802     0.001900  No
Maximum Displacement:      0.034091     0.003150  No
RMS Displacement:          0.012827     0.002100  No

----------------------------------------------------------------------
                            Iteration: 49                             


                             Coordinates                              
----------------------------------------------------------------------
0    C               -0.8725              -0.4618               0.4420
1    C                1.4513               0.3096              -0.0399
2    C               -1.4971               0.8755               0.8328
3    C                2.0512              -0.3879               1.1708
4    C                2.4218               0.2813              -1.2100
5    N                0.2338              -0.3643              -0.4883
6    N               -1.9057              -1.2307              -0.2541
7    O               -1.9213               1.5799              -0.3172
8    H               -2.4226               0.9447              -0.8461
9    H               -0.1070               0.1026              -1.3230
10   H               -0.5182              -0.9579               1.3504
11   H                1.2659               1.3617               0.2208
12   H               -2.5983              -1.5776               0.3976
13   H               -1.4714              -2.0202              -0.7191
14   H               -0.7729               1.5033               1.3541
15   H               -2.3365               0.6982               1.5201
16   H                2.9947               0.0866               1.4433
17   H                1.9866               0.7581              -2.0888
18   H                2.2395              -1.4371               0.9365
19   H                1.3958              -0.3450               2.0411
20   H                3.3536               0.7966              -0.9749
21   H                2.6491              -0.7519              -1.4697


Energy:                 -383.655301 Convergence criteria  Is converged 
Maximum Force:             0.003752     0.002850  No
RMS Force:                 0.002099     0.001900  No
Maximum Displacement:      0.003182     0.003150  No
RMS Displacement:          0.001732     0.002100  Yes

----------------------------------------------------------------------
                            Iteration: 50                             


                             Coordinates                              
----------------------------------------------------------------------
0    C               -0.8716              -0.4628               0.4406
1    C                1.4521               0.3100              -0.0404
2    C               -1.4967               0.8751               0.8315
3    C                2.0507              -0.3880               1.1712
4    C                2.4234               0.2828              -1.2103
5    N                0.2352              -0.3654              -0.4890
6    N               -1.9056              -1.2299              -0.2545
7    O               -1.9222               1.5797              -0.3173
8    H               -2.4235               0.9415              -0.8453
9    H               -0.1057               0.1006              -1.3246
10   H               -0.5161              -0.9591               1.3496
11   H                1.2648               1.3625               0.2218
12   H               -2.6011              -1.5714               0.3976
13   H               -1.4749              -2.0227              -0.7153
14   H               -0.7726               1.5031               1.3531
15   H               -2.3347               0.6963               1.5201
16   H                2.9954               0.0847               1.4423
17   H                1.9866               0.7617              -2.0881
18   H                2.2367              -1.4381               0.9373
19   H                1.3963              -0.3428               2.0421
20   H                3.3543               0.7975              -0.9732
21   H                2.6491              -0.7517              -1.4707


Energy:                 -383.655340 Convergence criteria  Is converged 
Maximum Force:             0.002233     0.002850  Yes
RMS Force:                 0.001411     0.001900  Yes
Maximum Displacement:      0.006141     0.003150  No
RMS Displacement:          0.002799     0.002100  No

----------------------------------------------------------------------
                            Iteration: 51                             


                             Coordinates                              
----------------------------------------------------------------------
0    C               -0.8684              -0.4645               0.4379
1    C                1.4533               0.3108              -0.0411
2    C               -1.4948               0.8735               0.8291
3    C                2.0498              -0.3887               1.1717
4    C                2.4264               0.2865              -1.2106
5    N                0.2388              -0.3684              -0.4918
6    N               -1.9060              -1.2271              -0.2550
7    O               -1.9257               1.5776              -0.3177
8    H               -2.4251               0.9338              -0.8430
9    H               -0.1014               0.0951              -1.3292
10   H               -0.5109              -0.9619               1.3467
11   H                1.2599               1.3630               0.2240
12   H               -2.6090              -1.5536               0.3974
13   H               -1.4841              -2.0298              -0.7053
14   H               -0.7713               1.5031               1.3489
15   H               -2.3300               0.6903               1.5200
16   H                2.9976               0.0793               1.4391
17   H                1.9871               0.7712              -2.0850
18   H                2.2293              -1.4411               0.9399
19   H                1.3983              -0.3359               2.0446
20   H                3.3567               0.8000              -0.9684
21   H                2.6496              -0.7493              -1.4737


Energy:                 -383.655396 Convergence criteria  Is converged 
Maximum Force:             0.002803     0.002850  Yes
RMS Force:                 0.001502     0.001900  Yes
Maximum Displacement:      0.017804     0.003150  No
RMS Displacement:          0.007804     0.002100  No

----------------------------------------------------------------------
                            Iteration: 52                             


                             Coordinates                              
----------------------------------------------------------------------
0    C               -0.8660              -0.4647               0.4354
1    C                1.4529               0.3098              -0.0424
2    C               -1.4924               0.8730               0.8274
3    C                2.0495              -0.3888               1.1715
4    C                2.4285               0.2904              -1.2099
5    N                0.2412              -0.3726              -0.4933
6    N               -1.9082              -1.2256              -0.2557
7    O               -1.9312               1.5758              -0.3168
8    H               -2.4248               0.9286              -0.8412
9    H               -0.0994               0.0904              -1.3322
10   H               -0.5077              -0.9645               1.3437
11   H                1.2540               1.3605               0.2258
12   H               -2.6158              -1.5411               0.3955
13   H               -1.4925              -2.0355              -0.6957
14   H               -0.7693               1.5041               1.3438
15   H               -2.3249               0.6864               1.5197
16   H                3.0004               0.0737               1.4369
17   H                1.9896               0.7794              -2.0830
18   H                2.2240              -1.4429               0.9431
19   H                1.4023              -0.3294               2.0464
20   H                3.3579               0.8025              -0.9637
21   H                2.6519              -0.7458              -1.4768


Energy:                 -383.655448 Convergence criteria  Is converged 
Maximum Force:             0.003439     0.002850  No
RMS Force:                 0.001920     0.001900  No
Maximum Displacement:      0.012550     0.003150  No
RMS Displacement:          0.006746     0.002100  No

----------------------------------------------------------------------
                            Iteration: 53                             


                             Coordinates                              
----------------------------------------------------------------------
0    C               -0.8636              -0.4669               0.4325
1    C                1.4526               0.3078              -0.0429
2    C               -1.4883               0.8718               0.8245
3    C                2.0501              -0.3894               1.1704
4    C                2.4306               0.2959              -1.2095
5    N                0.2435              -0.3795              -0.4992
6    N               -1.9111              -1.2203              -0.2566
7    O               -1.9405               1.5737              -0.3146
8    H               -2.4247               0.9191              -0.8396
9    H               -0.0955               0.0811              -1.3358
10   H               -0.5035              -0.9681               1.3377
11   H                1.2430               1.3546               0.2281
12   H               -2.6287              -1.5203               0.3929
13   H               -1.5060              -2.0470              -0.6800
14   H               -0.7645               1.5069               1.3348
15   H               -2.3160               0.6802               1.5200
16   H                3.0058               0.0640               1.4326
17   H                1.9954               0.7931              -2.0792
18   H                2.2152              -1.4458               0.9492
19   H                1.4094              -0.3177               2.0499
20   H                3.3602               0.8074              -0.9548
21   H                2.6566              -0.7372              -1.4820


Energy:                 -383.655496 Convergence criteria  Is converged 
Maximum Force:             0.003842     0.002850  No
RMS Force:                 0.001982     0.001900  No
Maximum Displacement:      0.020802     0.003150  No
RMS Displacement:          0.011827     0.002100  No

----------------------------------------------------------------------
                            Iteration: 54                             


                             Coordinates                              
----------------------------------------------------------------------
0    C               -0.8651              -0.4669               0.4322
1    C                1.4517               0.3061              -0.0433
2    C               -1.4876               0.8725               0.8252
3    C                2.0510              -0.3896               1.1705
4    C                2.4301               0.2965              -1.2089
5    N                0.2425              -0.3813              -0.4980
6    N               -1.9125              -1.2217              -0.2569
7    O               -1.9423               1.5740              -0.3143
8    H               -2.4234               0.9204              -0.8405
9    H               -0.0974               0.0815              -1.3359
10   H               -0.5056              -0.9677               1.3376
11   H                1.2415               1.3522               0.2275
12   H               -2.6290              -1.5226               0.3918
13   H               -1.5058              -2.0464              -0.6799
14   H               -0.7630               1.5082               1.3338
15   H               -2.3152               0.6818               1.5215
16   H                3.0071               0.0637               1.4322
17   H                1.9978               0.7929              -2.0798
18   H                2.2163              -1.4457               0.9500
19   H                1.4110              -0.3172               2.0499
20   H                3.3591               0.8080              -0.9539
21   H                2.6585              -0.7351              -1.4824


Energy:                 -383.655534 Convergence criteria  Is converged 
Maximum Force:             0.002089     0.002850  Yes
RMS Force:                 0.001214     0.001900  Yes
Maximum Displacement:      0.002445     0.003150  Yes
RMS Displacement:          0.001955     0.002100  Yes

----------------------------------------------------------------------
                            Iteration: 54                             


                             Coordinates                              
----------------------------------------------------------------------
0    C               -0.8651              -0.4669               0.4322
1    C                1.4517               0.3061              -0.0433
2    C               -1.4876               0.8725               0.8252
3    C                2.0510              -0.3896               1.1705
4    C                2.4301               0.2965              -1.2089
5    N                0.2425              -0.3813              -0.4980
6    N               -1.9125              -1.2217              -0.2569
7    O               -1.9423               1.5740              -0.3143
8    H               -2.4234               0.9204              -0.8405
9    H               -0.0974               0.0815              -1.3359
10   H               -0.5056              -0.9677               1.3376
11   H                1.2415               1.3522               0.2275
12   H               -2.6290              -1.5226               0.3918
13   H               -1.5058              -2.0464              -0.6799
14   H               -0.7630               1.5082               1.3338
15   H               -2.3152               0.6818               1.5215
16   H                3.0071               0.0637               1.4322
17   H                1.9978               0.7929              -2.0798
18   H                2.2163              -1.4457               0.9500
19   H                1.4110              -0.3172               2.0499
20   H                3.3591               0.8080              -0.9539
21   H                2.6585              -0.7351              -1.4824


Energy:                 -383.655534 Convergence criteria  Is converged 
Maximum Force:             0.002089     0.002850  Yes
RMS Force:                 0.001214     0.001900  Yes
Maximum Displacement:      0.002445     0.003150  Yes
RMS Displacement:          0.001955     0.002100  Yes

LBFGS converged at iteration 54. Final frame written to /home/user/software/MAPLE/examples/opt/lbfgs/inp1_opt.xyz
Complete trajectory written to /home/user/software/MAPLE/examples/opt/lbfgs/inp1_traj.xyz



Program started: 2026-02-09 21:26:42

======================================================================
                      TIMING SUMMARY
======================================================================
Input Reading.......................................   0.128 s  (   1.7 %)
  Settings Parsing....................................   0.126 s  (  98.9 %)
  Coordinate Section Parsing..........................   0.000 s  (   0.3 %)
  Post-Processing Expansion...........................   0.000 s  (   0.0 %)
MLP Initialization..................................   3.905 s  (  51.1 %)
Job Dispatching.....................................   3.609 s  (  47.2 %)
  Optimization........................................   3.608 s  ( 100.0 %)
======================================================================
Total wall time: 7.642 s
Total CPU time: 72.675 s
======================================================================

Program ended: 2026-02-09 21:26:50
TOTAL RUN TIME: 0 days 0 hours 0 minutes 7 seconds 641 msec
