
**********************************************************************
*                                                                    *
*                        M   A   P   L   E                           *
*                                                                    *
*      MAchine-learning Potential for Landscape Exploration          *
*                                                                    *
*                                                                    *
*      © 2025 University of Pittsburgh. All rights reserved.         *
*      Licensed under CC BY 4.0 for academic use.                    *
*                                                                    *
*      Principal Developer:  Xujian Wang                             *
*                                                                    *
**********************************************************************


Parsing # commands...
Global parameter: model = uma
Task set to 'opt'
Global parameter: device = gpu0
Parsed configuration:
----------------------------------------
Task: opt
model          : uma
lbfgs          : True
device         : gpu0

                             Coordinates                              
**********************************************************************

Group 1 (inline)
--------------------
1    C             -0.778126            -1.067561             0.321059
2    C              1.302553             0.052120            -0.028299
3    C             -0.971993             1.456249             0.823657
4    C              1.981229            -0.418433             1.250175
5    C              2.264033             0.435168            -1.133107
6    N              0.291164            -0.876821            -0.500399
7    N             -2.019163            -1.372006            -0.233112
8    O             -1.664734             1.630223            -0.401837
9    H             -2.258632             0.870139            -0.475899
10   H              0.027849            -0.678312            -1.458495
11   H             -0.609759            -1.367856             1.341178
12   H              0.681264             0.918300             0.286941
13   H             -2.573263            -2.057361             0.257412
14   H             -2.052428            -1.504542            -1.233823
15   H             -0.368993             2.351392             0.991747
16   H             -1.639609             1.294215             1.674653
17   H              2.764449             0.291462             1.522846
18   H              1.725114             0.730695            -2.037794
19   H              2.435593            -1.406098             1.134215
20   H              1.273005            -0.447224             2.080579
21   H              2.850345             1.298697            -0.814322
22   H              2.960009            -0.368806            -1.388910

======================================================================
LBFGS Parameters
======================================================================
memory:     5
curvature:  70.0
max_step:   0.2
max_iter:   256
write_traj: False
traj_every: 1
verbose:    1
======================================================================


----------------------------------------------------------------------
                             Iteration: 1                             


                             Coordinates                              
----------------------------------------------------------------------
0    C               -0.7781              -1.0683               0.3210
1    C                1.3024               0.0522              -0.0283
2    C               -0.9715               1.4567               0.8236
3    C                1.9812              -0.4184               1.2503
4    C                2.2640               0.4352              -1.1331
5    N                0.2911              -0.8767              -0.5004
6    N               -2.0193              -1.3721              -0.2332
7    O               -1.6647               1.6302              -0.4019
8    H               -2.2587               0.8701              -0.4759
9    H                0.0279              -0.6783              -1.4585
10   H               -0.6098              -1.3678               1.3412
11   H                0.6812               0.9183               0.2870
12   H               -2.5733              -2.0574               0.2574
13   H               -2.0525              -1.5045              -1.2338
14   H               -0.3690               2.3515               0.9918
15   H               -1.6396               1.2941               1.6747
16   H                2.7645               0.2915               1.5229
17   H                1.7251               0.7307              -2.0378
18   H                2.4356              -1.4061               1.1342
19   H                1.2730              -0.4472               2.0806
20   H                2.8503               1.2987              -0.8143
21   H                2.9600              -0.3688              -1.3889


Energy:                 -383.528090 Convergence criteria  Is converged 
Maximum Force:             0.048670     0.002850  No
RMS Force:                 0.016464     0.001900  No
Maximum Displacement:      0.000694     0.003150  Yes
RMS Displacement:          0.000232     0.002100  Yes

----------------------------------------------------------------------
                             Iteration: 2                             


                             Coordinates                              
----------------------------------------------------------------------
0    C               -0.7865              -0.9512               0.3412
1    C                1.3211               0.0462              -0.0327
2    C               -1.0343               1.3901               0.8305
3    C                1.9862              -0.4237               1.2402
4    C                2.2740               0.4266              -1.1379
5    N                0.3055              -0.8952              -0.5044
6    N               -1.9985              -1.3616              -0.2255
7    O               -1.6696               1.6275              -0.3974
8    H               -2.2590               0.8755              -0.4828
9    H                0.0245              -0.6735              -1.4539
10   H               -0.6090              -1.3710               1.3350
11   H                0.6996               0.9165               0.2734
12   H               -2.5654              -2.0467               0.2594
13   H               -2.0431              -1.5023              -1.2268
14   H               -0.3732               2.3150               0.9883
15   H               -1.6610               1.3082               1.6811
16   H                2.7631               0.2882               1.5217
17   H                1.7264               0.7286              -2.0344
18   H                2.4354              -1.4067               1.1337
19   H                1.2734              -0.4495               2.0750
20   H                2.8508               1.2940              -0.8151
21   H                2.9597              -0.3713              -1.3899


Energy:                 -383.536355 Convergence criteria  Is converged 
Maximum Force:             0.058823     0.002850  No
RMS Force:                 0.024092     0.001900  No
Maximum Displacement:      0.117089     0.003150  No
RMS Displacement:          0.035550     0.002100  No

----------------------------------------------------------------------
                             Iteration: 3                             


                             Coordinates                              
----------------------------------------------------------------------
0    C               -0.7964              -0.8324               0.3692
1    C                1.3334               0.0428              -0.0397
2    C               -1.0830               1.3253               0.8263
3    C                1.9912              -0.4277               1.2342
4    C                2.2831               0.4218              -1.1417
5    N                0.3198              -0.9094              -0.5042
6    N               -1.9825              -1.3455              -0.2174
7    O               -1.6771               1.6269              -0.3900
8    H               -2.2666               0.8763              -0.4957
9    H                0.0222              -0.6678              -1.4485
10   H               -0.6088              -1.3683               1.3249
11   H                0.7264               0.9130               0.2562
12   H               -2.5528              -2.0321               0.2628
13   H               -2.0301              -1.4986              -1.2186
14   H               -0.3815               2.2593               0.9849
15   H               -1.6955               1.3202               1.6963
16   H                2.7630               0.2847               1.5206
17   H                1.7280               0.7259              -2.0313
18   H                2.4366              -1.4101               1.1325
19   H                1.2749              -0.4524               2.0670
20   H                2.8532               1.2893              -0.8163
21   H                2.9627              -0.3775              -1.3928


Energy:                 -383.542630 Convergence criteria  Is converged 
Maximum Force:             0.083576     0.002850  No
RMS Force:                 0.032697     0.001900  No
Maximum Displacement:      0.118791     0.003150  No
RMS Displacement:          0.036999     0.002100  No

----------------------------------------------------------------------
                             Iteration: 4                             


                             Coordinates                              
----------------------------------------------------------------------
0    C               -0.8131              -0.6324               0.4259
1    C                1.3575               0.0342              -0.0546
2    C               -1.1631               1.1908               0.8265
3    C                2.0012              -0.4339               1.2248
4    C                2.3004               0.4138              -1.1494
5    N                0.3279              -0.9174              -0.4894
6    N               -1.9620              -1.2936              -0.2013
7    O               -1.7103               1.6184              -0.3805
8    H               -2.2891               0.8806              -0.5332
9    H                0.0220              -0.6566              -1.4327
10   H               -0.6120              -1.3375               1.2997
11   H                0.7883               0.9144               0.2195
12   H               -2.5217              -1.9982               0.2748
13   H               -1.9967              -1.4870              -1.1982
14   H               -0.3981               2.1199               0.9801
15   H               -1.7635               1.3366               1.7151
16   H                2.7667               0.2793               1.5197
17   H                1.7318               0.7202              -2.0282
18   H                2.4407              -1.4194               1.1290
19   H                1.2783              -0.4593               2.0505
20   H                2.8634               1.2827              -0.8192
21   H                2.9713              -0.3919              -1.4004


Energy:                 -383.553020 Convergence criteria  Is converged 
Maximum Force:             0.106996     0.002850  No
RMS Force:                 0.049173     0.001900  No
Maximum Displacement:      0.200000     0.003150  No
RMS Displacement:          0.071834     0.002100  No

----------------------------------------------------------------------
                             Iteration: 5                             


                             Coordinates                              
----------------------------------------------------------------------
0    C               -0.8404              -0.5009               0.4712
1    C                1.3847               0.0254              -0.0644
2    C               -1.2235               1.0614               0.8153
3    C                2.0162              -0.4413               1.2169
4    C                2.3221               0.4039              -1.1611
5    N                0.3198              -0.8886              -0.4608
6    N               -1.9636              -1.2224              -0.1758
7    O               -1.7331               1.6149              -0.3562
8    H               -2.3394               0.8672              -0.5897
9    H                0.0233              -0.6459              -1.4107
10   H               -0.6197              -1.2655               1.2788
11   H                0.8525               0.9310               0.1842
12   H               -2.4812              -1.9531               0.2899
13   H               -1.9533              -1.4679              -1.1745
14   H               -0.4169               1.9508               0.9802
15   H               -1.8274               1.3337               1.7189
16   H                2.7738               0.2738               1.5198
17   H                1.7374               0.7139              -2.0278
18   H                2.4460              -1.4288               1.1251
19   H                1.2817              -0.4668               2.0339
20   H                2.8779               1.2754              -0.8236
21   H                2.9830              -0.4065              -1.4113


Energy:                 -383.567433 Convergence criteria  Is converged 
Maximum Force:             0.142362     0.002850  No
RMS Force:                 0.063623     0.001900  No
Maximum Displacement:      0.169136     0.003150  No
RMS Displacement:          0.070736     0.002100  No

----------------------------------------------------------------------
                             Iteration: 6                             


                             Coordinates                              
----------------------------------------------------------------------
0    C               -0.8737              -0.4949               0.4901
1    C                1.4025               0.0301              -0.0665
2    C               -1.2393               0.9954               0.8156
3    C                2.0323              -0.4463               1.2179
4    C                2.3423               0.3953              -1.1741
5    N                0.2899              -0.8174              -0.4174
6    N               -2.0012              -1.1314              -0.1654
7    O               -1.7835               1.5746              -0.3450
8    H               -2.3892               0.8735              -0.6551
9    H                0.0258              -0.6345              -1.3846
10   H               -0.6328              -1.1477               1.2749
11   H                0.9192               0.9645               0.1556
12   H               -2.4364              -1.9046               0.3154
13   H               -1.8994              -1.4373              -1.1367
14   H               -0.4376               1.7508               0.9895
15   H               -1.8760               1.2917               1.6970
16   H                2.7873               0.2689               1.5221
17   H                1.7459               0.7067              -2.0320
18   H                2.4554              -1.4418               1.1206
19   H                1.2869              -0.4748               2.0163
20   H                2.8985               1.2672              -0.8310
21   H                3.0031              -0.4243              -1.4289


Energy:                 -383.604624 Convergence criteria  Is converged 
Maximum Force:             0.074605     0.002850  No
RMS Force:                 0.041131     0.001900  No
Maximum Displacement:      0.200000     0.003150  No
RMS Displacement:          0.072429     0.002100  No

----------------------------------------------------------------------
                             Iteration: 7                             


                             Coordinates                              
----------------------------------------------------------------------
0    C               -0.8890              -0.5410               0.4172
1    C                1.3953               0.0620              -0.0455
2    C               -1.2278               1.0223               0.8056
3    C                2.0442              -0.4469               1.2219
4    C                2.3518               0.3805              -1.1825
5    N                0.2463              -0.7537              -0.3972
6    N               -2.0903              -1.0811              -0.1725
7    O               -1.8180               1.5509              -0.3492
8    H               -2.4423               0.8656              -0.7035
9    H                0.0245              -0.6222              -1.3615
10   H               -0.6372              -1.0861               1.3622
11   H                0.9701               1.0197               0.1537
12   H               -2.4016              -1.8659               0.3383
13   H               -1.8508              -1.4054              -1.1003
14   H               -0.4265               1.6008               1.0062
15   H               -1.8995               1.2057               1.6659
16   H                2.8088               0.2663               1.5299
17   H                1.7578               0.7008              -2.0440
18   H                2.4666              -1.4512               1.1161
19   H                1.2912              -0.4810               2.0090
20   H                2.9228               1.2582              -0.8426
21   H                3.0233              -0.4346              -1.4486


Energy:                 -383.617245 Convergence criteria  Is converged 
Maximum Force:             0.123521     0.002850  No
RMS Force:                 0.057068     0.001900  No
Maximum Displacement:      0.149935     0.003150  No
RMS Displacement:          0.065685     0.002100  No

----------------------------------------------------------------------
                             Iteration: 8                             


                             Coordinates                              
----------------------------------------------------------------------
0    C               -0.9054              -0.4767               0.4592
1    C                1.4047               0.0679              -0.0463
2    C               -1.2861               0.9467               0.7959
3    C                2.0518              -0.4483               1.2204
4    C                2.3597               0.3732              -1.1861
5    N                0.2450              -0.7397              -0.3949
6    N               -2.1029              -1.0355              -0.1810
7    O               -1.8571               1.5327              -0.3634
8    H               -2.4549               0.8802              -0.7246
9    H                0.0222              -0.6112              -1.3565
10   H               -0.6485              -1.0422               1.3698
11   H                1.0103               1.0482               0.1444
12   H               -2.3853              -1.8519               0.3571
13   H               -1.8257              -1.3927              -1.0805
14   H               -0.3986               1.5181               1.0168
15   H               -1.9286               1.1742               1.6576
16   H                2.8184               0.2616               1.5329
17   H                1.7655               0.6956              -2.0474
18   H                2.4718              -1.4556               1.1121
19   H                1.2953              -0.4861               2.0021
20   H                2.9353               1.2484              -0.8504
21   H                3.0328              -0.4434              -1.4585


Energy:                 -383.626979 Convergence criteria  Is converged 
Maximum Force:             0.050021     0.002850  No
RMS Force:                 0.027038     0.001900  No
Maximum Displacement:      0.082686     0.003150  No
RMS Displacement:          0.041820     0.002100  No

----------------------------------------------------------------------
                             Iteration: 9                             


                             Coordinates                              
----------------------------------------------------------------------
0    C               -0.8990              -0.5420               0.4733
1    C                1.3926               0.0689              -0.0463
2    C               -1.2671               0.9985               0.7820
3    C                2.0449              -0.4435               1.2242
4    C                2.3478               0.3796              -1.1781
5    N                0.2613              -0.7585              -0.4117
6    N               -2.0919              -1.0791              -0.1866
7    O               -1.8331               1.5552              -0.3728
8    H               -2.4362               0.8765              -0.6941
9    H                0.0182              -0.6124              -1.3803
10   H               -0.6537              -1.0732               1.3677
11   H                0.9777               1.0479               0.1681
12   H               -2.4104              -1.8770               0.3466
13   H               -1.8521              -1.4085              -1.1009
14   H               -0.3743               1.6203               1.0186
15   H               -1.9006               1.1688               1.6605
16   H                2.8152               0.2618               1.5338
17   H                1.7654               0.6975              -2.0479
18   H                2.4680              -1.4465               1.1124
19   H                1.2948              -0.4828               2.0138
20   H                2.9284               1.2470              -0.8519
21   H                3.0241              -0.4350              -1.4519


Energy:                 -383.629981 Convergence criteria  Is converged 
Maximum Force:             0.056776     0.002850  No
RMS Force:                 0.024214     0.001900  No
Maximum Displacement:      0.102146     0.003150  No
RMS Displacement:          0.038102     0.002100  No

----------------------------------------------------------------------
                            Iteration: 10                             


                             Coordinates                              
----------------------------------------------------------------------
0    C               -0.9126              -0.5146               0.4716
1    C                1.3951               0.0802              -0.0459
2    C               -1.2591               0.9854               0.7762
3    C                2.0481              -0.4424               1.2233
4    C                2.3517               0.3745              -1.1805
5    N                0.2562              -0.7508              -0.4035
6    N               -2.1000              -1.0709              -0.1706
7    O               -1.8402               1.5581              -0.3772
8    H               -2.4524               0.8747              -0.7062
9    H                0.0130              -0.6014              -1.3836
10   H               -0.6651              -1.0548               1.3874
11   H                0.9980               1.0689               0.1721
12   H               -2.4083              -1.8688               0.3484
13   H               -1.8401              -1.4093              -1.1014
14   H               -0.3750               1.5773               1.0203
15   H               -1.9159               1.1359               1.6543
16   H                2.8222               0.2574               1.5375
17   H                1.7725               0.6936              -2.0512
18   H                2.4701              -1.4445               1.1084
19   H                1.2985              -0.4855               2.0150
20   H                2.9375               1.2384              -0.8599
21   H                3.0257              -0.4377              -1.4561


Energy:                 -383.634290 Convergence criteria  Is converged 
Maximum Force:             0.024262     0.002850  No
RMS Force:                 0.013425     0.001900  No
Maximum Displacement:      0.043006     0.003150  No
RMS Displacement:          0.019305     0.002100  No

----------------------------------------------------------------------
                            Iteration: 11                             


                             Coordinates                              
----------------------------------------------------------------------
0    C               -0.9202              -0.4940               0.4727
1    C                1.3949               0.0961              -0.0418
2    C               -1.2578               0.9766               0.7676
3    C                2.0508              -0.4385               1.2230
4    C                2.3545               0.3691              -1.1839
5    N                0.2459              -0.7386              -0.4034
6    N               -2.1066              -1.0650              -0.1728
7    O               -1.8488               1.5582              -0.3850
8    H               -2.4669               0.8778              -0.7148
9    H                0.0073              -0.5869              -1.3802
10   H               -0.6834              -1.0302               1.4115
11   H                1.0229               1.0960               0.1804
12   H               -2.4113              -1.8685               0.3549
13   H               -1.8321              -1.4069              -1.0892
14   H               -0.3697               1.5350               1.0235
15   H               -1.9288               1.0879               1.6413
16   H                2.8321               0.2515               1.5430
17   H                1.7824               0.6883              -2.0567
18   H                2.4726              -1.4408               1.1020
19   H                1.3045              -0.4887               2.0181
20   H                2.9509               1.2274              -0.8712
21   H                3.0267              -0.4422              -1.4607


Energy:                 -383.636782 Convergence criteria  Is converged 
Maximum Force:             0.020176     0.002850  No
RMS Force:                 0.011594     0.001900  No
Maximum Displacement:      0.048045     0.003150  No
RMS Displacement:          0.021947     0.002100  No

----------------------------------------------------------------------
                            Iteration: 12                             


                             Coordinates                              
----------------------------------------------------------------------
0    C               -0.9205              -0.4872               0.4671
1    C                1.3911               0.1121              -0.0392
2    C               -1.2644               0.9714               0.7568
3    C                2.0507              -0.4313               1.2234
4    C                2.3547               0.3662              -1.1856
5    N                0.2410              -0.7214              -0.3984
6    N               -2.1073              -1.0752              -0.1618
7    O               -1.8487               1.5601              -0.3937
8    H               -2.4735               0.8875              -0.7109
9    H               -0.0026              -0.5649              -1.3771
10   H               -0.7115              -1.0056               1.4314
11   H                1.0464               1.1236               0.1964
12   H               -2.4246              -1.8734               0.3544
13   H               -1.8314              -1.4144              -1.0851
14   H               -0.3615               1.5195               1.0266
15   H               -1.9347               1.0288               1.6210
16   H                2.8436               0.2439               1.5508
17   H                1.7941               0.6823              -2.0661
18   H                2.4730              -1.4313               1.0908
19   H                1.3142              -0.4915               2.0264
20   H                2.9694               1.2147              -0.8870
21   H                3.0223              -0.4503              -1.4618


Energy:                 -383.638969 Convergence criteria  Is converged 
Maximum Force:             0.023453     0.002850  No
RMS Force:                 0.013001     0.001900  No
Maximum Displacement:      0.059102     0.003150  No
RMS Displacement:          0.022990     0.002100  No

----------------------------------------------------------------------
                            Iteration: 13                             


                             Coordinates                              
----------------------------------------------------------------------
0    C               -0.9229              -0.4932               0.4708
1    C                1.3925               0.1336              -0.0327
2    C               -1.2546               0.9669               0.7411
3    C                2.0519              -0.4213               1.2239
4    C                2.3546               0.3636              -1.1882
5    N                0.2440              -0.6983              -0.4000
6    N               -2.0911              -1.0927              -0.1628
7    O               -1.8338               1.5701              -0.3977
8    H               -2.4802               0.8997              -0.6998
9    H               -0.0156              -0.5327              -1.3645
10   H               -0.7469              -0.9764               1.4387
11   H                1.0701               1.1477               0.2171
12   H               -2.4510              -1.8956               0.3563
13   H               -1.8442              -1.4312              -1.0791
14   H               -0.3716               1.5239               1.0268
15   H               -1.9453               0.9631               1.6012
16   H                2.8556               0.2348               1.5598
17   H                1.8071               0.6753              -2.0806
18   H                2.4698              -1.4158               1.0719
19   H                1.3280              -0.4933               2.0405
20   H                2.9956               1.2011              -0.9079
21   H                3.0080              -0.4655              -1.4563


Energy:                 -383.640778 Convergence criteria  Is converged 
Maximum Force:             0.024543     0.002850  No
RMS Force:                 0.012554     0.001900  No
Maximum Displacement:      0.065714     0.003150  No
RMS Displacement:          0.028628     0.002100  No

----------------------------------------------------------------------
                            Iteration: 14                             


                             Coordinates                              
----------------------------------------------------------------------
0    C               -0.9162              -0.4988               0.4672
1    C                1.3976               0.1356              -0.0314
2    C               -1.2621               0.9655               0.7469
3    C                2.0532              -0.4195               1.2254
4    C                2.3568               0.3660              -1.1897
5    N                0.2486              -0.6952              -0.3959
6    N               -2.0921              -1.1071              -0.1632
7    O               -1.8300               1.5664              -0.3963
8    H               -2.4756               0.9092              -0.6946
9    H               -0.0177              -0.5229              -1.3595
10   H               -0.7485              -0.9746               1.4328
11   H                1.0713               1.1465               0.2182
12   H               -2.4530              -1.8945               0.3529
13   H               -1.8498              -1.4379              -1.0800
14   H               -0.3821               1.5347               1.0272
15   H               -1.9466               0.9623               1.5966
16   H                2.8567               0.2348               1.5604
17   H                1.8080               0.6740              -2.0828
18   H                2.4679              -1.4143               1.0654
19   H                1.3315              -0.4924               2.0422
20   H                3.0014               1.1996              -0.9121
21   H                3.0008              -0.4737              -1.4513


Energy:                 -383.641821 Convergence criteria  Is converged 
Maximum Force:             0.010669     0.002850  No
RMS Force:                 0.007057     0.001900  No
Maximum Displacement:      0.014404     0.003150  No
RMS Displacement:          0.008101     0.002100  No

----------------------------------------------------------------------
                            Iteration: 15                             


                             Coordinates                              
----------------------------------------------------------------------
0    C               -0.9146              -0.5027               0.4636
1    C                1.4030               0.1380              -0.0301
2    C               -1.2695               0.9606               0.7492
3    C                2.0562              -0.4186               1.2265
4    C                2.3597               0.3668              -1.1911
5    N                0.2545              -0.6926              -0.3930
6    N               -2.0904              -1.1131              -0.1630
7    O               -1.8242               1.5656              -0.3933
8    H               -2.4754               0.9165              -0.6924
9    H               -0.0191              -0.5110              -1.3537
10   H               -0.7472              -0.9744               1.4290
11   H                1.0726               1.1470               0.2186
12   H               -2.4551              -1.8967               0.3528
13   H               -1.8542              -1.4472              -1.0849
14   H               -0.3937               1.5447               1.0297
15   H               -1.9527               0.9631               1.5952
16   H                2.8590               0.2356               1.5612
17   H                1.8089               0.6726              -2.0847
18   H                2.4660              -1.4137               1.0580
19   H                1.3351              -0.4914               2.0435
20   H                3.0087               1.1982              -0.9171
21   H                2.9925              -0.4835              -1.4456


Energy:                 -383.642452 Convergence criteria  Is converged 
Maximum Force:             0.011790     0.002850  No
RMS Force:                 0.006742     0.001900  No
Maximum Displacement:      0.011851     0.003150  No
RMS Displacement:          0.007806     0.002100  No

----------------------------------------------------------------------
                            Iteration: 16                             


                             Coordinates                              
----------------------------------------------------------------------
0    C               -0.9137              -0.5075               0.4601
1    C                1.4124               0.1481              -0.0263
2    C               -1.2796               0.9519               0.7523
3    C                2.0652              -0.4161               1.2275
4    C                2.3664               0.3651              -1.1932
5    N                0.2640              -0.6853              -0.3880
6    N               -2.0895              -1.1260              -0.1674
7    O               -1.8173               1.5648              -0.3920
8    H               -2.4810               0.9345              -0.6929
9    H               -0.0212              -0.4785              -1.3417
10   H               -0.7439              -0.9723               1.4277
11   H                1.0803               1.1566               0.2211
12   H               -2.4572              -1.8992               0.3551
13   H               -1.8614              -1.4681              -1.0924
14   H               -0.4209               1.5540               1.0393
15   H               -1.9757               0.9562               1.5933
16   H                2.8685               0.2370               1.5646
17   H                1.8134               0.6676              -2.0886
18   H                2.4632              -1.4130               1.0398
19   H                1.3445              -0.4895               2.0458
20   H                3.0298               1.1919              -0.9318
21   H                2.9738              -0.5085              -1.4338


Energy:                 -383.643514 Convergence criteria  Is converged 
Maximum Force:             0.011613     0.002850  No
RMS Force:                 0.008271     0.001900  No
Maximum Displacement:      0.032484     0.003150  No
RMS Displacement:          0.018081     0.002100  No

----------------------------------------------------------------------
                            Iteration: 17                             


                             Coordinates                              
----------------------------------------------------------------------
0    C               -0.9114              -0.5145               0.4597
1    C                1.4258               0.1726              -0.0147
2    C               -1.3236               0.9383               0.7679
3    C                2.0851              -0.4088               1.2264
4    C                2.3796               0.3573              -1.1948
5    N                0.2716              -0.6710              -0.3897
6    N               -2.0808              -1.1390              -0.1865
7    O               -1.8078               1.5676              -0.3937
8    H               -2.5035               0.9680              -0.7048
9    H               -0.0179              -0.4084              -1.3184
10   H               -0.7281              -0.9787               1.4300
11   H                1.0947               1.1822               0.2250
12   H               -2.4571              -1.9065               0.3669
13   H               -1.8704              -1.5104              -1.1019
14   H               -0.4668               1.5657               1.0714
15   H               -2.0233               0.9457               1.5812
16   H                2.8924               0.2378               1.5704
17   H                1.8252               0.6546              -2.0905
18   H                2.4608              -1.4135               1.0049
19   H                1.3660              -0.4861               2.0452
20   H                3.0739               1.1704              -0.9648
21   H                2.9356              -0.5598              -1.4106


Energy:                 -383.644325 Convergence criteria  Is converged 
Maximum Force:             0.050942     0.002850  No
RMS Force:                 0.017549     0.001900  No
Maximum Displacement:      0.070152     0.003150  No
RMS Displacement:          0.038193     0.002100  No

----------------------------------------------------------------------
                            Iteration: 18                             


                             Coordinates                              
----------------------------------------------------------------------
0    C               -0.9156              -0.5142               0.4621
1    C                1.4267               0.1820              -0.0128
2    C               -1.3214               0.9386               0.7626
3    C                2.0918              -0.4065               1.2242
4    C                2.3823               0.3507              -1.1929
5    N                0.2745              -0.6597              -0.3859
6    N               -2.0797              -1.1458              -0.1838
7    O               -1.8109               1.5680              -0.3970
8    H               -2.5130               0.9808              -0.7110
9    H               -0.0182              -0.3800              -1.3165
10   H               -0.7255              -0.9798               1.4334
11   H                1.1022               1.1974               0.2293
12   H               -2.4557              -1.9050               0.3683
13   H               -1.8689              -1.5260              -1.1054
14   H               -0.4843               1.5594               1.0852
15   H               -2.0495               0.9326               1.5805
16   H                2.9036               0.2357               1.5729
17   H                1.8313               0.6487              -2.0915
18   H                2.4610              -1.4102               0.9935
19   H                1.3750              -0.4858               2.0455
20   H                3.0917               1.1585              -0.9783
21   H                2.9227              -0.5760              -1.4039


Energy:                 -383.645774 Convergence criteria  Is converged 
Maximum Force:             0.013082     0.002850  No
RMS Force:                 0.007829     0.001900  No
Maximum Displacement:      0.028365     0.003150  No
RMS Displacement:          0.015244     0.002100  No

----------------------------------------------------------------------
                            Iteration: 19                             


                             Coordinates                              
----------------------------------------------------------------------
0    C               -0.9183              -0.5103               0.4666
1    C                1.4246               0.1902              -0.0108
2    C               -1.3243               0.9406               0.7610
3    C                2.0961              -0.4038               1.2208
4    C                2.3827               0.3434              -1.1898
5    N                0.2709              -0.6478              -0.3876
6    N               -2.0769              -1.1487              -0.1849
7    O               -1.8180               1.5693              -0.4019
8    H               -2.5227               0.9890              -0.7195
9    H               -0.0160              -0.3588              -1.3171
10   H               -0.7209              -0.9852               1.4364
11   H                1.1069               1.2105               0.2325
12   H               -2.4523              -1.9029               0.3706
13   H               -1.8630              -1.5345              -1.1012
14   H               -0.4932               1.5492               1.1006
15   H               -2.0695               0.9235               1.5760
16   H                2.9133               0.2318               1.5730
17   H                1.8368               0.6430              -2.0896
18   H                2.4630              -1.4066               0.9878
19   H                1.3825              -0.4863               2.0439
20   H                3.1039               1.1439              -0.9883
21   H                2.9143              -0.5859              -1.4000


Energy:                 -383.646600 Convergence criteria  Is converged 
Maximum Force:             0.011363     0.002850  No
RMS Force:                 0.006421     0.001900  No
Maximum Displacement:      0.021184     0.003150  No
RMS Displacement:          0.012499     0.002100  No

----------------------------------------------------------------------
                            Iteration: 20                             


                             Coordinates                              
----------------------------------------------------------------------
0    C               -0.9197              -0.5059               0.4707
1    C                1.4242               0.2059              -0.0064
2    C               -1.3416               0.9396               0.7627
3    C                2.1036              -0.3976               1.2161
4    C                2.3829               0.3327              -1.1854
5    N                0.2665              -0.6239              -0.3880
6    N               -2.0710              -1.1545              -0.1861
7    O               -1.8265               1.5723              -0.4069
8    H               -2.5399               1.0044              -0.7342
9    H               -0.0134              -0.3168              -1.3181
10   H               -0.7110              -0.9948               1.4358
11   H                1.1151               1.2314               0.2373
12   H               -2.4464              -1.9003               0.3757
13   H               -1.8504              -1.5519              -1.0936
14   H               -0.5126               1.5364               1.1301
15   H               -2.1047               0.9113               1.5639
16   H                2.9305               0.2243               1.5711
17   H                1.8457               0.6319              -2.0867
18   H                2.4670              -1.4004               0.9757
19   H                1.3969              -0.4870               2.0418
20   H                3.1273               1.1152              -1.0056
21   H                2.8972              -0.6087              -1.3911


Energy:                 -383.647463 Convergence criteria  Is converged 
Maximum Force:             0.016068     0.002850  No
RMS Force:                 0.007426     0.001900  No
Maximum Displacement:      0.042078     0.003150  No
RMS Displacement:          0.023293     0.002100  No

----------------------------------------------------------------------
                            Iteration: 21                             


                             Coordinates                              
----------------------------------------------------------------------
0    C               -0.9249              -0.5004               0.4708
1    C                1.4293               0.2321               0.0029
2    C               -1.3703               0.9341               0.7682
3    C                2.1139              -0.3910               1.2096
4    C                2.3879               0.3086              -1.1832
5    N                0.2604              -0.5683              -0.4053
6    N               -2.0562              -1.1600              -0.1835
7    O               -1.8430               1.5706              -0.4077
8    H               -2.5538               1.0334              -0.7505
9    H               -0.0129              -0.2507              -1.3090
10   H               -0.6959              -1.0041               1.4177
11   H                1.1288               1.2597               0.2455
12   H               -2.4403              -1.9025               0.3890
13   H               -1.8145              -1.5785              -1.0748
14   H               -0.5565               1.5167               1.1762
15   H               -2.1636               0.8949               1.5378
16   H                2.9567               0.2099               1.5595
17   H                1.8538               0.6139              -2.0888
18   H                2.4739              -1.3835               0.9572
19   H                1.4189              -0.4891               2.0450
20   H                3.1641               1.0609              -1.0247
21   H                2.8641              -0.6429              -1.3735


Energy:                 -383.647877 Convergence criteria  Is converged 
Maximum Force:             0.036636     0.002850  No
RMS Force:                 0.017927     0.001900  No
Maximum Displacement:      0.066012     0.003150  No
RMS Displacement:          0.040014     0.002100  No

----------------------------------------------------------------------
                            Iteration: 22                             


                             Coordinates                              
----------------------------------------------------------------------
0    C               -0.9218              -0.4977               0.4683
1    C                1.4316               0.2381               0.0028
2    C               -1.3840               0.9298               0.7714
3    C                2.1156              -0.3877               1.2099
4    C                2.3873               0.3081              -1.1834
5    N                0.2608              -0.5601              -0.3977
6    N               -2.0552              -1.1670              -0.1856
7    O               -1.8386               1.5754              -0.4047
8    H               -2.5621               1.0375              -0.7558
9    H               -0.0156              -0.2283              -1.3136
10   H               -0.6904              -1.0065               1.4135
11   H                1.1332               1.2670               0.2474
12   H               -2.4380              -1.9015               0.3912
13   H               -1.8069              -1.5867              -1.0702
14   H               -0.5689               1.5164               1.1879
15   H               -2.1783               0.8916               1.5311
16   H                2.9633               0.2076               1.5567
17   H                1.8567               0.6088              -2.0885
18   H                2.4755              -1.3822               0.9501
19   H                1.4254              -0.4892               2.0458
20   H                3.1749               1.0478              -1.0300
21   H                2.8552              -0.6574              -1.3683


Energy:                 -383.648902 Convergence criteria  Is converged 
Maximum Force:             0.011017     0.002850  No
RMS Force:                 0.005741     0.001900  No
Maximum Displacement:      0.022451     0.003150  No
RMS Displacement:          0.011358     0.002100  No

----------------------------------------------------------------------
                            Iteration: 23                             


                             Coordinates                              
----------------------------------------------------------------------
0    C               -0.9200              -0.4962               0.4650
1    C                1.4339               0.2398               0.0022
2    C               -1.3911               0.9264               0.7745
3    C                2.1147              -0.3869               1.2110
4    C                2.3871               0.3081              -1.1854
5    N                0.2604              -0.5548              -0.3977
6    N               -2.0543              -1.1696              -0.1856
7    O               -1.8360               1.5771              -0.4010
8    H               -2.5602               1.0387              -0.7546
9    H               -0.0190              -0.2198              -1.3146
10   H               -0.6878              -1.0051               1.4068
11   H                1.1356               1.2675               0.2481
12   H               -2.4375              -1.9022               0.3930
13   H               -1.7978              -1.5897              -1.0667
14   H               -0.5770               1.5186               1.1911
15   H               -2.1838               0.8915               1.5270
16   H                2.9645               0.2067               1.5524
17   H                1.8558               0.6068              -2.0900
18   H                2.4764              -1.3814               0.9479
19   H                1.4271              -0.4894               2.0487
20   H                3.1783               1.0407              -1.0278
21   H                2.8507              -0.6632              -1.3658


Energy:                 -383.649218 Convergence criteria  Is converged 
Maximum Force:             0.008199     0.002850  No
RMS Force:                 0.004009     0.001900  No
Maximum Displacement:      0.009018     0.003150  No
RMS Displacement:          0.005720     0.002100  No

----------------------------------------------------------------------
                            Iteration: 24                             


                             Coordinates                              
----------------------------------------------------------------------
0    C               -0.9198              -0.4926               0.4617
1    C                1.4353               0.2447               0.0020
2    C               -1.4021               0.9229               0.7780
3    C                2.1145              -0.3858               1.2108
4    C                2.3865               0.3036              -1.1876
5    N                0.2579              -0.5422              -0.4016
6    N               -2.0511              -1.1730              -0.1859
7    O               -1.8344               1.5806              -0.3962
8    H               -2.5579               1.0428              -0.7542
9    H               -0.0250              -0.1987              -1.3160
10   H               -0.6808              -1.0034               1.3970
11   H                1.1424               1.2727               0.2504
12   H               -2.4353              -1.9034               0.3973
13   H               -1.7778              -1.5987              -1.0604
14   H               -0.5940               1.5197               1.2015
15   H               -2.2013               0.8871               1.5200
16   H                2.9693               0.2050               1.5442
17   H                1.8557               0.6021              -2.0928
18   H                2.4781              -1.3790               0.9428
19   H                1.4319              -0.4896               2.0541
20   H                3.1882               1.0245              -1.0257
21   H                2.8395              -0.6757              -1.3608


Energy:                 -383.649551 Convergence criteria  Is converged 
Maximum Force:             0.008939     0.002850  No
RMS Force:                 0.004946     0.001900  No
Maximum Displacement:      0.021096     0.003150  No
RMS Displacement:          0.012418     0.002100  No

----------------------------------------------------------------------
                            Iteration: 25                             


                             Coordinates                              
----------------------------------------------------------------------
0    C               -0.9200              -0.4857               0.4578
1    C                1.4334               0.2487              -0.0005
2    C               -1.4174               0.9226               0.7863
3    C                2.1126              -0.3856               1.2101
4    C                2.3869               0.2965              -1.1897
5    N                0.2493              -0.5253              -0.4121
6    N               -2.0462              -1.1823              -0.1935
7    O               -1.8329               1.5887              -0.3908
8    H               -2.5477               1.0479              -0.7509
9    H               -0.0381              -0.1618              -1.3194
10   H               -0.6652              -0.9980               1.3862
11   H                1.1568               1.2819               0.2540
12   H               -2.4286              -1.9022               0.4020
13   H               -1.7392              -1.6165              -1.0470
14   H               -0.6223               1.5253               1.2186
15   H               -2.2318               0.8753               1.5111
16   H                2.9739               0.2051               1.5283
17   H                1.8564               0.5956              -2.0978
18   H                2.4788              -1.3784               0.9354
19   H                1.4403              -0.4885               2.0632
20   H                3.2023               0.9970              -1.0187
21   H                2.8188              -0.6965              -1.3543


Energy:                 -383.650072 Convergence criteria  Is converged 
Maximum Force:             0.011037     0.002850  No
RMS Force:                 0.006704     0.001900  No
Maximum Displacement:      0.038599     0.003150  No
RMS Displacement:          0.021701     0.002100  No

----------------------------------------------------------------------
                            Iteration: 26                             


                             Coordinates                              
----------------------------------------------------------------------
0    C               -0.9263              -0.4769               0.4537
1    C                1.4277               0.2569              -0.0026
2    C               -1.4445               0.9237               0.7944
3    C                2.1108              -0.3878               1.2034
4    C                2.3838               0.2769              -1.1917
5    N                0.2342              -0.4932              -0.4328
6    N               -2.0327              -1.1842              -0.1978
7    O               -1.8286               1.6055              -0.3792
8    H               -2.5373               1.0526              -0.7523
9    H               -0.0599              -0.0985              -1.3232
10   H               -0.6382              -0.9891               1.3745
11   H                1.1811               1.2969               0.2588
12   H               -2.4175              -1.9012               0.4088
13   H               -1.6716              -1.6560              -1.0322
14   H               -0.6642               1.5351               1.2533
15   H               -2.2829               0.8512               1.4967
16   H                2.9800               0.2058               1.5022
17   H                1.8629               0.5856              -2.1024
18   H                2.4773              -1.3773               0.9251
19   H                1.4561              -0.4858               2.0758
20   H                3.2269               0.9520              -1.0088
21   H                2.7827              -0.7285              -1.3455


Energy:                 -383.650379 Convergence criteria  Is converged 
Maximum Force:             0.019861     0.002850  No
RMS Force:                 0.010175     0.001900  No
Maximum Displacement:      0.067572     0.003150  No
RMS Displacement:          0.036768     0.002100  No

----------------------------------------------------------------------
                            Iteration: 27                             


                             Coordinates                              
----------------------------------------------------------------------
0    C               -0.9249              -0.4773               0.4572
1    C                1.4261               0.2534              -0.0035
2    C               -1.4374               0.9268               0.7942
3    C                2.1097              -0.3887               1.2025
4    C                2.3838               0.2785              -1.1894
5    N                0.2338              -0.4980              -0.4307
6    N               -2.0315              -1.1851              -0.2033
7    O               -1.8326               1.6031              -0.3819
8    H               -2.5343               1.0511              -0.7526
9    H               -0.0597              -0.1062              -1.3228
10   H               -0.6402              -0.9875               1.3802
11   H                1.1787               1.2930               0.2568
12   H               -2.4176              -1.8994               0.4053
13   H               -1.6788              -1.6531              -1.0303
14   H               -0.6573               1.5355               1.2502
15   H               -2.2743               0.8512               1.5000
16   H                2.9752               0.2076               1.5039
17   H                1.8648               0.5888              -2.1005
18   H                2.4749              -1.3803               0.9285
19   H                1.4545              -0.4848               2.0725
20   H                3.2203               0.9582              -1.0083
21   H                2.7866              -0.7231              -1.3494


Energy:                 -383.650859 Convergence criteria  Is converged 
Maximum Force:             0.005525     0.002850  No
RMS Force:                 0.004244     0.001900  No
Maximum Displacement:      0.008608     0.003150  No
RMS Displacement:          0.005937     0.002100  No

----------------------------------------------------------------------
                            Iteration: 28                             


                             Coordinates                              
----------------------------------------------------------------------
0    C               -0.9240              -0.4752               0.4596
1    C                1.4227               0.2505              -0.0052
2    C               -1.4349               0.9308               0.7959
3    C                2.1076              -0.3907               1.1991
4    C                2.3831               0.2758              -1.1867
5    N                0.2299              -0.4951              -0.4329
6    N               -2.0272              -1.1863              -0.2082
7    O               -1.8364               1.6048              -0.3815
8    H               -2.5293               1.0493              -0.7556
9    H               -0.0651              -0.1000              -1.3222
10   H               -0.6361              -0.9830               1.3856
11   H                1.1811               1.2917               0.2551
12   H               -2.4148              -1.8951               0.4006
13   H               -1.6701              -1.6613              -1.0252
14   H               -0.6586               1.5384               1.2560
15   H               -2.2749               0.8451               1.5005
16   H                2.9699               0.2100               1.4995
17   H                1.8698               0.5910              -2.0987
18   H                2.4707              -1.3843               0.9307
19   H                1.4565              -0.4825               2.0704
20   H                3.2174               0.9546              -1.0056
21   H                2.7825              -0.7246              -1.3529


Energy:                 -383.651146 Convergence criteria  Is converged 
Maximum Force:             0.006249     0.002850  No
RMS Force:                 0.003868     0.001900  No
Maximum Displacement:      0.008675     0.003150  No
RMS Displacement:          0.006258     0.002100  No

----------------------------------------------------------------------
                            Iteration: 29                             


                             Coordinates                              
----------------------------------------------------------------------
0    C               -0.9214              -0.4708               0.4615
1    C                1.4193               0.2491              -0.0077
2    C               -1.4386               0.9334               0.7996
3    C                2.1043              -0.3932               1.1939
4    C                2.3817               0.2698              -1.1845
5    N                0.2242              -0.4850              -0.4363
6    N               -2.0178              -1.1868              -0.2149
7    O               -1.8405               1.6097              -0.3774
8    H               -2.5231               1.0472              -0.7628
9    H               -0.0757              -0.0808              -1.3210
10   H               -0.6280              -0.9753               1.3897
11   H                1.1860               1.2920               0.2532
12   H               -2.4117              -1.8900               0.3964
13   H               -1.6481              -1.6790              -1.0149
14   H               -0.6669               1.5426               1.2703
15   H               -2.2810               0.8345               1.4980
16   H                2.9640               0.2123               1.4892
17   H                1.8780               0.5933              -2.0968
18   H                2.4644              -1.3898               0.9319
19   H                1.4606              -0.4789               2.0688
20   H                3.2179               0.9426              -1.0011
21   H                2.7722              -0.7332              -1.3567


Energy:                 -383.651430 Convergence criteria  Is converged 
Maximum Force:             0.008774     0.002850  No
RMS Force:                 0.004110     0.001900  No
Maximum Displacement:      0.021963     0.003150  No
RMS Displacement:          0.012330     0.002100  No

----------------------------------------------------------------------
                            Iteration: 30                             


                             Coordinates                              
----------------------------------------------------------------------
0    C               -0.9149              -0.4604               0.4613
1    C                1.4190               0.2523              -0.0126
2    C               -1.4448               0.9340               0.8072
3    C                2.0979              -0.3987               1.1840
4    C                2.3822               0.2528              -1.1866
5    N                0.2188              -0.4575              -0.4476
6    N               -1.9992              -1.1920              -0.2168
7    O               -1.8555               1.6146              -0.3644
8    H               -2.5042               1.0469              -0.7816
9    H               -0.0990              -0.0347              -1.3096
10   H               -0.6133              -0.9568               1.3904
11   H                1.1925               1.2934               0.2486
12   H               -2.4105              -1.8723               0.3877
13   H               -1.5908              -1.7213              -0.9912
14   H               -0.6960               1.5447               1.3016
15   H               -2.2966               0.8150               1.4947
16   H                2.9552               0.2137               1.4641
17   H                1.8930               0.6025              -2.0976
18   H                2.4490              -1.4006               0.9330
19   H                1.4623              -0.4705               2.0679
20   H                3.2260               0.9140              -0.9896
21   H                2.7488              -0.7556              -1.3646


Energy:                 -383.651488 Convergence criteria  Is converged 
Maximum Force:             0.023230     0.002850  No
RMS Force:                 0.012233     0.001900  No
Maximum Displacement:      0.057293     0.003150  No
RMS Displacement:          0.029124     0.002100  No

----------------------------------------------------------------------
                            Iteration: 31                             


                             Coordinates                              
----------------------------------------------------------------------
0    C               -0.9143              -0.4606               0.4614
1    C                1.4193               0.2517              -0.0136
2    C               -1.4490               0.9321               0.8068
3    C                2.0969              -0.3985               1.1846
4    C                2.3823               0.2544              -1.1871
5    N                0.2187              -0.4582              -0.4453
6    N               -1.9946              -1.1904              -0.2222
7    O               -1.8527               1.6177              -0.3620
8    H               -2.5065               1.0440              -0.7843
9    H               -0.0998              -0.0322              -1.3106
10   H               -0.6130              -0.9563               1.3906
11   H                1.1924               1.2941               0.2485
12   H               -2.4132              -1.8742               0.3907
13   H               -1.5905              -1.7211              -0.9877
14   H               -0.6954               1.5454               1.3029
15   H               -2.2954               0.8147               1.4945
16   H                2.9555               0.2132               1.4637
17   H                1.8938               0.6031              -2.0974
18   H                2.4482              -1.4011               0.9330
19   H                1.4620              -0.4700               2.0670
20   H                3.2264               0.9128              -0.9896
21   H                2.7487              -0.7569              -1.3654


Energy:                 -383.651923 Convergence criteria  Is converged 
Maximum Force:             0.005855     0.002850  No
RMS Force:                 0.003523     0.001900  No
Maximum Displacement:      0.005410     0.003150  No
RMS Displacement:          0.002871     0.002100  No

----------------------------------------------------------------------
                            Iteration: 32                             


                             Coordinates                              
----------------------------------------------------------------------
0    C               -0.9135              -0.4608               0.4604
1    C                1.4211               0.2528              -0.0144
2    C               -1.4517               0.9296               0.8068
3    C                2.0963              -0.3982               1.1855
4    C                2.3835               0.2550              -1.1892
5    N                0.2202              -0.4579              -0.4447
6    N               -1.9924              -1.1912              -0.2223
7    O               -1.8531               1.6180              -0.3604
8    H               -2.5056               1.0436              -0.7865
9    H               -0.1001              -0.0292              -1.3092
10   H               -0.6134              -0.9558               1.3889
11   H                1.1913               1.2950               0.2481
12   H               -2.4169              -1.8729               0.3927
13   H               -1.5875              -1.7221              -0.9847
14   H               -0.6975               1.5438               1.3035
15   H               -2.2950               0.8151               1.4955
16   H                2.9570               0.2116               1.4629
17   H                1.8938               0.6048              -2.0985
18   H                2.4469              -1.4012               0.9326
19   H                1.4594              -0.4692               2.0668
20   H                3.2289               0.9113              -0.9893
21   H                2.7484              -0.7585              -1.3662


Energy:                 -383.652040 Convergence criteria  Is converged 
Maximum Force:             0.003799     0.002850  No
RMS Force:                 0.002706     0.001900  No
Maximum Displacement:      0.003653     0.003150  No
RMS Displacement:          0.002500     0.002100  No

----------------------------------------------------------------------
                            Iteration: 33                             


                             Coordinates                              
----------------------------------------------------------------------
0    C               -0.9113              -0.4595               0.4596
1    C                1.4239               0.2553              -0.0173
2    C               -1.4586               0.9257               0.8086
3    C                2.0935              -0.3983               1.1850
4    C                2.3866               0.2532              -1.1938
5    N                0.2209              -0.4523              -0.4468
6    N               -1.9834              -1.1947              -0.2245
7    O               -1.8576               1.6208              -0.3547
8    H               -2.4987               1.0418              -0.7955
9    H               -0.1055              -0.0115              -1.3042
10   H               -0.6102              -0.9510               1.3868
11   H                1.1913               1.2977               0.2461
12   H               -2.4256              -1.8647               0.3959
13   H               -1.5670              -1.7349              -0.9722
14   H               -0.7084               1.5405               1.3110
15   H               -2.2990               0.8104               1.4986
16   H                2.9590               0.2075               1.4564
17   H                1.8975               0.6113              -2.1014
18   H                2.4395              -1.4037               0.9323
19   H                1.4535              -0.4650               2.0655
20   H                3.2372               0.9009              -0.9864
21   H                2.7424              -0.7658              -1.3706


Energy:                 -383.652239 Convergence criteria  Is converged 
Maximum Force:             0.006656     0.002850  No
RMS Force:                 0.003911     0.001900  No
Maximum Displacement:      0.020519     0.003150  No
RMS Displacement:          0.010774     0.002100  No

----------------------------------------------------------------------
                            Iteration: 34                             


                             Coordinates                              
----------------------------------------------------------------------
0    C               -0.9101              -0.4584               0.4590
1    C                1.4260               0.2586              -0.0216
2    C               -1.4698               0.9214               0.8120
3    C                2.0892              -0.3974               1.1839
4    C                2.3906               0.2525              -1.1992
5    N                0.2200              -0.4458              -0.4508
6    N               -1.9726              -1.2026              -0.2285
7    O               -1.8649               1.6242              -0.3491
8    H               -2.4865               1.0391              -0.8069
9    H               -0.1107               0.0138              -1.2982
10   H               -0.6039              -0.9473               1.3871
11   H                1.1933               1.3021               0.2423
12   H               -2.4399              -1.8486               0.4004
13   H               -1.5380              -1.7548              -0.9526
14   H               -0.7214               1.5354               1.3196
15   H               -2.3061               0.8020               1.5050
16   H                2.9637               0.1990               1.4502
17   H                1.9046               0.6209              -2.1048
18   H                2.4269              -1.4062               0.9320
19   H                1.4440              -0.4574               2.0613
20   H                3.2517               0.8853              -0.9840
21   H                2.7338              -0.7721              -1.3786


Energy:                 -383.652526 Convergence criteria  Is converged 
Maximum Force:             0.007755     0.002850  No
RMS Force:                 0.005151     0.001900  No
Maximum Displacement:      0.029047     0.003150  No
RMS Displacement:          0.015796     0.002100  No

----------------------------------------------------------------------
                            Iteration: 35                             


                             Coordinates                              
----------------------------------------------------------------------
0    C               -0.9089              -0.4573               0.4621
1    C                1.4297               0.2664              -0.0299
2    C               -1.4890               0.9151               0.8190
3    C                2.0806              -0.3954               1.1770
4    C                2.3983               0.2480              -1.2065
5    N                0.2148              -0.4242              -0.4626
6    N               -1.9491              -1.2123              -0.2348
7    O               -1.8782               1.6330              -0.3314
8    H               -2.4619               1.0293              -0.8345
9    H               -0.1238               0.0705              -1.2859
10   H               -0.5879              -0.9375               1.3867
11   H                1.2012               1.3106               0.2327
12   H               -2.4697              -1.8131               0.4074
13   H               -1.4699              -1.8102              -0.9102
14   H               -0.7510               1.5260               1.3398
15   H               -2.3263               0.7798               1.5171
16   H                2.9708               0.1800               1.4368
17   H                1.9237               0.6423              -2.1111
18   H                2.3967              -1.4128               0.9319
19   H                1.4261              -0.4385               2.0520
20   H                3.2820               0.8482              -0.9795
21   H                2.7115              -0.7840              -1.3976


Energy:                 -383.652673 Convergence criteria  Is converged 
Maximum Force:             0.016966     0.002850  No
RMS Force:                 0.009942     0.001900  No
Maximum Displacement:      0.068124     0.003150  No
RMS Displacement:          0.036264     0.002100  No

----------------------------------------------------------------------
                            Iteration: 36                             


                             Coordinates                              
----------------------------------------------------------------------
0    C               -0.9097              -0.4569               0.4623
1    C                1.4283               0.2660              -0.0296
2    C               -1.4877               0.9156               0.8209
3    C                2.0806              -0.3947               1.1769
4    C                2.3977               0.2506              -1.2045
5    N                0.2133              -0.4245              -0.4615
6    N               -1.9517              -1.2163              -0.2368
7    O               -1.8802               1.6286              -0.3359
8    H               -2.4595               1.0310              -0.8296
9    H               -0.1211               0.0663              -1.2886
10   H               -0.5873              -0.9411               1.3885
11   H                1.2034               1.3109               0.2321
12   H               -2.4692              -1.8103               0.4047
13   H               -1.4775              -1.8089              -0.9068
14   H               -0.7462               1.5265               1.3361
15   H               -2.3265               0.7794               1.5166
16   H                2.9715               0.1779               1.4417
17   H                1.9253               0.6419              -2.1094
18   H                2.3955              -1.4117               0.9320
19   H                1.4271              -0.4371               2.0501
20   H                3.2816               0.8493              -0.9822
21   H                2.7124              -0.7787              -1.3987


Energy:                 -383.653125 Convergence criteria  Is converged 
Maximum Force:             0.006821     0.002850  No
RMS Force:                 0.003981     0.001900  No
Maximum Displacement:      0.007651     0.003150  No
RMS Displacement:          0.004188     0.002100  No

----------------------------------------------------------------------
                            Iteration: 37                             


                             Coordinates                              
----------------------------------------------------------------------
0    C               -0.9102              -0.4563               0.4627
1    C                1.4281               0.2683              -0.0311
2    C               -1.4913               0.9141               0.8244
3    C                2.0785              -0.3936               1.1745
4    C                2.3984               0.2514              -1.2043
5    N                0.2109              -0.4174              -0.4633
6    N               -1.9491              -1.2205              -0.2379
7    O               -1.8843               1.6270              -0.3334
8    H               -2.4522               1.0284              -0.8329
9    H               -0.1219               0.0760              -1.2884
10   H               -0.5824              -0.9425               1.3897
11   H                1.2084               1.3136               0.2289
12   H               -2.4766              -1.7978               0.4026
13   H               -1.4676              -1.8253              -0.8927
14   H               -0.7486               1.5251               1.3378
15   H               -2.3320               0.7731               1.5181
16   H                2.9734               0.1705               1.4439
17   H                1.9326               0.6475              -2.1089
18   H                2.3856              -1.4126               0.9320
19   H                1.4241              -0.4302               2.0458
20   H                3.2891               0.8409              -0.9839
21   H                2.7071              -0.7761              -1.4050


Energy:                 -383.653346 Convergence criteria  Is converged 
Maximum Force:             0.005973     0.002850  No
RMS Force:                 0.003440     0.001900  No
Maximum Displacement:      0.016322     0.003150  No
RMS Displacement:          0.008993     0.002100  No

----------------------------------------------------------------------
                            Iteration: 38                             


                             Coordinates                              
----------------------------------------------------------------------
0    C               -0.9097              -0.4552               0.4642
1    C                1.4292               0.2742              -0.0343
2    C               -1.4985               0.9103               0.8308
3    C                2.0740              -0.3921               1.1699
4    C                2.4007               0.2526              -1.2047
5    N                0.2071              -0.4016              -0.4670
6    N               -1.9388              -1.2264              -0.2429
7    O               -1.8919               1.6251              -0.3255
8    H               -2.4385               1.0209              -0.8418
9    H               -0.1256               0.0974              -1.2877
10   H               -0.5727              -0.9435               1.3896
11   H                1.2187               1.3204               0.2228
12   H               -2.4943              -1.7741               0.4004
13   H               -1.4470              -1.8604              -0.8620
14   H               -0.7553               1.5220               1.3430
15   H               -2.3432               0.7602               1.5201
16   H                2.9764               0.1560               1.4469
17   H                1.9473               0.6601              -2.1085
18   H                2.3647              -1.4159               0.9315
19   H                1.4179              -0.4158               2.0381
20   H                3.3038               0.8234              -0.9863
21   H                2.6954              -0.7739              -1.4183


Energy:                 -383.653625 Convergence criteria  Is converged 
Maximum Force:             0.005175     0.002850  No
RMS Force:                 0.004016     0.001900  No
Maximum Displacement:      0.035105     0.003150  No
RMS Displacement:          0.018965     0.002100  No

----------------------------------------------------------------------
                            Iteration: 39                             


                             Coordinates                              
----------------------------------------------------------------------
0    C               -0.8989              -0.4549               0.4609
1    C                1.4386               0.2913              -0.0408
2    C               -1.5126               0.8964               0.8409
3    C                2.0655              -0.3907               1.1659
4    C                2.4096               0.2580              -1.2115
5    N                0.2090              -0.3711              -0.4680
6    N               -1.9247              -1.2363              -0.2404
7    O               -1.9066               1.6183              -0.3095
8    H               -2.4142               1.0010              -0.8538
9    H               -0.1343               0.1288              -1.2914
10   H               -0.5573              -0.9468               1.3792
11   H                1.2417               1.3428               0.2153
12   H               -2.5305              -1.7218               0.3876
13   H               -1.4225              -1.9342              -0.7986
14   H               -0.7650               1.5158               1.3524
15   H               -2.3583               0.7397               1.5183
16   H                2.9802               0.1273               1.4564
17   H                1.9728               0.6917              -2.1093
18   H                2.3206              -1.4265               0.9283
19   H                1.4052              -0.3860               2.0297
20   H                3.3280               0.7964              -0.9887
21   H                2.6736              -0.7755              -1.4446


Energy:                 -383.653874 Convergence criteria  Is converged 
Maximum Force:             0.026880     0.002850  No
RMS Force:                 0.011873     0.001900  No
Maximum Displacement:      0.073865     0.003150  No
RMS Displacement:          0.036992     0.002100  No

----------------------------------------------------------------------
                            Iteration: 40                             


                             Coordinates                              
----------------------------------------------------------------------
0    C               -0.8984              -0.4546               0.4615
1    C                1.4414               0.2965              -0.0414
2    C               -1.5122               0.8947               0.8427
3    C                2.0634              -0.3908               1.1645
4    C                2.4116               0.2574              -1.2137
5    N                0.2092              -0.3625              -0.4725
6    N               -1.9144              -1.2388              -0.2467
7    O               -1.9107               1.6161              -0.3060
8    H               -2.4084               0.9958              -0.8565
9    H               -0.1356               0.1348              -1.2900
10   H               -0.5528              -0.9477               1.3768
11   H                1.2480               1.3482               0.2137
12   H               -2.5430              -1.7105               0.3885
13   H               -1.4193              -1.9504              -0.7806
14   H               -0.7693               1.5130               1.3546
15   H               -2.3628               0.7341               1.5187
16   H                2.9812               0.1202               1.4583
17   H                1.9788               0.7003              -2.1099
18   H                2.3090              -1.4287               0.9277
19   H                1.4019              -0.3787               2.0282
20   H                3.3346               0.7905              -0.9887
21   H                2.6677              -0.7755              -1.4509


Energy:                 -383.654312 Convergence criteria  Is converged 
Maximum Force:             0.006532     0.002850  No
RMS Force:                 0.003976     0.001900  No
Maximum Displacement:      0.017986     0.003150  No
RMS Displacement:          0.009606     0.002100  No

----------------------------------------------------------------------
                            Iteration: 41                             


                             Coordinates                              
----------------------------------------------------------------------
0    C               -0.8964              -0.4551               0.4597
1    C                1.4444               0.2992              -0.0406
2    C               -1.5080               0.8940               0.8402
3    C                2.0635              -0.3915               1.1668
4    C                2.4131               0.2577              -1.2161
5    N                0.2135              -0.3639              -0.4727
6    N               -1.9130              -1.2386              -0.2472
7    O               -1.9103               1.6141              -0.3076
8    H               -2.4110               0.9934              -0.8526
9    H               -0.1347               0.1264              -1.2913
10   H               -0.5538              -0.9490               1.3731
11   H                1.2499               1.3515               0.2164
12   H               -2.5450              -1.7097               0.3879
13   H               -1.4318              -1.9480              -0.7790
14   H               -0.7685               1.5118               1.3534
15   H               -2.3591               0.7364               1.5171
16   H                2.9804               0.1207               1.4599
17   H                1.9760               0.7033              -2.1106
18   H                2.3079              -1.4293               0.9270
19   H                1.4021              -0.3791               2.0320
20   H                3.3321               0.7960              -0.9874
21   H                2.6685              -0.7768              -1.4500


Energy:                 -383.654467 Convergence criteria  Is converged 
Maximum Force:             0.005835     0.002850  No
RMS Force:                 0.003293     0.001900  No
Maximum Displacement:      0.012513     0.003150  No
RMS Displacement:          0.004773     0.002100  No

----------------------------------------------------------------------
                            Iteration: 42                             


                             Coordinates                              
----------------------------------------------------------------------
0    C               -0.8928              -0.4551               0.4576
1    C                1.4488               0.3063              -0.0425
2    C               -1.5092               0.8902               0.8414
3    C                2.0599              -0.3909               1.1664
4    C                2.4167               0.2595              -1.2195
5    N                0.2167              -0.3554              -0.4752
6    N               -1.9070              -1.2401              -0.2492
7    O               -1.9153               1.6110              -0.3045
8    H               -2.4047               0.9843              -0.8545
9    H               -0.1363               0.1321              -1.2927
10   H               -0.5472              -0.9512               1.3689
11   H                1.2601               1.3605               0.2156
12   H               -2.5604              -1.6899               0.3862
13   H               -1.4294              -1.9737              -0.7574
14   H               -0.7730               1.5078               1.3568
15   H               -2.3616               0.7298               1.5170
16   H                2.9821               0.1109               1.4629
17   H                1.9828               0.7166              -2.1114
18   H                2.2911              -1.4323               0.9260
19   H                1.3975              -0.3696               2.0317
20   H                3.3402               0.7903              -0.9869
21   H                2.6609              -0.7776              -1.4583


Energy:                 -383.654585 Convergence criteria  Is converged 
Maximum Force:             0.007245     0.002850  No
RMS Force:                 0.003341     0.001900  No
Maximum Displacement:      0.025696     0.003150  No
RMS Displacement:          0.012739     0.002100  No

----------------------------------------------------------------------
                            Iteration: 43                             


                             Coordinates                              
----------------------------------------------------------------------
0    C               -0.8888              -0.4559               0.4555
1    C                1.4516               0.3109              -0.0434
2    C               -1.5092               0.8882               0.8393
3    C                2.0567              -0.3892               1.1671
4    C                2.4192               0.2624              -1.2219
5    N                0.2206              -0.3535              -0.4780
6    N               -1.9068              -1.2421              -0.2523
7    O               -1.9179               1.6083              -0.3059
8    H               -2.4036               0.9753              -0.8537
9    H               -0.1349               0.1309              -1.2952
10   H               -0.5404              -0.9535               1.3660
11   H                1.2698               1.3664               0.2169
12   H               -2.5700              -1.6704               0.3859
13   H               -1.4333              -1.9905              -0.7439
14   H               -0.7764               1.5043               1.3605
15   H               -2.3585               0.7252               1.5177
16   H                2.9837               0.1040               1.4633
17   H                1.9856               0.7274              -2.1110
18   H                2.2775              -1.4325               0.9261
19   H                1.3946              -0.3645               2.0336
20   H                3.3452               0.7895              -0.9855
21   H                2.6553              -0.7772              -1.4627


Energy:                 -383.654748 Convergence criteria  Is converged 
Maximum Force:             0.005643     0.002850  No
RMS Force:                 0.002732     0.001900  No
Maximum Displacement:      0.019557     0.003150  No
RMS Displacement:          0.009365     0.002100  No

----------------------------------------------------------------------
                            Iteration: 44                             


                             Coordinates                              
----------------------------------------------------------------------
0    C               -0.8854              -0.4616               0.4460
1    C                1.4540               0.3128              -0.0451
2    C               -1.5054               0.8849               0.8341
3    C                2.0517              -0.3855               1.1705
4    C                2.4229               0.2704              -1.2213
5    N                0.2273              -0.3598              -0.4774
6    N               -1.9056              -1.2372              -0.2552
7    O               -1.9202               1.6000              -0.3155
8    H               -2.4085               0.9630              -0.8481
9    H               -0.1285               0.1210              -1.3045
10   H               -0.5299              -0.9558               1.3610
11   H                1.2825               1.3702               0.2208
12   H               -2.5813              -1.6393               0.3899
13   H               -1.4490              -2.0073              -0.7331
14   H               -0.7795               1.5002               1.3657
15   H               -2.3466               0.7194               1.5193
16   H                2.9866               0.0965               1.4593
17   H                1.9854               0.7410              -2.1072
18   H                2.2596              -1.4294               0.9282
19   H                1.3929              -0.3612               2.0385
20   H                3.3477               0.7935              -0.9828
21   H                2.6491              -0.7721              -1.4646


Energy:                 -383.654838 Convergence criteria  Is converged 
Maximum Force:             0.011791     0.002850  No
RMS Force:                 0.006293     0.001900  No
Maximum Displacement:      0.031038     0.003150  No
RMS Displacement:          0.013665     0.002100  No

----------------------------------------------------------------------
                            Iteration: 45                             


                             Coordinates                              
----------------------------------------------------------------------
0    C               -0.8842              -0.4613               0.4485
1    C                1.4525               0.3109              -0.0430
2    C               -1.5042               0.8850               0.8322
3    C                2.0527              -0.3852               1.1704
4    C                2.4209               0.2703              -1.2200
5    N                0.2266              -0.3621              -0.4807
6    N               -1.9094              -1.2374              -0.2547
7    O               -1.9171               1.6006              -0.3155
8    H               -2.4133               0.9618              -0.8484
9    H               -0.1253               0.1159              -1.3041
10   H               -0.5308              -0.9550               1.3605
11   H                1.2803               1.3669               0.2212
12   H               -2.5774              -1.6384               0.3905
13   H               -1.4524              -2.0017              -0.7386
14   H               -0.7781               1.5011               1.3648
15   H               -2.3441               0.7199               1.5197
16   H                2.9868               0.0984               1.4571
17   H                1.9834               0.7388              -2.1054
18   H                2.2620              -1.4283               0.9292
19   H                1.3940              -0.3633               2.0395
20   H                3.3463               0.7962              -0.9822
21   H                2.6508              -0.7697              -1.4623


Energy:                 -383.654987 Convergence criteria  Is converged 
Maximum Force:             0.003907     0.002850  No
RMS Force:                 0.002363     0.001900  No
Maximum Displacement:      0.005623     0.003150  No
RMS Displacement:          0.003752     0.002100  No

----------------------------------------------------------------------
                            Iteration: 46                             


                             Coordinates                              
----------------------------------------------------------------------
0    C               -0.8836              -0.4605               0.4490
1    C                1.4516               0.3102              -0.0425
2    C               -1.5038               0.8844               0.8329
3    C                2.0530              -0.3854               1.1700
4    C                2.4202               0.2706              -1.2186
5    N                0.2263              -0.3619              -0.4812
6    N               -1.9092              -1.2370              -0.2546
7    O               -1.9170               1.5993              -0.3151
8    H               -2.4139               0.9619              -0.8489
9    H               -0.1242               0.1157              -1.3048
10   H               -0.5308              -0.9547               1.3601
11   H                1.2786               1.3655               0.2206
12   H               -2.5779              -1.6366               0.3913
13   H               -1.4522              -2.0016              -0.7390
14   H               -0.7776               1.5017               1.3638
15   H               -2.3444               0.7189               1.5197
16   H                2.9873               0.0984               1.4562
17   H                1.9838               0.7386              -2.1043
18   H                2.2618              -1.4287               0.9296
19   H                1.3942              -0.3626               2.0390
20   H                3.3466               0.7958              -0.9822
21   H                2.6510              -0.7682              -1.4624


Energy:                 -383.655032 Convergence criteria  Is converged 
Maximum Force:             0.003865     0.002850  No
RMS Force:                 0.002011     0.001900  No
Maximum Displacement:      0.001882     0.003150  Yes
RMS Displacement:          0.001155     0.002100  Yes

----------------------------------------------------------------------
                            Iteration: 47                             


                             Coordinates                              
----------------------------------------------------------------------
0    C               -0.8792              -0.4597               0.4464
1    C                1.4503               0.3088              -0.0412
2    C               -1.5014               0.8808               0.8338
3    C                2.0523              -0.3863               1.1700
4    C                2.4198               0.2751              -1.2131
5    N                0.2283              -0.3617              -0.4838
6    N               -1.9068              -1.2352              -0.2547
7    O               -1.9171               1.5908              -0.3140
8    H               -2.4182               0.9552              -0.8497
9    H               -0.1172               0.1117              -1.3121
10   H               -0.5263              -0.9552               1.3564
11   H                1.2735               1.3628               0.2195
12   H               -2.5857              -1.6136               0.3948
13   H               -1.4578              -2.0084              -0.7323
14   H               -0.7756               1.5029               1.3601
15   H               -2.3424               0.7104               1.5199
16   H                2.9904               0.0943               1.4507
17   H                1.9855               0.7448              -2.0976
18   H                2.2535              -1.4321               0.9323
19   H                1.3947              -0.3559               2.0387
20   H                3.3492               0.7946              -0.9803
21   H                2.6500              -0.7604              -1.4652


Energy:                 -383.655172 Convergence criteria  Is converged 
Maximum Force:             0.003957     0.002850  No
RMS Force:                 0.002310     0.001900  No
Maximum Displacement:      0.022925     0.003150  No
RMS Displacement:          0.008591     0.002100  No

----------------------------------------------------------------------
                            Iteration: 48                             


                             Coordinates                              
----------------------------------------------------------------------
0    C               -0.8720              -0.4619               0.4442
1    C                1.4511               0.3101              -0.0389
2    C               -1.4974               0.8750               0.8343
3    C                2.0516              -0.3881               1.1699
4    C                2.4207               0.2803              -1.2105
5    N                0.2324              -0.3627              -0.4904
6    N               -1.9060              -1.2315              -0.2537
7    O               -1.9235               1.5778              -0.3194
8    H               -2.4201               0.9475              -0.8449
9    H               -0.1069               0.1036              -1.3221
10   H               -0.5185              -0.9569               1.3497
11   H                1.2658               1.3612               0.2201
12   H               -2.5976              -1.5777               0.3970
13   H               -1.4693              -2.0207              -0.7188
14   H               -0.7731               1.5036               1.3544
15   H               -2.3376               0.6976               1.5201
16   H                2.9946               0.0866               1.4430
17   H                1.9875               0.7574              -2.0883
18   H                2.2395              -1.4373               0.9365
19   H                1.3954              -0.3446               2.0408
20   H                3.3546               0.7956              -0.9748
21   H                2.6487              -0.7514              -1.4699


Energy:                 -383.655159 Convergence criteria  Is converged 
Maximum Force:             0.012296     0.002850  No
RMS Force:                 0.006930     0.001900  No
Maximum Displacement:      0.035975     0.003150  No
RMS Displacement:          0.013578     0.002100  No

----------------------------------------------------------------------
                            Iteration: 49                             


                             Coordinates                              
----------------------------------------------------------------------
0    C               -0.8726              -0.4618               0.4423
1    C                1.4513               0.3099              -0.0401
2    C               -1.4978               0.8755               0.8331
3    C                2.0510              -0.3877               1.1706
4    C                2.4219               0.2811              -1.2103
5    N                0.2333              -0.3634              -0.4885
6    N               -1.9052              -1.2314              -0.2544
7    O               -1.9215               1.5803              -0.3169
8    H               -2.4217               0.9447              -0.8464
9    H               -0.1077               0.1039              -1.3226
10   H               -0.5179              -0.9576               1.3504
11   H                1.2670               1.3622               0.2206
12   H               -2.5984              -1.5783               0.3973
13   H               -1.4701              -2.0210              -0.7181
14   H               -0.7735               1.5033               1.3549
15   H               -2.3371               0.6981               1.5201
16   H                2.9946               0.0864               1.4434
17   H                1.9871               0.7581              -2.0892
18   H                2.2392              -1.4371               0.9363
19   H                1.3956              -0.3449               2.0410
20   H                3.3540               0.7957              -0.9749
21   H                2.6485              -0.7524              -1.4700


Energy:                 -383.655295 Convergence criteria  Is converged 
Maximum Force:             0.003543     0.002850  No
RMS Force:                 0.002103     0.001900  No
Maximum Displacement:      0.002738     0.003150  Yes
RMS Displacement:          0.001614     0.002100  Yes

----------------------------------------------------------------------
                            Iteration: 50                             


                             Coordinates                              
----------------------------------------------------------------------
0    C               -0.8717              -0.4626               0.4407
1    C                1.4521               0.3104              -0.0406
2    C               -1.4972               0.8750               0.8318
3    C                2.0505              -0.3879               1.1711
4    C                2.4234               0.2826              -1.2105
5    N                0.2349              -0.3646              -0.4891
6    N               -1.9052              -1.2305              -0.2545
7    O               -1.9223               1.5799              -0.3170
8    H               -2.4227               0.9414              -0.8457
9    H               -0.1063               0.1018              -1.3244
10   H               -0.5158              -0.9588               1.3495
11   H                1.2660               1.3630               0.2217
12   H               -2.6011              -1.5719               0.3972
13   H               -1.4738              -2.0236              -0.7144
14   H               -0.7734               1.5030               1.3538
15   H               -2.3353               0.6961               1.5201
16   H                2.9952               0.0845               1.4424
17   H                1.9870               0.7617              -2.0884
18   H                2.2362              -1.4380               0.9371
19   H                1.3961              -0.3427               2.0420
20   H                3.3546               0.7967              -0.9733
21   H                2.6484              -0.7521              -1.4710


Energy:                 -383.655334 Convergence criteria  Is converged 
Maximum Force:             0.002372     0.002850  Yes
RMS Force:                 0.001405     0.001900  Yes
Maximum Displacement:      0.006378     0.003150  No
RMS Displacement:          0.002867     0.002100  No

----------------------------------------------------------------------
                            Iteration: 51                             


                             Coordinates                              
----------------------------------------------------------------------
0    C               -0.8683              -0.4643               0.4377
1    C                1.4534               0.3113              -0.0412
2    C               -1.4951               0.8733               0.8293
3    C                2.0495              -0.3885               1.1716
4    C                2.4263               0.2862              -1.2108
5    N                0.2387              -0.3675              -0.4918
6    N               -1.9056              -1.2277              -0.2548
7    O               -1.9257               1.5775              -0.3175
8    H               -2.4245               0.9337              -0.8433
9    H               -0.1020               0.0962              -1.3292
10   H               -0.5105              -0.9616               1.3465
11   H                1.2615               1.3636               0.2239
12   H               -2.6089              -1.5538               0.3970
13   H               -1.4832              -2.0309              -0.7044
14   H               -0.7723               1.5028               1.3498
15   H               -2.3306               0.6901               1.5200
16   H                2.9975               0.0791               1.4392
17   H                1.9875               0.7713              -2.0853
18   H                2.2285              -1.4408               0.9397
19   H                1.3980              -0.3359               2.0445
20   H                3.3570               0.7991              -0.9686
21   H                2.6487              -0.7496              -1.4740


Energy:                 -383.655388 Convergence criteria  Is converged 
Maximum Force:             0.002837     0.002850  Yes
RMS Force:                 0.001490     0.001900  Yes
Maximum Displacement:      0.018077     0.003150  No
RMS Displacement:          0.007873     0.002100  No

----------------------------------------------------------------------
                            Iteration: 52                             


                             Coordinates                              
----------------------------------------------------------------------
0    C               -0.8660              -0.4645               0.4353
1    C                1.4531               0.3103              -0.0424
2    C               -1.4928               0.8729               0.8277
3    C                2.0492              -0.3887               1.1714
4    C                2.4284               0.2899              -1.2101
5    N                0.2410              -0.3714              -0.4934
6    N               -1.9079              -1.2261              -0.2553
7    O               -1.9311               1.5757              -0.3167
8    H               -2.4243               0.9286              -0.8417
9    H               -0.0998               0.0916              -1.3319
10   H               -0.5073              -0.9642               1.3436
11   H                1.2557               1.3612               0.2256
12   H               -2.6152              -1.5415               0.3950
13   H               -1.4915              -2.0365              -0.6950
14   H               -0.7703               1.5037               1.3449
15   H               -2.3257               0.6863               1.5196
16   H                3.0002               0.0736               1.4370
17   H                1.9900               0.7793              -2.0833
18   H                2.2233              -1.4425               0.9428
19   H                1.4019              -0.3295               2.0463
20   H                3.3583               0.8015              -0.9641
21   H                2.6509              -0.7461              -1.4769


Energy:                 -383.655440 Convergence criteria  Is converged 
Maximum Force:             0.003292     0.002850  No
RMS Force:                 0.001864     0.001900  Yes
Maximum Displacement:      0.012362     0.003150  No
RMS Displacement:          0.006576     0.002100  No

----------------------------------------------------------------------
                            Iteration: 53                             


                             Coordinates                              
----------------------------------------------------------------------
0    C               -0.8635              -0.4668               0.4324
1    C                1.4529               0.3084              -0.0431
2    C               -1.4887               0.8715               0.8246
3    C                2.0498              -0.3893               1.1703
4    C                2.4308               0.2959              -1.2097
5    N                0.2435              -0.3786              -0.4992
6    N               -1.9101              -1.2207              -0.2570
7    O               -1.9410               1.5735              -0.3144
8    H               -2.4244               0.9186              -0.8400
9    H               -0.0957               0.0821              -1.3359
10   H               -0.5028              -0.9680               1.3375
11   H                1.2441               1.3554               0.2280
12   H               -2.6291              -1.5196               0.3929
13   H               -1.5060              -2.0482              -0.6783
14   H               -0.7652               1.5067               1.3356
15   H               -2.3166               0.6796               1.5198
16   H                3.0059               0.0633               1.4326
17   H                1.9962               0.7938              -2.0792
18   H                2.2139              -1.4458               0.9490
19   H                1.4094              -0.3171               2.0498
20   H                3.3608               0.8065              -0.9550
21   H                2.6557              -0.7374              -1.4824


Energy:                 -383.655489 Convergence criteria  Is converged 
Maximum Force:             0.003534     0.002850  No
RMS Force:                 0.002073     0.001900  No
Maximum Displacement:      0.021825     0.003150  No
RMS Displacement:          0.012404     0.002100  No

----------------------------------------------------------------------
                            Iteration: 54                             


                             Coordinates                              
----------------------------------------------------------------------
0    C               -0.8649              -0.4669               0.4323
1    C                1.4519               0.3066              -0.0434
2    C               -1.4882               0.8722               0.8255
3    C                2.0509              -0.3895               1.1703
4    C                2.4302               0.2964              -1.2090
5    N                0.2423              -0.3803              -0.4980
6    N               -1.9121              -1.2220              -0.2568
7    O               -1.9427               1.5739              -0.3141
8    H               -2.4230               0.9203              -0.8410
9    H               -0.0977               0.0827              -1.3357
10   H               -0.5051              -0.9676               1.3376
11   H                1.2423               1.3529               0.2273
12   H               -2.6288              -1.5225               0.3915
13   H               -1.5051              -2.0476              -0.6787
14   H               -0.7636               1.5080               1.3344
15   H               -2.3161               0.6813               1.5213
16   H                3.0072               0.0632               1.4323
17   H                1.9985               0.7932              -2.0799
18   H                2.2155              -1.4457               0.9497
19   H                1.4109              -0.3167               2.0497
20   H                3.3597               0.8070              -0.9542
21   H                2.6578              -0.7354              -1.4828


Energy:                 -383.655528 Convergence criteria  Is converged 
Maximum Force:             0.002170     0.002850  Yes
RMS Force:                 0.001257     0.001900  Yes
Maximum Displacement:      0.002882     0.003150  Yes
RMS Displacement:          0.002101     0.002100  No

----------------------------------------------------------------------
                            Iteration: 55                             


                             Coordinates                              
----------------------------------------------------------------------
0    C               -0.8671              -0.4668               0.4323
1    C                1.4507               0.3043              -0.0435
2    C               -1.4880               0.8733               0.8263
3    C                2.0523              -0.3897               1.1705
4    C                2.4297               0.2972              -1.2080
5    N                0.2405              -0.3820              -0.4979
6    N               -1.9137              -1.2238              -0.2572
7    O               -1.9441               1.5747              -0.3131
8    H               -2.4217               0.9218              -0.8430
9    H               -0.0999               0.0828              -1.3349
10   H               -0.5083              -0.9671               1.3381
11   H                1.2403               1.3500               0.2263
12   H               -2.6294              -1.5260               0.3907
13   H               -1.5039              -2.0469              -0.6795
14   H               -0.7615               1.5096               1.3330
15   H               -2.3152               0.6838               1.5237
16   H                3.0090               0.0633               1.4315
17   H                2.0013               0.7927              -2.0810
18   H                2.2173              -1.4460               0.9507
19   H                1.4127              -0.3162               2.0497
20   H                3.3582               0.8077              -0.9529
21   H                2.6605              -0.7329              -1.4834


Energy:                 -383.655557 Convergence criteria  Is converged 
Maximum Force:             0.001971     0.002850  Yes
RMS Force:                 0.001357     0.001900  Yes
Maximum Displacement:      0.003483     0.003150  No
RMS Displacement:          0.002583     0.002100  No

----------------------------------------------------------------------
                            Iteration: 56                             


                             Coordinates                              
----------------------------------------------------------------------
0    C               -0.8701              -0.4677               0.4307
1    C                1.4488               0.3006              -0.0442
2    C               -1.4878               0.8747               0.8263
3    C                2.0542              -0.3910               1.1708
4    C                2.4299               0.2995              -1.2070
5    N                0.2388              -0.3866              -0.4982
6    N               -1.9170              -1.2241              -0.2570
7    O               -1.9472               1.5749              -0.3119
8    H               -2.4199               0.9215              -0.8460
9    H               -0.1022               0.0803              -1.3358
10   H               -0.5133              -0.9673               1.3386
11   H                1.2351               1.3454               0.2254
12   H               -2.6344              -1.5255               0.3896
13   H               -1.5041              -2.0504              -0.6786
14   H               -0.7574               1.5114               1.3283
15   H               -2.3106               0.6873               1.5299
16   H                3.0135               0.0620               1.4272
17   H                2.0065               0.7962              -2.0818
18   H                2.2176              -1.4482               0.9538
19   H                1.4164              -0.3131               2.0514
20   H                3.3567               0.8114              -0.9472
21   H                2.6664              -0.7277              -1.4860


Energy:                 -383.655588 Convergence criteria  Is converged 
Maximum Force:             0.003769     0.002850  No
RMS Force:                 0.002335     0.001900  No
Maximum Displacement:      0.006155     0.003150  No
RMS Displacement:          0.005138     0.002100  No

----------------------------------------------------------------------
                            Iteration: 57                             


                             Coordinates                              
----------------------------------------------------------------------
0    C               -0.8722              -0.4684               0.4310
1    C                1.4478               0.2983              -0.0445
2    C               -1.4875               0.8753               0.8260
3    C                2.0555              -0.3918               1.1711
4    C                2.4307               0.3015              -1.2066
5    N                0.2373              -0.3895              -0.4997
6    N               -1.9184              -1.2268              -0.2584
7    O               -1.9491               1.5751              -0.3117
8    H               -2.4188               0.9210              -0.8482
9    H               -0.1033               0.0774              -1.3361
10   H               -0.5174              -0.9673               1.3391
11   H                1.2315               1.3426               0.2249
12   H               -2.6385              -1.5242               0.3893
13   H               -1.5055              -2.0511              -0.6773
14   H               -0.7545               1.5118               1.3246
15   H               -2.3067               0.6905               1.5354
16   H                3.0164               0.0610               1.4228
17   H                2.0098               0.7994              -2.0822
18   H                2.2174              -1.4503               0.9563
19   H                1.4190              -0.3110               2.0529
20   H                3.3554               0.8148              -0.9422
21   H                2.6710              -0.7245              -1.4880


Energy:                 -383.655621 Convergence criteria  Is converged 
Maximum Force:             0.001552     0.002850  Yes
RMS Force:                 0.001163     0.001900  Yes
Maximum Displacement:      0.005479     0.003150  No
RMS Displacement:          0.003982     0.002100  No

----------------------------------------------------------------------
                            Iteration: 58                             


                             Coordinates                              
----------------------------------------------------------------------
0    C               -0.8727              -0.4692               0.4307
1    C                1.4477               0.2979              -0.0449
2    C               -1.4874               0.8748               0.8250
3    C                2.0554              -0.3924               1.1710
4    C                2.4319               0.3028              -1.2068
5    N                0.2374              -0.3908              -0.5007
6    N               -1.9191              -1.2270              -0.2582
7    O               -1.9499               1.5747              -0.3121
8    H               -2.4188               0.9192              -0.8488
9    H               -0.1026               0.0745              -1.3369
10   H               -0.5186              -0.9678               1.3395
11   H                1.2299               1.3422               0.2253
12   H               -2.6413              -1.5206               0.3890
13   H               -1.5076              -2.0528              -0.6756
14   H               -0.7533               1.5110               1.3220
15   H               -2.3037               0.6918               1.5383
16   H                3.0173               0.0600               1.4192
17   H                2.0106               0.8027              -2.0816
18   H                2.2159              -1.4518               0.9580
19   H                1.4205              -0.3095               2.0541
20   H                3.3550               0.8173              -0.9385
21   H                2.6733              -0.7232              -1.4893


Energy:                 -383.655640 Convergence criteria  Is converged 
Maximum Force:             0.001729     0.002850  Yes
RMS Force:                 0.000971     0.001900  Yes
Maximum Displacement:      0.003684     0.003150  No
RMS Displacement:          0.002654     0.002100  No

----------------------------------------------------------------------
                            Iteration: 59                             


                             Coordinates                              
----------------------------------------------------------------------
0    C               -0.8732              -0.4705               0.4302
1    C                1.4473               0.2973              -0.0457
2    C               -1.4868               0.8741               0.8235
3    C                2.0546              -0.3934               1.1701
4    C                2.4335               0.3046              -1.2069
5    N                0.2379              -0.3930              -0.5006
6    N               -1.9194              -1.2267              -0.2583
7    O               -1.9514               1.5732              -0.3131
8    H               -2.4187               0.9168              -0.8492
9    H               -0.1016               0.0696              -1.3389
10   H               -0.5205              -0.9686               1.3402
11   H                1.2280               1.3414               0.2259
12   H               -2.6457              -1.5152               0.3885
13   H               -1.5116              -2.0553              -0.6728
14   H               -0.7510               1.5090               1.3176
15   H               -2.2989               0.6945               1.5424
16   H                3.0179               0.0582               1.4128
17   H                2.0116               0.8080              -2.0799
18   H                2.2133              -1.4537               0.9607
19   H                1.4233              -0.3074               2.0556
20   H                3.3542               0.8216              -0.9324
21   H                2.6772              -0.7210              -1.4912


Energy:                 -383.655660 Convergence criteria  Is converged 
Maximum Force:             0.002550     0.002850  Yes
RMS Force:                 0.001190     0.001900  Yes
Maximum Displacement:      0.006344     0.003150  No
RMS Displacement:          0.004351     0.002100  No

----------------------------------------------------------------------
                            Iteration: 60                             


                             Coordinates                              
----------------------------------------------------------------------
0    C               -0.8733              -0.4716               0.4309
1    C                1.4463               0.2960              -0.0461
2    C               -1.4859               0.8734               0.8222
3    C                2.0541              -0.3940               1.1686
4    C                2.4342               0.3067              -1.2060
5    N                0.2377              -0.3950              -0.5006
6    N               -1.9223              -1.2267              -0.2574
7    O               -1.9526               1.5720              -0.3135
8    H               -2.4189               0.9141              -0.8503
9    H               -0.1007               0.0638              -1.3401
10   H               -0.5231              -0.9691               1.3411
11   H                1.2268               1.3400               0.2262
12   H               -2.6480              -1.5108               0.3860
13   H               -1.5154              -2.0575              -0.6707
14   H               -0.7470               1.5072               1.3128
15   H               -2.2945               0.6986               1.5460
16   H                3.0181               0.0566               1.4060
17   H                2.0130               0.8127              -2.0775
18   H                2.2108              -1.4553               0.9630
19   H                1.4268              -0.3056               2.0566
20   H                3.3522               0.8259              -0.9263
21   H                2.6817              -0.7177              -1.4927


Energy:                 -383.655668 Convergence criteria  Is converged 
Maximum Force:             0.003906     0.002850  No
RMS Force:                 0.001810     0.001900  Yes
Maximum Displacement:      0.006795     0.003150  No
RMS Displacement:          0.004449     0.002100  No

----------------------------------------------------------------------
                            Iteration: 61                             


                             Coordinates                              
----------------------------------------------------------------------
0    C               -0.8735              -0.4714               0.4306
1    C                1.4462               0.2961              -0.0461
2    C               -1.4856               0.8735               0.8226
3    C                2.0539              -0.3939               1.1685
4    C                2.4338               0.3065              -1.2056
5    N                0.2377              -0.3949              -0.4999
6    N               -1.9213              -1.2262              -0.2579
7    O               -1.9524               1.5717              -0.3135
8    H               -2.4190               0.9144              -0.8500
9    H               -0.1009               0.0640              -1.3401
10   H               -0.5226              -0.9691               1.3414
11   H                1.2276               1.3402               0.2261
12   H               -2.6478              -1.5119               0.3864
13   H               -1.5154              -2.0571              -0.6710
14   H               -0.7468               1.5073               1.3131
15   H               -2.2952               0.6986               1.5451
16   H                3.0177               0.0569               1.4065
17   H                2.0126               0.8121              -2.0773
18   H                2.2109              -1.4549               0.9625
19   H                1.4267              -0.3060               2.0562
20   H                3.3520               0.8255              -0.9270
21   H                2.6814              -0.7177              -1.4922


Energy:                 -383.655681 Convergence criteria  Is converged 
Maximum Force:             0.001328     0.002850  Yes
RMS Force:                 0.000789     0.001900  Yes
Maximum Displacement:      0.001061     0.003150  Yes
RMS Displacement:          0.000690     0.002100  Yes

----------------------------------------------------------------------
                            Iteration: 61                             


                             Coordinates                              
----------------------------------------------------------------------
0    C               -0.8735              -0.4714               0.4306
1    C                1.4462               0.2961              -0.0461
2    C               -1.4856               0.8735               0.8226
3    C                2.0539              -0.3939               1.1685
4    C                2.4338               0.3065              -1.2056
5    N                0.2377              -0.3949              -0.4999
6    N               -1.9213              -1.2262              -0.2579
7    O               -1.9524               1.5717              -0.3135
8    H               -2.4190               0.9144              -0.8500
9    H               -0.1009               0.0640              -1.3401
10   H               -0.5226              -0.9691               1.3414
11   H                1.2276               1.3402               0.2261
12   H               -2.6478              -1.5119               0.3864
13   H               -1.5154              -2.0571              -0.6710
14   H               -0.7468               1.5073               1.3131
15   H               -2.2952               0.6986               1.5451
16   H                3.0177               0.0569               1.4065
17   H                2.0126               0.8121              -2.0773
18   H                2.2109              -1.4549               0.9625
19   H                1.4267              -0.3060               2.0562
20   H                3.3520               0.8255              -0.9270
21   H                2.6814              -0.7177              -1.4922


Energy:                 -383.655681 Convergence criteria  Is converged 
Maximum Force:             0.001328     0.002850  Yes
RMS Force:                 0.000789     0.001900  Yes
Maximum Displacement:      0.001061     0.003150  Yes
RMS Displacement:          0.000690     0.002100  Yes

LBFGS converged at iteration 61. Final frame written to /home/user/software/MAPLE/examples/opt/lbfgs/solv1_opt.xyz
Complete trajectory written to /home/user/software/MAPLE/examples/opt/lbfgs/solv1_traj.xyz



Program started: 2026-02-03 13:10:52

======================================================================
                      TIMING SUMMARY
======================================================================
Input Reading (×16).................................   0.223 s  (   4.7 %)
  Settings Parsing (×16)..............................   0.190 s  (  85.4 %)
  Coordinate Section Parsing (×16)....................   0.004 s  (   1.6 %)
  Post-Processing Expansion (×16).....................   0.000 s  (   0.0 %)
MLP Initialization (×16)............................   9.631 s  ( 201.8 %)
Job Dispatching (×16)...............................  75.594 s  (1584.1 %)
  Frequency Calculation (×6)..........................   1.983 s  (   2.6 %)
  IRC Calculation (×4)................................  18.715 s  (  24.8 %)
  Single Point Energy Calculation.....................   1.246 s  (   1.6 %)
  Optimization (×5)...................................  53.640 s  (  71.0 %)
======================================================================
Total wall time: 4.772 s
Total CPU time: 81.514 s
======================================================================

Program ended: 2026-02-03 13:10:57
TOTAL RUN TIME: 0 days 0 hours 0 minutes 4 seconds 772 msec
