
**********************************************************************
*                                                                    *
*                        M   A   P   L   E                           *
*                                                                    *
*      MAchine-learning Potential for Landscape Exploration          *
*                                                                    *
*                                                                    *
*      © 2025 University of Pittsburgh. All rights reserved.         *
*      Licensed under CC BY 4.0 for academic use.                    *
*                                                                    *
*      Principal Developer:  Xujian Wang                             *
*                                                                    *
**********************************************************************


Parsing # commands...
Global parameter: model = uma
Task set to 'opt'
Global parameter: device = gpu0
Parsed configuration:
----------------------------------------
Task: opt
model          : uma
method         : sd
device         : gpu0

                             Coordinates                              
**********************************************************************

Group 1 (inline)
--------------------
1    C             -0.778126            -1.067561             0.321059
2    C              1.302553             0.052120            -0.028299
3    C             -0.971993             1.456249             0.823657
4    C              1.981229            -0.418433             1.250175
5    C              2.264033             0.435168            -1.133107
6    N              0.291164            -0.876821            -0.500399
7    N             -2.019163            -1.372006            -0.233112
8    O             -1.664734             1.630223            -0.401837
9    H             -2.258632             0.870139            -0.475899
10   H              0.027849            -0.678312            -1.458495
11   H             -0.609759            -1.367856             1.341178
12   H              0.681264             0.918300             0.286941
13   H             -2.573263            -2.057361             0.257412
14   H             -2.052428            -1.504542            -1.233823
15   H             -0.368993             2.351392             0.991747
16   H             -1.639609             1.294215             1.674653
17   H              2.764449             0.291462             1.522846
18   H              1.725114             0.730695            -2.037794
19   H              2.435593            -1.406098             1.134215
20   H              1.273005            -0.447224             2.080579
21   H              2.850345             1.298697            -0.814322
22   H              2.960009            -0.368806            -1.388910

======================================================================
SDCG Parameters
======================================================================
mode:              SD only
max_step:          0.2
max_iter:          256
sd_enabled:        True
cg_enabled:        False
sd_max_iter:       50
cg_switch_fmax:    0.0
cg_restart_thresh: 0.2
cg_beta_method:    prp+
diis_enabled:      True
diis_store_every:  5
diis_memory:       6
write_traj:        False
traj_every:        1
verbose:           1
======================================================================


----------------------------------------------------------------------
                          Iteration: 1 [SD]                           


                             Coordinates                              
----------------------------------------------------------------------
0    C               -0.7788              -1.0578               0.3220
1    C                1.3046               0.0514              -0.0285
2    C               -0.9796               1.4494               0.8249
3    C                1.9817              -0.4190               1.2489
4    C                2.2650               0.4341              -1.1335
5    N                0.2922              -0.8786              -0.5009
6    N               -2.0170              -1.3711              -0.2321
7    O               -1.6648               1.6300              -0.4014
8    H               -2.2584               0.8708              -0.4762
9    H                0.0276              -0.6779              -1.4580
10   H               -0.6097              -1.3683               1.3410
11   H                0.6825               0.9184               0.2859
12   H               -2.5728              -2.0567               0.2575
13   H               -2.0518              -1.5045              -1.2335
14   H               -0.3685               2.3500               0.9916
15   H               -1.6403               1.2956               1.6743
16   H                2.7643               0.2912               1.5228
17   H                1.7252               0.7306              -2.0375
18   H                2.4355              -1.4060               1.1342
19   H                1.2729              -0.4474               2.0803
20   H                2.8504               1.2983              -0.8144
21   H                2.9598              -0.3688              -1.3889


Energy:                 -383.529243 Convergence criteria  Is converged 
Maximum Force:             0.047339     0.002850  No
RMS Force:                 0.014253     0.001900  No
Maximum Displacement:      0.009717     0.003150  No
RMS Displacement:          0.003254     0.002100  No

----------------------------------------------------------------------
                          Iteration: 2 [SD]                           


                             Coordinates                              
----------------------------------------------------------------------
0    C               -0.7795              -1.0484               0.3238
1    C                1.3061               0.0510              -0.0289
2    C               -0.9843               1.4442               0.8253
3    C                1.9821              -0.4194               1.2482
4    C                2.2658               0.4335              -1.1339
5    N                0.2934              -0.8801              -0.5012
6    N               -2.0154              -1.3702              -0.2316
7    O               -1.6652               1.6298              -0.4011
8    H               -2.2584               0.8712              -0.4768
9    H                0.0273              -0.6776              -1.4577
10   H               -0.6096              -1.3685               1.3404
11   H                0.6841               0.9182               0.2848
12   H               -2.5722              -2.0558               0.2577
13   H               -2.0510              -1.5043              -1.2329
14   H               -0.3690               2.3468               0.9913
15   H               -1.6422               1.2967               1.6750
16   H                2.7642               0.2909               1.5227
17   H                1.7253               0.7304              -2.0372
18   H                2.4355              -1.4061               1.1341
19   H                1.2730              -0.4476               2.0798
20   H                2.8504               1.2980              -0.8144
21   H                2.9598              -0.3690              -1.3890


Energy:                 -383.530119 Convergence criteria  Is converged 
Maximum Force:             0.046188     0.002850  No
RMS Force:                 0.013806     0.001900  No
Maximum Displacement:      0.009468     0.003150  No
RMS Displacement:          0.002851     0.002100  No

----------------------------------------------------------------------
                          Iteration: 3 [SD]                           


                             Coordinates                              
----------------------------------------------------------------------
0    C               -0.7803              -1.0391               0.3257
1    C                1.3072               0.0506              -0.0294
2    C               -0.9879               1.4395               0.8254
3    C                1.9825              -0.4197               1.2476
4    C                2.2665               0.4330              -1.1343
5    N                0.2946              -0.8813              -0.5013
6    N               -2.0140              -1.3693              -0.2311
7    O               -1.6659               1.6296              -0.4007
8    H               -2.2588               0.8714              -0.4776
9    H                0.0271              -0.6771              -1.4573
10   H               -0.6096              -1.3686               1.3398
11   H                0.6858               0.9179               0.2836
12   H               -2.5713              -2.0548               0.2579
13   H               -2.0501              -1.5040              -1.2322
14   H               -0.3697               2.3428               0.9910
15   H               -1.6447               1.2977               1.6760
16   H                2.7642               0.2907               1.5226
17   H                1.7254               0.7302              -2.0370
18   H                2.4355              -1.4062               1.1341
19   H                1.2731              -0.4478               2.0793
20   H                2.8505               1.2976              -0.8145
21   H                2.9599              -0.3694              -1.3892


Energy:                 -383.530952 Convergence criteria  Is converged 
Maximum Force:             0.045056     0.002850  No
RMS Force:                 0.013675     0.001900  No
Maximum Displacement:      0.009238     0.003150  No
RMS Displacement:          0.002761     0.002100  No

----------------------------------------------------------------------
                          Iteration: 4 [SD]                           


                             Coordinates                              
----------------------------------------------------------------------
0    C               -0.7810              -1.0301               0.3277
1    C                1.3081               0.0504              -0.0299
2    C               -0.9909               1.4350               0.8253
3    C                1.9828              -0.4200               1.2472
4    C                2.2672               0.4327              -1.1346
5    N                0.2957              -0.8823              -0.5013
6    N               -2.0128              -1.3682              -0.2306
7    O               -1.6666               1.6295              -0.4004
8    H               -2.2593               0.8715              -0.4786
9    H                0.0269              -0.6767              -1.4569
10   H               -0.6095              -1.3685               1.3391
11   H                0.6876               0.9176               0.2824
12   H               -2.5704              -2.0537               0.2582
13   H               -2.0492              -1.5037              -1.2315
14   H               -0.3706               2.3384               0.9906
15   H               -1.6473               1.2985               1.6771
16   H                2.7641               0.2904               1.5225
17   H                1.7255               0.7300              -2.0368
18   H                2.4356              -1.4065               1.1340
19   H                1.2732              -0.4480               2.0787
20   H                2.8507               1.2972              -0.8146
21   H                2.9601              -0.3698              -1.3894


Energy:                 -383.531773 Convergence criteria  Is converged 
Maximum Force:             0.043947     0.002850  No
RMS Force:                 0.013622     0.001900  No
Maximum Displacement:      0.009011     0.003150  No
RMS Displacement:          0.002735     0.002100  No

----------------------------------------------------------------------
                          Iteration: 5 [SD]                           


                             Coordinates                              
----------------------------------------------------------------------
0    C               -0.7818              -1.0213               0.3298
1    C                1.3090               0.0501              -0.0304
2    C               -0.9937               1.4305               0.8253
3    C                1.9831              -0.4203               1.2469
4    C                2.2678               0.4323              -1.1349
5    N                0.2967              -0.8831              -0.5013
6    N               -2.0118              -1.3669              -0.2301
7    O               -1.6675               1.6295              -0.4000
8    H               -2.2599               0.8716              -0.4796
9    H                0.0267              -0.6763              -1.4565
10   H               -0.6095              -1.3684               1.3385
11   H                0.6895               0.9174               0.2811
12   H               -2.5694              -2.0525               0.2585
13   H               -2.0481              -1.5034              -1.2309
14   H               -0.3714               2.3336               0.9903
15   H               -1.6500               1.2993               1.6782
16   H                2.7642               0.2902               1.5224
17   H                1.7257               0.7298              -2.0366
18   H                2.4357              -1.4068               1.1339
19   H                1.2733              -0.4482               2.0780
20   H                2.8509               1.2969              -0.8147
21   H                2.9604              -0.3703              -1.3896


Energy:                 -383.532589 Convergence criteria  Is converged 
Maximum Force:             0.042870     0.002850  No
RMS Force:                 0.013599     0.001900  No
Maximum Displacement:      0.008789     0.003150  No
RMS Displacement:          0.002724     0.002100  No

----------------------------------------------------------------------
                          Iteration: 6 [SD]                           


                             Coordinates                              
----------------------------------------------------------------------
0    C               -0.7826              -1.0128               0.3318
1    C                1.3098               0.0499              -0.0309
2    C               -0.9964               1.4260               0.8251
3    C                1.9835              -0.4205               1.2465
4    C                2.2685               0.4320              -1.1352
5    N                0.2976              -0.8838              -0.5011
6    N               -2.0108              -1.3655              -0.2296
7    O               -1.6685               1.6294              -0.3997
8    H               -2.2607               0.8716              -0.4807
9    H                0.0266              -0.6759              -1.4561
10   H               -0.6095              -1.3681               1.3379
11   H                0.6915               0.9171               0.2798
12   H               -2.5683              -2.0514               0.2589
13   H               -2.0470              -1.5030              -1.2302
14   H               -0.3721               2.3286               0.9900
15   H               -1.6528               1.3001               1.6792
16   H                2.7642               0.2900               1.5224
17   H                1.7258               0.7296              -2.0364
18   H                2.4359              -1.4071               1.1338
19   H                1.2734              -0.4484               2.0774
20   H                2.8511               1.2966              -0.8148
21   H                2.9607              -0.3708              -1.3898


Energy:                 -383.533402 Convergence criteria  Is converged 
Maximum Force:             0.041832     0.002850  No
RMS Force:                 0.013595     0.001900  No
Maximum Displacement:      0.008574     0.003150  No
RMS Displacement:          0.002720     0.002100  No

----------------------------------------------------------------------
                          Iteration: 7 [SD]                           


                             Coordinates                              
----------------------------------------------------------------------
0    C               -0.7835              -1.0044               0.3338
1    C                1.3105               0.0497              -0.0314
2    C               -0.9991               1.4214               0.8250
3    C                1.9838              -0.4208               1.2462
4    C                2.2691               0.4317              -1.1355
5    N                0.2985              -0.8844              -0.5010
6    N               -2.0100              -1.3639              -0.2291
7    O               -1.6696               1.6293              -0.3992
8    H               -2.2615               0.8716              -0.4820
9    H                0.0265              -0.6755              -1.4556
10   H               -0.6095              -1.3677               1.3373
11   H                0.6936               0.9170               0.2785
12   H               -2.5672              -2.0501               0.2593
13   H               -2.0459              -1.5026              -1.2295
14   H               -0.3727               2.3233               0.9897
15   H               -1.6555               1.3007               1.6801
16   H                2.7643               0.2897               1.5223
17   H                1.7259               0.7294              -2.0363
18   H                2.4360              -1.4073               1.1337
19   H                1.2735              -0.4486               2.0768
20   H                2.8514               1.2963              -0.8149
21   H                2.9610              -0.3713              -1.3901


Energy:                 -383.534216 Convergence criteria  Is converged 
Maximum Force:             0.040846     0.002850  No
RMS Force:                 0.013605     0.001900  No
Maximum Displacement:      0.008366     0.003150  No
RMS Displacement:          0.002719     0.002100  No

----------------------------------------------------------------------
                          Iteration: 8 [SD]                           


                             Coordinates                              
----------------------------------------------------------------------
0    C               -0.7843              -0.9962               0.3358
1    C                1.3113               0.0495              -0.0318
2    C               -1.0018               1.4169               0.8248
3    C                1.9842              -0.4210               1.2459
4    C                2.2698               0.4314              -1.1358
5    N                0.2992              -0.8849              -0.5007
6    N               -2.0092              -1.3622              -0.2285
7    O               -1.6707               1.6292              -0.3988
8    H               -2.2625               0.8716              -0.4833
9    H                0.0265              -0.6750              -1.4551
10   H               -0.6095              -1.3672               1.3368
11   H                0.6958               0.9168               0.2772
12   H               -2.5660              -2.0488               0.2598
13   H               -2.0447              -1.5022              -1.2288
14   H               -0.3733               2.3179               0.9895
15   H               -1.6583               1.3012               1.6810
16   H                2.7645               0.2895               1.5223
17   H                1.7261               0.7292              -2.0362
18   H                2.4362              -1.4077               1.1336
19   H                1.2736              -0.4489               2.0763
20   H                2.8518               1.2961              -0.8150
21   H                2.9613              -0.3717              -1.3904


Energy:                 -383.535030 Convergence criteria  Is converged 
Maximum Force:             0.039920     0.002850  No
RMS Force:                 0.013630     0.001900  No
Maximum Displacement:      0.008169     0.003150  No
RMS Displacement:          0.002721     0.002100  No

----------------------------------------------------------------------
                          Iteration: 9 [SD]                           


                             Coordinates                              
----------------------------------------------------------------------
0    C               -0.7852              -0.9882               0.3378
1    C                1.3120               0.0493              -0.0323
2    C               -1.0046               1.4124               0.8246
3    C                1.9846              -0.4212               1.2456
4    C                2.2704               0.4311              -1.1361
5    N                0.2999              -0.8853              -0.5004
6    N               -2.0086              -1.3603              -0.2280
7    O               -1.6720               1.6291              -0.3983
8    H               -2.2635               0.8715              -0.4847
9    H                0.0264              -0.6746              -1.4546
10   H               -0.6095              -1.3665               1.3363
11   H                0.6981               0.9168               0.2759
12   H               -2.5647              -2.0475               0.2603
13   H               -2.0434              -1.5017              -1.2281
14   H               -0.3738               2.3123               0.9892
15   H               -1.6611               1.3017               1.6818
16   H                2.7646               0.2893               1.5223
17   H                1.7263               0.7290              -2.0361
18   H                2.4363              -1.4080               1.1334
19   H                1.2737              -0.4491               2.0757
20   H                2.8522               1.2958              -0.8151
21   H                2.9616              -0.3722              -1.3907


Energy:                 -383.535849 Convergence criteria  Is converged 
Maximum Force:             0.039064     0.002850  No
RMS Force:                 0.013670     0.001900  No
Maximum Displacement:      0.007984     0.003150  No
RMS Displacement:          0.002726     0.002100  No

----------------------------------------------------------------------
                          Iteration: 10 [SD]                          


                             Coordinates                              
----------------------------------------------------------------------
0    C               -0.7860              -0.9804               0.3397
1    C                1.3128               0.0492              -0.0327
2    C               -1.0073               1.4078               0.8244
3    C                1.9850              -0.4214               1.2454
4    C                2.2711               0.4308              -1.1364
5    N                0.3005              -0.8856              -0.5001
6    N               -2.0081              -1.3582              -0.2274
7    O               -1.6732               1.6289              -0.3978
8    H               -2.2646               0.8715              -0.4861
9    H                0.0264              -0.6741              -1.4540
10   H               -0.6095              -1.3658               1.3358
11   H                0.7004               0.9168               0.2745
12   H               -2.5634              -2.0462               0.2608
13   H               -2.0420              -1.5013              -1.2273
14   H               -0.3742               2.3065               0.9890
15   H               -1.6639               1.3020               1.6825
16   H                2.7648               0.2891               1.5223
17   H                1.7264               0.7288              -2.0361
18   H                2.4365              -1.4083               1.1333
19   H                1.2738              -0.4493               2.0751
20   H                2.8526               1.2955              -0.8153
21   H                2.9620              -0.3727              -1.3910


Energy:                 -383.536673 Convergence criteria  Is converged 
Maximum Force:             0.038286     0.002850  No
RMS Force:                 0.013727     0.001900  No
Maximum Displacement:      0.007813     0.003150  No
RMS Displacement:          0.002734     0.002100  No

----------------------------------------------------------------------
                          Iteration: 11 [SD]                          


                             Coordinates                              
----------------------------------------------------------------------
0    C               -0.7869              -0.9728               0.3417
1    C                1.3135               0.0491              -0.0332
2    C               -1.0101               1.4032               0.8242
3    C                1.9854              -0.4216               1.2451
4    C                2.2717               0.4305              -1.1367
5    N                0.3011              -0.8858              -0.4998
6    N               -2.0077              -1.3561              -0.2269
7    O               -1.6745               1.6287              -0.3973
8    H               -2.2657               0.8714              -0.4877
9    H                0.0264              -0.6737              -1.4535
10   H               -0.6096              -1.3650               1.3353
11   H                0.7028               0.9169               0.2731
12   H               -2.5621              -2.0448               0.2614
13   H               -2.0407              -1.5008              -1.2266
14   H               -0.3745               2.3006               0.9888
15   H               -1.6667               1.3023               1.6831
16   H                2.7650               0.2890               1.5223
17   H                1.7266               0.7286              -2.0360
18   H                2.4366              -1.4086               1.1332
19   H                1.2739              -0.4496               2.0745
20   H                2.8530               1.2953              -0.8154
21   H                2.9623              -0.3732              -1.3913


Energy:                 -383.537504 Convergence criteria  Is converged 
Maximum Force:             0.037591     0.002850  No
RMS Force:                 0.013800     0.001900  No
Maximum Displacement:      0.007657     0.003150  No
RMS Displacement:          0.002745     0.002100  No

----------------------------------------------------------------------
                          Iteration: 12 [SD]                          


                             Coordinates                              
----------------------------------------------------------------------
0    C               -0.7877              -0.9653               0.3436
1    C                1.3143               0.0490              -0.0336
2    C               -1.0129               1.3986               0.8239
3    C                1.9858              -0.4218               1.2448
4    C                2.2724               0.4303              -1.1370
5    N                0.3016              -0.8860              -0.4994
6    N               -2.0074              -1.3537              -0.2263
7    O               -1.6759               1.6285              -0.3968
8    H               -2.2670               0.8713              -0.4892
9    H                0.0265              -0.6733              -1.4529
10   H               -0.6097              -1.3641               1.3349
11   H                0.7053               0.9171               0.2718
12   H               -2.5607              -2.0434               0.2620
13   H               -2.0392              -1.5003              -1.2258
14   H               -0.3748               2.2946               0.9885
15   H               -1.6695               1.3024               1.6837
16   H                2.7653               0.2888               1.5223
17   H                1.7268               0.7284              -2.0360
18   H                2.4368              -1.4089               1.1330
19   H                1.2740              -0.4498               2.0740
20   H                2.8535               1.2951              -0.8156
21   H                2.9627              -0.3737              -1.3916


Energy:                 -383.538344 Convergence criteria  Is converged 
Maximum Force:             0.036984     0.002850  No
RMS Force:                 0.013890     0.001900  No
Maximum Displacement:      0.007518     0.003150  No
RMS Displacement:          0.002760     0.002100  No

----------------------------------------------------------------------
                          Iteration: 13 [SD]                          


                             Coordinates                              
----------------------------------------------------------------------
0    C               -0.7886              -0.9579               0.3456
1    C                1.3150               0.0489              -0.0339
2    C               -1.0158               1.3939               0.8236
3    C                1.9862              -0.4220               1.2446
4    C                2.2731               0.4300              -1.1373
5    N                0.3020              -0.8861              -0.4989
6    N               -2.0072              -1.3513              -0.2257
7    O               -1.6774               1.6282              -0.3963
8    H               -2.2683               0.8712              -0.4909
9    H                0.0265              -0.6728              -1.4524
10   H               -0.6098              -1.3631               1.3345
11   H                0.7078               0.9174               0.2704
12   H               -2.5593              -2.0420               0.2626
13   H               -2.0378              -1.4997              -1.2250
14   H               -0.3749               2.2884               0.9883
15   H               -1.6723               1.3025               1.6843
16   H                2.7655               0.2886               1.5223
17   H                1.7270               0.7282              -2.0360
18   H                2.4370              -1.4091               1.1329
19   H                1.2741              -0.4501               2.0734
20   H                2.8539               1.2948              -0.8157
21   H                2.9630              -0.3741              -1.3919


Energy:                 -383.539196 Convergence criteria  Is converged 
Maximum Force:             0.036467     0.002850  No
RMS Force:                 0.013997     0.001900  No
Maximum Displacement:      0.007397     0.003150  No
RMS Displacement:          0.002778     0.002100  No

----------------------------------------------------------------------
                          Iteration: 14 [SD]                          


                             Coordinates                              
----------------------------------------------------------------------
0    C               -0.7895              -0.9506               0.3475
1    C                1.3157               0.0488              -0.0343
2    C               -1.0186               1.3892               0.8233
3    C                1.9866              -0.4222               1.2444
4    C                2.2737               0.4297              -1.1376
5    N                0.3024              -0.8862              -0.4985
6    N               -2.0071              -1.3488              -0.2250
7    O               -1.6788               1.6279              -0.3958
8    H               -2.2696               0.8710              -0.4925
9    H                0.0265              -0.6723              -1.4518
10   H               -0.6100              -1.3620               1.3341
11   H                0.7104               0.9177               0.2690
12   H               -2.5579              -2.0405               0.2632
13   H               -2.0362              -1.4992              -1.2242
14   H               -0.3751               2.2820               0.9882
15   H               -1.6751               1.3024               1.6848
16   H                2.7658               0.2884               1.5223
17   H                1.7273               0.7280              -2.0360
18   H                2.4372              -1.4094               1.1327
19   H                1.2742              -0.4504               2.0729
20   H                2.8544               1.2946              -0.8159
21   H                2.9634              -0.3746              -1.3922


Energy:                 -383.540062 Convergence criteria  Is converged 
Maximum Force:             0.036041     0.002850  No
RMS Force:                 0.014120     0.001900  No
Maximum Displacement:      0.007293     0.003150  No
RMS Displacement:          0.002799     0.002100  No

----------------------------------------------------------------------
                      Iteration: 15 [SD] (GDIIS)                      


                             Coordinates                              
----------------------------------------------------------------------
0    C               -0.7731              -1.0668               0.3137
1    C                1.3026               0.0480              -0.0294
2    C               -0.9635               1.4790               0.8318
3    C                1.9775              -0.4197               1.2474
4    C                2.2609               0.4340              -1.1317
5    N                0.3024              -0.8931              -0.5111
6    N               -1.9978              -1.4120              -0.2380
7    O               -1.6447               1.6365              -0.4075
8    H               -2.2360               0.8752              -0.4541
9    H                0.0238              -0.6814              -1.4642
10   H               -0.6052              -1.3942               1.3374
11   H                0.6545               0.9033               0.2953
12   H               -2.5888              -2.0712               0.2488
13   H               -2.0701              -1.5114              -1.2415
14   H               -0.3821               2.4168               0.9900
15   H               -1.6227               1.3142               1.6829
16   H                2.7579               0.2912               1.5206
17   H                1.7218               0.7321              -2.0338
18   H                2.4333              -1.4042               1.1364
19   H                1.2718              -0.4449               2.0820
20   H                2.8416               1.2982              -0.8115
21   H                2.9558              -0.3661              -1.3851


Energy:                 -383.525407 Convergence criteria  Is converged 
Maximum Force:             0.029400     0.002850  No
RMS Force:                 0.011854     0.001900  No
Maximum Displacement:      0.134734     0.003150  No
RMS Displacement:          0.054733     0.002100  No

----------------------------------------------------------------------
                          Iteration: 16 [SD]                          


                             Coordinates                              
----------------------------------------------------------------------
0    C               -0.7728              -1.0621               0.3170
1    C                1.3030               0.0477              -0.0300
2    C               -0.9666               1.4776               0.8314
3    C                1.9778              -0.4199               1.2471
4    C                2.2614               0.4340              -1.1318
5    N                0.3016              -0.8931              -0.5099
6    N               -1.9984              -1.4109              -0.2384
7    O               -1.6451               1.6359              -0.4056
8    H               -2.2365               0.8755              -0.4554
9    H                0.0241              -0.6811              -1.4635
10   H               -0.6052              -1.3931               1.3348
11   H                0.6569               0.9031               0.2938
12   H               -2.5870              -2.0699               0.2494
13   H               -2.0687              -1.5108              -1.2405
14   H               -0.3835               2.4109               0.9897
15   H               -1.6244               1.3153               1.6829
16   H                2.7581               0.2912               1.5205
17   H                1.7218               0.7319              -2.0338
18   H                2.4334              -1.4047               1.1363
19   H                1.2717              -0.4451               2.0813
20   H                2.8421               1.2982              -0.8114
21   H                2.9562              -0.3668              -1.3854


Energy:                 -383.525993 Convergence criteria  Is converged 
Maximum Force:             0.027148     0.002850  No
RMS Force:                 0.010958     0.001900  No
Maximum Displacement:      0.005880     0.003150  No
RMS Displacement:          0.002371     0.002100  No

----------------------------------------------------------------------
                          Iteration: 17 [SD]                          


                             Coordinates                              
----------------------------------------------------------------------
0    C               -0.7735              -1.0572               0.3189
1    C                1.3035               0.0473              -0.0304
2    C               -0.9697               1.4756               0.8312
3    C                1.9782              -0.4202               1.2468
4    C                2.2619               0.4339              -1.1320
5    N                0.3013              -0.8931              -0.5090
6    N               -1.9983              -1.4092              -0.2381
7    O               -1.6457               1.6355              -0.4041
8    H               -2.2371               0.8755              -0.4566
9    H                0.0244              -0.6808              -1.4628
10   H               -0.6050              -1.3924               1.3334
11   H                0.6593               0.9030               0.2924
12   H               -2.5854              -2.0688               0.2500
13   H               -2.0673              -1.5104              -1.2400
14   H               -0.3844               2.4055               0.9894
15   H               -1.6264               1.3162               1.6830
16   H                2.7583               0.2911               1.5204
17   H                1.7218               0.7317              -2.0338
18   H                2.4336              -1.4052               1.1362
19   H                1.2717              -0.4454               2.0807
20   H                2.8425               1.2982              -0.8113
21   H                2.9566              -0.3673              -1.3857


Energy:                 -383.526515 Convergence criteria  Is converged 
Maximum Force:             0.025785     0.002850  No
RMS Force:                 0.010751     0.001900  No
Maximum Displacement:      0.005430     0.003150  No
RMS Displacement:          0.002192     0.002100  No

----------------------------------------------------------------------
                          Iteration: 18 [SD]                          


                             Coordinates                              
----------------------------------------------------------------------
0    C               -0.7744              -1.0522               0.3203
1    C                1.3039               0.0469              -0.0308
2    C               -0.9727               1.4732               0.8311
3    C                1.9785              -0.4205               1.2465
4    C                2.2624               0.4337              -1.1322
5    N                0.3011              -0.8929              -0.5083
6    N               -1.9981              -1.4073              -0.2377
7    O               -1.6465               1.6352              -0.4030
8    H               -2.2378               0.8755              -0.4579
9    H                0.0246              -0.6805              -1.4620
10   H               -0.6049              -1.3918               1.3324
11   H                0.6617               0.9030               0.2910
12   H               -2.5839              -2.0678               0.2507
13   H               -2.0659              -1.5099              -1.2396
14   H               -0.3851               2.4003               0.9891
15   H               -1.6285               1.3171               1.6833
16   H                2.7585               0.2910               1.5203
17   H                1.7218               0.7315              -2.0339
18   H                2.4337              -1.4056               1.1361
19   H                1.2716              -0.4457               2.0801
20   H                2.8429               1.2982              -0.8113
21   H                2.9569              -0.3678              -1.3860


Energy:                 -383.527022 Convergence criteria  Is converged 
Maximum Force:             0.025319     0.002850  No
RMS Force:                 0.010722     0.001900  No
Maximum Displacement:      0.005157     0.003150  No
RMS Displacement:          0.002150     0.002100  No

----------------------------------------------------------------------
                          Iteration: 19 [SD]                          


                             Coordinates                              
----------------------------------------------------------------------
0    C               -0.7753              -1.0472               0.3216
1    C                1.3044               0.0466              -0.0311
2    C               -0.9755               1.4704               0.8311
3    C                1.9789              -0.4207               1.2462
4    C                2.2630               0.4335              -1.1325
5    N                0.3010              -0.8928              -0.5076
6    N               -1.9980              -1.4054              -0.2372
7    O               -1.6475               1.6350              -0.4022
8    H               -2.2386               0.8755              -0.4592
9    H                0.0248              -0.6803              -1.4612
10   H               -0.6047              -1.3912               1.3317
11   H                0.6640               0.9031               0.2896
12   H               -2.5824              -2.0667               0.2514
13   H               -2.0645              -1.5095              -1.2391
14   H               -0.3856               2.3953               0.9889
15   H               -1.6307               1.3179               1.6837
16   H                2.7586               0.2909               1.5202
17   H                1.7218               0.7314              -2.0339
18   H                2.4338              -1.4061               1.1360
19   H                1.2716              -0.4460               2.0795
20   H                2.8434               1.2981              -0.8113
21   H                2.9572              -0.3683              -1.3862


Energy:                 -383.527529 Convergence criteria  Is converged 
Maximum Force:             0.025643     0.002850  No
RMS Force:                 0.010781     0.001900  No
Maximum Displacement:      0.005064     0.003150  No
RMS Displacement:          0.002144     0.002100  No

----------------------------------------------------------------------
                      Iteration: 20 [SD] (GDIIS)                      


                             Coordinates                              
----------------------------------------------------------------------
0    C               -0.7494              -1.2385               0.2738
1    C                1.2830               0.0420              -0.0248
2    C               -0.9004               1.6254               0.8451
3    C                1.9653              -0.4184               1.2498
4    C                2.2433               0.4408              -1.1231
5    N                0.2920              -0.8998              -0.5201
6    N               -1.9867              -1.5036              -0.2599
7    O               -1.5913               1.6465              -0.4100
8    H               -2.1832               0.8833              -0.4010
9    H                0.0234              -0.6953              -1.4763
10   H               -0.5946              -1.4411               1.3248
11   H                0.5841               0.8787               0.3250
12   H               -2.6230              -2.1139               0.2323
13   H               -2.1124              -1.5272              -1.2662
14   H               -0.4040               2.5953               0.9908
15   H               -1.5491               1.3470               1.6784
16   H                2.7464               0.2961               1.5162
17   H                1.7116               0.7374              -2.0310
18   H                2.4281              -1.4011               1.1419
19   H                1.2659              -0.4387               2.0908
20   H                2.8246               1.3059              -0.8022
21   H                2.9464              -0.3571              -1.3758


Energy:                 -383.512923 Convergence criteria  Is converged 
Maximum Force:             0.033908     0.002850  No
RMS Force:                 0.015252     0.001900  No
Maximum Displacement:      0.200000     0.003150  No
RMS Displacement:          0.085128     0.002100  No

----------------------------------------------------------------------
                          Iteration: 21 [SD]                          


                             Coordinates                              
----------------------------------------------------------------------
0    C               -0.7473              -1.2345               0.2784
1    C                1.2812               0.0421              -0.0244
2    C               -0.9072               1.6249               0.8428
3    C                1.9657              -0.4188               1.2495
4    C                2.2435               0.4409              -1.1231
5    N                0.2932              -0.9018              -0.5214
6    N               -1.9918              -1.5031              -0.2629
7    O               -1.5892               1.6462              -0.4063
8    H               -2.1826               0.8837              -0.4011
9    H                0.0236              -0.6952              -1.4756
10   H               -0.5943              -1.4415               1.3227
11   H                0.5878               0.8798               0.3239
12   H               -2.6208              -2.1134               0.2321
13   H               -2.1108              -1.5274              -1.2638
14   H               -0.4049               2.5925               0.9903
15   H               -1.5488               1.3484               1.6782
16   H                2.7463               0.2960               1.5159
17   H                1.7115               0.7371              -2.0308
18   H                2.4280              -1.4015               1.1418
19   H                1.2659              -0.4391               2.0901
20   H                2.8247               1.3058              -0.8020
21   H                2.9463              -0.3573              -1.3759


Energy:                 -383.513797 Convergence criteria  Is converged 
Maximum Force:             0.030097     0.002850  No
RMS Force:                 0.012013     0.001900  No
Maximum Displacement:      0.006782     0.003150  No
RMS Displacement:          0.003050     0.002100  No

----------------------------------------------------------------------
                          Iteration: 22 [SD]                          


                             Coordinates                              
----------------------------------------------------------------------
0    C               -0.7480              -1.2310               0.2806
1    C                1.2798               0.0423              -0.0243
2    C               -0.9132               1.6257               0.8410
3    C                1.9659              -0.4192               1.2492
4    C                2.2436               0.4410              -1.1229
5    N                0.2951              -0.9038              -0.5224
6    N               -1.9939              -1.5012              -0.2632
7    O               -1.5877               1.6457              -0.4032
8    H               -2.1820               0.8839              -0.4013
9    H                0.0236              -0.6950              -1.4752
10   H               -0.5939              -1.4422               1.3221
11   H                0.5919               0.8808               0.3226
12   H               -2.6194              -2.1136               0.2321
13   H               -2.1094              -1.5279              -1.2633
14   H               -0.4056               2.5894               0.9898
15   H               -1.5489               1.3493               1.6783
16   H                2.7462               0.2959               1.5156
17   H                1.7113               0.7369              -2.0307
18   H                2.4279              -1.4020               1.1417
19   H                1.2659              -0.4396               2.0895
20   H                2.8248               1.3057              -0.8018
21   H                2.9461              -0.3576              -1.3759


Energy:                 -383.514407 Convergence criteria  Is converged 
Maximum Force:             0.027350     0.002850  No
RMS Force:                 0.011182     0.001900  No
Maximum Displacement:      0.006019     0.003150  No
RMS Displacement:          0.002403     0.002100  No

----------------------------------------------------------------------
                          Iteration: 23 [SD]                          


                             Coordinates                              
----------------------------------------------------------------------
0    C               -0.7491              -1.2275               0.2822
1    C                1.2787               0.0427              -0.0242
2    C               -0.9187               1.6270               0.8398
3    C                1.9661              -0.4195               1.2490
4    C                2.2436               0.4411              -1.1226
5    N                0.2969              -0.9059              -0.5232
6    N               -1.9955              -1.4989              -0.2630
7    O               -1.5867               1.6453              -0.4009
8    H               -2.1814               0.8841              -0.4015
9    H                0.0236              -0.6947              -1.4748
10   H               -0.5935              -1.4431               1.3219
11   H                0.5960               0.8817               0.3212
12   H               -2.6182              -2.1140               0.2321
13   H               -2.1081              -1.5285              -1.2632
14   H               -0.4062               2.5864               0.9892
15   H               -1.5493               1.3499               1.6787
16   H                2.7461               0.2958               1.5154
17   H                1.7112               0.7366              -2.0305
18   H                2.4279              -1.4024               1.1416
19   H                1.2659              -0.4402               2.0889
20   H                2.8249               1.3056              -0.8016
21   H                2.9458              -0.3578              -1.3759


Energy:                 -383.514942 Convergence criteria  Is converged 
Maximum Force:             0.025332     0.002850  No
RMS Force:                 0.010634     0.001900  No
Maximum Displacement:      0.005470     0.003150  No
RMS Displacement:          0.002236     0.002100  No

----------------------------------------------------------------------
                          Iteration: 24 [SD]                          


                             Coordinates                              
----------------------------------------------------------------------
0    C               -0.7503              -1.2242               0.2836
1    C                1.2779               0.0430              -0.0242
2    C               -0.9238               1.6284               0.8390
3    C                1.9662              -0.4198               1.2487
4    C                2.2435               0.4412              -1.1224
5    N                0.2986              -0.9081              -0.5240
6    N               -1.9970              -1.4964              -0.2627
7    O               -1.5860               1.6449              -0.3992
8    H               -2.1809               0.8841              -0.4018
9    H                0.0235              -0.6945              -1.4746
10   H               -0.5930              -1.4441               1.3219
11   H                0.6002               0.8825               0.3198
12   H               -2.6170              -2.1145               0.2321
13   H               -2.1069              -1.5292              -1.2631
14   H               -0.4066               2.5837               0.9887
15   H               -1.5499               1.3503               1.6794
16   H                2.7460               0.2958               1.5151
17   H                1.7111               0.7364              -2.0303
18   H                2.4278              -1.4029               1.1414
19   H                1.2659              -0.4407               2.0883
20   H                2.8250               1.3056              -0.8015
21   H                2.9455              -0.3580              -1.3758


Energy:                 -383.515429 Convergence criteria  Is converged 
Maximum Force:             0.023765     0.002850  No
RMS Force:                 0.010218     0.001900  No
Maximum Displacement:      0.005066     0.003150  No
RMS Displacement:          0.002127     0.002100  No

----------------------------------------------------------------------
                      Iteration: 25 [SD] (GDIIS)                      


                             Coordinates                              
----------------------------------------------------------------------
0    C               -0.7484              -1.2460               0.2718
1    C                1.2822               0.0418              -0.0245
2    C               -0.8973               1.6314               0.8457
3    C                1.9648              -0.4183               1.2499
4    C                2.2425               0.4411              -1.1227
5    N                0.2916              -0.8999              -0.5205
6    N               -1.9862              -1.5075              -0.2607
7    O               -1.5891               1.6469              -0.4104
8    H               -2.1811               0.8836              -0.3987
9    H                0.0234              -0.6959              -1.4769
10   H               -0.5942              -1.4430               1.3245
11   H                0.5808               0.8777               0.3265
12   H               -2.6246              -2.1157               0.2315
13   H               -2.1143              -1.5278              -1.2672
14   H               -0.4047               2.6031               0.9908
15   H               -1.5460               1.3480               1.6782
16   H                2.7460               0.2963               1.5161
17   H                1.7113               0.7376              -2.0309
18   H                2.4278              -1.4009               1.1421
19   H                1.2657              -0.4384               2.0913
20   H                2.8239               1.3062              -0.8019
21   H                2.9460              -0.3566              -1.3754


Energy:                 -383.512413 Convergence criteria  Is converged 
Maximum Force:             0.034978     0.002850  No
RMS Force:                 0.015857     0.001900  No
Maximum Displacement:      0.026436     0.003150  No
RMS Displacement:          0.011567     0.002100  No

----------------------------------------------------------------------
                          Iteration: 26 [SD]                          


                             Coordinates                              
----------------------------------------------------------------------
0    C               -0.7460              -1.2420               0.2766
1    C                1.2803               0.0419              -0.0242
2    C               -0.9043               1.6308               0.8432
3    C                1.9651              -0.4187               1.2496
4    C                2.2428               0.4412              -1.1227
5    N                0.2927              -0.9021              -0.5218
6    N               -1.9915              -1.5070              -0.2639
7    O               -1.5870               1.6467              -0.4065
8    H               -2.1804               0.8840              -0.3988
9    H                0.0235              -0.6957              -1.4762
10   H               -0.5940              -1.4434               1.3224
11   H                0.5846               0.8789               0.3254
12   H               -2.6223              -2.1152               0.2313
13   H               -2.1126              -1.5281              -1.2647
14   H               -0.4056               2.6003               0.9904
15   H               -1.5455               1.3496               1.6779
16   H                2.7458               0.2962               1.5158
17   H                1.7111               0.7373              -2.0307
18   H                2.4278              -1.4013               1.1420
19   H                1.2657              -0.4388               2.0906
20   H                2.8239               1.3061              -0.8017
21   H                2.9458              -0.3569              -1.3755


Energy:                 -383.513349 Convergence criteria  Is converged 
Maximum Force:             0.030925     0.002850  No
RMS Force:                 0.012300     0.001900  No
Maximum Displacement:      0.006996     0.003150  No
RMS Displacement:          0.003171     0.002100  No

----------------------------------------------------------------------
                          Iteration: 27 [SD]                          


                             Coordinates                              
----------------------------------------------------------------------
0    C               -0.7467              -1.2386               0.2789
1    C                1.2788               0.0421              -0.0241
2    C               -0.9105               1.6315               0.8413
3    C                1.9654              -0.4191               1.2494
4    C                2.2428               0.4413              -1.1225
5    N                0.2947              -0.9041              -0.5229
6    N               -1.9937              -1.5050              -0.2643
7    O               -1.5854               1.6462              -0.4033
8    H               -2.1797               0.8843              -0.3990
9    H                0.0235              -0.6956              -1.4758
10   H               -0.5936              -1.4441               1.3217
11   H                0.5887               0.8800               0.3241
12   H               -2.6209              -2.1155               0.2313
13   H               -2.1113              -1.5286              -1.2642
14   H               -0.4064               2.5972               0.9898
15   H               -1.5455               1.3505               1.6780
16   H                2.7457               0.2961               1.5155
17   H                1.7109               0.7371              -2.0305
18   H                2.4277              -1.4018               1.1419
19   H                1.2657              -0.4393               2.0899
20   H                2.8240               1.3060              -0.8015
21   H                2.9456              -0.3571              -1.3755


Energy:                 -383.513987 Convergence criteria  Is converged 
Maximum Force:             0.028023     0.002850  No
RMS Force:                 0.011401     0.001900  No
Maximum Displacement:      0.006185     0.003150  No
RMS Displacement:          0.002460     0.002100  No

----------------------------------------------------------------------
                          Iteration: 28 [SD]                          


                             Coordinates                              
----------------------------------------------------------------------
0    C               -0.7478              -1.2352               0.2806
1    C                1.2776               0.0425              -0.0240
2    C               -0.9161               1.6329               0.8400
3    C                1.9655              -0.4194               1.2491
4    C                2.2428               0.4415              -1.1222
5    N                0.2966              -0.9063              -0.5238
6    N               -1.9954              -1.5027              -0.2641
7    O               -1.5842               1.6458              -0.4009
8    H               -2.1791               0.8845              -0.3991
9    H                0.0235              -0.6953              -1.4754
10   H               -0.5931              -1.4450               1.3215
11   H                0.5930               0.8809               0.3227
12   H               -2.6197              -2.1159               0.2312
13   H               -2.1100              -1.5293              -1.2641
14   H               -0.4070               2.5942               0.9893
15   H               -1.5457               1.3511               1.6784
16   H                2.7456               0.2960               1.5152
17   H                1.7108               0.7369              -2.0304
18   H                2.4276              -1.4022               1.1418
19   H                1.2657              -0.4399               2.0894
20   H                2.8241               1.3060              -0.8013
21   H                2.9454              -0.3573              -1.3754


Energy:                 -383.514543 Convergence criteria  Is converged 
Maximum Force:             0.025901     0.002850  No
RMS Force:                 0.010813     0.001900  No
Maximum Displacement:      0.005605     0.003150  No
RMS Displacement:          0.002280     0.002100  No

----------------------------------------------------------------------
                          Iteration: 29 [SD]                          


                             Coordinates                              
----------------------------------------------------------------------
0    C               -0.7489              -1.2319               0.2820
1    C                1.2768               0.0428              -0.0239
2    C               -0.9213               1.6344               0.8392
3    C                1.9656              -0.4197               1.2489
4    C                2.2427               0.4416              -1.1220
5    N                0.2983              -0.9085              -0.5246
6    N               -1.9969              -1.5001              -0.2638
7    O               -1.5835               1.6454              -0.3991
8    H               -2.1786               0.8845              -0.3994
9    H                0.0235              -0.6951              -1.4751
10   H               -0.5927              -1.4459               1.3215
11   H                0.5972               0.8817               0.3212
12   H               -2.6186              -2.1164               0.2312
13   H               -2.1087              -1.5300              -1.2640
14   H               -0.4075               2.5915               0.9887
15   H               -1.5463               1.3515               1.6790
16   H                2.7455               0.2960               1.5149
17   H                1.7107               0.7366              -2.0302
18   H                2.4275              -1.4026               1.1416
19   H                1.2657              -0.4405               2.0888
20   H                2.8243               1.3059              -0.8011
21   H                2.9450              -0.3575              -1.3753


Energy:                 -383.515046 Convergence criteria  Is converged 
Maximum Force:             0.024262     0.002850  No
RMS Force:                 0.010369     0.001900  No
Maximum Displacement:      0.005180     0.003150  No
RMS Displacement:          0.002163     0.002100  No

----------------------------------------------------------------------
                      Iteration: 30 [SD] (GDIIS)                      


                             Coordinates                              
----------------------------------------------------------------------
0    C               -0.7553              -1.2098               0.2803
1    C                1.2871               0.0421              -0.0261
2    C               -0.9110               1.6114               0.8462
3    C                1.9673              -0.4192               1.2489
4    C                2.2463               0.4396              -1.1245
5    N                0.2939              -0.9005              -0.5188
6    N               -1.9863              -1.4935              -0.2570
7    O               -1.5983               1.6447              -0.4100
8    H               -2.1897               0.8815              -0.4081
9    H                0.0237              -0.6934              -1.4742
10   H               -0.5944              -1.4384               1.3253
11   H                0.5954               0.8798               0.3188
12   H               -2.6176              -2.1087               0.2352
13   H               -2.1063              -1.5252              -1.2641
14   H               -0.4027               2.5724               0.9906
15   H               -1.5628               1.3452               1.6814
16   H                2.7478               0.2953               1.5164
17   H                1.7127               0.7365              -2.0312
18   H                2.4289              -1.4023               1.1412
19   H                1.2664              -0.4397               2.0886
20   H                2.8269               1.3049              -0.8030
21   H                2.9480              -0.3589              -1.3773


Energy:                 -383.514532 Convergence criteria  Is converged 
Maximum Force:             0.035239     0.002850  No
RMS Force:                 0.015172     0.001900  No
Maximum Displacement:      0.023067     0.003150  No
RMS Displacement:          0.012013     0.002100  No

----------------------------------------------------------------------
                          Iteration: 31 [SD]                          


                             Coordinates                              
----------------------------------------------------------------------
0    C               -0.7529              -1.2059               0.2849
1    C                1.2853               0.0422              -0.0257
2    C               -0.9181               1.6100               0.8439
3    C                1.9677              -0.4196               1.2487
4    C                2.2466               0.4397              -1.1246
5    N                0.2950              -0.9022              -0.5199
6    N               -1.9912              -1.4931              -0.2601
7    O               -1.5965               1.6445              -0.4063
8    H               -2.1892               0.8818              -0.4083
9    H                0.0238              -0.6933              -1.4735
10   H               -0.5943              -1.4387               1.3233
11   H                0.5991               0.8808               0.3176
12   H               -2.6155              -2.1082               0.2351
13   H               -2.1046              -1.5253              -1.2616
14   H               -0.4032               2.5701               0.9902
15   H               -1.5626               1.3467               1.6810
16   H                2.7477               0.2952               1.5162
17   H                1.7126               0.7362              -2.0310
18   H                2.4289              -1.4028               1.1411
19   H                1.2663              -0.4402               2.0879
20   H                2.8270               1.3048              -0.8029
21   H                2.9479              -0.3592              -1.3774


Energy:                 -383.515383 Convergence criteria  Is converged 
Maximum Force:             0.029718     0.002850  No
RMS Force:                 0.011588     0.001900  No
Maximum Displacement:      0.007048     0.003150  No
RMS Displacement:          0.003034     0.002100  No

----------------------------------------------------------------------
                          Iteration: 32 [SD]                          


                             Coordinates                              
----------------------------------------------------------------------
0    C               -0.7535              -1.2023               0.2870
1    C                1.2839               0.0424              -0.0256
2    C               -0.9240               1.6102               0.8421
3    C                1.9680              -0.4200               1.2485
4    C                2.2467               0.4398              -1.1244
5    N                0.2967              -0.9040              -0.5207
6    N               -1.9932              -1.4912              -0.2604
7    O               -1.5952               1.6441              -0.4034
8    H               -2.1887               0.8821              -0.4086
9    H                0.0238              -0.6931              -1.4730
10   H               -0.5940              -1.4394               1.3227
11   H                0.6031               0.8817               0.3163
12   H               -2.6141              -2.1083               0.2351
13   H               -2.1033              -1.5257              -1.2611
14   H               -0.4038               2.5671               0.9898
15   H               -1.5629               1.3476               1.6811
16   H                2.7477               0.2951               1.5159
17   H                1.7125               0.7360              -2.0309
18   H                2.4289              -1.4032               1.1410
19   H                1.2663              -0.4406               2.0872
20   H                2.8272               1.3047              -0.8028
21   H                2.9478              -0.3594              -1.3775


Energy:                 -383.515948 Convergence criteria  Is converged 
Maximum Force:             0.026283     0.002850  No
RMS Force:                 0.010699     0.001900  No
Maximum Displacement:      0.005944     0.003150  No
RMS Displacement:          0.002318     0.002100  No

----------------------------------------------------------------------
                          Iteration: 33 [SD]                          


                             Coordinates                              
----------------------------------------------------------------------
0    C               -0.7545              -1.1989               0.2886
1    C                1.2829               0.0427              -0.0255
2    C               -0.9293               1.6111               0.8409
3    C                1.9682              -0.4203               1.2482
4    C                2.2468               0.4398              -1.1242
5    N                0.2983              -0.9058              -0.5214
6    N               -1.9947              -1.4890              -0.2603
7    O               -1.5944               1.6437              -0.4011
8    H               -2.1883               0.8822              -0.4089
9    H                0.0238              -0.6929              -1.4727
10   H               -0.5936              -1.4402               1.3226
11   H                0.6071               0.8826               0.3149
12   H               -2.6129              -2.1085               0.2352
13   H               -2.1020              -1.5262              -1.2609
14   H               -0.4043               2.5642               0.9894
15   H               -1.5635               1.3483               1.6815
16   H                2.7476               0.2950               1.5157
17   H                1.7125               0.7358              -2.0308
18   H                2.4289              -1.4037               1.1408
19   H                1.2664              -0.4412               2.0867
20   H                2.8274               1.3046              -0.8026
21   H                2.9477              -0.3597              -1.3775


Energy:                 -383.516438 Convergence criteria  Is converged 
Maximum Force:             0.024003     0.002850  No
RMS Force:                 0.010156     0.001900  No
Maximum Displacement:      0.005257     0.003150  No
RMS Displacement:          0.002140     0.002100  No

----------------------------------------------------------------------
                          Iteration: 34 [SD]                          


                             Coordinates                              
----------------------------------------------------------------------
0    C               -0.7556              -1.1955               0.2900
1    C                1.2823               0.0429              -0.0255
2    C               -0.9341               1.6121               0.8402
3    C                1.9683              -0.4206               1.2480
4    C                2.2468               0.4399              -1.1241
5    N                0.2997              -0.9077              -0.5220
6    N               -1.9960              -1.4866              -0.2600
7    O               -1.5940               1.6434              -0.3995
8    H               -2.1880               0.8822              -0.4093
9    H                0.0238              -0.6926              -1.4724
10   H               -0.5932              -1.4411               1.3225
11   H                0.6111               0.8835               0.3135
12   H               -2.6118              -2.1089               0.2353
13   H               -2.1007              -1.5268              -1.2608
14   H               -0.4047               2.5614               0.9889
15   H               -1.5644               1.3487               1.6820
16   H                2.7476               0.2949               1.5155
17   H                1.7124               0.7356              -2.0306
18   H                2.4288              -1.4041               1.1407
19   H                1.2664              -0.4417               2.0861
20   H                2.8275               1.3045              -0.8025
21   H                2.9475              -0.3599              -1.3775


Energy:                 -383.516882 Convergence criteria  Is converged 
Maximum Force:             0.022355     0.002850  No
RMS Force:                 0.009759     0.001900  No
Maximum Displacement:      0.004801     0.003150  No
RMS Displacement:          0.002031     0.002100  Yes

----------------------------------------------------------------------
                      Iteration: 35 [SD] (GDIIS)                      


                             Coordinates                              
----------------------------------------------------------------------
0    C               -0.7690              -1.1542               0.2917
1    C                1.2943               0.0387              -0.0295
2    C               -0.9348               1.6247               0.8595
3    C                1.9708              -0.4235               1.2463
4    C                2.2519               0.4366              -1.1275
5    N                0.3039              -0.9134              -0.5221
6    N               -1.9758              -1.5059              -0.2592
7    O               -1.6009               1.6444              -0.4118
8    H               -2.1886               0.8762              -0.4094
9    H                0.0233              -0.6922              -1.4723
10   H               -0.5869              -1.4644               1.3234
11   H                0.6126               0.8695               0.3034
12   H               -2.6142              -2.1106               0.2390
13   H               -2.1024              -1.5261              -1.2678
14   H               -0.4067               2.5830               0.9920
15   H               -1.5936               1.3609               1.6973
16   H                2.7479               0.2929               1.5152
17   H                1.7131               0.7351              -2.0298
18   H                2.4308              -1.4069               1.1409
19   H                1.2654              -0.4414               2.0814
20   H                2.8278               1.3028              -0.8024
21   H                2.9510              -0.3625              -1.3799


Energy:                 -383.515910 Convergence criteria  Is converged 
Maximum Force:             0.040265     0.002850  No
RMS Force:                 0.019288     0.001900  No
Maximum Displacement:      0.041262     0.003150  No
RMS Displacement:          0.017154     0.002100  No

----------------------------------------------------------------------
                          Iteration: 36 [SD]                          


                             Coordinates                              
----------------------------------------------------------------------
0    C               -0.7650              -1.1531               0.2982
1    C                1.2915               0.0386              -0.0292
2    C               -0.9429               1.6236               0.8559
3    C                1.9713              -0.4238               1.2462
4    C                2.2520               0.4370              -1.1273
5    N                0.3039              -0.9145              -0.5224
6    N               -1.9819              -1.5054              -0.2631
7    O               -1.5990               1.6443              -0.4061
8    H               -2.1878               0.8769              -0.4096
9    H                0.0237              -0.6920              -1.4716
10   H               -0.5875              -1.4636               1.3196
11   H                0.6170               0.8713               0.3021
12   H               -2.6116              -2.1096               0.2387
13   H               -2.1005              -1.5262              -1.2645
14   H               -0.4077               2.5791               0.9917
15   H               -1.5924               1.3628               1.6956
16   H                2.7481               0.2928               1.5151
17   H                1.7131               0.7348              -2.0298
18   H                2.4308              -1.4073               1.1408
19   H                1.2654              -0.4420               2.0809
20   H                2.8283               1.3027              -0.8024
21   H                2.9511              -0.3628              -1.3802


Energy:                 -383.517211 Convergence criteria  Is converged 
Maximum Force:             0.032555     0.002850  No
RMS Force:                 0.012956     0.001900  No
Maximum Displacement:      0.008053     0.003150  No
RMS Displacement:          0.003858     0.002100  No

----------------------------------------------------------------------
                          Iteration: 37 [SD]                          


                             Coordinates                              
----------------------------------------------------------------------
0    C               -0.7649              -1.1520               0.3006
1    C                1.2897               0.0386              -0.0292
2    C               -0.9494               1.6239               0.8533
3    C                1.9715              -0.4240               1.2460
4    C                2.2520               0.4372              -1.1271
5    N                0.3047              -0.9156              -0.5225
6    N               -1.9841              -1.5032              -0.2633
7    O               -1.5978               1.6441              -0.4017
8    H               -2.1871               0.8774              -0.4100
9    H                0.0239              -0.6918              -1.4711
10   H               -0.5877              -1.4636               1.3181
11   H                0.6213               0.8730               0.3009
12   H               -2.6100              -2.1094               0.2387
13   H               -2.0990              -1.5265              -1.2636
14   H               -0.4087               2.5749               0.9913
15   H               -1.5920               1.3640               1.6945
16   H                2.7483               0.2927               1.5150
17   H                1.7132               0.7346              -2.0299
18   H                2.4309              -1.4078               1.1407
19   H                1.2654              -0.4426               2.0803
20   H                2.8287               1.3027              -0.8024
21   H                2.9511              -0.3631              -1.3803


Energy:                 -383.517890 Convergence criteria  Is converged 
Maximum Force:             0.027337     0.002850  No
RMS Force:                 0.011086     0.001900  No
Maximum Displacement:      0.006511     0.003150  No
RMS Displacement:          0.002591     0.002100  No

----------------------------------------------------------------------
                          Iteration: 38 [SD]                          


                             Coordinates                              
----------------------------------------------------------------------
0    C               -0.7654              -1.1507               0.3020
1    C                1.2885               0.0386              -0.0291
2    C               -0.9548               1.6248               0.8515
3    C                1.9717              -0.4242               1.2458
4    C                2.2519               0.4372              -1.1268
5    N                0.3054              -0.9169              -0.5226
6    N               -1.9856              -1.5005              -0.2629
7    O               -1.5973               1.6439              -0.3986
8    H               -2.1866               0.8778              -0.4103
9    H                0.0240              -0.6916              -1.4705
10   H               -0.5876              -1.4640               1.3174
11   H                0.6255               0.8748               0.2996
12   H               -2.6087              -2.1095               0.2388
13   H               -2.0976              -1.5270              -1.2632
14   H               -0.4096               2.5709               0.9908
15   H               -1.5921               1.3649               1.6939
16   H                2.7485               0.2927               1.5148
17   H                1.7132               0.7343              -2.0299
18   H                2.4309              -1.4082               1.1405
19   H                1.2655              -0.4432               2.0799
20   H                2.8291               1.3027              -0.8023
21   H                2.9510              -0.3632              -1.3804


Energy:                 -383.518402 Convergence criteria  Is converged 
Maximum Force:             0.023809     0.002850  No
RMS Force:                 0.009998     0.001900  No
Maximum Displacement:      0.005467     0.003150  No
RMS Displacement:          0.002217     0.002100  No

----------------------------------------------------------------------
                          Iteration: 39 [SD]                          


                             Coordinates                              
----------------------------------------------------------------------
0    C               -0.7660              -1.1492               0.3030
1    C                1.2878               0.0386              -0.0291
2    C               -0.9596               1.6258               0.8504
3    C                1.9718              -0.4244               1.2456
4    C                2.2518               0.4373              -1.1266
5    N                0.3061              -0.9181              -0.5227
6    N               -1.9871              -1.4977              -0.2623
7    O               -1.5972               1.6438              -0.3964
8    H               -2.1861               0.8779              -0.4107
9    H                0.0241              -0.6914              -1.4700
10   H               -0.5876              -1.4645               1.3171
11   H                0.6296               0.8765               0.2983
12   H               -2.6075              -2.1096               0.2388
13   H               -2.0962              -1.5275              -1.2628
14   H               -0.4103               2.5672               0.9904
15   H               -1.5925               1.3655               1.6937
16   H                2.7487               0.2926               1.5147
17   H                1.7133               0.7341              -2.0300
18   H                2.4309              -1.4085               1.1403
19   H                1.2655              -0.4438               2.0794
20   H                2.8295               1.3026              -0.8023
21   H                2.9508              -0.3634              -1.3804


Energy:                 -383.518824 Convergence criteria  Is converged 
Maximum Force:             0.021327     0.002850  No
RMS Force:                 0.009284     0.001900  No
Maximum Displacement:      0.004762     0.003150  No
RMS Displacement:          0.002000     0.002100  Yes

----------------------------------------------------------------------
                      Iteration: 40 [SD] (GDIIS)                      


                             Coordinates                              
----------------------------------------------------------------------
0    C               -0.7687              -1.1527               0.2921
1    C                1.2942               0.0388              -0.0296
2    C               -0.9348               1.6219               0.8586
3    C                1.9708              -0.4234               1.2462
4    C                2.2518               0.4366              -1.1274
5    N                0.3042              -0.9133              -0.5220
6    N               -1.9758              -1.5047              -0.2588
7    O               -1.6011               1.6445              -0.4115
8    H               -2.1888               0.8766              -0.4097
9    H                0.0232              -0.6920              -1.4722
10   H               -0.5873              -1.4631               1.3233
11   H                0.6126               0.8700               0.3037
12   H               -2.6140              -2.1101               0.2388
13   H               -2.1022              -1.5260              -1.2673
14   H               -0.4070               2.5802               0.9917
15   H               -1.5931               1.3605               1.6971
16   H                2.7479               0.2929               1.5152
17   H                1.7131               0.7351              -2.0297
18   H                2.4307              -1.4067               1.1409
19   H                1.2655              -0.4414               2.0816
20   H                2.8278               1.3027              -0.8025
21   H                2.9509              -0.3625              -1.3799


Energy:                 -383.516052 Convergence criteria  Is converged 
Maximum Force:             0.039534     0.002850  No
RMS Force:                 0.018871     0.001900  No
Maximum Displacement:      0.024792     0.003150  No
RMS Displacement:          0.009765     0.002100  No

----------------------------------------------------------------------
                          Iteration: 41 [SD]                          


                             Coordinates                              
----------------------------------------------------------------------
0    C               -0.7648              -1.1517               0.2984
1    C                1.2915               0.0387              -0.0293
2    C               -0.9427               1.6209               0.8552
3    C                1.9712              -0.4236               1.2461
4    C                2.2520               0.4370              -1.1273
5    N                0.3041              -0.9144              -0.5224
6    N               -1.9818              -1.5042              -0.2627
7    O               -1.5993               1.6444              -0.4060
8    H               -2.1881               0.8772              -0.4100
9    H                0.0236              -0.6918              -1.4716
10   H               -0.5879              -1.4623               1.3196
11   H                0.6170               0.8717               0.3024
12   H               -2.6114              -2.1091               0.2386
13   H               -2.1003              -1.5260              -1.2640
14   H               -0.4080               2.5763               0.9914
15   H               -1.5921               1.3623               1.6954
16   H                2.7481               0.2928               1.5151
17   H                1.7131               0.7348              -2.0298
18   H                2.4308              -1.4072               1.1408
19   H                1.2655              -0.4420               2.0810
20   H                2.8283               1.3027              -0.8025
21   H                2.9510              -0.3628              -1.3801


Energy:                 -383.517299 Convergence criteria  Is converged 
Maximum Force:             0.032065     0.002850  No
RMS Force:                 0.012739     0.001900  No
Maximum Displacement:      0.007907     0.003150  No
RMS Displacement:          0.003774     0.002100  No

----------------------------------------------------------------------
                          Iteration: 42 [SD]                          


                             Coordinates                              
----------------------------------------------------------------------
0    C               -0.7648              -1.1505               0.3008
1    C                1.2897               0.0387              -0.0292
2    C               -0.9491               1.6213               0.8527
3    C                1.9715              -0.4239               1.2460
4    C                2.2519               0.4372              -1.1270
5    N                0.3048              -0.9155              -0.5224
6    N               -1.9840              -1.5020              -0.2629
7    O               -1.5982               1.6441              -0.4017
8    H               -2.1875               0.8777              -0.4104
9    H                0.0238              -0.6916              -1.4710
10   H               -0.5880              -1.4623               1.3182
11   H                0.6213               0.8734               0.3011
12   H               -2.6098              -2.1089               0.2386
13   H               -2.0988              -1.5263              -1.2632
14   H               -0.4089               2.5722               0.9910
15   H               -1.5917               1.3635               1.6944
16   H                2.7483               0.2928               1.5150
17   H                1.7132               0.7345              -2.0299
18   H                2.4308              -1.4077               1.1406
19   H                1.2655              -0.4426               2.0804
20   H                2.8287               1.3027              -0.8024
21   H                2.9510              -0.3631              -1.3802


Energy:                 -383.517956 Convergence criteria  Is converged 
Maximum Force:             0.027001     0.002850  No
RMS Force:                 0.010945     0.001900  No
Maximum Displacement:      0.006413     0.003150  No
RMS Displacement:          0.002548     0.002100  No

----------------------------------------------------------------------
                          Iteration: 43 [SD]                          


                             Coordinates                              
----------------------------------------------------------------------
0    C               -0.7653              -1.1492               0.3021
1    C                1.2886               0.0387              -0.0292
2    C               -0.9545               1.6222               0.8510
3    C                1.9716              -0.4241               1.2458
4    C                2.2519               0.4372              -1.1268
5    N                0.3055              -0.9167              -0.5225
6    N               -1.9856              -1.4993              -0.2624
7    O               -1.5977               1.6439              -0.3987
8    H               -2.1870               0.8780              -0.4108
9    H                0.0239              -0.6915              -1.4704
10   H               -0.5879              -1.4627               1.3175
11   H                0.6255               0.8750               0.2998
12   H               -2.6085              -2.1089               0.2387
13   H               -2.0974              -1.5268              -1.2627
14   H               -0.4097               2.5683               0.9906
15   H               -1.5919               1.3643               1.6938
16   H                2.7485               0.2927               1.5149
17   H                1.7132               0.7343              -2.0299
18   H                2.4308              -1.4081               1.1404
19   H                1.2656              -0.4432               2.0800
20   H                2.8292               1.3026              -0.8024
21   H                2.9509              -0.3633              -1.3803


Energy:                 -383.518456 Convergence criteria  Is converged 
Maximum Force:             0.023574     0.002850  No
RMS Force:                 0.009905     0.001900  No
Maximum Displacement:      0.005400     0.003150  No
RMS Displacement:          0.002189     0.002100  No

----------------------------------------------------------------------
                          Iteration: 44 [SD]                          


                             Coordinates                              
----------------------------------------------------------------------
0    C               -0.7659              -1.1478               0.3031
1    C                1.2879               0.0387              -0.0292
2    C               -0.9592               1.6231               0.8500
3    C                1.9718              -0.4243               1.2456
4    C                2.2518               0.4373              -1.1266
5    N                0.3062              -0.9179              -0.5226
6    N               -1.9870              -1.4965              -0.2620
7    O               -1.5976               1.6438              -0.3965
8    H               -2.1866               0.8781              -0.4112
9    H                0.0241              -0.6913              -1.4699
10   H               -0.5879              -1.4632               1.3172
11   H                0.6296               0.8767               0.2985
12   H               -2.6073              -2.1090               0.2388
13   H               -2.0959              -1.5273              -1.2624
14   H               -0.4103               2.5646               0.9902
15   H               -1.5923               1.3649               1.6936
16   H                2.7487               0.2926               1.5147
17   H                1.7133               0.7341              -2.0299
18   H                2.4309              -1.4084               1.1402
19   H                1.2656              -0.4438               2.0795
20   H                2.8296               1.3026              -0.8023
21   H                2.9507              -0.3634              -1.3804


Energy:                 -383.518872 Convergence criteria  Is converged 
Maximum Force:             0.021161     0.002850  No
RMS Force:                 0.009223     0.001900  No
Maximum Displacement:      0.004715     0.003150  No
RMS Displacement:          0.001981     0.002100  Yes

----------------------------------------------------------------------
                      Iteration: 45 [SD] (GDIIS)                      


                             Coordinates                              
----------------------------------------------------------------------
0    C               -0.8034              -0.9748               0.3458
1    C                1.3146               0.0372              -0.0378
2    C               -1.0368               1.5578               0.8622
3    C                1.9863              -0.4308               1.2407
4    C                2.2722               0.4282              -1.1367
5    N                0.3175              -0.9243              -0.5141
6    N               -1.9830              -1.4441              -0.2466
7    O               -1.6452               1.6347              -0.3943
8    H               -2.2253               0.8632              -0.4534
9    H                0.0261              -0.6800              -1.4571
10   H               -0.5863              -1.4649               1.3208
11   H                0.7090               0.8862               0.2535
12   H               -2.5768              -2.0812               0.2579
13   H               -2.0580              -1.5168              -1.2519
14   H               -0.3993               2.4471               0.9937
15   H               -1.6907               1.3614               1.7126
16   H                2.7601               0.2857               1.5173
17   H                1.7226               0.7282              -2.0323
18   H                2.4384              -1.4176               1.1355
19   H                1.2682              -0.4515               2.0638
20   H                2.8465               1.2948              -0.8090
21   H                2.9633              -0.3750              -1.3922


Energy:                 -383.524355 Convergence criteria  Is converged 
Maximum Force:             0.036423     0.002850  No
RMS Force:                 0.018772     0.001900  No
Maximum Displacement:      0.172991     0.003150  No
RMS Displacement:          0.064819     0.002100  No

----------------------------------------------------------------------
                          Iteration: 46 [SD]                          


                             Coordinates                              
----------------------------------------------------------------------
0    C               -0.7977              -0.9820               0.3487
1    C                1.3154               0.0341              -0.0391
2    C               -1.0402               1.5542               0.8599
3    C                1.9865              -0.4307               1.2406
4    C                2.2727               0.4282              -1.1369
5    N                0.3138              -0.9213              -0.5101
6    N               -1.9844              -1.4391              -0.2462
7    O               -1.6465               1.6358              -0.3922
8    H               -2.2254               0.8635              -0.4541
9    H                0.0265              -0.6797              -1.4567
10   H               -0.5884              -1.4602               1.3161
11   H                0.7098               0.8907               0.2537
12   H               -2.5756              -2.0804               0.2580
13   H               -2.0565              -1.5169              -1.2503
14   H               -0.3999               2.4425               0.9939
15   H               -1.6913               1.3623               1.7114
16   H                2.7606               0.2855               1.5174
17   H                1.7229               0.7279              -2.0325
18   H                2.4385              -1.4179               1.1352
19   H                1.2684              -0.4520               2.0635
20   H                2.8472               1.2946              -0.8093
21   H                2.9636              -0.3753              -1.3926


Energy:                 -383.525688 Convergence criteria  Is converged 
Maximum Force:             0.026689     0.002850  No
RMS Force:                 0.014112     0.001900  No
Maximum Displacement:      0.007285     0.003150  No
RMS Displacement:          0.003754     0.002100  No

----------------------------------------------------------------------
                          Iteration: 47 [SD]                          


                             Coordinates                              
----------------------------------------------------------------------
0    C               -0.7945              -0.9874               0.3493
1    C                1.3155               0.0328              -0.0396
2    C               -1.0424               1.5510               0.8585
3    C                1.9868              -0.4307               1.2404
4    C                2.2732               0.4278              -1.1373
5    N                0.3113              -0.9187              -0.5078
6    N               -1.9855              -1.4343              -0.2447
7    O               -1.6484               1.6366              -0.3911
8    H               -2.2257               0.8637              -0.4549
9    H                0.0268              -0.6797              -1.4557
10   H               -0.5899              -1.4569               1.3137
11   H                0.7111               0.8939               0.2536
12   H               -2.5743              -2.0796               0.2579
13   H               -2.0549              -1.5170              -1.2490
14   H               -0.4007               2.4378               0.9940
15   H               -1.6923               1.3631               1.7105
16   H                2.7611               0.2853               1.5175
17   H                1.7233               0.7276              -2.0326
18   H                2.4387              -1.4181               1.1350
19   H                1.2686              -0.4526               2.0632
20   H                2.8479               1.2943              -0.8095
21   H                2.9640              -0.3755              -1.3930


Energy:                 -383.526491 Convergence criteria  Is converged 
Maximum Force:             0.022958     0.002850  No
RMS Force:                 0.012031     0.001900  No
Maximum Displacement:      0.005338     0.003150  No
RMS Displacement:          0.002822     0.002100  No

----------------------------------------------------------------------
                          Iteration: 48 [SD]                          


                             Coordinates                              
----------------------------------------------------------------------
0    C               -0.7925              -0.9913               0.3489
1    C                1.3155               0.0325              -0.0396
2    C               -1.0439               1.5478               0.8575
3    C                1.9872              -0.4309               1.2403
4    C                2.2737               0.4273              -1.1376
5    N                0.3097              -0.9163              -0.5062
6    N               -1.9866              -1.4298              -0.2434
7    O               -1.6504               1.6374              -0.3904
8    H               -2.2260               0.8639              -0.4558
9    H                0.0270              -0.6797              -1.4546
10   H               -0.5909              -1.4544               1.3127
11   H                0.7127               0.8966               0.2534
12   H               -2.5729              -2.0787               0.2578
13   H               -2.0532              -1.5171              -1.2477
14   H               -0.4015               2.4332               0.9941
15   H               -1.6935               1.3637               1.7098
16   H                2.7615               0.2851               1.5175
17   H                1.7236               0.7274              -2.0328
18   H                2.4389              -1.4182               1.1349
19   H                1.2688              -0.4531               2.0629
20   H                2.8485               1.2940              -0.8096
21   H                2.9644              -0.3758              -1.3935


Energy:                 -383.527096 Convergence criteria  Is converged 
Maximum Force:             0.022269     0.002850  No
RMS Force:                 0.010941     0.001900  No
Maximum Displacement:      0.004592     0.003150  No
RMS Displacement:          0.002406     0.002100  No

----------------------------------------------------------------------
                          Iteration: 49 [SD]                          


                             Coordinates                              
----------------------------------------------------------------------
0    C               -0.7911              -0.9943               0.3483
1    C                1.3156               0.0326              -0.0395
2    C               -1.0451               1.5445               0.8569
3    C                1.9874              -0.4310               1.2401
4    C                2.2740               0.4267              -1.1379
5    N                0.3086              -0.9143              -0.5051
6    N               -1.9878              -1.4254              -0.2422
7    O               -1.6525               1.6382              -0.3901
8    H               -2.2265               0.8639              -0.4567
9    H                0.0270              -0.6796              -1.4536
10   H               -0.5917              -1.4523               1.3123
11   H                0.7144               0.8990               0.2532
12   H               -2.5716              -2.0778               0.2577
13   H               -2.0516              -1.5172              -1.2463
14   H               -0.4022               2.4288               0.9943
15   H               -1.6949               1.3643               1.7092
16   H                2.7619               0.2848               1.5176
17   H                1.7240               0.7271              -2.0330
18   H                2.4390              -1.4184               1.1347
19   H                1.2690              -0.4536               2.0626
20   H                2.8490               1.2936              -0.8098
21   H                2.9648              -0.3761              -1.3940


Energy:                 -383.527606 Convergence criteria  Is converged 
Maximum Force:             0.021630     0.002850  No
RMS Force:                 0.010290     0.001900  No
Maximum Displacement:      0.004454     0.003150  No
RMS Displacement:          0.002188     0.002100  No

----------------------------------------------------------------------
                      Iteration: 50 [SD] (GDIIS)                      


                             Coordinates                              
----------------------------------------------------------------------
0    C               -0.7752              -1.0917               0.3265
1    C                1.3023               0.0403              -0.0325
2    C               -1.0106               1.5701               0.8442
3    C                1.9815              -0.4256               1.2445
4    C                2.2637               0.4311              -1.1322
5    N                0.3045              -0.9084              -0.5114
6    N               -2.0037              -1.4267              -0.2431
7    O               -1.6395               1.6395              -0.3908
8    H               -2.2193               0.8687              -0.4434
9    H                0.0258              -0.6832              -1.4612
10   H               -0.5985              -1.4401               1.3231
11   H                0.6882               0.9117               0.2764
12   H               -2.5867              -2.0882               0.2480
13   H               -2.0654              -1.5228              -1.2484
14   H               -0.3947               2.4631               0.9947
15   H               -1.6481               1.3442               1.6903
16   H                2.7609               0.2874               1.5193
17   H                1.7237               0.7295              -2.0345
18   H                2.4364              -1.4115               1.1356
19   H                1.2702              -0.4509               2.0736
20   H                2.8453               1.2957              -0.8106
21   H                2.9591              -0.3687              -1.3895


Energy:                 -383.525003 Convergence criteria  Is converged 
Maximum Force:             0.017641     0.002850  No
RMS Force:                 0.008642     0.001900  No
Maximum Displacement:      0.097414     0.003150  No
RMS Displacement:          0.030505     0.002100  No

----------------------------------------------------------------------
                          Iteration: 51 [SD]                          


                             Coordinates                              
----------------------------------------------------------------------
0    C               -0.7756              -1.0882               0.3250
1    C                1.3019               0.0416              -0.0320
2    C               -1.0129               1.5687               0.8452
3    C                1.9818              -0.4258               1.2442
4    C                2.2643               0.4309              -1.1326
5    N                0.3050              -0.9089              -0.5113
6    N               -2.0051              -1.4246              -0.2432
7    O               -1.6405               1.6399              -0.3915
8    H               -2.2195               0.8683              -0.4438
9    H                0.0256              -0.6830              -1.4603
10   H               -0.5980              -1.4411               1.3248
11   H                0.6911               0.9116               0.2752
12   H               -2.5854              -2.0876               0.2477
13   H               -2.0640              -1.5232              -1.2470
14   H               -0.3952               2.4607               0.9944
15   H               -1.6496               1.3445               1.6909
16   H                2.7609               0.2872               1.5191
17   H                1.7237               0.7293              -2.0344
18   H                2.4364              -1.4117               1.1353
19   H                1.2703              -0.4513               2.0732
20   H                2.8456               1.2955              -0.8106
21   H                2.9592              -0.3692              -1.3897


Energy:                 -383.525302 Convergence criteria  Is converged 
Maximum Force:             0.014910     0.002850  No
RMS Force:                 0.007463     0.001900  No
Maximum Displacement:      0.003528     0.003150  No
RMS Displacement:          0.001728     0.002100  Yes

----------------------------------------------------------------------
                          Iteration: 52 [SD]                          


                             Coordinates                              
----------------------------------------------------------------------
0    C               -0.7762              -1.0852               0.3251
1    C                1.3020               0.0423              -0.0319
2    C               -1.0150               1.5673               0.8458
3    C                1.9820              -0.4260               1.2439
4    C                2.2647               0.4307              -1.1329
5    N                0.3056              -0.9092              -0.5113
6    N               -2.0061              -1.4222              -0.2431
7    O               -1.6415               1.6403              -0.3918
8    H               -2.2198               0.8681              -0.4444
9    H                0.0255              -0.6828              -1.4597
10   H               -0.5978              -1.4416               1.3254
11   H                0.6935               0.9119               0.2741
12   H               -2.5843              -2.0871               0.2475
13   H               -2.0628              -1.5236              -1.2461
14   H               -0.3956               2.4583               0.9941
15   H               -1.6513               1.3447               1.6916
16   H                2.7609               0.2870               1.5190
17   H                1.7238               0.7291              -2.0344
18   H                2.4365              -1.4120               1.1350
19   H                1.2705              -0.4517               2.0729
20   H                2.8459               1.2952              -0.8106
21   H                2.9593              -0.3697              -1.3898


Energy:                 -383.525541 Convergence criteria  Is converged 
Maximum Force:             0.013943     0.002850  No
RMS Force:                 0.007169     0.001900  No
Maximum Displacement:      0.002982     0.003150  Yes
RMS Displacement:          0.001493     0.002100  Yes

----------------------------------------------------------------------
                          Iteration: 53 [SD]                          


                             Coordinates                              
----------------------------------------------------------------------
0    C               -0.7766              -1.0824               0.3256
1    C                1.3024               0.0426              -0.0319
2    C               -1.0170               1.5660               0.8460
3    C                1.9822              -0.4262               1.2437
4    C                2.2651               0.4305              -1.1331
5    N                0.3060              -0.9094              -0.5112
6    N               -2.0069              -1.4198              -0.2428
7    O               -1.6425               1.6405              -0.3920
8    H               -2.2201               0.8678              -0.4450
9    H                0.0254              -0.6826              -1.4591
10   H               -0.5977              -1.4419               1.3256
11   H                0.6958               0.9124               0.2731
12   H               -2.5832              -2.0866               0.2474
13   H               -2.0615              -1.5241              -1.2455
14   H               -0.3961               2.4558               0.9938
15   H               -1.6531               1.3450               1.6924
16   H                2.7610               0.2868               1.5189
17   H                1.7238               0.7289              -2.0344
18   H                2.4365              -1.4122               1.1347
19   H                1.2706              -0.4521               2.0725
20   H                2.8462               1.2950              -0.8106
21   H                2.9594              -0.3703              -1.3899


Energy:                 -383.525765 Convergence criteria  Is converged 
Maximum Force:             0.013500     0.002850  No
RMS Force:                 0.007052     0.001900  No
Maximum Displacement:      0.002789     0.003150  Yes
RMS Displacement:          0.001434     0.002100  Yes

----------------------------------------------------------------------
                          Iteration: 54 [SD]                          


                             Coordinates                              
----------------------------------------------------------------------
0    C               -0.7771              -1.0797               0.3264
1    C                1.3029               0.0428              -0.0320
2    C               -1.0189               1.5647               0.8462
3    C                1.9824              -0.4263               1.2435
4    C                2.2655               0.4303              -1.1333
5    N                0.3064              -0.9096              -0.5110
6    N               -2.0076              -1.4174              -0.2424
7    O               -1.6436               1.6407              -0.3921
8    H               -2.2205               0.8675              -0.4456
9    H                0.0253              -0.6824              -1.4587
10   H               -0.5976              -1.4422               1.3257
11   H                0.6979               0.9130               0.2722
12   H               -2.5821              -2.0862               0.2473
13   H               -2.0602              -1.5245              -1.2449
14   H               -0.3964               2.4534               0.9937
15   H               -1.6549               1.3452               1.6932
16   H                2.7611               0.2866               1.5189
17   H                1.7239               0.7287              -2.0344
18   H                2.4365              -1.4124               1.1344
19   H                1.2708              -0.4525               2.0721
20   H                2.8466               1.2948              -0.8106
21   H                2.9595              -0.3708              -1.3901


Energy:                 -383.525982 Convergence criteria  Is converged 
Maximum Force:             0.013252     0.002850  No
RMS Force:                 0.006984     0.001900  No
Maximum Displacement:      0.002700     0.003150  Yes
RMS Displacement:          0.001410     0.002100  Yes

----------------------------------------------------------------------
                      Iteration: 55 [SD] (GDIIS)                      


                             Coordinates                              
----------------------------------------------------------------------
0    C               -0.7764              -1.1120               0.3365
1    C                1.2996               0.0425              -0.0325
2    C               -1.0887               1.6750               0.8600
3    C                1.9879              -0.4323               1.2401
4    C                2.2697               0.4247              -1.1344
5    N                0.3200              -0.9361              -0.5178
6    N               -2.0269              -1.4170              -0.2459
7    O               -1.6482               1.6538              -0.3755
8    H               -2.1983               0.8565              -0.4287
9    H                0.0236              -0.6828              -1.4554
10   H               -0.5942              -1.5131               1.3241
11   H                0.7578               0.9403               0.2474
12   H               -2.5814              -2.1084               0.2358
13   H               -2.0500              -1.5496              -1.2441
14   H               -0.4118               2.5157               0.9997
15   H               -1.6928               1.3760               1.7021
16   H                2.7677               0.2784               1.5192
17   H                1.7307               0.7239              -2.0363
18   H                2.4409              -1.4191               1.1296
19   H                1.2732              -0.4642               2.0641
20   H                2.8546               1.2866              -0.8134
21   H                2.9628              -0.3752              -1.3961


Energy:                 -383.525849 Convergence criteria  Is converged 
Maximum Force:             0.018653     0.002850  No
RMS Force:                 0.010289     0.001900  No
Maximum Displacement:      0.110293     0.003150  No
RMS Displacement:          0.042572     0.002100  No

----------------------------------------------------------------------
                          Iteration: 56 [SD]                          


                             Coordinates                              
----------------------------------------------------------------------
0    C               -0.7768              -1.1117               0.3355
1    C                1.3033               0.0409              -0.0337
2    C               -1.0878               1.6747               0.8635
3    C                1.9878              -0.4323               1.2397
4    C                2.2704               0.4240              -1.1348
5    N                0.3183              -0.9345              -0.5156
6    N               -2.0256              -1.4138              -0.2439
7    O               -1.6508               1.6535              -0.3792
8    H               -2.1982               0.8566              -0.4289
9    H                0.0235              -0.6828              -1.4547
10   H               -0.5942              -1.5134               1.3233
11   H                0.7567               0.9416               0.2475
12   H               -2.5808              -2.1082               0.2355
13   H               -2.0489              -1.5506              -1.2447
14   H               -0.4129               2.5146               0.9994
15   H               -1.6941               1.3760               1.7030
16   H                2.7677               0.2783               1.5191
17   H                1.7306               0.7237              -2.0364
18   H                2.4408              -1.4191               1.1289
19   H                1.2734              -0.4646               2.0642
20   H                2.8550               1.2865              -0.8133
21   H                2.9627              -0.3760              -1.3961


Energy:                 -383.526213 Convergence criteria  Is converged 
Maximum Force:             0.012565     0.002850  No
RMS Force:                 0.006484     0.001900  No
Maximum Displacement:      0.003731     0.003150  No
RMS Displacement:          0.002058     0.002100  Yes

----------------------------------------------------------------------
                          Iteration: 57 [SD]                          


                             Coordinates                              
----------------------------------------------------------------------
0    C               -0.7768              -1.1113               0.3355
1    C                1.3054               0.0404              -0.0342
2    C               -1.0878               1.6739               0.8647
3    C                1.9879              -0.4324               1.2395
4    C                2.2712               0.4235              -1.1354
5    N                0.3170              -0.9330              -0.5143
6    N               -2.0253              -1.4113              -0.2432
7    O               -1.6521               1.6537              -0.3809
8    H               -2.1986               0.8562              -0.4292
9    H                0.0234              -0.6828              -1.4539
10   H               -0.5942              -1.5135               1.3224
11   H                0.7562               0.9421               0.2473
12   H               -2.5799              -2.1076               0.2352
13   H               -2.0477              -1.5514              -1.2444
14   H               -0.4136               2.5138               0.9993
15   H               -1.6954               1.3761               1.7039
16   H                2.7677               0.2781               1.5191
17   H                1.7306               0.7236              -2.0364
18   H                2.4407              -1.4192               1.1284
19   H                1.2735              -0.4650               2.0642
20   H                2.8553               1.2864              -0.8133
21   H                2.9627              -0.3768              -1.3961


Energy:                 -383.526380 Convergence criteria  Is converged 
Maximum Force:             0.011119     0.002850  No
RMS Force:                 0.005476     0.001900  No
Maximum Displacement:      0.002513     0.003150  Yes
RMS Displacement:          0.001297     0.002100  Yes

----------------------------------------------------------------------
                          Iteration: 58 [SD]                          


                             Coordinates                              
----------------------------------------------------------------------
0    C               -0.7768              -1.1107               0.3357
1    C                1.3067               0.0403              -0.0344
2    C               -1.0882               1.6728               0.8653
3    C                1.9881              -0.4325               1.2393
4    C                2.2719               0.4230              -1.1360
5    N                0.3161              -0.9314              -0.5132
6    N               -2.0254              -1.4090              -0.2429
7    O               -1.6532               1.6540              -0.3818
8    H               -2.1990               0.8558              -0.4294
9    H                0.0232              -0.6828              -1.4531
10   H               -0.5941              -1.5137               1.3217
11   H                0.7561               0.9423               0.2471
12   H               -2.5790              -2.1070               0.2349
13   H               -2.0465              -1.5521              -1.2439
14   H               -0.4144               2.5132               0.9993
15   H               -1.6968               1.3762               1.7048
16   H                2.7677               0.2780               1.5190
17   H                1.7306               0.7234              -2.0364
18   H                2.4406              -1.4192               1.1278
19   H                1.2737              -0.4653               2.0641
20   H                2.8556               1.2861              -0.8133
21   H                2.9629              -0.3776              -1.3962


Energy:                 -383.526507 Convergence criteria  Is converged 
Maximum Force:             0.010453     0.002850  No
RMS Force:                 0.005071     0.001900  No
Maximum Displacement:      0.002224     0.003150  Yes
RMS Displacement:          0.001095     0.002100  Yes

----------------------------------------------------------------------
                          Iteration: 59 [SD]                          


                             Coordinates                              
----------------------------------------------------------------------
0    C               -0.7768              -1.1100               0.3360
1    C                1.3076               0.0404              -0.0345
2    C               -1.0887               1.6717               0.8655
3    C                1.9884              -0.4327               1.2392
4    C                2.2726               0.4226              -1.1365
5    N                0.3155              -0.9300              -0.5123
6    N               -2.0255              -1.4069              -0.2426
7    O               -1.6541               1.6542              -0.3823
8    H               -2.1994               0.8554              -0.4297
9    H                0.0231              -0.6828              -1.4525
10   H               -0.5941              -1.5139               1.3212
11   H                0.7561               0.9424               0.2468
12   H               -2.5780              -2.1063               0.2345
13   H               -2.0453              -1.5527              -1.2433
14   H               -0.4151               2.5125               0.9993
15   H               -1.6981               1.3763               1.7056
16   H                2.7677               0.2778               1.5190
17   H                1.7306               0.7232              -2.0365
18   H                2.4406              -1.4194               1.1273
19   H                1.2738              -0.4657               2.0640
20   H                2.8560               1.2858              -0.8134
21   H                2.9631              -0.3784              -1.3963


Energy:                 -383.526617 Convergence criteria  Is converged 
Maximum Force:             0.010059     0.002850  No
RMS Force:                 0.004846     0.001900  No
Maximum Displacement:      0.002091     0.003150  Yes
RMS Displacement:          0.001014     0.002100  Yes

----------------------------------------------------------------------
                      Iteration: 60 [SD] (GDIIS)                      


                             Coordinates                              
----------------------------------------------------------------------
0    C               -0.7653              -1.1857               0.3224
1    C                1.3000               0.0402              -0.0322
2    C               -1.0815               1.7447               0.8707
3    C                1.9846              -0.4328               1.2395
4    C                2.2674               0.4233              -1.1339
5    N                0.3150              -0.9359              -0.5171
6    N               -2.0309              -1.4302              -0.2504
7    O               -1.6363               1.6614              -0.3812
8    H               -2.1749               0.8563              -0.4054
9    H                0.0212              -0.6879              -1.4554
10   H               -0.5910              -1.5454               1.3176
11   H                0.7421               0.9441               0.2552
12   H               -2.5894              -2.1260               0.2223
13   H               -2.0560              -1.5681              -1.2495
14   H               -0.4274               2.5907               0.9999
15   H               -1.6744               1.3907               1.7052
16   H                2.7648               0.2776               1.5176
17   H                1.7285               0.7237              -2.0360
18   H                2.4388              -1.4185               1.1263
19   H                1.2734              -0.4671               2.0672
20   H                2.8519               1.2860              -0.8110
21   H                2.9592              -0.3774              -1.3934


Energy:                 -383.524953 Convergence criteria  Is converged 
Maximum Force:             0.019012     0.002850  No
RMS Force:                 0.007434     0.001900  No
Maximum Displacement:      0.078230     0.003150  No
RMS Displacement:          0.032551     0.002100  No

----------------------------------------------------------------------
                          Iteration: 61 [SD]                          


                             Coordinates                              
----------------------------------------------------------------------
0    C               -0.7663              -1.1836               0.3214
1    C                1.2997               0.0413              -0.0318
2    C               -1.0853               1.7421               0.8705
3    C                1.9848              -0.4331               1.2395
4    C                2.2678               0.4230              -1.1343
5    N                0.3153              -0.9353              -0.5168
6    N               -2.0304              -1.4277              -0.2493
7    O               -1.6359               1.6618              -0.3805
8    H               -2.1749               0.8560              -0.4053
9    H                0.0209              -0.6879              -1.4548
10   H               -0.5905              -1.5467               1.3184
11   H                0.7430               0.9431               0.2545
12   H               -2.5888              -2.1257               0.2220
13   H               -2.0549              -1.5691              -1.2500
14   H               -0.4274               2.5917               0.9998
15   H               -1.6743               1.3914               1.7052
16   H                2.7648               0.2775               1.5176
17   H                1.7285               0.7235              -2.0360
18   H                2.4388              -1.4186               1.1257
19   H                1.2736              -0.4675               2.0671
20   H                2.8522               1.2857              -0.8111
21   H                2.9592              -0.3783              -1.3934


Energy:                 -383.525145 Convergence criteria  Is converged 
Maximum Force:             0.010370     0.002850  No
RMS Force:                 0.004958     0.001900  No
Maximum Displacement:      0.003802     0.003150  No
RMS Displacement:          0.001487     0.002100  Yes

----------------------------------------------------------------------
                          Iteration: 62 [SD]                          


                             Coordinates                              
----------------------------------------------------------------------
0    C               -0.7666              -1.1818               0.3216
1    C                1.2998               0.0418              -0.0316
2    C               -1.0873               1.7412               0.8705
3    C                1.9850              -0.4332               1.2394
4    C                2.2681               0.4228              -1.1345
5    N                0.3155              -0.9348              -0.5166
6    N               -2.0305              -1.4256              -0.2491
7    O               -1.6361               1.6617              -0.3802
8    H               -2.1748               0.8559              -0.4054
9    H                0.0206              -0.6879              -1.4544
10   H               -0.5902              -1.5477               1.3184
11   H                0.7436               0.9426               0.2540
12   H               -2.5880              -2.1253               0.2218
13   H               -2.0538              -1.5699              -1.2498
14   H               -0.4281               2.5916               0.9996
15   H               -1.6747               1.3918               1.7057
16   H                2.7648               0.2774               1.5175
17   H                1.7285               0.7233              -2.0360
18   H                2.4388              -1.4188               1.1252
19   H                1.2737              -0.4679               2.0669
20   H                2.8525               1.2855              -0.8111
21   H                2.9592              -0.3791              -1.3935


Energy:                 -383.525247 Convergence criteria  Is converged 
Maximum Force:             0.009545     0.002850  No
RMS Force:                 0.004538     0.001900  No
Maximum Displacement:      0.002074     0.003150  Yes
RMS Displacement:          0.000992     0.002100  Yes

----------------------------------------------------------------------
                          Iteration: 63 [SD]                          


                             Coordinates                              
----------------------------------------------------------------------
0    C               -0.7668              -1.1800               0.3221
1    C                1.3000               0.0421              -0.0316
2    C               -1.0887               1.7407               0.8705
3    C                1.9851              -0.4334               1.2393
4    C                2.2684               0.4226              -1.1346
5    N                0.3155              -0.9343              -0.5163
6    N               -2.0308              -1.4237              -0.2490
7    O               -1.6365               1.6615              -0.3801
8    H               -2.1748               0.8558              -0.4055
9    H                0.0204              -0.6878              -1.4540
10   H               -0.5899              -1.5486               1.3182
11   H                0.7442               0.9424               0.2535
12   H               -2.5872              -2.1247               0.2215
13   H               -2.0526              -1.5707              -1.2496
14   H               -0.4291               2.5912               0.9994
15   H               -1.6753               1.3921               1.7063
16   H                2.7648               0.2773               1.5175
17   H                1.7285               0.7231              -2.0360
18   H                2.4387              -1.4190               1.1246
19   H                1.2738              -0.4683               2.0668
20   H                2.8528               1.2852              -0.8112
21   H                2.9592              -0.3798              -1.3934


Energy:                 -383.525336 Convergence criteria  Is converged 
Maximum Force:             0.009113     0.002850  No
RMS Force:                 0.004393     0.001900  No
Maximum Displacement:      0.001909     0.003150  Yes
RMS Displacement:          0.000908     0.002100  Yes

----------------------------------------------------------------------
                          Iteration: 64 [SD]                          


                             Coordinates                              
----------------------------------------------------------------------
0    C               -0.7669              -1.1783               0.3227
1    C                1.3003               0.0423              -0.0316
2    C               -1.0898               1.7404               0.8706
3    C                1.9853              -0.4335               1.2392
4    C                2.2687               0.4223              -1.1348
5    N                0.3156              -0.9339              -0.5160
6    N               -2.0311              -1.4219              -0.2490
7    O               -1.6369               1.6614              -0.3800
8    H               -2.1749               0.8555              -0.4057
9    H                0.0202              -0.6877              -1.4536
10   H               -0.5897              -1.5494               1.3180
11   H                0.7446               0.9423               0.2530
12   H               -2.5864              -2.1241               0.2212
13   H               -2.0515              -1.5715              -1.2494
14   H               -0.4300               2.5908               0.9992
15   H               -1.6760               1.3923               1.7070
16   H                2.7649               0.2772               1.5175
17   H                1.7286               0.7229              -2.0360
18   H                2.4387              -1.4191               1.1240
19   H                1.2740              -0.4686               2.0667
20   H                2.8531               1.2849              -0.8113
21   H                2.9592              -0.3805              -1.3934


Energy:                 -383.525420 Convergence criteria  Is converged 
Maximum Force:             0.008798     0.002850  No
RMS Force:                 0.004297     0.001900  No
Maximum Displacement:      0.001823     0.003150  Yes
RMS Displacement:          0.000879     0.002100  Yes

----------------------------------------------------------------------
                      Iteration: 65 [SD] (GDIIS)                      


                             Coordinates                              
----------------------------------------------------------------------
0    C               -0.7582              -1.2400               0.3179
1    C                1.2979               0.0417              -0.0313
2    C               -1.1273               1.8469               0.8852
3    C                1.9853              -0.4379               1.2363
4    C                2.2697               0.4173              -1.1354
5    N                0.3205              -0.9461              -0.5183
6    N               -2.0395              -1.4279              -0.2542
7    O               -1.6259               1.6751              -0.3732
8    H               -2.1399               0.8504              -0.3752
9    H                0.0153              -0.6921              -1.4499
10   H               -0.5825              -1.6196               1.3084
11   H                0.7592               0.9521               0.2456
12   H               -2.5891              -2.1474               0.2016
13   H               -2.0469              -1.6047              -1.2537
14   H               -0.4605               2.6888               0.9998
15   H               -1.6772               1.4276               1.7185
16   H                2.7644               0.2722               1.5155
17   H                1.7290               0.7193              -2.0358
18   H                2.4383              -1.4229               1.1157
19   H                1.2757              -0.4788               2.0644
20   H                2.8549               1.2789              -0.8102
21   H                2.9568              -0.3893              -1.3931


Energy:                 -383.525329 Convergence criteria  Is converged 
Maximum Force:             0.009499     0.002850  No
RMS Force:                 0.004908     0.001900  No
Maximum Displacement:      0.106544     0.003150  No
RMS Displacement:          0.042439     0.002100  No

----------------------------------------------------------------------
                          Iteration: 66 [SD]                          


                             Coordinates                              
----------------------------------------------------------------------
0    C               -0.7581              -1.2382               0.3172
1    C                1.2982               0.0416              -0.0313
2    C               -1.1292               1.8455               0.8854
3    C                1.9854              -0.4380               1.2363
4    C                2.2698               0.4170              -1.1353
5    N                0.3198              -0.9455              -0.5175
6    N               -2.0392              -1.4271              -0.2545
7    O               -1.6262               1.6746              -0.3726
8    H               -2.1396               0.8507              -0.3753
9    H                0.0151              -0.6921              -1.4497
10   H               -0.5822              -1.6206               1.3084
11   H                0.7588               0.9519               0.2454
12   H               -2.5883              -2.1462               0.2015
13   H               -2.0457              -1.6050              -1.2532
14   H               -0.4615               2.6889               0.9997
15   H               -1.6767               1.4285               1.7183
16   H                2.7645               0.2721               1.5155
17   H                1.7291               0.7190              -2.0359
18   H                2.4383              -1.4231               1.1151
19   H                1.2758              -0.4792               2.0643
20   H                2.8553               1.2786              -0.8103
21   H                2.9566              -0.3898              -1.3931


Energy:                 -383.525422 Convergence criteria  Is converged 
Maximum Force:             0.007674     0.002850  No
RMS Force:                 0.004001     0.001900  No
Maximum Displacement:      0.001900     0.003150  Yes
RMS Displacement:          0.000982     0.002100  Yes

----------------------------------------------------------------------
                          Iteration: 67 [SD]                          


                             Coordinates                              
----------------------------------------------------------------------
0    C               -0.7582              -1.2367               0.3174
1    C                1.2984               0.0416              -0.0312
2    C               -1.1303               1.8449               0.8854
3    C                1.9855              -0.4381               1.2363
4    C                2.2699               0.4166              -1.1354
5    N                0.3193              -0.9448              -0.5171
6    N               -2.0389              -1.4262              -0.2548
7    O               -1.6265               1.6743              -0.3723
8    H               -2.1395               0.8506              -0.3754
9    H                0.0149              -0.6920              -1.4495
10   H               -0.5819              -1.6215               1.3080
11   H                0.7585               0.9518               0.2453
12   H               -2.5875              -2.1451               0.2015
13   H               -2.0446              -1.6054              -1.2528
14   H               -0.4627               2.6886               0.9996
15   H               -1.6766               1.4291               1.7185
16   H                2.7647               0.2721               1.5156
17   H                1.7292               0.7188              -2.0359
18   H                2.4384              -1.4232               1.1145
19   H                1.2759              -0.4795               2.0643
20   H                2.8556               1.2782              -0.8105
21   H                2.9565              -0.3904              -1.3930


Energy:                 -383.525490 Convergence criteria  Is converged 
Maximum Force:             0.007321     0.002850  No
RMS Force:                 0.003791     0.001900  No
Maximum Displacement:      0.001535     0.003150  Yes
RMS Displacement:          0.000800     0.002100  Yes

----------------------------------------------------------------------
                          Iteration: 68 [SD]                          


                             Coordinates                              
----------------------------------------------------------------------
0    C               -0.7584              -1.2352               0.3177
1    C                1.2986               0.0416              -0.0311
2    C               -1.1311               1.8444               0.8854
3    C                1.9856              -0.4382               1.2363
4    C                2.2700               0.4163              -1.1354
5    N                0.3189              -0.9442              -0.5168
6    N               -2.0385              -1.4252              -0.2549
7    O               -1.6268               1.6740              -0.3721
8    H               -2.1395               0.8504              -0.3755
9    H                0.0147              -0.6920              -1.4492
10   H               -0.5817              -1.6223               1.3075
11   H                0.7582               0.9516               0.2451
12   H               -2.5869              -2.1441               0.2016
13   H               -2.0434              -1.6058              -1.2526
14   H               -0.4640               2.6884               0.9994
15   H               -1.6766               1.4296               1.7189
16   H                2.7648               0.2720               1.5157
17   H                1.7294               0.7186              -2.0360
18   H                2.4384              -1.4233               1.1139
19   H                1.2760              -0.4799               2.0642
20   H                2.8560               1.2778              -0.8107
21   H                2.9563              -0.3910              -1.3930


Energy:                 -383.525553 Convergence criteria  Is converged 
Maximum Force:             0.007196     0.002850  No
RMS Force:                 0.003690     0.001900  No
Maximum Displacement:      0.001464     0.003150  Yes
RMS Displacement:          0.000758     0.002100  Yes

----------------------------------------------------------------------
                          Iteration: 69 [SD]                          


                             Coordinates                              
----------------------------------------------------------------------
0    C               -0.7585              -1.2338               0.3181
1    C                1.2987               0.0417              -0.0311
2    C               -1.1317               1.8440               0.8855
3    C                1.9857              -0.4383               1.2363
4    C                2.2701               0.4160              -1.1354
5    N                0.3187              -0.9436              -0.5165
6    N               -2.0382              -1.4243              -0.2551
7    O               -1.6271               1.6738              -0.3720
8    H               -2.1396               0.8502              -0.3756
9    H                0.0145              -0.6919              -1.4490
10   H               -0.5815              -1.6231               1.3071
11   H                0.7579               0.9515               0.2450
12   H               -2.5862              -2.1431               0.2017
13   H               -2.0423              -1.6061              -1.2525
14   H               -0.4652               2.6881               0.9993
15   H               -1.6768               1.4300               1.7193
16   H                2.7650               0.2719               1.5158
17   H                1.7295               0.7183              -2.0360
18   H                2.4384              -1.4234               1.1134
19   H                1.2761              -0.4802               2.0642
20   H                2.8563               1.2774              -0.8109
21   H                2.9562              -0.3915              -1.3929


Energy:                 -383.525612 Convergence criteria  Is converged 
Maximum Force:             0.007131     0.002850  No
RMS Force:                 0.003618     0.001900  No
Maximum Displacement:      0.001439     0.003150  Yes
RMS Displacement:          0.000738     0.002100  Yes

----------------------------------------------------------------------
                      Iteration: 70 [SD] (GDIIS)                      


                             Coordinates                              
----------------------------------------------------------------------
0    C               -0.7559              -1.2519               0.3160
1    C                1.2970               0.0399              -0.0311
2    C               -1.1391               1.8833               0.8915
3    C                1.9849              -0.4399               1.2354
4    C                2.2692               0.4146              -1.1350
5    N                0.3198              -0.9485              -0.5180
6    N               -2.0357              -1.4371              -0.2600
7    O               -1.6190               1.6777              -0.3696
8    H               -2.1247               0.8494              -0.3628
9    H                0.0127              -0.6941              -1.4489
10   H               -0.5771              -1.6503               1.3011
11   H                0.7547               0.9488               0.2443
12   H               -2.5886              -2.1508               0.1959
13   H               -2.0430              -1.6163              -1.2558
14   H               -0.4791               2.7307               0.9990
15   H               -1.6725               1.4463               1.7246
16   H                2.7636               0.2708               1.5147
17   H                1.7286               0.7174              -2.0353
18   H                2.4379              -1.4247               1.1108
19   H                1.2759              -0.4829               2.0635
20   H                2.8555               1.2758              -0.8098
21   H                2.9544              -0.3943              -1.3919


Energy:                 -383.525497 Convergence criteria  Is converged 
Maximum Force:             0.008455     0.002850  No
RMS Force:                 0.004453     0.001900  No
Maximum Displacement:      0.042588     0.003150  No
RMS Displacement:          0.016615     0.002100  No

----------------------------------------------------------------------
                          Iteration: 71 [SD]                          


                             Coordinates                              
----------------------------------------------------------------------
0    C               -0.7559              -1.2506               0.3161
1    C                1.2969               0.0400              -0.0310
2    C               -1.1408               1.8818               0.8910
3    C                1.9851              -0.4400               1.2354
4    C                2.2693               0.4143              -1.1350
5    N                0.3195              -0.9480              -0.5177
6    N               -2.0353              -1.4358              -0.2596
7    O               -1.6190               1.6777              -0.3688
8    H               -2.1246               0.8493              -0.3628
9    H                0.0126              -0.6940              -1.4487
10   H               -0.5768              -1.6511               1.3006
11   H                0.7546               0.9488               0.2442
12   H               -2.5881              -2.1501               0.1962
13   H               -2.0418              -1.6168              -1.2563
14   H               -0.4800               2.7308               0.9989
15   H               -1.6721               1.4471               1.7246
16   H                2.7638               0.2707               1.5148
17   H                1.7288               0.7171              -2.0354
18   H                2.4380              -1.4248               1.1102
19   H                1.2759              -0.4832               2.0635
20   H                2.8559               1.2754              -0.8100
21   H                2.9543              -0.3948              -1.3918


Energy:                 -383.525575 Convergence criteria  Is converged 
Maximum Force:             0.006566     0.002850  No
RMS Force:                 0.003745     0.001900  No
Maximum Displacement:      0.001691     0.003150  Yes
RMS Displacement:          0.000891     0.002100  Yes

----------------------------------------------------------------------
                          Iteration: 72 [SD]                          


                             Coordinates                              
----------------------------------------------------------------------
0    C               -0.7559              -1.2492               0.3164
1    C                1.2969               0.0401              -0.0309
2    C               -1.1417               1.8811               0.8908
3    C                1.9851              -0.4401               1.2354
4    C                2.2693               0.4140              -1.1350
5    N                0.3192              -0.9475              -0.5175
6    N               -2.0351              -1.4346              -0.2596
7    O               -1.6193               1.6775              -0.3684
8    H               -2.1245               0.8491              -0.3629
9    H                0.0124              -0.6939              -1.4485
10   H               -0.5766              -1.6519               1.3001
11   H                0.7544               0.9488               0.2441
12   H               -2.5876              -2.1493               0.1965
13   H               -2.0405              -1.6172              -1.2564
14   H               -0.4813               2.7305               0.9988
15   H               -1.6720               1.4477               1.7248
16   H                2.7639               0.2705               1.5149
17   H                1.7289               0.7168              -2.0354
18   H                2.4380              -1.4249               1.1097
19   H                1.2760              -0.4836               2.0635
20   H                2.8562               1.2749              -0.8102
21   H                2.9541              -0.3952              -1.3918


Energy:                 -383.525635 Convergence criteria  Is converged 
Maximum Force:             0.006432     0.002850  No
RMS Force:                 0.003574     0.001900  No
Maximum Displacement:      0.001313     0.003150  Yes
RMS Displacement:          0.000749     0.002100  Yes

----------------------------------------------------------------------
                          Iteration: 73 [SD]                          


                             Coordinates                              
----------------------------------------------------------------------
0    C               -0.7560              -1.2480               0.3168
1    C                1.2968               0.0402              -0.0308
2    C               -1.1423               1.8806               0.8907
3    C                1.9852              -0.4402               1.2353
4    C                2.2693               0.4137              -1.1350
5    N                0.3190              -0.9471              -0.5172
6    N               -2.0349              -1.4335              -0.2596
7    O               -1.6196               1.6773              -0.3682
8    H               -2.1245               0.8489              -0.3630
9    H                0.0122              -0.6938              -1.4483
10   H               -0.5764              -1.6527               1.2995
11   H                0.7542               0.9488               0.2440
12   H               -2.5871              -2.1485               0.1967
13   H               -2.0393              -1.6176              -1.2565
14   H               -0.4825               2.7303               0.9986
15   H               -1.6720               1.4482               1.7252
16   H                2.7640               0.2704               1.5149
17   H                1.7291               0.7166              -2.0355
18   H                2.4380              -1.4250               1.1092
19   H                1.2761              -0.4840               2.0635
20   H                2.8566               1.2745              -0.8104
21   H                2.9539              -0.3957              -1.3917


Energy:                 -383.525690 Convergence criteria  Is converged 
Maximum Force:             0.006348     0.002850  No
RMS Force:                 0.003486     0.001900  No
Maximum Displacement:      0.001286     0.003150  Yes
RMS Displacement:          0.000715     0.002100  Yes

----------------------------------------------------------------------
                          Iteration: 74 [SD]                          


                             Coordinates                              
----------------------------------------------------------------------
0    C               -0.7561              -1.2467               0.3172
1    C                1.2968               0.0403              -0.0307
2    C               -1.1429               1.8802               0.8907
3    C                1.9853              -0.4403               1.2353
4    C                2.2693               0.4135              -1.1350
5    N                0.3188              -0.9466              -0.5170
6    N               -2.0348              -1.4324              -0.2598
7    O               -1.6200               1.6772              -0.3680
8    H               -2.1245               0.8487              -0.3631
9    H                0.0121              -0.6937              -1.4482
10   H               -0.5762              -1.6535               1.2990
11   H                0.7541               0.9489               0.2440
12   H               -2.5866              -2.1476               0.1970
13   H               -2.0381              -1.6179              -1.2564
14   H               -0.4837               2.7300               0.9985
15   H               -1.6721               1.4486               1.7256
16   H                2.7642               0.2703               1.5150
17   H                1.7292               0.7163              -2.0356
18   H                2.4381              -1.4250               1.1087
19   H                1.2762              -0.4844               2.0635
20   H                2.8569               1.2741              -0.8106
21   H                2.9537              -0.3962              -1.3916


Energy:                 -383.525743 Convergence criteria  Is converged 
Maximum Force:             0.006281     0.002850  No
RMS Force:                 0.003423     0.001900  No
Maximum Displacement:      0.001270     0.003150  Yes
RMS Displacement:          0.000697     0.002100  Yes

----------------------------------------------------------------------
                      Iteration: 75 [SD] (GDIIS)                      


                             Coordinates                              
----------------------------------------------------------------------
0    C               -0.7502              -1.2800               0.3166
1    C                1.2931               0.0373              -0.0301
2    C               -1.1785               1.9775               0.9051
3    C                1.9851              -0.4460               1.2326
4    C                2.2684               0.4062              -1.1342
5    N                0.3202              -0.9559              -0.5181
6    N               -2.0295              -1.4479              -0.2706
7    O               -1.6054               1.6868              -0.3576
8    H               -2.0866               0.8432              -0.3317
9    H                0.0058              -0.6979              -1.4451
10   H               -0.5633              -1.7343               1.2793
11   H                0.7527               0.9475               0.2385
12   H               -2.5863              -2.1597               0.1845
13   H               -2.0246              -1.6497              -1.2653
14   H               -0.5305               2.8349               0.9971
15   H               -1.6668               1.4962               1.7421
16   H                2.7634               0.2651               1.5134
17   H                1.7296               0.7106              -2.0350
18   H                2.4380              -1.4297               1.0963
19   H                1.2772              -0.4964               2.0609
20   H                2.8600               1.2645              -0.8106
21   H                2.9480              -0.4086              -1.3894


Energy:                 -383.526040 Convergence criteria  Is converged 
Maximum Force:             0.009930     0.002850  No
RMS Force:                 0.004527     0.001900  No
Maximum Displacement:      0.104819     0.003150  No
RMS Displacement:          0.043033     0.002100  No

----------------------------------------------------------------------
                          Iteration: 76 [SD]                          


                             Coordinates                              
----------------------------------------------------------------------
0    C               -0.7502              -1.2790               0.3167
1    C                1.2932               0.0373              -0.0302
2    C               -1.1801               1.9756               0.9045
3    C                1.9851              -0.4461               1.2325
4    C                2.2684               0.4060              -1.1342
5    N                0.3199              -0.9555              -0.5177
6    N               -2.0291              -1.4472              -0.2706
7    O               -1.6055               1.6868              -0.3567
8    H               -2.0863               0.8434              -0.3316
9    H                0.0057              -0.6977              -1.4450
10   H               -0.5631              -1.7348               1.2783
11   H                0.7524               0.9477               0.2387
12   H               -2.5860              -2.1588               0.1850
13   H               -2.0233              -1.6499              -1.2652
14   H               -0.5315               2.8349               0.9969
15   H               -1.6662               1.4972               1.7419
16   H                2.7634               0.2649               1.5135
17   H                1.7298               0.7104              -2.0351
18   H                2.4380              -1.4297               1.0959
19   H                1.2773              -0.4968               2.0610
20   H                2.8603               1.2641              -0.8108
21   H                2.9477              -0.4090              -1.3892


Energy:                 -383.526118 Convergence criteria  Is converged 
Maximum Force:             0.006350     0.002850  No
RMS Force:                 0.003588     0.001900  No
Maximum Displacement:      0.001986     0.003150  Yes
RMS Displacement:          0.000905     0.002100  Yes

----------------------------------------------------------------------
                          Iteration: 77 [SD]                          


                             Coordinates                              
----------------------------------------------------------------------
0    C               -0.7502              -1.2781               0.3169
1    C                1.2931               0.0374              -0.0301
2    C               -1.1809               1.9746               0.9041
3    C                1.9851              -0.4461               1.2325
4    C                2.2683               0.4058              -1.1343
5    N                0.3196              -0.9551              -0.5174
6    N               -2.0288              -1.4465              -0.2707
7    O               -1.6057               1.6867              -0.3562
8    H               -2.0861               0.8435              -0.3315
9    H                0.0056              -0.6976              -1.4448
10   H               -0.5629              -1.7353               1.2774
11   H                0.7521               0.9479               0.2388
12   H               -2.5857              -2.1579               0.1854
13   H               -2.0221              -1.6500              -1.2651
14   H               -0.5327               2.8345               0.9966
15   H               -1.6658               1.4979               1.7420
16   H                2.7635               0.2647               1.5136
17   H                1.7299               0.7101              -2.0352
18   H                2.4381              -1.4297               1.0955
19   H                1.2774              -0.4972               2.0610
20   H                2.8606               1.2636              -0.8110
21   H                2.9474              -0.4094              -1.3892


Energy:                 -383.526172 Convergence criteria  Is converged 
Maximum Force:             0.006403     0.002850  No
RMS Force:                 0.003339     0.001900  No
Maximum Displacement:      0.001270     0.003150  Yes
RMS Displacement:          0.000718     0.002100  Yes

----------------------------------------------------------------------
                          Iteration: 78 [SD]                          


                             Coordinates                              
----------------------------------------------------------------------
0    C               -0.7503              -1.2771               0.3171
1    C                1.2931               0.0376              -0.0300
2    C               -1.1813               1.9739               0.9039
3    C                1.9851              -0.4462               1.2325
4    C                2.2683               0.4055              -1.1343
5    N                0.3194              -0.9547              -0.5172
6    N               -2.0285              -1.4459              -0.2707
7    O               -1.6060               1.6867              -0.3561
8    H               -2.0860               0.8434              -0.3314
9    H                0.0055              -0.6975              -1.4447
10   H               -0.5628              -1.7359               1.2766
11   H                0.7518               0.9481               0.2390
12   H               -2.5854              -2.1570               0.1857
13   H               -2.0209              -1.6502              -1.2650
14   H               -0.5340               2.8341               0.9964
15   H               -1.6656               1.4984               1.7422
16   H                2.7636               0.2645               1.5137
17   H                1.7301               0.7099              -2.0353
18   H                2.4382              -1.4296               1.0951
19   H                1.2775              -0.4976               2.0611
20   H                2.8610               1.2632              -0.8112
21   H                2.9472              -0.4098              -1.3891


Energy:                 -383.526220 Convergence criteria  Is converged 
Maximum Force:             0.006124     0.002850  No
RMS Force:                 0.003211     0.001900  No
Maximum Displacement:      0.001281     0.003150  Yes
RMS Displacement:          0.000668     0.002100  Yes

----------------------------------------------------------------------
                          Iteration: 79 [SD]                          


                             Coordinates                              
----------------------------------------------------------------------
0    C               -0.7504              -1.2761               0.3173
1    C                1.2931               0.0377              -0.0300
2    C               -1.1817               1.9732               0.9037
3    C                1.9851              -0.4463               1.2325
4    C                2.2682               0.4053              -1.1343
5    N                0.3193              -0.9543              -0.5170
6    N               -2.0282              -1.4452              -0.2708
7    O               -1.6064               1.6866              -0.3560
8    H               -2.0859               0.8433              -0.3313
9    H                0.0053              -0.6974              -1.4445
10   H               -0.5626              -1.7365               1.2759
11   H                0.7516               0.9482               0.2391
12   H               -2.5851              -2.1560               0.1861
13   H               -2.0197              -1.6504              -1.2649
14   H               -0.5352               2.8337               0.9961
15   H               -1.6655               1.4988               1.7426
16   H                2.7637               0.2642               1.5138
17   H                1.7302               0.7096              -2.0354
18   H                2.4383              -1.4296               1.0947
19   H                1.2776              -0.4980               2.0612
20   H                2.8613               1.2627              -0.8114
21   H                2.9469              -0.4102              -1.3890


Energy:                 -383.526265 Convergence criteria  Is converged 
Maximum Force:             0.005800     0.002850  No
RMS Force:                 0.003122     0.001900  No
Maximum Displacement:      0.001225     0.003150  Yes
RMS Displacement:          0.000642     0.002100  Yes

----------------------------------------------------------------------
                      Iteration: 80 [SD] (GDIIS)                      


                             Coordinates                              
----------------------------------------------------------------------
0    C               -0.7455              -1.3018               0.3203
1    C                1.2870               0.0341              -0.0288
2    C               -1.2273               2.0834               0.9184
3    C                1.9847              -0.4539               1.2292
4    C                2.2656               0.3950              -1.1328
5    N                0.3195              -0.9642              -0.5177
6    N               -2.0159              -1.4666              -0.2863
7    O               -1.5897               1.6967              -0.3396
8    H               -2.0391               0.8360              -0.2930
9    H               -0.0025              -0.7011              -1.4411
10   H               -0.5443              -1.8402               1.2430
11   H                0.7453               0.9457               0.2341
12   H               -2.5841              -2.1621               0.1788
13   H               -1.9936              -1.6872              -1.2780
14   H               -0.6022               2.9600               0.9928
15   H               -1.6568               1.5635               1.7644
16   H                2.7635               0.2561               1.5129
17   H                1.7321               0.7006              -2.0357
18   H                2.4393              -1.4351               1.0775
19   H                1.2791              -0.5155               2.0584
20   H                2.8676               1.2472              -0.8131
21   H                2.9373              -0.4271              -1.3852


Energy:                 -383.526705 Convergence criteria  Is converged 
Maximum Force:             0.012141     0.002850  No
RMS Force:                 0.004979     0.001900  No
Maximum Displacement:      0.126308     0.003150  No
RMS Displacement:          0.053074     0.002100  No

----------------------------------------------------------------------
                          Iteration: 81 [SD]                          


                             Coordinates                              
----------------------------------------------------------------------
0    C               -0.7452              -1.3018               0.3207
1    C                1.2872               0.0342              -0.0288
2    C               -1.2289               2.0810               0.9176
3    C                1.9846              -0.4539               1.2291
4    C                2.2656               0.3949              -1.1329
5    N                0.3192              -0.9637              -0.5172
6    N               -2.0155              -1.4660              -0.2860
7    O               -1.5895               1.6972              -0.3386
8    H               -2.0387               0.8366              -0.2925
9    H               -0.0026              -0.7009              -1.4408
10   H               -0.5443              -1.8399               1.2413
11   H                0.7451               0.9459               0.2344
12   H               -2.5840              -2.1612               0.1789
13   H               -1.9926              -1.6874              -1.2776
14   H               -0.6033               2.9597               0.9923
15   H               -1.6560               1.5646               1.7642
16   H                2.7634               0.2559               1.5130
17   H                1.7322               0.7004              -2.0359
18   H                2.4393              -1.4350               1.0772
19   H                1.2792              -0.5160               2.0586
20   H                2.8678               1.2468              -0.8132
21   H                2.9370              -0.4275              -1.3851


Energy:                 -383.526797 Convergence criteria  Is converged 
Maximum Force:             0.006655     0.002850  No
RMS Force:                 0.003669     0.001900  No
Maximum Displacement:      0.002428     0.003150  Yes
RMS Displacement:          0.000996     0.002100  Yes

----------------------------------------------------------------------
                          Iteration: 82 [SD]                          


                             Coordinates                              
----------------------------------------------------------------------
0    C               -0.7451              -1.3016               0.3208
1    C                1.2874               0.0343              -0.0288
2    C               -1.2296               2.0798               0.9171
3    C                1.9845              -0.4540               1.2290
4    C                2.2656               0.3948              -1.1331
5    N                0.3191              -0.9632              -0.5169
6    N               -2.0151              -1.4655              -0.2858
7    O               -1.5897               1.6973              -0.3382
8    H               -2.0383               0.8370              -0.2921
9    H               -0.0027              -0.7008              -1.4406
10   H               -0.5442              -1.8399               1.2401
11   H                0.7449               0.9460               0.2347
12   H               -2.5840              -2.1604               0.1791
13   H               -1.9917              -1.6876              -1.2773
14   H               -0.6046               2.9589               0.9917
15   H               -1.6556               1.5652               1.7643
16   H                2.7634               0.2556               1.5130
17   H                1.7322               0.7002              -2.0361
18   H                2.4394              -1.4349               1.0770
19   H                1.2794              -0.5164               2.0587
20   H                2.8680               1.2465              -0.8133
21   H                2.9367              -0.4279              -1.3850


Energy:                 -383.526852 Convergence criteria  Is converged 
Maximum Force:             0.006589     0.002850  No
RMS Force:                 0.003235     0.001900  No
Maximum Displacement:      0.001331     0.003150  Yes
RMS Displacement:          0.000734     0.002100  Yes

----------------------------------------------------------------------
                          Iteration: 83 [SD]                          


                             Coordinates                              
----------------------------------------------------------------------
0    C               -0.7450              -1.3012               0.3208
1    C                1.2874               0.0345              -0.0287
2    C               -1.2300               2.0789               0.9168
3    C                1.9845              -0.4540               1.2290
4    C                2.2656               0.3946              -1.1332
5    N                0.3189              -0.9627              -0.5166
6    N               -2.0148              -1.4649              -0.2857
7    O               -1.5899               1.6974              -0.3381
8    H               -2.0380               0.8372              -0.2918
9    H               -0.0028              -0.7006              -1.4403
10   H               -0.5441              -1.8399               1.2391
11   H                0.7448               0.9461               0.2349
12   H               -2.5839              -2.1595               0.1792
13   H               -1.9908              -1.6878              -1.2770
14   H               -0.6059               2.9581               0.9912
15   H               -1.6552               1.5657               1.7645
16   H                2.7634               0.2554               1.5131
17   H                1.7322               0.7001              -2.0362
18   H                2.4394              -1.4348               1.0768
19   H                1.2795              -0.5168               2.0588
20   H                2.8683               1.2461              -0.8134
21   H                2.9364              -0.4283              -1.3848


Energy:                 -383.526896 Convergence criteria  Is converged 
Maximum Force:             0.006197     0.002850  No
RMS Force:                 0.002989     0.001900  No
Maximum Displacement:      0.001318     0.003150  Yes
RMS Displacement:          0.000647     0.002100  Yes

----------------------------------------------------------------------
                          Iteration: 84 [SD]                          


                             Coordinates                              
----------------------------------------------------------------------
0    C               -0.7449              -1.3008               0.3208
1    C                1.2875               0.0347              -0.0287
2    C               -1.2303               2.0781               0.9165
3    C                1.9844              -0.4541               1.2290
4    C                2.2656               0.3945              -1.1332
5    N                0.3189              -0.9622              -0.5164
6    N               -2.0145              -1.4643              -0.2856
7    O               -1.5901               1.6975              -0.3381
8    H               -2.0378               0.8374              -0.2915
9    H               -0.0029              -0.7004              -1.4401
10   H               -0.5439              -1.8401               1.2383
11   H                0.7447               0.9462               0.2352
12   H               -2.5839              -2.1587               0.1794
13   H               -1.9899              -1.6881              -1.2766
14   H               -0.6072               2.9574               0.9907
15   H               -1.6550               1.5661               1.7648
16   H                2.7633               0.2552               1.5132
17   H                1.7323               0.6999              -2.0364
18   H                2.4395              -1.4347               1.0766
19   H                1.2796              -0.5172               2.0589
20   H                2.8685               1.2458              -0.8135
21   H                2.9361              -0.4287              -1.3847


Energy:                 -383.526934 Convergence criteria  Is converged 
Maximum Force:             0.005775     0.002850  No
RMS Force:                 0.002817     0.001900  No
Maximum Displacement:      0.001239     0.003150  Yes
RMS Displacement:          0.000598     0.002100  Yes

----------------------------------------------------------------------
                      Iteration: 85 [SD] (GDIIS)                      


                             Coordinates                              
----------------------------------------------------------------------
0    C               -0.7398              -1.3322               0.3175
1    C                1.2840               0.0353              -0.0273
2    C               -1.2430               2.1238               0.9199
3    C                1.9830              -0.4561               1.2282
4    C                2.2637               0.3924              -1.1329
5    N                0.3196              -0.9653              -0.5177
6    N               -2.0134              -1.4745              -0.2901
7    O               -1.5813               1.7036              -0.3328
8    H               -2.0186               0.8373              -0.2730
9    H               -0.0053              -0.7018              -1.4392
10   H               -0.5385              -1.8728               1.2255
11   H                0.7422               0.9474               0.2369
12   H               -2.5886              -2.1643               0.1744
13   H               -1.9848              -1.7023              -1.2803
14   H               -0.6293               3.0079               0.9876
15   H               -1.6458               1.5868               1.7702
16   H                2.7622               0.2521               1.5130
17   H                1.7322               0.6975              -2.0373
18   H                2.4396              -1.4352               1.0724
19   H                1.2805              -0.5235               2.0596
20   H                2.8697               1.2414              -0.8134
21   H                2.9317              -0.4337              -1.3827


Energy:                 -383.526760 Convergence criteria  Is converged 
Maximum Force:             0.013929     0.002850  No
RMS Force:                 0.006066     0.001900  No
Maximum Displacement:      0.050435     0.003150  No
RMS Displacement:          0.020921     0.002100  No

----------------------------------------------------------------------
                          Iteration: 86 [SD]                          


                             Coordinates                              
----------------------------------------------------------------------
0    C               -0.7397              -1.3301               0.3152
1    C                1.2840               0.0351              -0.0273
2    C               -1.2449               2.1210               0.9197
3    C                1.9830              -0.4561               1.2282
4    C                2.2636               0.3922              -1.1328
5    N                0.3191              -0.9652              -0.5169
6    N               -2.0127              -1.4740              -0.2897
7    O               -1.5812               1.7039              -0.3320
8    H               -2.0182               0.8379              -0.2727
9    H               -0.0055              -0.7016              -1.4390
10   H               -0.5380              -1.8739               1.2262
11   H                0.7421               0.9475               0.2371
12   H               -2.5886              -2.1635               0.1745
13   H               -1.9841              -1.7025              -1.2801
14   H               -0.6302               3.0076               0.9870
15   H               -1.6449               1.5881               1.7698
16   H                2.7622               0.2520               1.5131
17   H                1.7322               0.6973              -2.0374
18   H                2.4396              -1.4352               1.0721
19   H                1.2806              -0.5239               2.0597
20   H                2.8699               1.2411              -0.8135
21   H                2.9314              -0.4341              -1.3826


Energy:                 -383.526883 Convergence criteria  Is converged 
Maximum Force:             0.006673     0.002850  No
RMS Force:                 0.003623     0.001900  No
Maximum Displacement:      0.002786     0.003150  Yes
RMS Displacement:          0.001213     0.002100  Yes

----------------------------------------------------------------------
                          Iteration: 87 [SD]                          


                             Coordinates                              
----------------------------------------------------------------------
0    C               -0.7396              -1.3288               0.3147
1    C                1.2841               0.0351              -0.0272
2    C               -1.2456               2.1197               0.9194
3    C                1.9830              -0.4562               1.2283
4    C                2.2635               0.3921              -1.1328
5    N                0.3190              -0.9648              -0.5169
6    N               -2.0122              -1.4735              -0.2898
7    O               -1.5813               1.7040              -0.3317
8    H               -2.0178               0.8383              -0.2725
9    H               -0.0056              -0.7014              -1.4388
10   H               -0.5376              -1.8744               1.2260
11   H                0.7419               0.9475               0.2373
12   H               -2.5886              -2.1627               0.1747
13   H               -1.9834              -1.7027              -1.2798
14   H               -0.6314               3.0068               0.9864
15   H               -1.6443               1.5888               1.7699
16   H                2.7622               0.2519               1.5132
17   H                1.7323               0.6972              -2.0374
18   H                2.4397              -1.4352               1.0718
19   H                1.2806              -0.5243               2.0598
20   H                2.8702               1.2409              -0.8136
21   H                2.9310              -0.4345              -1.3824


Energy:                 -383.526935 Convergence criteria  Is converged 
Maximum Force:             0.006253     0.002850  No
RMS Force:                 0.003110     0.001900  No
Maximum Displacement:      0.001335     0.003150  Yes
RMS Displacement:          0.000725     0.002100  Yes

----------------------------------------------------------------------
                          Iteration: 88 [SD]                          


                             Coordinates                              
----------------------------------------------------------------------
0    C               -0.7395              -1.3277               0.3147
1    C                1.2841               0.0352              -0.0271
2    C               -1.2461               2.1188               0.9192
3    C                1.9830              -0.4563               1.2283
4    C                2.2634               0.3919              -1.1328
5    N                0.3190              -0.9645              -0.5169
6    N               -2.0119              -1.4730              -0.2899
7    O               -1.5815               1.7040              -0.3316
8    H               -2.0176               0.8386              -0.2723
9    H               -0.0056              -0.7012              -1.4387
10   H               -0.5373              -1.8748               1.2255
11   H                0.7419               0.9475               0.2375
12   H               -2.5885              -2.1618               0.1749
13   H               -1.9828              -1.7029              -1.2795
14   H               -0.6327               3.0059               0.9859
15   H               -1.6439               1.5894               1.7702
16   H                2.7622               0.2518               1.5134
17   H                1.7323               0.6970              -2.0375
18   H                2.4397              -1.4352               1.0715
19   H                1.2807              -0.5247               2.0599
20   H                2.8704               1.2406              -0.8138
21   H                2.9307              -0.4348              -1.3823


Energy:                 -383.526976 Convergence criteria  Is converged 
Maximum Force:             0.005891     0.002850  No
RMS Force:                 0.002886     0.001900  No
Maximum Displacement:      0.001251     0.003150  Yes
RMS Displacement:          0.000622     0.002100  Yes

----------------------------------------------------------------------
                          Iteration: 89 [SD]                          


                             Coordinates                              
----------------------------------------------------------------------
0    C               -0.7395              -1.3268               0.3148
1    C                1.2841               0.0353              -0.0270
2    C               -1.2464               2.1181               0.9190
3    C                1.9830              -0.4563               1.2283
4    C                2.2634               0.3918              -1.1328
5    N                0.3190              -0.9641              -0.5169
6    N               -2.0115              -1.4726              -0.2900
7    O               -1.5818               1.7041              -0.3316
8    H               -2.0174               0.8387              -0.2721
9    H               -0.0057              -0.7010              -1.4386
10   H               -0.5371              -1.8752               1.2250
11   H                0.7418               0.9475               0.2376
12   H               -2.5884              -2.1610               0.1750
13   H               -1.9822              -1.7032              -1.2794
14   H               -0.6338               3.0052               0.9854
15   H               -1.6436               1.5898               1.7706
16   H                2.7622               0.2517               1.5135
17   H                1.7323               0.6969              -2.0376
18   H                2.4397              -1.4352               1.0713
19   H                1.2808              -0.5251               2.0600
20   H                2.8706               1.2403              -0.8139
21   H                2.9303              -0.4352              -1.3821


Energy:                 -383.527012 Convergence criteria  Is converged 
Maximum Force:             0.005482     0.002850  No
RMS Force:                 0.002738     0.001900  No
Maximum Displacement:      0.001178     0.003150  Yes
RMS Displacement:          0.000577     0.002100  Yes

----------------------------------------------------------------------
                      Iteration: 90 [SD] (GDIIS)                      


                             Coordinates                              
----------------------------------------------------------------------
0    C               -0.7327              -1.3620               0.3133
1    C                1.2793               0.0341              -0.0255
2    C               -1.2784               2.2002               0.9276
3    C                1.9816              -0.4615               1.2262
4    C                2.2609               0.3855              -1.1321
5    N                0.3198              -0.9704              -0.5178
6    N               -2.0042              -1.4898              -0.2998
7    O               -1.5673               1.7143              -0.3198
8    H               -1.9806               0.8368              -0.2394
9    H               -0.0112              -0.7031              -1.4358
10   H               -0.5242              -1.9465               1.1985
11   H                0.7376               0.9470               0.2371
12   H               -2.5922              -2.1668               0.1676
13   H               -1.9662              -1.7312              -1.2871
14   H               -0.6833               3.0988               0.9796
15   H               -1.6319               1.6364               1.7851
16   H                2.7610               0.2453               1.5131
17   H                1.7329               0.6909              -2.0387
18   H                2.4404              -1.4379               1.0603
19   H                1.2823              -0.5386               2.0595
20   H                2.8745               1.2297              -0.8145
21   H                2.9220              -0.4475              -1.3786


Energy:                 -383.526791 Convergence criteria  Is converged 
Maximum Force:             0.020144     0.002850  No
RMS Force:                 0.007010     0.001900  No
Maximum Displacement:      0.093547     0.003150  No
RMS Displacement:          0.039498     0.002100  No

----------------------------------------------------------------------
                          Iteration: 91 [SD]                          


                             Coordinates                              
----------------------------------------------------------------------
0    C               -0.7324              -1.3604               0.3123
1    C                1.2794               0.0337              -0.0256
2    C               -1.2808               2.1962               0.9264
3    C                1.9816              -0.4616               1.2263
4    C                2.2608               0.3854              -1.1321
5    N                0.3195              -0.9703              -0.5172
6    N               -2.0034              -1.4895              -0.2996
7    O               -1.5670               1.7151              -0.3179
8    H               -1.9801               0.8379              -0.2390
9    H               -0.0113              -0.7028              -1.4358
10   H               -0.5238              -1.9468               1.1983
11   H                0.7374               0.9471               0.2373
12   H               -2.5922              -2.1660               0.1677
13   H               -1.9659              -1.7314              -1.2869
14   H               -0.6842               3.0981               0.9789
15   H               -1.6306               1.6381               1.7844
16   H                2.7610               0.2453               1.5133
17   H                1.7329               0.6907              -2.0387
18   H                2.4404              -1.4380               1.0600
19   H                1.2823              -0.5389               2.0595
20   H                2.8747               1.2295              -0.8147
21   H                2.9216              -0.4478              -1.3785


Energy:                 -383.526960 Convergence criteria  Is converged 
Maximum Force:             0.009279     0.002850  No
RMS Force:                 0.004381     0.001900  No
Maximum Displacement:      0.004029     0.003150  No
RMS Displacement:          0.001402     0.002100  Yes

----------------------------------------------------------------------
                          Iteration: 92 [SD]                          


                             Coordinates                              
----------------------------------------------------------------------
0    C               -0.7323              -1.3592               0.3121
1    C                1.2795               0.0336              -0.0255
2    C               -1.2818               2.1943               0.9258
3    C                1.9816              -0.4616               1.2263
4    C                2.2607               0.3852              -1.1320
5    N                0.3194              -0.9700              -0.5172
6    N               -2.0029              -1.4892              -0.2996
7    O               -1.5670               1.7153              -0.3170
8    H               -1.9796               0.8388              -0.2387
9    H               -0.0114              -0.7026              -1.4356
10   H               -0.5235              -1.9470               1.1977
11   H                0.7373               0.9470               0.2374
12   H               -2.5921              -2.1652               0.1678
13   H               -1.9655              -1.7316              -1.2867
14   H               -0.6855               3.0967               0.9782
15   H               -1.6298               1.6392               1.7843
16   H                2.7610               0.2452               1.5134
17   H                1.7329               0.6906              -2.0387
18   H                2.4404              -1.4380               1.0598
19   H                1.2824              -0.5393               2.0596
20   H                2.8748               1.2293              -0.8148
21   H                2.9213              -0.4481              -1.3783


Energy:                 -383.527036 Convergence criteria  Is converged 
Maximum Force:             0.006976     0.002850  No
RMS Force:                 0.003616     0.001900  No
Maximum Displacement:      0.001856     0.003150  Yes
RMS Displacement:          0.000876     0.002100  Yes

----------------------------------------------------------------------
                          Iteration: 93 [SD]                          


                             Coordinates                              
----------------------------------------------------------------------
0    C               -0.7322              -1.3581               0.3122
1    C                1.2796               0.0336              -0.0254
2    C               -1.2824               2.1932               0.9255
3    C                1.9817              -0.4617               1.2264
4    C                2.2607               0.3851              -1.1320
5    N                0.3193              -0.9697              -0.5172
6    N               -2.0025              -1.4888              -0.2997
7    O               -1.5670               1.7155              -0.3167
8    H               -1.9793               0.8394              -0.2385
9    H               -0.0115              -0.7024              -1.4355
10   H               -0.5231              -1.9470               1.1972
11   H                0.7372               0.9469               0.2376
12   H               -2.5920              -2.1644               0.1679
13   H               -1.9651              -1.7317              -1.2865
14   H               -0.6869               3.0953               0.9775
15   H               -1.6292               1.6400               1.7846
16   H                2.7609               0.2452               1.5136
17   H                1.7329               0.6905              -2.0386
18   H                2.4405              -1.4380               1.0596
19   H                1.2824              -0.5396               2.0596
20   H                2.8750               1.2291              -0.8149
21   H                2.9209              -0.4484              -1.3782


Energy:                 -383.527090 Convergence criteria  Is converged 
Maximum Force:             0.006412     0.002850  No
RMS Force:                 0.003220     0.001900  No
Maximum Displacement:      0.001395     0.003150  Yes
RMS Displacement:          0.000723     0.002100  Yes

----------------------------------------------------------------------
                          Iteration: 94 [SD]                          


                             Coordinates                              
----------------------------------------------------------------------
0    C               -0.7321              -1.3572               0.3124
1    C                1.2796               0.0335              -0.0253
2    C               -1.2828               2.1923               0.9252
3    C                1.9817              -0.4618               1.2265
4    C                2.2606               0.3850              -1.1319
5    N                0.3193              -0.9694              -0.5172
6    N               -2.0021              -1.4885              -0.2997
7    O               -1.5672               1.7156              -0.3166
8    H               -1.9791               0.8398              -0.2383
9    H               -0.0116              -0.7021              -1.4354
10   H               -0.5228              -1.9471               1.1966
11   H                0.7372               0.9468               0.2377
12   H               -2.5919              -2.1636               0.1681
13   H               -1.9648              -1.7319              -1.2863
14   H               -0.6882               3.0941               0.9768
15   H               -1.6287               1.6407               1.7850
16   H                2.7609               0.2452               1.5137
17   H                1.7329               0.6904              -2.0386
18   H                2.4405              -1.4380               1.0594
19   H                1.2825              -0.5400               2.0597
20   H                2.8752               1.2288              -0.8150
21   H                2.9206              -0.4488              -1.3780


Energy:                 -383.527133 Convergence criteria  Is converged 
Maximum Force:             0.005835     0.002850  No
RMS Force:                 0.002950     0.001900  No
Maximum Displacement:      0.001282     0.003150  Yes
RMS Displacement:          0.000644     0.002100  Yes

----------------------------------------------------------------------
                      Iteration: 95 [SD] (GDIIS)                      


                             Coordinates                              
----------------------------------------------------------------------
0    C               -0.7377              -1.3395               0.3175
1    C                1.2793               0.0342              -0.0262
2    C               -1.2715               2.1908               0.9303
3    C                1.9823              -0.4610               1.2257
4    C                2.2614               0.3847              -1.1320
5    N                0.3181              -0.9687              -0.5165
6    N               -2.0028              -1.4848              -0.3008
7    O               -1.5723               1.7074              -0.3245
8    H               -1.9888               0.8295              -0.2488
9    H               -0.0110              -0.7042              -1.4362
10   H               -0.5257              -1.9447               1.2031
11   H                0.7338               0.9455               0.2351
12   H               -2.5862              -2.1628               0.1722
13   H               -1.9602              -1.7264              -1.2885
14   H               -0.6776               3.0913               0.9856
15   H               -1.6392               1.6288               1.7860
16   H                2.7623               0.2458               1.5124
17   H                1.7340               0.6903              -2.0384
18   H                2.4403              -1.4384               1.0588
19   H                1.2820              -0.5364               2.0584
20   H                2.8754               1.2291              -0.8153
21   H                2.9242              -0.4469              -1.3796


Energy:                 -383.526557 Convergence criteria  Is converged 
Maximum Force:             0.026778     0.002850  No
RMS Force:                 0.010124     0.001900  No
Maximum Displacement:      0.017658     0.003150  No
RMS Displacement:          0.008766     0.002100  No

----------------------------------------------------------------------
                          Iteration: 96 [SD]                          


                             Coordinates                              
----------------------------------------------------------------------
0    C               -0.7369              -1.3401               0.3190
1    C                1.2796               0.0340              -0.0262
2    C               -1.2747               2.1855               0.9277
3    C                1.9822              -0.4611               1.2258
4    C                2.2614               0.3847              -1.1320
5    N                0.3180              -0.9684              -0.5162
6    N               -2.0025              -1.4846              -0.3006
7    O               -1.5714               1.7091              -0.3209
8    H               -1.9880               0.8311              -0.2480
9    H               -0.0111              -0.7038              -1.4362
10   H               -0.5259              -1.9434               1.2008
11   H                0.7339               0.9455               0.2353
12   H               -2.5862              -2.1619               0.1719
13   H               -1.9600              -1.7266              -1.2880
14   H               -0.6787               3.0904               0.9846
15   H               -1.6377               1.6310               1.7849
16   H                2.7623               0.2457               1.5126
17   H                1.7340               0.6902              -2.0385
18   H                2.4403              -1.4383               1.0586
19   H                1.2821              -0.5369               2.0585
20   H                2.8755               1.2289              -0.8154
21   H                2.9237              -0.4472              -1.3793


Energy:                 -383.526905 Convergence criteria  Is converged 
Maximum Force:             0.012181     0.002850  No
RMS Force:                 0.006061     0.001900  No
Maximum Displacement:      0.005356     0.003150  No
RMS Displacement:          0.002025     0.002100  Yes

----------------------------------------------------------------------
                          Iteration: 97 [SD]                          


                             Coordinates                              
----------------------------------------------------------------------
0    C               -0.7365              -1.3401               0.3194
1    C                1.2798               0.0339              -0.0262
2    C               -1.2761               2.1830               0.9265
3    C                1.9822              -0.4611               1.2258
4    C                2.2614               0.3846              -1.1321
5    N                0.3179              -0.9682              -0.5158
6    N               -2.0020              -1.4842              -0.3003
7    O               -1.5712               1.7097              -0.3192
8    H               -1.9872               0.8325              -0.2475
9    H               -0.0112              -0.7035              -1.4360
10   H               -0.5258              -1.9427               1.1993
11   H                0.7340               0.9455               0.2355
12   H               -2.5863              -2.1610               0.1718
13   H               -1.9596              -1.7269              -1.2875
14   H               -0.6804               3.0885               0.9837
15   H               -1.6367               1.6324               1.7845
16   H                2.7622               0.2456               1.5127
17   H                1.7340               0.6901              -2.0385
18   H                2.4402              -1.4382               1.0585
19   H                1.2822              -0.5373               2.0586
20   H                2.8757               1.2287              -0.8155
21   H                2.9233              -0.4476              -1.3791


Energy:                 -383.527046 Convergence criteria  Is converged 
Maximum Force:             0.009653     0.002850  No
RMS Force:                 0.004652     0.001900  No
Maximum Displacement:      0.002436     0.003150  Yes
RMS Displacement:          0.001212     0.002100  Yes

----------------------------------------------------------------------
                          Iteration: 98 [SD]                          


                             Coordinates                              
----------------------------------------------------------------------
0    C               -0.7362              -1.3399               0.3195
1    C                1.2799               0.0339              -0.0262
2    C               -1.2768               2.1815               0.9259
3    C                1.9822              -0.4612               1.2258
4    C                2.2614               0.3845              -1.1321
5    N                0.3179              -0.9679              -0.5156
6    N               -2.0015              -1.4838              -0.3001
7    O               -1.5712               1.7101              -0.3183
8    H               -1.9867               0.8336              -0.2469
9    H               -0.0114              -0.7032              -1.4358
10   H               -0.5256              -1.9422               1.1982
11   H                0.7342               0.9455               0.2357
12   H               -2.5864              -2.1602               0.1717
13   H               -1.9593              -1.7272              -1.2871
14   H               -0.6822               3.0865               0.9827
15   H               -1.6360               1.6334               1.7844
16   H                2.7621               0.2455               1.5128
17   H                1.7340               0.6900              -2.0386
18   H                2.4402              -1.4381               1.0583
19   H                1.2823              -0.5377               2.0587
20   H                2.8758               1.2285              -0.8156
21   H                2.9229              -0.4480              -1.3789


Energy:                 -383.527133 Convergence criteria  Is converged 
Maximum Force:             0.008534     0.002850  No
RMS Force:                 0.003914     0.001900  No
Maximum Displacement:      0.001931     0.003150  Yes
RMS Displacement:          0.000930     0.002100  Yes

----------------------------------------------------------------------
                          Iteration: 99 [SD]                          


                             Coordinates                              
----------------------------------------------------------------------
0    C               -0.7360              -1.3396               0.3194
1    C                1.2801               0.0340              -0.0261
2    C               -1.2773               2.1804               0.9255
3    C                1.9822              -0.4613               1.2259
4    C                2.2614               0.3845              -1.1321
5    N                0.3179              -0.9676              -0.5155
6    N               -2.0011              -1.4834              -0.2999
7    O               -1.5712               1.7104              -0.3180
8    H               -1.9862               0.8344              -0.2465
9    H               -0.0115              -0.7030              -1.4356
10   H               -0.5254              -1.9419               1.1974
11   H                0.7344               0.9455               0.2359
12   H               -2.5865              -2.1594               0.1716
13   H               -1.9589              -1.7274              -1.2867
14   H               -0.6838               3.0848               0.9819
15   H               -1.6354               1.6341               1.7846
16   H                2.7621               0.2454               1.5129
17   H                1.7339               0.6899              -2.0387
18   H                2.4403              -1.4381               1.0582
19   H                1.2824              -0.5380               2.0587
20   H                2.8760               1.2283              -0.8157
21   H                2.9225              -0.4483              -1.3788


Energy:                 -383.527196 Convergence criteria  Is converged 
Maximum Force:             0.007250     0.002850  No
RMS Force:                 0.003426     0.001900  No
Maximum Displacement:      0.001707     0.003150  Yes
RMS Displacement:          0.000783     0.002100  Yes

----------------------------------------------------------------------
                     Iteration: 100 [SD] (GDIIS)                      


                             Coordinates                              
----------------------------------------------------------------------
0    C               -0.7287              -1.3728               0.3146
1    C                1.2758               0.0295              -0.0246
2    C               -1.3255               2.2849               0.9384
3    C                1.9818              -0.4691               1.2238
4    C                2.2588               0.3758              -1.1310
5    N                0.3202              -0.9783              -0.5182
6    N               -1.9902              -1.5079              -0.3124
7    O               -1.5548               1.7250              -0.3046
8    H               -1.9396               0.8348              -0.2056
9    H               -0.0179              -0.7038              -1.4320
10   H               -0.5053              -2.0359               1.1665
11   H                0.7350               0.9452               0.2330
12   H               -2.5920              -2.1673               0.1644
13   H               -1.9428              -1.7626              -1.2975
14   H               -0.7464               3.1958               0.9715
15   H               -1.6234               1.6982               1.8064
16   H                2.7608               0.2376               1.5139
17   H                1.7347               0.6825              -2.0388
18   H                2.4426              -1.4433               1.0456
19   H                1.2836              -0.5562               2.0572
20   H                2.8811               1.2150              -0.8168
21   H                2.9122              -0.4636              -1.3754


Energy:                 -383.526155 Convergence criteria  Is converged 
Maximum Force:             0.033467     0.002850  No
RMS Force:                 0.012582     0.001900  No
Maximum Displacement:      0.110978     0.003150  No
RMS Displacement:          0.049805     0.002100  No

----------------------------------------------------------------------
                         Iteration: 101 [SD]                          


                             Coordinates                              
----------------------------------------------------------------------
0    C               -0.7277              -1.3748               0.3171
1    C                1.2763               0.0293              -0.0247
2    C               -1.3287               2.2782               0.9352
3    C                1.9818              -0.4692               1.2239
4    C                2.2589               0.3757              -1.1310
5    N                0.3200              -0.9776              -0.5178
6    N               -1.9900              -1.5079              -0.3123
7    O               -1.5539               1.7273              -0.3003
8    H               -1.9390               0.8367              -0.2048
9    H               -0.0181              -0.7035              -1.4319
10   H               -0.5057              -2.0332               1.1632
11   H                0.7348               0.9450               0.2333
12   H               -2.5917              -2.1663               0.1641
13   H               -1.9426              -1.7627              -1.2969
14   H               -0.7473               3.1948               0.9705
15   H               -1.6220               1.7007               1.8051
16   H                2.7607               0.2375               1.5140
17   H                1.7346               0.6824              -2.0389
18   H                2.4426              -1.4431               1.0456
19   H                1.2838              -0.5566               2.0572
20   H                2.8812               1.2148              -0.8168
21   H                2.9119              -0.4639              -1.3753


Energy:                 -383.526687 Convergence criteria  Is converged 
Maximum Force:             0.015201     0.002850  No
RMS Force:                 0.007246     0.001900  No
Maximum Displacement:      0.006693     0.003150  No
RMS Displacement:          0.002516     0.002100  No

----------------------------------------------------------------------
                         Iteration: 102 [SD]                          


                             Coordinates                              
----------------------------------------------------------------------
0    C               -0.7271              -1.3756               0.3176
1    C                1.2766               0.0292              -0.0247
2    C               -1.3300               2.2752               0.9337
3    C                1.9818              -0.4693               1.2239
4    C                2.2590               0.3756              -1.1311
5    N                0.3198              -0.9771              -0.5173
6    N               -1.9894              -1.5076              -0.3119
7    O               -1.5537               1.7281              -0.2982
8    H               -1.9383               0.8385              -0.2043
9    H               -0.0182              -0.7032              -1.4317
10   H               -0.5058              -2.0315               1.1611
11   H                0.7346               0.9447               0.2336
12   H               -2.5917              -2.1655               0.1639
13   H               -1.9424              -1.7629              -1.2963
14   H               -0.7489               3.1925               0.9696
15   H               -1.6209               1.7023               1.8047
16   H                2.7605               0.2374               1.5142
17   H                1.7345               0.6823              -2.0389
18   H                2.4426              -1.4430               1.0455
19   H                1.2839              -0.5570               2.0573
20   H                2.8813               1.2146              -0.8169
21   H                2.9116              -0.4643              -1.3752


Energy:                 -383.526884 Convergence criteria  Is converged 
Maximum Force:             0.011553     0.002850  No
RMS Force:                 0.005345     0.001900  No
Maximum Displacement:      0.003040     0.003150  Yes
RMS Displacement:          0.001449     0.002100  Yes

----------------------------------------------------------------------
                         Iteration: 103 [SD]                          


                             Coordinates                              
----------------------------------------------------------------------
0    C               -0.7268              -1.3759               0.3175
1    C                1.2768               0.0292              -0.0246
2    C               -1.3307               2.2734               0.9329
3    C                1.9818              -0.4694               1.2240
4    C                2.2591               0.3755              -1.1312
5    N                0.3197              -0.9766              -0.5169
6    N               -1.9889              -1.5072              -0.3115
7    O               -1.5536               1.7285              -0.2973
8    H               -1.9378               0.8399              -0.2038
9    H               -0.0184              -0.7029              -1.4315
10   H               -0.5057              -2.0303               1.1598
11   H                0.7346               0.9445               0.2338
12   H               -2.5917              -2.1647               0.1638
13   H               -1.9421              -1.7630              -1.2958
14   H               -0.7506               3.1902               0.9686
15   H               -1.6202               1.7035               1.8045
16   H                2.7604               0.2373               1.5143
17   H                1.7345               0.6822              -2.0389
18   H                2.4427              -1.4430               1.0455
19   H                1.2839              -0.5573               2.0573
20   H                2.8814               1.2144              -0.8169
21   H                2.9113              -0.4646              -1.3751


Energy:                 -383.526997 Convergence criteria  Is converged 
Maximum Force:             0.010359     0.002850  No
RMS Force:                 0.004379     0.001900  No
Maximum Displacement:      0.002311     0.003150  Yes
RMS Displacement:          0.001069     0.002100  Yes

----------------------------------------------------------------------
                         Iteration: 104 [SD]                          


                             Coordinates                              
----------------------------------------------------------------------
0    C               -0.7265              -1.3760               0.3171
1    C                1.2770               0.0292              -0.0246
2    C               -1.3311               2.2721               0.9325
3    C                1.9819              -0.4695               1.2240
4    C                2.2591               0.3754              -1.1313
5    N                0.3196              -0.9761              -0.5167
6    N               -1.9884              -1.5069              -0.3113
7    O               -1.5536               1.7289              -0.2968
8    H               -1.9375               0.8409              -0.2033
9    H               -0.0185              -0.7026              -1.4312
10   H               -0.5055              -2.0293               1.1588
11   H                0.7345               0.9442               0.2341
12   H               -2.5917              -2.1640               0.1637
13   H               -1.9419              -1.7632              -1.2954
14   H               -0.7521               3.1881               0.9677
15   H               -1.6195               1.7044               1.8047
16   H                2.7604               0.2372               1.5144
17   H                1.7344               0.6822              -2.0389
18   H                2.4427              -1.4430               1.0454
19   H                1.2840              -0.5577               2.0574
20   H                2.8815               1.2142              -0.8170
21   H                2.9111              -0.4650              -1.3750


Energy:                 -383.527075 Convergence criteria  Is converged 
Maximum Force:             0.008920     0.002850  No
RMS Force:                 0.003755     0.001900  No
Maximum Displacement:      0.002072     0.003150  Yes
RMS Displacement:          0.000876     0.002100  Yes

----------------------------------------------------------------------
                     Iteration: 105 [SD] (GDIIS)                      


                             Coordinates                              
----------------------------------------------------------------------
0    C               -0.7272              -1.3819               0.3120
1    C                1.2774               0.0290              -0.0246
2    C               -1.3302               2.2843               0.9370
3    C                1.9825              -0.4697               1.2243
4    C                2.2597               0.3757              -1.1314
5    N                0.3208              -0.9782              -0.5185
6    N               -1.9926              -1.5081              -0.3106
7    O               -1.5559               1.7287              -0.3037
8    H               -1.9401               0.8391              -0.2047
9    H               -0.0176              -0.7027              -1.4315
10   H               -0.5052              -2.0296               1.1657
11   H                0.7399               0.9468               0.2328
12   H               -2.5931              -2.1695               0.1640
13   H               -1.9471              -1.7625              -1.2960
14   H               -0.7435               3.1895               0.9693
15   H               -1.6246               1.7003               1.8062
16   H                2.7607               0.2374               1.5149
17   H                1.7344               0.6831              -2.0384
18   H                2.4438              -1.4437               1.0479
19   H                1.2836              -0.5569               2.0570
20   H                2.8809               1.2155              -0.8166
21   H                2.9133              -0.4630              -1.3768


Energy:                 -383.526491 Convergence criteria  Is converged 
Maximum Force:             0.028809     0.002850  No
RMS Force:                 0.010022     0.001900  No
Maximum Displacement:      0.012248     0.003150  No
RMS Displacement:          0.005321     0.002100  No

----------------------------------------------------------------------
                         Iteration: 106 [SD]                          


                             Coordinates                              
----------------------------------------------------------------------
0    C               -0.7264              -1.3824               0.3133
1    C                1.2778               0.0287              -0.0246
2    C               -1.3330               2.2785               0.9344
3    C                1.9824              -0.4698               1.2243
4    C                2.2598               0.3756              -1.1314
5    N                0.3205              -0.9776              -0.5181
6    N               -1.9921              -1.5080              -0.3106
7    O               -1.5552               1.7304              -0.3002
8    H               -1.9396               0.8407              -0.2041
9    H               -0.0178              -0.7023              -1.4315
10   H               -0.5053              -2.0280               1.1636
11   H                0.7396               0.9465               0.2331
12   H               -2.5930              -2.1686               0.1639
13   H               -1.9469              -1.7626              -1.2954
14   H               -0.7442               3.1887               0.9685
15   H               -1.6233               1.7024               1.8052
16   H                2.7606               0.2373               1.5151
17   H                1.7344               0.6830              -2.0385
18   H                2.4438              -1.4436               1.0478
19   H                1.2837              -0.5572               2.0571
20   H                2.8810               1.2153              -0.8167
21   H                2.9131              -0.4633              -1.3767


Energy:                 -383.526830 Convergence criteria  Is converged 
Maximum Force:             0.013084     0.002850  No
RMS Force:                 0.005881     0.001900  No
Maximum Displacement:      0.005762     0.003150  No
RMS Displacement:          0.002004     0.002100  Yes

----------------------------------------------------------------------
                         Iteration: 107 [SD]                          


                             Coordinates                              
----------------------------------------------------------------------
0    C               -0.7259              -1.3823               0.3135
1    C                1.2780               0.0286              -0.0246
2    C               -1.3341               2.2759               0.9332
3    C                1.9824              -0.4699               1.2244
4    C                2.2599               0.3755              -1.1315
5    N                0.3204              -0.9771              -0.5177
6    N               -1.9915              -1.5078              -0.3104
7    O               -1.5551               1.7309              -0.2985
8    H               -1.9391               0.8422              -0.2037
9    H               -0.0179              -0.7020              -1.4314
10   H               -0.5053              -2.0270               1.1622
11   H                0.7393               0.9462               0.2334
12   H               -2.5929              -2.1678               0.1638
13   H               -1.9467              -1.7627              -1.2949
14   H               -0.7457               3.1869               0.9677
15   H               -1.6224               1.7038               1.8048
16   H                2.7605               0.2372               1.5152
17   H                1.7343               0.6829              -2.0385
18   H                2.4439              -1.4436               1.0477
19   H                1.2838              -0.5576               2.0572
20   H                2.8811               1.2151              -0.8167
21   H                2.9128              -0.4637              -1.3766


Energy:                 -383.526962 Convergence criteria  Is converged 
Maximum Force:             0.009629     0.002850  No
RMS Force:                 0.004469     0.001900  No
Maximum Displacement:      0.002617     0.003150  Yes
RMS Displacement:          0.001176     0.002100  Yes

----------------------------------------------------------------------
                         Iteration: 108 [SD]                          


                             Coordinates                              
----------------------------------------------------------------------
0    C               -0.7256              -1.3820               0.3135
1    C                1.2782               0.0286              -0.0245
2    C               -1.3346               2.2744               0.9326
3    C                1.9825              -0.4700               1.2244
4    C                2.2599               0.3754              -1.1315
5    N                0.3203              -0.9767              -0.5175
6    N               -1.9909              -1.5075              -0.3102
7    O               -1.5551               1.7312              -0.2977
8    H               -1.9387               0.8432              -0.2034
9    H               -0.0181              -0.7018              -1.4312
10   H               -0.5051              -2.0262               1.1612
11   H                0.7391               0.9459               0.2336
12   H               -2.5929              -2.1670               0.1637
13   H               -1.9465              -1.7629              -1.2945
14   H               -0.7471               3.1849               0.9669
15   H               -1.6217               1.7048               1.8047
16   H                2.7604               0.2371               1.5153
17   H                1.7343               0.6828              -2.0385
18   H                2.4439              -1.4436               1.0476
19   H                1.2839              -0.5579               2.0572
20   H                2.8813               1.2149              -0.8168
21   H                2.9125              -0.4640              -1.3765


Energy:                 -383.527042 Convergence criteria  Is converged 
Maximum Force:             0.008633     0.002850  No
RMS Force:                 0.003749     0.001900  No
Maximum Displacement:      0.001926     0.003150  Yes
RMS Displacement:          0.000894     0.002100  Yes

----------------------------------------------------------------------
                         Iteration: 109 [SD]                          


                             Coordinates                              
----------------------------------------------------------------------
0    C               -0.7253              -1.3816               0.3134
1    C                1.2783               0.0286              -0.0245
2    C               -1.3350               2.2732               0.9322
3    C                1.9825              -0.4701               1.2245
4    C                2.2600               0.3753              -1.1316
5    N                0.3202              -0.9762              -0.5174
6    N               -1.9904              -1.5072              -0.3101
7    O               -1.5551               1.7314              -0.2974
8    H               -1.9385               0.8440              -0.2030
9    H               -0.0182              -0.7015              -1.4311
10   H               -0.5049              -2.0256               1.1604
11   H                0.7389               0.9456               0.2339
12   H               -2.5928              -2.1663               0.1637
13   H               -1.9463              -1.7630              -1.2942
14   H               -0.7485               3.1832               0.9661
15   H               -1.6211               1.7056               1.8049
16   H                2.7603               0.2371               1.5155
17   H                1.7342               0.6827              -2.0385
18   H                2.4440              -1.4435               1.0475
19   H                1.2839              -0.5582               2.0573
20   H                2.8814               1.2147              -0.8168
21   H                2.9123              -0.4644              -1.3764


Energy:                 -383.527100 Convergence criteria  Is converged 
Maximum Force:             0.007435     0.002850  No
RMS Force:                 0.003281     0.001900  No
Maximum Displacement:      0.001727     0.003150  Yes
RMS Displacement:          0.000750     0.002100  Yes

----------------------------------------------------------------------
                     Iteration: 110 [SD] (GDIIS)                      


                             Coordinates                              
----------------------------------------------------------------------
0    C               -0.7351              -1.3439               0.3119
1    C                1.2854               0.0322              -0.0265
2    C               -1.2725               2.1441               0.9186
3    C                1.9839              -0.4606               1.2286
4    C                2.2636               0.3883              -1.1330
5    N                0.3205              -0.9669              -0.5181
6    N               -2.0079              -1.4833              -0.2919
7    O               -1.5782               1.7155              -0.3230
8    H               -2.0020               0.8477              -0.2564
9    H               -0.0074              -0.6980              -1.4365
10   H               -0.5285              -1.8962               1.2074
11   H                0.7487               0.9486               0.2370
12   H               -2.5925              -2.1624               0.1755
13   H               -1.9808              -1.7136              -1.2811
14   H               -0.6559               3.0268               0.9755
15   H               -1.6401               1.6193               1.7790
16   H                2.7616               0.2480               1.5162
17   H                1.7325               0.6945              -2.0373
18   H                2.4432              -1.4377               1.0703
19   H                1.2812              -0.5337               2.0593
20   H                2.8729               1.2352              -0.8146
21   H                2.9272              -0.4404              -1.3827


Energy:                 -383.526911 Convergence criteria  Is converged 
Maximum Force:             0.011742     0.002850  No
RMS Force:                 0.006505     0.001900  No
Maximum Displacement:      0.156388     0.003150  No
RMS Displacement:          0.067548     0.002100  No

----------------------------------------------------------------------
                         Iteration: 111 [SD]                          


                             Coordinates                              
----------------------------------------------------------------------
0    C               -0.7353              -1.3416               0.3101
1    C                1.2853               0.0325              -0.0263
2    C               -1.2710               2.1460               0.9202
3    C                1.9839              -0.4606               1.2286
4    C                2.2636               0.3881              -1.1329
5    N                0.3205              -0.9665              -0.5181
6    N               -2.0075              -1.4825              -0.2920
7    O               -1.5792               1.7143              -0.3254
8    H               -2.0024               0.8469              -0.2567
9    H               -0.0075              -0.6978              -1.4366
10   H               -0.5278              -1.8977               1.2090
11   H                0.7484               0.9485               0.2372
12   H               -2.5924              -2.1617               0.1758
13   H               -1.9802              -1.7139              -1.2810
14   H               -0.6566               3.0267               0.9754
15   H               -1.6406               1.6185               1.7801
16   H                2.7616               0.2479               1.5163
17   H                1.7325               0.6944              -2.0373
18   H                2.4432              -1.4378               1.0700
19   H                1.2813              -0.5341               2.0594
20   H                2.8732               1.2350              -0.8147
21   H                2.9270              -0.4409              -1.3826


Energy:                 -383.527047 Convergence criteria  Is converged 
Maximum Force:             0.007323     0.002850  No
RMS Force:                 0.003547     0.001900  No
Maximum Displacement:      0.002348     0.003150  Yes
RMS Displacement:          0.001301     0.002100  Yes

----------------------------------------------------------------------
                         Iteration: 112 [SD]                          


                             Coordinates                              
----------------------------------------------------------------------
0    C               -0.7353              -1.3401               0.3100
1    C                1.2852               0.0327              -0.0262
2    C               -1.2705               2.1464               0.9206
3    C                1.9839              -0.4607               1.2286
4    C                2.2636               0.3880              -1.1329
5    N                0.3205              -0.9661              -0.5184
6    N               -2.0074              -1.4818              -0.2923
7    O               -1.5797               1.7139              -0.3264
8    H               -2.0029               0.8459              -0.2570
9    H               -0.0076              -0.6975              -1.4367
10   H               -0.5274              -1.8986               1.2096
11   H                0.7481               0.9484               0.2375
12   H               -2.5922              -2.1610               0.1760
13   H               -1.9797              -1.7142              -1.2809
14   H               -0.6569               3.0272               0.9753
15   H               -1.6409               1.6180               1.7810
16   H                2.7616               0.2479               1.5165
17   H                1.7325               0.6942              -2.0373
18   H                2.4433              -1.4379               1.0697
19   H                1.2813              -0.5344               2.0595
20   H                2.8734               1.2347              -0.8149
21   H                2.9268              -0.4413              -1.3826


Energy:                 -383.527097 Convergence criteria  Is converged 
Maximum Force:             0.005902     0.002850  No
RMS Force:                 0.002888     0.001900  No
Maximum Displacement:      0.001465     0.003150  Yes
RMS Displacement:          0.000709     0.002100  Yes

----------------------------------------------------------------------
                         Iteration: 113 [SD]                          


                             Coordinates                              
----------------------------------------------------------------------
0    C               -0.7353              -1.3390               0.3103
1    C                1.2852               0.0328              -0.0261
2    C               -1.2703               2.1464               0.9207
3    C                1.9839              -0.4608               1.2286
4    C                2.2636               0.3879              -1.1329
5    N                0.3206              -0.9656              -0.5186
6    N               -2.0072              -1.4811              -0.2926
7    O               -1.5802               1.7135              -0.3269
8    H               -2.0033               0.8451              -0.2573
9    H               -0.0077              -0.6972              -1.4368
10   H               -0.5270              -1.8993               1.2098
11   H                0.7477               0.9483               0.2377
12   H               -2.5919              -2.1602               0.1761
13   H               -1.9792              -1.7145              -1.2809
14   H               -0.6571               3.0278               0.9751
15   H               -1.6410               1.6177               1.7816
16   H                2.7616               0.2478               1.5166
17   H                1.7325               0.6941              -2.0374
18   H                2.4434              -1.4379               1.0694
19   H                1.2814              -0.5347               2.0595
20   H                2.8737               1.2345              -0.8150
21   H                2.9266              -0.4418              -1.3825


Energy:                 -383.527131 Convergence criteria  Is converged 
Maximum Force:             0.005232     0.002850  No
RMS Force:                 0.002636     0.001900  No
Maximum Displacement:      0.001180     0.003150  Yes
RMS Displacement:          0.000578     0.002100  Yes

----------------------------------------------------------------------
                         Iteration: 114 [SD]                          


                             Coordinates                              
----------------------------------------------------------------------
0    C               -0.7352              -1.3379               0.3107
1    C                1.2852               0.0330              -0.0260
2    C               -1.2702               2.1462               0.9208
3    C                1.9840              -0.4609               1.2286
4    C                2.2636               0.3877              -1.1329
5    N                0.3206              -0.9652              -0.5188
6    N               -2.0071              -1.4805              -0.2928
7    O               -1.5807               1.7132              -0.3272
8    H               -2.0036               0.8444              -0.2576
9    H               -0.0077              -0.6969              -1.4370
10   H               -0.5267              -1.8999               1.2097
11   H                0.7475               0.9482               0.2380
12   H               -2.5917              -2.1594               0.1763
13   H               -1.9787              -1.7148              -1.2809
14   H               -0.6573               3.0283               0.9750
15   H               -1.6412               1.6175               1.7820
16   H                2.7616               0.2477               1.5167
17   H                1.7325               0.6939              -2.0374
18   H                2.4434              -1.4380               1.0691
19   H                1.2815              -0.5351               2.0596
20   H                2.8739               1.2342              -0.8151
21   H                2.9263              -0.4422              -1.3824


Energy:                 -383.527161 Convergence criteria  Is converged 
Maximum Force:             0.004831     0.002850  No
RMS Force:                 0.002497     0.001900  No
Maximum Displacement:      0.001046     0.003150  Yes
RMS Displacement:          0.000527     0.002100  Yes

----------------------------------------------------------------------
                     Iteration: 115 [SD] (GDIIS)                      


                             Coordinates                              
----------------------------------------------------------------------
0    C               -0.7250              -1.3725               0.3135
1    C                1.2771               0.0310              -0.0231
2    C               -1.3299               2.2683               0.9322
3    C                1.9818              -0.4708               1.2249
4    C                2.2586               0.3746              -1.1313
5    N                0.3202              -0.9717              -0.5183
6    N               -1.9863              -1.5046              -0.3115
7    O               -1.5587               1.7284              -0.3026
8    H               -1.9398               0.8403              -0.2025
9    H               -0.0185              -0.6977              -1.4317
10   H               -0.5006              -2.0279               1.1549
11   H                0.7346               0.9450               0.2386
12   H               -2.5942              -2.1546               0.1689
13   H               -1.9383              -1.7640              -1.2942
14   H               -0.7586               3.1814               0.9604
15   H               -1.6180               1.7052               1.8111
16   H                2.7598               0.2355               1.5173
17   H                1.7344               0.6808              -2.0398
18   H                2.4449              -1.4429               1.0452
19   H                1.2848              -0.5627               2.0589
20   H                2.8841               1.2113              -0.8183
21   H                2.9075              -0.4686              -1.3742


Energy:                 -383.527285 Convergence criteria  Is converged 
Maximum Force:             0.013826     0.002850  No
RMS Force:                 0.004910     0.001900  No
Maximum Displacement:      0.153143     0.003150  No
RMS Displacement:          0.067872     0.002100  No

----------------------------------------------------------------------
                         Iteration: 116 [SD]                          


                             Coordinates                              
----------------------------------------------------------------------
0    C               -0.7245              -1.3729               0.3143
1    C                1.2774               0.0310              -0.0231
2    C               -1.3312               2.2655               0.9312
3    C                1.9818              -0.4709               1.2250
4    C                2.2587               0.3745              -1.1312
5    N                0.3201              -0.9714              -0.5182
6    N               -1.9863              -1.5042              -0.3114
7    O               -1.5586               1.7289              -0.3008
8    H               -1.9396               0.8409              -0.2024
9    H               -0.0186              -0.6973              -1.4316
10   H               -0.5005              -2.0269               1.1539
11   H                0.7346               0.9449               0.2388
12   H               -2.5940              -2.1538               0.1686
13   H               -1.9383              -1.7643              -1.2939
14   H               -0.7591               3.1812               0.9598
15   H               -1.6174               1.7061               1.8105
16   H                2.7597               0.2355               1.5174
17   H                1.7344               0.6807              -2.0397
18   H                2.4449              -1.4430               1.0451
19   H                1.2848              -0.5630               2.0588
20   H                2.8842               1.2112              -0.8184
21   H                2.9073              -0.4689              -1.3741


Energy:                 -383.527367 Convergence criteria  Is converged 
Maximum Force:             0.006313     0.002850  No
RMS Force:                 0.002993     0.001900  No
Maximum Displacement:      0.002765     0.003150  Yes
RMS Displacement:          0.000982     0.002100  Yes

----------------------------------------------------------------------
                         Iteration: 117 [SD]                          


                             Coordinates                              
----------------------------------------------------------------------
0    C               -0.7242              -1.3729               0.3144
1    C                1.2776               0.0309              -0.0230
2    C               -1.3317               2.2642               0.9308
3    C                1.9819              -0.4710               1.2250
4    C                2.2588               0.3744              -1.1312
5    N                0.3200              -0.9712              -0.5181
6    N               -1.9861              -1.5037              -0.3113
7    O               -1.5588               1.7290              -0.2999
8    H               -1.9395               0.8414              -0.2024
9    H               -0.0187              -0.6969              -1.4316
10   H               -0.5002              -2.0262               1.1533
11   H                0.7346               0.9448               0.2389
12   H               -2.5939              -2.1532               0.1685
13   H               -1.9382              -1.7645              -1.2936
14   H               -0.7599               3.1804               0.9592
15   H               -1.6169               1.7065               1.8103
16   H                2.7597               0.2354               1.5176
17   H                1.7343               0.6806              -2.0396
18   H                2.4450              -1.4430               1.0449
19   H                1.2849              -0.5633               2.0588
20   H                2.8844               1.2111              -0.8185
21   H                2.9071              -0.4692              -1.3741


Energy:                 -383.527402 Convergence criteria  Is converged 
Maximum Force:             0.004189     0.002850  No
RMS Force:                 0.002429     0.001900  No
Maximum Displacement:      0.001263     0.003150  Yes
RMS Displacement:          0.000599     0.002100  Yes

----------------------------------------------------------------------
                         Iteration: 118 [SD]                          


                             Coordinates                              
----------------------------------------------------------------------
0    C               -0.7241              -1.3728               0.3144
1    C                1.2777               0.0309              -0.0230
2    C               -1.3320               2.2634               0.9306
3    C                1.9820              -0.4711               1.2250
4    C                2.2589               0.3743              -1.1312
5    N                0.3200              -0.9709              -0.5181
6    N               -1.9859              -1.5032              -0.3112
7    O               -1.5590               1.7289              -0.2994
8    H               -1.9395               0.8416              -0.2023
9    H               -0.0188              -0.6965              -1.4315
10   H               -0.5000              -2.0257               1.1528
11   H                0.7347               0.9447               0.2391
12   H               -2.5938              -2.1525               0.1684
13   H               -1.9382              -1.7648              -1.2933
14   H               -0.7607               3.1795               0.9586
15   H               -1.6166               1.7068               1.8102
16   H                2.7596               0.2354               1.5177
17   H                1.7343               0.6806              -2.0395
18   H                2.4450              -1.4431               1.0448
19   H                1.2849              -0.5636               2.0588
20   H                2.8846               1.2110              -0.8186
21   H                2.9068              -0.4695              -1.3740


Energy:                 -383.527426 Convergence criteria  Is converged 
Maximum Force:             0.003912     0.002850  No
RMS Force:                 0.002175     0.001900  No
Maximum Displacement:      0.000838     0.003150  Yes
RMS Displacement:          0.000486     0.002100  Yes

----------------------------------------------------------------------
                         Iteration: 119 [SD]                          


                             Coordinates                              
----------------------------------------------------------------------
0    C               -0.7239              -1.3726               0.3143
1    C                1.2779               0.0309              -0.0229
2    C               -1.3321               2.2628               0.9305
3    C                1.9820              -0.4712               1.2251
4    C                2.2590               0.3743              -1.1312
5    N                0.3199              -0.9706              -0.5181
6    N               -1.9857              -1.5027              -0.3111
7    O               -1.5592               1.7289              -0.2992
8    H               -1.9396               0.8418              -0.2023
9    H               -0.0189              -0.6961              -1.4314
10   H               -0.4997              -2.0252               1.1525
11   H                0.7348               0.9446               0.2393
12   H               -2.5938              -2.1519               0.1683
13   H               -1.9381              -1.7650              -1.2931
14   H               -0.7615               3.1788               0.9580
15   H               -1.6163               1.7070               1.8103
16   H                2.7595               0.2354               1.5179
17   H                1.7343               0.6805              -2.0394
18   H                2.4451              -1.4431               1.0447
19   H                1.2850              -0.5639               2.0588
20   H                2.8848               1.2108              -0.8186
21   H                2.9066              -0.4698              -1.3739


Energy:                 -383.527446 Convergence criteria  Is converged 
Maximum Force:             0.003609     0.002850  No
RMS Force:                 0.002024     0.001900  No
Maximum Displacement:      0.000782     0.003150  Yes
RMS Displacement:          0.000435     0.002100  Yes

----------------------------------------------------------------------
                     Iteration: 120 [SD] (GDIIS)                      


                             Coordinates                              
----------------------------------------------------------------------
0    C               -0.7207              -1.3770               0.3123
1    C                1.2778               0.0312              -0.0217
2    C               -1.3419               2.2735               0.9307
3    C                1.9821              -0.4737               1.2253
4    C                2.2586               0.3720              -1.1310
5    N                0.3204              -0.9688              -0.5191
6    N               -1.9820              -1.5038              -0.3131
7    O               -1.5595               1.7316              -0.2967
8    H               -1.9326               0.8428              -0.1944
9    H               -0.0205              -0.6920              -1.4307
10   H               -0.4928              -2.0380               1.1424
11   H                0.7348               0.9445               0.2421
12   H               -2.5957              -2.1453               0.1694
13   H               -1.9328              -1.7726              -1.2931
14   H               -0.7791               3.1920               0.9499
15   H               -1.6116               1.7204               1.8168
16   H                2.7587               0.2329               1.5202
17   H                1.7342               0.6781              -2.0396
18   H                2.4469              -1.4441               1.0418
19   H                1.2858              -0.5709               2.0592
20   H                2.8877               1.2064              -0.8199
21   H                2.9019              -0.4757              -1.3726


Energy:                 -383.527538 Convergence criteria  Is converged 
Maximum Force:             0.002996     0.002850  No
RMS Force:                 0.001727     0.001900  Yes
Maximum Displacement:      0.017563     0.003150  No
RMS Displacement:          0.009147     0.002100  No

----------------------------------------------------------------------
                         Iteration: 121 [SD]                          


                             Coordinates                              
----------------------------------------------------------------------
0    C               -0.7206              -1.3768               0.3123
1    C                1.2780               0.0312              -0.0217
2    C               -1.3420               2.2730               0.9307
3    C                1.9822              -0.4738               1.2253
4    C                2.2587               0.3720              -1.1309
5    N                0.3204              -0.9686              -0.5191
6    N               -1.9820              -1.5033              -0.3131
7    O               -1.5598               1.7314              -0.2964
8    H               -1.9328               0.8426              -0.1945
9    H               -0.0206              -0.6915              -1.4307
10   H               -0.4925              -2.0376               1.1424
11   H                0.7349               0.9444               0.2423
12   H               -2.5956              -2.1447               0.1693
13   H               -1.9328              -1.7728              -1.2929
14   H               -0.7795               3.1918               0.9495
15   H               -1.6114               1.7203               1.8167
16   H                2.7587               0.2329               1.5204
17   H                1.7342               0.6781              -2.0394
18   H                2.4469              -1.4441               1.0417
19   H                1.2858              -0.5712               2.0592
20   H                2.8880               1.2063              -0.8200
21   H                2.9018              -0.4759              -1.3725


Energy:                 -383.527551 Convergence criteria  Is converged 
Maximum Force:             0.002886     0.002850  No
RMS Force:                 0.001672     0.001900  Yes
Maximum Displacement:      0.000599     0.003150  Yes
RMS Displacement:          0.000345     0.002100  Yes

----------------------------------------------------------------------
                         Iteration: 122 [SD]                          


                             Coordinates                              
----------------------------------------------------------------------
0    C               -0.7205              -1.3766               0.3123
1    C                1.2781               0.0312              -0.0216
2    C               -1.3421               2.2726               0.9307
3    C                1.9823              -0.4739               1.2253
4    C                2.2588               0.3719              -1.1309
5    N                0.3204              -0.9684              -0.5192
6    N               -1.9820              -1.5027              -0.3131
7    O               -1.5601               1.7312              -0.2963
8    H               -1.9331               0.8423              -0.1946
9    H               -0.0207              -0.6910              -1.4306
10   H               -0.4922              -2.0373               1.1423
11   H                0.7350               0.9444               0.2424
12   H               -2.5955              -2.1442               0.1693
13   H               -1.9328              -1.7730              -1.2928
14   H               -0.7799               3.1917               0.9491
15   H               -1.6113               1.7202               1.8168
16   H                2.7586               0.2329               1.5205
17   H                1.7342               0.6780              -2.0393
18   H                2.4470              -1.4442               1.0415
19   H                1.2859              -0.5714               2.0591
20   H                2.8882               1.2062              -0.8200
21   H                2.9016              -0.4762              -1.3725


Energy:                 -383.527563 Convergence criteria  Is converged 
Maximum Force:             0.002852     0.002850  No
RMS Force:                 0.001647     0.001900  Yes
Maximum Displacement:      0.000577     0.003150  Yes
RMS Displacement:          0.000334     0.002100  Yes

----------------------------------------------------------------------
                         Iteration: 123 [SD]                          


                             Coordinates                              
----------------------------------------------------------------------
0    C               -0.7203              -1.3764               0.3122
1    C                1.2782               0.0312              -0.0216
2    C               -1.3422               2.2723               0.9306
3    C                1.9824              -0.4740               1.2253
4    C                2.2589               0.3718              -1.1308
5    N                0.3204              -0.9682              -0.5193
6    N               -1.9819              -1.5022              -0.3132
7    O               -1.5604               1.7309              -0.2962
8    H               -1.9333               0.8420              -0.1948
9    H               -0.0208              -0.6906              -1.4306
10   H               -0.4919              -2.0369               1.1423
11   H                0.7351               0.9444               0.2426
12   H               -2.5955              -2.1436               0.1693
13   H               -1.9328              -1.7733              -1.2926
14   H               -0.7803               3.1915               0.9487
15   H               -1.6112               1.7201               1.8168
16   H                2.7586               0.2329               1.5207
17   H                1.7342               0.6780              -2.0391
18   H                2.4471              -1.4443               1.0414
19   H                1.2859              -0.5717               2.0590
20   H                2.8884               1.2061              -0.8201
21   H                2.9015              -0.4764              -1.3724


Energy:                 -383.527575 Convergence criteria  Is converged 
Maximum Force:             0.002839     0.002850  Yes
RMS Force:                 0.001629     0.001900  Yes
Maximum Displacement:      0.000570     0.003150  Yes
RMS Displacement:          0.000329     0.002100  Yes

----------------------------------------------------------------------
                         Iteration: 123 [SD]                          


                             Coordinates                              
----------------------------------------------------------------------
0    C               -0.7203              -1.3764               0.3122
1    C                1.2782               0.0312              -0.0216
2    C               -1.3422               2.2723               0.9306
3    C                1.9824              -0.4740               1.2253
4    C                2.2589               0.3718              -1.1308
5    N                0.3204              -0.9682              -0.5193
6    N               -1.9819              -1.5022              -0.3132
7    O               -1.5604               1.7309              -0.2962
8    H               -1.9333               0.8420              -0.1948
9    H               -0.0208              -0.6906              -1.4306
10   H               -0.4919              -2.0369               1.1423
11   H                0.7351               0.9444               0.2426
12   H               -2.5955              -2.1436               0.1693
13   H               -1.9328              -1.7733              -1.2926
14   H               -0.7803               3.1915               0.9487
15   H               -1.6112               1.7201               1.8168
16   H                2.7586               0.2329               1.5207
17   H                1.7342               0.6780              -2.0391
18   H                2.4471              -1.4443               1.0414
19   H                1.2859              -0.5717               2.0590
20   H                2.8884               1.2061              -0.8201
21   H                2.9015              -0.4764              -1.3724


Energy:                 -383.527575 Convergence criteria  Is converged 
Maximum Force:             0.002839     0.002850  Yes
RMS Force:                 0.001629     0.001900  Yes
Maximum Displacement:      0.000570     0.003150  Yes
RMS Displacement:          0.000329     0.002100  Yes

SDCG converged at iteration 123 (phase: SD). Final frame written to /home/user/software/MAPLE/examples/opt/sd/inp1_opt.xyz
Complete trajectory written to /home/user/software/MAPLE/examples/opt/sd/inp1_traj.xyz



Program started: 2026-02-03 13:16:33

======================================================================
                      TIMING SUMMARY
======================================================================
Input Reading (×18).................................   0.224 s  (   2.9 %)
  Settings Parsing (×18)..............................   0.190 s  (  85.1 %)
  Coordinate Section Parsing (×18)....................   0.004 s  (   1.8 %)
  Post-Processing Expansion (×18).....................   0.000 s  (   0.0 %)
MLP Initialization (×18)............................  12.157 s  ( 155.8 %)
Job Dispatching (×18)............................... 416.690 s  (5339.3 %)
  Frequency Calculation (×6)..........................   1.983 s  (   0.5 %)
  IRC Calculation (×4)................................  18.715 s  (   4.5 %)
  Single Point Energy Calculation.....................   1.246 s  (   0.3 %)
  Optimization (×7)................................... 394.736 s  (  94.7 %)
======================================================================
Total wall time: 7.804 s
Total CPU time: 147.999 s
======================================================================

Program ended: 2026-02-03 13:16:40
TOTAL RUN TIME: 0 days 0 hours 0 minutes 7 seconds 804 msec
