
**********************************************************************
*                                                                    *
*                        M   A   P   L   E                           *
*                                                                    *
*      MAchine-learning Potential for Landscape Exploration          *
*                                                                    *
*                                                                    *
*      © 2025 University of Pittsburgh. All rights reserved.         *
*      Licensed under CC BY 4.0 for academic use.                    *
*                                                                    *
*      Principal Developer:  Xujian Wang                             *
*                                                                    *
**********************************************************************


Parsing # commands...
Global parameter: model = uma
Task set to 'opt'
Global parameter: device = gpu0
Parsed configuration:
----------------------------------------
Task: opt
model          : uma
method         : sd
diis_enabled   : False
device         : gpu0

                             Coordinates                              
**********************************************************************

Group 1 (inline)
--------------------
1    C             -0.778126            -1.067561             0.321059
2    C              1.302553             0.052120            -0.028299
3    C             -0.971993             1.456249             0.823657
4    C              1.981229            -0.418433             1.250175
5    C              2.264033             0.435168            -1.133107
6    N              0.291164            -0.876821            -0.500399
7    N             -2.019163            -1.372006            -0.233112
8    O             -1.664734             1.630223            -0.401837
9    H             -2.258632             0.870139            -0.475899
10   H              0.027849            -0.678312            -1.458495
11   H             -0.609759            -1.367856             1.341178
12   H              0.681264             0.918300             0.286941
13   H             -2.573263            -2.057361             0.257412
14   H             -2.052428            -1.504542            -1.233823
15   H             -0.368993             2.351392             0.991747
16   H             -1.639609             1.294215             1.674653
17   H              2.764449             0.291462             1.522846
18   H              1.725114             0.730695            -2.037794
19   H              2.435593            -1.406098             1.134215
20   H              1.273005            -0.447224             2.080579
21   H              2.850345             1.298697            -0.814322
22   H              2.960009            -0.368806            -1.388910

======================================================================
SDCG Parameters
======================================================================
mode:              SD only
max_step:          0.2
max_iter:          256
sd_enabled:        True
cg_enabled:        False
sd_max_iter:       50
cg_switch_fmax:    0.0
cg_restart_thresh: 0.2
cg_beta_method:    prp+
diis_enabled:      False
diis_store_every:  5
diis_memory:       6
write_traj:        False
traj_every:        1
verbose:           1
======================================================================


----------------------------------------------------------------------
                          Iteration: 1 [SD]                           


                             Coordinates                              
----------------------------------------------------------------------
0    C               -0.7788              -1.0578               0.3220
1    C                1.3046               0.0514              -0.0285
2    C               -0.9796               1.4494               0.8249
3    C                1.9817              -0.4190               1.2489
4    C                2.2650               0.4341              -1.1335
5    N                0.2922              -0.8786              -0.5009
6    N               -2.0170              -1.3711              -0.2321
7    O               -1.6648               1.6300              -0.4014
8    H               -2.2584               0.8708              -0.4762
9    H                0.0276              -0.6779              -1.4580
10   H               -0.6097              -1.3683               1.3410
11   H                0.6825               0.9184               0.2859
12   H               -2.5728              -2.0567               0.2575
13   H               -2.0518              -1.5045              -1.2335
14   H               -0.3685               2.3500               0.9916
15   H               -1.6403               1.2956               1.6743
16   H                2.7643               0.2912               1.5228
17   H                1.7252               0.7306              -2.0375
18   H                2.4355              -1.4060               1.1342
19   H                1.2729              -0.4474               2.0803
20   H                2.8504               1.2983              -0.8144
21   H                2.9598              -0.3688              -1.3889


Energy:                 -383.529243 Convergence criteria  Is converged 
Maximum Force:             0.047339     0.002850  No
RMS Force:                 0.014253     0.001900  No
Maximum Displacement:      0.009717     0.003150  No
RMS Displacement:          0.003254     0.002100  No

----------------------------------------------------------------------
                          Iteration: 2 [SD]                           


                             Coordinates                              
----------------------------------------------------------------------
0    C               -0.7795              -1.0484               0.3238
1    C                1.3061               0.0510              -0.0289
2    C               -0.9843               1.4442               0.8253
3    C                1.9821              -0.4194               1.2482
4    C                2.2658               0.4335              -1.1339
5    N                0.2934              -0.8801              -0.5012
6    N               -2.0154              -1.3702              -0.2316
7    O               -1.6652               1.6298              -0.4011
8    H               -2.2584               0.8712              -0.4768
9    H                0.0273              -0.6776              -1.4577
10   H               -0.6096              -1.3685               1.3404
11   H                0.6841               0.9182               0.2848
12   H               -2.5722              -2.0558               0.2577
13   H               -2.0510              -1.5043              -1.2329
14   H               -0.3690               2.3468               0.9913
15   H               -1.6422               1.2967               1.6750
16   H                2.7642               0.2909               1.5227
17   H                1.7253               0.7304              -2.0372
18   H                2.4355              -1.4061               1.1341
19   H                1.2730              -0.4476               2.0798
20   H                2.8504               1.2980              -0.8144
21   H                2.9598              -0.3690              -1.3890


Energy:                 -383.530119 Convergence criteria  Is converged 
Maximum Force:             0.046188     0.002850  No
RMS Force:                 0.013806     0.001900  No
Maximum Displacement:      0.009468     0.003150  No
RMS Displacement:          0.002851     0.002100  No

----------------------------------------------------------------------
                          Iteration: 3 [SD]                           


                             Coordinates                              
----------------------------------------------------------------------
0    C               -0.7803              -1.0391               0.3257
1    C                1.3072               0.0506              -0.0294
2    C               -0.9879               1.4395               0.8254
3    C                1.9825              -0.4197               1.2476
4    C                2.2665               0.4330              -1.1343
5    N                0.2946              -0.8813              -0.5013
6    N               -2.0140              -1.3693              -0.2311
7    O               -1.6659               1.6296              -0.4007
8    H               -2.2588               0.8714              -0.4776
9    H                0.0271              -0.6771              -1.4573
10   H               -0.6096              -1.3686               1.3398
11   H                0.6858               0.9179               0.2836
12   H               -2.5713              -2.0548               0.2579
13   H               -2.0501              -1.5040              -1.2322
14   H               -0.3697               2.3428               0.9910
15   H               -1.6447               1.2977               1.6760
16   H                2.7642               0.2907               1.5226
17   H                1.7254               0.7302              -2.0370
18   H                2.4355              -1.4062               1.1341
19   H                1.2731              -0.4478               2.0793
20   H                2.8505               1.2976              -0.8145
21   H                2.9599              -0.3694              -1.3892


Energy:                 -383.530952 Convergence criteria  Is converged 
Maximum Force:             0.045056     0.002850  No
RMS Force:                 0.013675     0.001900  No
Maximum Displacement:      0.009238     0.003150  No
RMS Displacement:          0.002761     0.002100  No

----------------------------------------------------------------------
                          Iteration: 4 [SD]                           


                             Coordinates                              
----------------------------------------------------------------------
0    C               -0.7810              -1.0301               0.3277
1    C                1.3081               0.0504              -0.0299
2    C               -0.9909               1.4350               0.8253
3    C                1.9828              -0.4200               1.2472
4    C                2.2672               0.4327              -1.1346
5    N                0.2957              -0.8823              -0.5013
6    N               -2.0128              -1.3682              -0.2306
7    O               -1.6666               1.6295              -0.4004
8    H               -2.2593               0.8715              -0.4786
9    H                0.0269              -0.6767              -1.4569
10   H               -0.6095              -1.3685               1.3391
11   H                0.6876               0.9176               0.2824
12   H               -2.5704              -2.0537               0.2582
13   H               -2.0492              -1.5037              -1.2315
14   H               -0.3706               2.3384               0.9906
15   H               -1.6473               1.2985               1.6771
16   H                2.7641               0.2904               1.5225
17   H                1.7255               0.7300              -2.0368
18   H                2.4356              -1.4065               1.1340
19   H                1.2732              -0.4480               2.0787
20   H                2.8507               1.2972              -0.8146
21   H                2.9601              -0.3698              -1.3894


Energy:                 -383.531773 Convergence criteria  Is converged 
Maximum Force:             0.043947     0.002850  No
RMS Force:                 0.013622     0.001900  No
Maximum Displacement:      0.009011     0.003150  No
RMS Displacement:          0.002735     0.002100  No

----------------------------------------------------------------------
                          Iteration: 5 [SD]                           


                             Coordinates                              
----------------------------------------------------------------------
0    C               -0.7818              -1.0213               0.3298
1    C                1.3090               0.0501              -0.0304
2    C               -0.9937               1.4305               0.8253
3    C                1.9831              -0.4203               1.2469
4    C                2.2678               0.4323              -1.1349
5    N                0.2967              -0.8831              -0.5013
6    N               -2.0118              -1.3669              -0.2301
7    O               -1.6675               1.6295              -0.4000
8    H               -2.2599               0.8716              -0.4796
9    H                0.0267              -0.6763              -1.4565
10   H               -0.6095              -1.3684               1.3385
11   H                0.6895               0.9174               0.2811
12   H               -2.5694              -2.0525               0.2585
13   H               -2.0481              -1.5034              -1.2309
14   H               -0.3714               2.3336               0.9903
15   H               -1.6500               1.2993               1.6782
16   H                2.7642               0.2902               1.5224
17   H                1.7257               0.7298              -2.0366
18   H                2.4357              -1.4068               1.1339
19   H                1.2733              -0.4482               2.0780
20   H                2.8509               1.2969              -0.8147
21   H                2.9604              -0.3703              -1.3896


Energy:                 -383.532589 Convergence criteria  Is converged 
Maximum Force:             0.042870     0.002850  No
RMS Force:                 0.013599     0.001900  No
Maximum Displacement:      0.008789     0.003150  No
RMS Displacement:          0.002724     0.002100  No

----------------------------------------------------------------------
                          Iteration: 6 [SD]                           


                             Coordinates                              
----------------------------------------------------------------------
0    C               -0.7826              -1.0128               0.3318
1    C                1.3098               0.0499              -0.0309
2    C               -0.9964               1.4260               0.8251
3    C                1.9835              -0.4205               1.2465
4    C                2.2685               0.4320              -1.1352
5    N                0.2976              -0.8838              -0.5011
6    N               -2.0108              -1.3655              -0.2296
7    O               -1.6685               1.6294              -0.3997
8    H               -2.2607               0.8716              -0.4807
9    H                0.0266              -0.6759              -1.4561
10   H               -0.6095              -1.3681               1.3379
11   H                0.6915               0.9171               0.2798
12   H               -2.5683              -2.0514               0.2589
13   H               -2.0470              -1.5030              -1.2302
14   H               -0.3721               2.3286               0.9900
15   H               -1.6528               1.3001               1.6792
16   H                2.7642               0.2900               1.5224
17   H                1.7258               0.7296              -2.0364
18   H                2.4359              -1.4071               1.1338
19   H                1.2734              -0.4484               2.0774
20   H                2.8511               1.2966              -0.8148
21   H                2.9607              -0.3708              -1.3898


Energy:                 -383.533402 Convergence criteria  Is converged 
Maximum Force:             0.041832     0.002850  No
RMS Force:                 0.013595     0.001900  No
Maximum Displacement:      0.008574     0.003150  No
RMS Displacement:          0.002720     0.002100  No

----------------------------------------------------------------------
                          Iteration: 7 [SD]                           


                             Coordinates                              
----------------------------------------------------------------------
0    C               -0.7835              -1.0044               0.3338
1    C                1.3105               0.0497              -0.0314
2    C               -0.9991               1.4214               0.8250
3    C                1.9838              -0.4208               1.2462
4    C                2.2691               0.4317              -1.1355
5    N                0.2985              -0.8844              -0.5010
6    N               -2.0100              -1.3639              -0.2291
7    O               -1.6696               1.6293              -0.3992
8    H               -2.2615               0.8716              -0.4820
9    H                0.0265              -0.6755              -1.4556
10   H               -0.6095              -1.3677               1.3373
11   H                0.6936               0.9170               0.2785
12   H               -2.5672              -2.0501               0.2593
13   H               -2.0459              -1.5026              -1.2295
14   H               -0.3727               2.3233               0.9897
15   H               -1.6555               1.3007               1.6801
16   H                2.7643               0.2897               1.5223
17   H                1.7259               0.7294              -2.0363
18   H                2.4360              -1.4073               1.1337
19   H                1.2735              -0.4486               2.0768
20   H                2.8514               1.2963              -0.8149
21   H                2.9610              -0.3713              -1.3901


Energy:                 -383.534215 Convergence criteria  Is converged 
Maximum Force:             0.040846     0.002850  No
RMS Force:                 0.013605     0.001900  No
Maximum Displacement:      0.008366     0.003150  No
RMS Displacement:          0.002719     0.002100  No

----------------------------------------------------------------------
                          Iteration: 8 [SD]                           


                             Coordinates                              
----------------------------------------------------------------------
0    C               -0.7843              -0.9962               0.3358
1    C                1.3113               0.0495              -0.0318
2    C               -1.0018               1.4169               0.8248
3    C                1.9842              -0.4210               1.2459
4    C                2.2698               0.4314              -1.1358
5    N                0.2992              -0.8849              -0.5007
6    N               -2.0092              -1.3622              -0.2285
7    O               -1.6707               1.6292              -0.3988
8    H               -2.2625               0.8716              -0.4833
9    H                0.0265              -0.6750              -1.4551
10   H               -0.6095              -1.3672               1.3368
11   H                0.6958               0.9168               0.2772
12   H               -2.5660              -2.0488               0.2598
13   H               -2.0447              -1.5022              -1.2288
14   H               -0.3733               2.3179               0.9895
15   H               -1.6583               1.3012               1.6810
16   H                2.7645               0.2895               1.5223
17   H                1.7261               0.7292              -2.0362
18   H                2.4362              -1.4077               1.1336
19   H                1.2736              -0.4489               2.0763
20   H                2.8518               1.2961              -0.8150
21   H                2.9613              -0.3717              -1.3904


Energy:                 -383.535030 Convergence criteria  Is converged 
Maximum Force:             0.039920     0.002850  No
RMS Force:                 0.013630     0.001900  No
Maximum Displacement:      0.008169     0.003150  No
RMS Displacement:          0.002721     0.002100  No

----------------------------------------------------------------------
                          Iteration: 9 [SD]                           


                             Coordinates                              
----------------------------------------------------------------------
0    C               -0.7852              -0.9882               0.3378
1    C                1.3120               0.0493              -0.0323
2    C               -1.0046               1.4124               0.8246
3    C                1.9846              -0.4212               1.2456
4    C                2.2704               0.4311              -1.1361
5    N                0.2999              -0.8853              -0.5004
6    N               -2.0086              -1.3603              -0.2280
7    O               -1.6720               1.6291              -0.3983
8    H               -2.2635               0.8715              -0.4847
9    H                0.0264              -0.6746              -1.4546
10   H               -0.6095              -1.3665               1.3363
11   H                0.6981               0.9168               0.2759
12   H               -2.5647              -2.0475               0.2603
13   H               -2.0434              -1.5017              -1.2281
14   H               -0.3738               2.3123               0.9892
15   H               -1.6611               1.3017               1.6818
16   H                2.7646               0.2893               1.5223
17   H                1.7263               0.7290              -2.0361
18   H                2.4363              -1.4080               1.1334
19   H                1.2737              -0.4491               2.0757
20   H                2.8522               1.2958              -0.8151
21   H                2.9616              -0.3722              -1.3907


Energy:                 -383.535849 Convergence criteria  Is converged 
Maximum Force:             0.039064     0.002850  No
RMS Force:                 0.013670     0.001900  No
Maximum Displacement:      0.007984     0.003150  No
RMS Displacement:          0.002726     0.002100  No

----------------------------------------------------------------------
                          Iteration: 10 [SD]                          


                             Coordinates                              
----------------------------------------------------------------------
0    C               -0.7860              -0.9804               0.3397
1    C                1.3128               0.0492              -0.0327
2    C               -1.0073               1.4078               0.8244
3    C                1.9850              -0.4214               1.2454
4    C                2.2711               0.4308              -1.1364
5    N                0.3005              -0.8856              -0.5001
6    N               -2.0081              -1.3582              -0.2274
7    O               -1.6732               1.6289              -0.3978
8    H               -2.2646               0.8715              -0.4861
9    H                0.0264              -0.6741              -1.4540
10   H               -0.6095              -1.3658               1.3358
11   H                0.7004               0.9168               0.2745
12   H               -2.5634              -2.0462               0.2608
13   H               -2.0420              -1.5013              -1.2273
14   H               -0.3742               2.3065               0.9890
15   H               -1.6639               1.3020               1.6825
16   H                2.7648               0.2891               1.5223
17   H                1.7264               0.7288              -2.0361
18   H                2.4365              -1.4083               1.1333
19   H                1.2738              -0.4493               2.0751
20   H                2.8526               1.2955              -0.8153
21   H                2.9620              -0.3727              -1.3910


Energy:                 -383.536673 Convergence criteria  Is converged 
Maximum Force:             0.038286     0.002850  No
RMS Force:                 0.013727     0.001900  No
Maximum Displacement:      0.007813     0.003150  No
RMS Displacement:          0.002734     0.002100  No

----------------------------------------------------------------------
                          Iteration: 11 [SD]                          


                             Coordinates                              
----------------------------------------------------------------------
0    C               -0.7869              -0.9728               0.3417
1    C                1.3135               0.0491              -0.0332
2    C               -1.0101               1.4032               0.8242
3    C                1.9854              -0.4216               1.2451
4    C                2.2717               0.4305              -1.1367
5    N                0.3011              -0.8858              -0.4998
6    N               -2.0077              -1.3561              -0.2269
7    O               -1.6745               1.6287              -0.3973
8    H               -2.2657               0.8714              -0.4877
9    H                0.0264              -0.6737              -1.4535
10   H               -0.6096              -1.3650               1.3353
11   H                0.7028               0.9169               0.2731
12   H               -2.5621              -2.0448               0.2614
13   H               -2.0407              -1.5008              -1.2266
14   H               -0.3745               2.3006               0.9888
15   H               -1.6667               1.3023               1.6831
16   H                2.7650               0.2890               1.5223
17   H                1.7266               0.7286              -2.0360
18   H                2.4366              -1.4086               1.1332
19   H                1.2739              -0.4496               2.0745
20   H                2.8530               1.2953              -0.8154
21   H                2.9623              -0.3732              -1.3913


Energy:                 -383.537504 Convergence criteria  Is converged 
Maximum Force:             0.037591     0.002850  No
RMS Force:                 0.013800     0.001900  No
Maximum Displacement:      0.007657     0.003150  No
RMS Displacement:          0.002745     0.002100  No

----------------------------------------------------------------------
                          Iteration: 12 [SD]                          


                             Coordinates                              
----------------------------------------------------------------------
0    C               -0.7877              -0.9653               0.3436
1    C                1.3143               0.0490              -0.0336
2    C               -1.0129               1.3986               0.8239
3    C                1.9858              -0.4218               1.2448
4    C                2.2724               0.4303              -1.1370
5    N                0.3016              -0.8860              -0.4994
6    N               -2.0074              -1.3537              -0.2263
7    O               -1.6759               1.6285              -0.3968
8    H               -2.2670               0.8713              -0.4892
9    H                0.0265              -0.6733              -1.4529
10   H               -0.6097              -1.3641               1.3349
11   H                0.7053               0.9171               0.2718
12   H               -2.5607              -2.0434               0.2620
13   H               -2.0392              -1.5003              -1.2258
14   H               -0.3748               2.2946               0.9885
15   H               -1.6695               1.3024               1.6837
16   H                2.7653               0.2888               1.5223
17   H                1.7268               0.7284              -2.0360
18   H                2.4368              -1.4089               1.1330
19   H                1.2740              -0.4498               2.0740
20   H                2.8535               1.2951              -0.8156
21   H                2.9627              -0.3737              -1.3916


Energy:                 -383.538344 Convergence criteria  Is converged 
Maximum Force:             0.036984     0.002850  No
RMS Force:                 0.013890     0.001900  No
Maximum Displacement:      0.007518     0.003150  No
RMS Displacement:          0.002760     0.002100  No

----------------------------------------------------------------------
                          Iteration: 13 [SD]                          


                             Coordinates                              
----------------------------------------------------------------------
0    C               -0.7886              -0.9579               0.3456
1    C                1.3150               0.0489              -0.0339
2    C               -1.0158               1.3939               0.8236
3    C                1.9862              -0.4220               1.2446
4    C                2.2731               0.4300              -1.1373
5    N                0.3020              -0.8861              -0.4989
6    N               -2.0072              -1.3513              -0.2257
7    O               -1.6774               1.6282              -0.3963
8    H               -2.2683               0.8712              -0.4909
9    H                0.0265              -0.6728              -1.4524
10   H               -0.6098              -1.3631               1.3345
11   H                0.7078               0.9174               0.2704
12   H               -2.5593              -2.0420               0.2626
13   H               -2.0378              -1.4997              -1.2250
14   H               -0.3749               2.2884               0.9883
15   H               -1.6723               1.3025               1.6843
16   H                2.7655               0.2886               1.5223
17   H                1.7270               0.7282              -2.0360
18   H                2.4370              -1.4091               1.1329
19   H                1.2741              -0.4501               2.0734
20   H                2.8539               1.2948              -0.8157
21   H                2.9630              -0.3741              -1.3919


Energy:                 -383.539196 Convergence criteria  Is converged 
Maximum Force:             0.036467     0.002850  No
RMS Force:                 0.013997     0.001900  No
Maximum Displacement:      0.007397     0.003150  No
RMS Displacement:          0.002778     0.002100  No

----------------------------------------------------------------------
                          Iteration: 14 [SD]                          


                             Coordinates                              
----------------------------------------------------------------------
0    C               -0.7895              -0.9506               0.3475
1    C                1.3157               0.0488              -0.0343
2    C               -1.0186               1.3892               0.8233
3    C                1.9866              -0.4222               1.2444
4    C                2.2737               0.4297              -1.1376
5    N                0.3024              -0.8862              -0.4985
6    N               -2.0071              -1.3488              -0.2250
7    O               -1.6788               1.6279              -0.3958
8    H               -2.2696               0.8710              -0.4925
9    H                0.0265              -0.6723              -1.4518
10   H               -0.6100              -1.3620               1.3341
11   H                0.7104               0.9177               0.2690
12   H               -2.5579              -2.0405               0.2632
13   H               -2.0362              -1.4992              -1.2242
14   H               -0.3751               2.2820               0.9882
15   H               -1.6751               1.3024               1.6848
16   H                2.7658               0.2884               1.5223
17   H                1.7273               0.7280              -2.0360
18   H                2.4372              -1.4094               1.1327
19   H                1.2742              -0.4504               2.0729
20   H                2.8544               1.2946              -0.8159
21   H                2.9634              -0.3746              -1.3922


Energy:                 -383.540062 Convergence criteria  Is converged 
Maximum Force:             0.036041     0.002850  No
RMS Force:                 0.014120     0.001900  No
Maximum Displacement:      0.007293     0.003150  No
RMS Displacement:          0.002799     0.002100  No

----------------------------------------------------------------------
                          Iteration: 15 [SD]                          


                             Coordinates                              
----------------------------------------------------------------------
0    C               -0.7903              -0.9434               0.3494
1    C                1.3165               0.0487              -0.0347
2    C               -1.0215               1.3844               0.8230
3    C                1.9871              -0.4224               1.2441
4    C                2.2744               0.4295              -1.1379
5    N                0.3028              -0.8863              -0.4980
6    N               -2.0070              -1.3461              -0.2244
7    O               -1.6804               1.6276              -0.3952
8    H               -2.2711               0.8709              -0.4943
9    H                0.0266              -0.6719              -1.4512
10   H               -0.6101              -1.3608               1.3338
11   H                0.7131               0.9181               0.2677
12   H               -2.5565              -2.0390               0.2638
13   H               -2.0347              -1.4987              -1.2233
14   H               -0.3751               2.2756               0.9880
15   H               -1.6779               1.3023               1.6852
16   H                2.7661               0.2882               1.5224
17   H                1.7275               0.7278              -2.0360
18   H                2.4373              -1.4097               1.1325
19   H                1.2744              -0.4506               2.0723
20   H                2.8550               1.2943              -0.8161
21   H                2.9638              -0.3751              -1.3926


Energy:                 -383.540944 Convergence criteria  Is converged 
Maximum Force:             0.035704     0.002850  No
RMS Force:                 0.014259     0.001900  No
Maximum Displacement:      0.007208     0.003150  No
RMS Displacement:          0.002824     0.002100  No

----------------------------------------------------------------------
                          Iteration: 16 [SD]                          


                             Coordinates                              
----------------------------------------------------------------------
0    C               -0.7912              -0.9362               0.3513
1    C                1.3173               0.0487              -0.0350
2    C               -1.0244               1.3795               0.8226
3    C                1.9875              -0.4226               1.2439
4    C                2.2751               0.4292              -1.1382
5    N                0.3031              -0.8862              -0.4975
6    N               -2.0071              -1.3433              -0.2238
7    O               -1.6819               1.6273              -0.3947
8    H               -2.2725               0.8708              -0.4960
9    H                0.0266              -0.6714              -1.4506
10   H               -0.6103              -1.3595               1.3335
11   H                0.7158               0.9186               0.2663
12   H               -2.5550              -2.0375               0.2644
13   H               -2.0331              -1.4981              -1.2225
14   H               -0.3751               2.2690               0.9878
15   H               -1.6807               1.3021               1.6856
16   H                2.7664               0.2880               1.5224
17   H                1.7277               0.7275              -2.0360
18   H                2.4375              -1.4100               1.1324
19   H                1.2745              -0.4509               2.0718
20   H                2.8555               1.2941              -0.8163
21   H                2.9641              -0.3756              -1.3929


Energy:                 -383.541843 Convergence criteria  Is converged 
Maximum Force:             0.035452     0.002850  No
RMS Force:                 0.014413     0.001900  No
Maximum Displacement:      0.007141     0.003150  No
RMS Displacement:          0.002852     0.002100  No

----------------------------------------------------------------------
                          Iteration: 17 [SD]                          


                             Coordinates                              
----------------------------------------------------------------------
0    C               -0.7921              -0.9291               0.3532
1    C                1.3180               0.0487              -0.0354
2    C               -1.0273               1.3746               0.8222
3    C                1.9880              -0.4227               1.2437
4    C                2.2758               0.4289              -1.1386
5    N                0.3034              -0.8862              -0.4970
6    N               -2.0071              -1.3404              -0.2231
7    O               -1.6836               1.6269              -0.3942
8    H               -2.2741               0.8706              -0.4978
9    H                0.0267              -0.6709              -1.4500
10   H               -0.6105              -1.3580               1.3332
11   H                0.7185               0.9192               0.2650
12   H               -2.5535              -2.0360               0.2651
13   H               -2.0315              -1.4975              -1.2216
14   H               -0.3751               2.2623               0.9877
15   H               -1.6835               1.3017               1.6860
16   H                2.7667               0.2879               1.5225
17   H                1.7280               0.7273              -2.0361
18   H                2.4377              -1.4103               1.1322
19   H                1.2746              -0.4512               2.0713
20   H                2.8561               1.2939              -0.8165
21   H                2.9645              -0.3760              -1.3933


Energy:                 -383.542762 Convergence criteria  Is converged 
Maximum Force:             0.035283     0.002850  No
RMS Force:                 0.014581     0.001900  No
Maximum Displacement:      0.007090     0.003150  No
RMS Displacement:          0.002883     0.002100  No

----------------------------------------------------------------------
                          Iteration: 18 [SD]                          


                             Coordinates                              
----------------------------------------------------------------------
0    C               -0.7929              -0.9221               0.3551
1    C                1.3188               0.0487              -0.0357
2    C               -1.0301               1.3696               0.8218
3    C                1.9885              -0.4229               1.2435
4    C                2.2765               0.4287              -1.1389
5    N                0.3036              -0.8861              -0.4965
6    N               -2.0073              -1.3375              -0.2224
7    O               -1.6852               1.6265              -0.3937
8    H               -2.2757               0.8705              -0.4997
9    H                0.0267              -0.6704              -1.4494
10   H               -0.6107              -1.3566               1.3330
11   H                0.7213               0.9198               0.2636
12   H               -2.5520              -2.0344               0.2657
13   H               -2.0298              -1.4969              -1.2206
14   H               -0.3750               2.2555               0.9875
15   H               -1.6863               1.3013               1.6863
16   H                2.7670               0.2877               1.5225
17   H                1.7283               0.7271              -2.0361
18   H                2.4379              -1.4106               1.1320
19   H                1.2748              -0.4514               2.0708
20   H                2.8567               1.2936              -0.8168
21   H                2.9649              -0.3765              -1.3936


Energy:                 -383.543703 Convergence criteria  Is converged 
Maximum Force:             0.035188     0.002850  No
RMS Force:                 0.014762     0.001900  No
Maximum Displacement:      0.007057     0.003150  No
RMS Displacement:          0.002916     0.002100  No

----------------------------------------------------------------------
                          Iteration: 19 [SD]                          


                             Coordinates                              
----------------------------------------------------------------------
0    C               -0.7938              -0.9150               0.3570
1    C                1.3196               0.0487              -0.0360
2    C               -1.0330               1.3644               0.8214
3    C                1.9889              -0.4231               1.2433
4    C                2.2772               0.4284              -1.1392
5    N                0.3039              -0.8859              -0.4959
6    N               -2.0075              -1.3344              -0.2217
7    O               -1.6869               1.6261              -0.3932
8    H               -2.2773               0.8703              -0.5016
9    H                0.0268              -0.6699              -1.4488
10   H               -0.6110              -1.3550               1.3327
11   H                0.7241               0.9205               0.2623
12   H               -2.5505              -2.0328               0.2664
13   H               -2.0281              -1.4963              -1.2197
14   H               -0.3749               2.2485               0.9874
15   H               -1.6892               1.3008               1.6866
16   H                2.7674               0.2875               1.5226
17   H                1.7285               0.7269              -2.0361
18   H                2.4381              -1.4108               1.1318
19   H                1.2750              -0.4517               2.0703
20   H                2.8573               1.2934              -0.8170
21   H                2.9653              -0.3769              -1.3940


Energy:                 -383.544668 Convergence criteria  Is converged 
Maximum Force:             0.035469     0.002850  No
RMS Force:                 0.014954     0.001900  No
Maximum Displacement:      0.007038     0.003150  No
RMS Displacement:          0.002952     0.002100  No

----------------------------------------------------------------------
                          Iteration: 20 [SD]                          


                             Coordinates                              
----------------------------------------------------------------------
0    C               -0.7947              -0.9080               0.3588
1    C                1.3204               0.0487              -0.0363
2    C               -1.0359               1.3592               0.8209
3    C                1.9894              -0.4232               1.2431
4    C                2.2779               0.4281              -1.1395
5    N                0.3040              -0.8857              -0.4953
6    N               -2.0078              -1.3313              -0.2210
7    O               -1.6886               1.6257              -0.3927
8    H               -2.2790               0.8702              -0.5035
9    H                0.0268              -0.6694              -1.4482
10   H               -0.6113              -1.3533               1.3325
11   H                0.7269               0.9212               0.2609
12   H               -2.5489              -2.0312               0.2671
13   H               -2.0264              -1.4956              -1.2187
14   H               -0.3747               2.2414               0.9872
15   H               -1.6920               1.3002               1.6868
16   H                2.7678               0.2873               1.5227
17   H                1.7288               0.7266              -2.0362
18   H                2.4383              -1.4111               1.1316
19   H                1.2751              -0.4520               2.0698
20   H                2.8579               1.2931              -0.8173
21   H                2.9657              -0.3774              -1.3944


Energy:                 -383.545659 Convergence criteria  Is converged 
Maximum Force:             0.036121     0.002850  No
RMS Force:                 0.015155     0.001900  No
Maximum Displacement:      0.007094     0.003150  No
RMS Displacement:          0.002991     0.002100  No

----------------------------------------------------------------------
                          Iteration: 21 [SD]                          


                             Coordinates                              
----------------------------------------------------------------------
0    C               -0.7956              -0.9010               0.3607
1    C                1.3212               0.0488              -0.0366
2    C               -1.0387               1.3538               0.8205
3    C                1.9899              -0.4234               1.2429
4    C                2.2786               0.4278              -1.1399
5    N                0.3042              -0.8854              -0.4947
6    N               -2.0081              -1.3280              -0.2203
7    O               -1.6904               1.6252              -0.3923
8    H               -2.2808               0.8700              -0.5055
9    H                0.0269              -0.6689              -1.4475
10   H               -0.6116              -1.3515               1.3323
11   H                0.7298               0.9220               0.2596
12   H               -2.5473              -2.0295               0.2678
13   H               -2.0246              -1.4950              -1.2177
14   H               -0.3745               2.2342               0.9871
15   H               -1.6948               1.2996               1.6870
16   H                2.7682               0.2871               1.5228
17   H                1.7291               0.7264              -2.0363
18   H                2.4385              -1.4113               1.1315
19   H                1.2753              -0.4523               2.0693
20   H                2.8586               1.2928              -0.8175
21   H                2.9661              -0.3779              -1.3948


Energy:                 -383.546676 Convergence criteria  Is converged 
Maximum Force:             0.036779     0.002850  No
RMS Force:                 0.015365     0.001900  No
Maximum Displacement:      0.007224     0.003150  No
RMS Displacement:          0.003031     0.002100  No

----------------------------------------------------------------------
                          Iteration: 22 [SD]                          


                             Coordinates                              
----------------------------------------------------------------------
0    C               -0.7965              -0.8939               0.3626
1    C                1.3220               0.0488              -0.0369
2    C               -1.0416               1.3483               0.8199
3    C                1.9904              -0.4235               1.2427
4    C                2.2793               0.4276              -1.1402
5    N                0.3043              -0.8851              -0.4940
6    N               -2.0085              -1.3247              -0.2196
7    O               -1.6921               1.6247              -0.3918
8    H               -2.2826               0.8699              -0.5075
9    H                0.0269              -0.6684              -1.4469
10   H               -0.6119              -1.3496               1.3321
11   H                0.7327               0.9229               0.2583
12   H               -2.5458              -2.0278               0.2685
13   H               -2.0229              -1.4943              -1.2166
14   H               -0.3743               2.2268               0.9870
15   H               -1.6976               1.2988               1.6872
16   H                2.7685               0.2870               1.5229
17   H                1.7295               0.7262              -2.0363
18   H                2.4387              -1.4116               1.1313
19   H                1.2755              -0.4526               2.0688
20   H                2.8592               1.2926              -0.8178
21   H                2.9665              -0.3783              -1.3951


Energy:                 -383.547722 Convergence criteria  Is converged 
Maximum Force:             0.037442     0.002850  No
RMS Force:                 0.015581     0.001900  No
Maximum Displacement:      0.007356     0.003150  No
RMS Displacement:          0.003073     0.002100  No

----------------------------------------------------------------------
                          Iteration: 23 [SD]                          


                             Coordinates                              
----------------------------------------------------------------------
0    C               -0.7974              -0.8868               0.3645
1    C                1.3228               0.0489              -0.0372
2    C               -1.0444               1.3428               0.8194
3    C                1.9909              -0.4236               1.2425
4    C                2.2801               0.4273              -1.1406
5    N                0.3044              -0.8848              -0.4934
6    N               -2.0089              -1.3213              -0.2189
7    O               -1.6939               1.6242              -0.3913
8    H               -2.2844               0.8697              -0.5095
9    H                0.0270              -0.6679              -1.4462
10   H               -0.6123              -1.3476               1.3320
11   H                0.7356               0.9238               0.2570
12   H               -2.5442              -2.0261               0.2692
13   H               -2.0211              -1.4936              -1.2156
14   H               -0.3741               2.2193               0.9868
15   H               -1.7004               1.2979               1.6873
16   H                2.7690               0.2868               1.5230
17   H                1.7298               0.7260              -2.0364
18   H                2.4389              -1.4118               1.1311
19   H                1.2757              -0.4528               2.0684
20   H                2.8599               1.2923              -0.8181
21   H                2.9669              -0.3788              -1.3955


Energy:                 -383.548798 Convergence criteria  Is converged 
Maximum Force:             0.038108     0.002850  No
RMS Force:                 0.015803     0.001900  No
Maximum Displacement:      0.007488     0.003150  No
RMS Displacement:          0.003116     0.002100  No

----------------------------------------------------------------------
                          Iteration: 24 [SD]                          


                             Coordinates                              
----------------------------------------------------------------------
0    C               -0.7983              -0.8797               0.3664
1    C                1.3236               0.0490              -0.0374
2    C               -1.0472               1.3371               0.8188
3    C                1.9914              -0.4238               1.2423
4    C                2.2808               0.4270              -1.1409
5    N                0.3045              -0.8844              -0.4927
6    N               -2.0094              -1.3178              -0.2181
7    O               -1.6958               1.6236              -0.3908
8    H               -2.2863               0.8695              -0.5116
9    H                0.0270              -0.6673              -1.4456
10   H               -0.6127              -1.3456               1.3319
11   H                0.7386               0.9248               0.2556
12   H               -2.5426              -2.0243               0.2699
13   H               -2.0192              -1.4929              -1.2145
14   H               -0.3739               2.2117               0.9867
15   H               -1.7031               1.2970               1.6874
16   H                2.7694               0.2866               1.5231
17   H                1.7301               0.7257              -2.0365
18   H                2.4392              -1.4121               1.1308
19   H                1.2759              -0.4531               2.0679
20   H                2.8606               1.2920              -0.8184
21   H                2.9673              -0.3793              -1.3959


Energy:                 -383.549905 Convergence criteria  Is converged 
Maximum Force:             0.038776     0.002850  No
RMS Force:                 0.016027     0.001900  No
Maximum Displacement:      0.007622     0.003150  No
RMS Displacement:          0.003161     0.002100  No

----------------------------------------------------------------------
                          Iteration: 25 [SD]                          


                             Coordinates                              
----------------------------------------------------------------------
0    C               -0.7993              -0.8726               0.3684
1    C                1.3244               0.0492              -0.0377
2    C               -1.0500               1.3312               0.8182
3    C                1.9920              -0.4239               1.2422
4    C                2.2815               0.4267              -1.1413
5    N                0.3045              -0.8840              -0.4920
6    N               -2.0099              -1.3143              -0.2174
7    O               -1.6976               1.6230              -0.3904
8    H               -2.2882               0.8694              -0.5137
9    H                0.0271              -0.6668              -1.4449
10   H               -0.6131              -1.3434               1.3317
11   H                0.7416               0.9258               0.2543
12   H               -2.5409              -2.0226               0.2706
13   H               -2.0174              -1.4922              -1.2133
14   H               -0.3737               2.2040               0.9866
15   H               -1.7059               1.2959               1.6874
16   H                2.7698               0.2864               1.5233
17   H                1.7305               0.7255              -2.0366
18   H                2.4394              -1.4123               1.1306
19   H                1.2761              -0.4534               2.0674
20   H                2.8613               1.2918              -0.8187
21   H                2.9677              -0.3798              -1.3964


Energy:                 -383.551043 Convergence criteria  Is converged 
Maximum Force:             0.039444     0.002850  No
RMS Force:                 0.016254     0.001900  No
Maximum Displacement:      0.007755     0.003150  No
RMS Displacement:          0.003205     0.002100  No

----------------------------------------------------------------------
                          Iteration: 26 [SD]                          


                             Coordinates                              
----------------------------------------------------------------------
0    C               -0.8003              -0.8654               0.3703
1    C                1.3253               0.0493              -0.0380
2    C               -1.0528               1.3253               0.8176
3    C                1.9925              -0.4240               1.2420
4    C                2.2823               0.4264              -1.1416
5    N                0.3046              -0.8836              -0.4913
6    N               -2.0105              -1.3107              -0.2166
7    O               -1.6995               1.6224              -0.3899
8    H               -2.2902               0.8692              -0.5158
9    H                0.0271              -0.6662              -1.4442
10   H               -0.6136              -1.3411               1.3316
11   H                0.7447               0.9269               0.2531
12   H               -2.5393              -2.0208               0.2713
13   H               -2.0155              -1.4914              -1.2122
14   H               -0.3734               2.1961               0.9865
15   H               -1.7087               1.2948               1.6874
16   H                2.7703               0.2862               1.5234
17   H                1.7308               0.7252              -2.0367
18   H                2.4396              -1.4126               1.1304
19   H                1.2763              -0.4537               2.0670
20   H                2.8620               1.2915              -0.8190
21   H                2.9682              -0.3802              -1.3968


Energy:                 -383.552214 Convergence criteria  Is converged 
Maximum Force:             0.040109     0.002850  No
RMS Force:                 0.016483     0.001900  No
Maximum Displacement:      0.007889     0.003150  No
RMS Displacement:          0.003251     0.002100  No

----------------------------------------------------------------------
                          Iteration: 27 [SD]                          


                             Coordinates                              
----------------------------------------------------------------------
0    C               -0.8012              -0.8581               0.3722
1    C                1.3261               0.0495              -0.0382
2    C               -1.0556               1.3193               0.8169
3    C                1.9930              -0.4241               1.2418
4    C                2.2830               0.4261              -1.1420
5    N                0.3046              -0.8831              -0.4905
6    N               -2.0111              -1.3070              -0.2158
7    O               -1.7013               1.6217              -0.3894
8    H               -2.2923               0.8691              -0.5180
9    H                0.0271              -0.6656              -1.4435
10   H               -0.6140              -1.3387               1.3316
11   H                0.7477               0.9280               0.2518
12   H               -2.5376              -2.0189               0.2720
13   H               -2.0136              -1.4906              -1.2110
14   H               -0.3732               2.1881               0.9864
15   H               -1.7114               1.2935               1.6873
16   H                2.7707               0.2860               1.5235
17   H                1.7312               0.7250              -2.0368
18   H                2.4398              -1.4128               1.1302
19   H                1.2766              -0.4540               2.0665
20   H                2.8627               1.2912              -0.8193
21   H                2.9686              -0.3807              -1.3972


Energy:                 -383.553417 Convergence criteria  Is converged 
Maximum Force:             0.040771     0.002850  No
RMS Force:                 0.016712     0.001900  No
Maximum Displacement:      0.008022     0.003150  No
RMS Displacement:          0.003297     0.002100  No

----------------------------------------------------------------------
                          Iteration: 28 [SD]                          


                             Coordinates                              
----------------------------------------------------------------------
0    C               -0.8022              -0.8509               0.3742
1    C                1.3270               0.0496              -0.0385
2    C               -1.0584               1.3131               0.8162
3    C                1.9936              -0.4242               1.2416
4    C                2.2838               0.4258              -1.1423
5    N                0.3045              -0.8825              -0.4898
6    N               -2.0118              -1.3033              -0.2150
7    O               -1.7032               1.6210              -0.3890
8    H               -2.2944               0.8689              -0.5202
9    H                0.0272              -0.6650              -1.4428
10   H               -0.6145              -1.3362               1.3315
11   H                0.7508               0.9292               0.2505
12   H               -2.5360              -2.0171               0.2727
13   H               -2.0116              -1.4898              -1.2098
14   H               -0.3729               2.1799               0.9862
15   H               -1.7141               1.2922               1.6872
16   H                2.7712               0.2858               1.5237
17   H                1.7316               0.7248              -2.0369
18   H                2.4401              -1.4130               1.1300
19   H                1.2768              -0.4543               2.0661
20   H                2.8635               1.2909              -0.8197
21   H                2.9690              -0.3812              -1.3976


Energy:                 -383.554655 Convergence criteria  Is converged 
Maximum Force:             0.041426     0.002850  No
RMS Force:                 0.016942     0.001900  No
Maximum Displacement:      0.008154     0.003150  No
RMS Displacement:          0.003342     0.002100  No

----------------------------------------------------------------------
                          Iteration: 29 [SD]                          


                             Coordinates                              
----------------------------------------------------------------------
0    C               -0.8033              -0.8436               0.3761
1    C                1.3278               0.0499              -0.0387
2    C               -1.0612               1.3068               0.8155
3    C                1.9941              -0.4243               1.2415
4    C                2.2845               0.4255              -1.1427
5    N                0.3045              -0.8819              -0.4890
6    N               -2.0125              -1.2995              -0.2142
7    O               -1.7051               1.6202              -0.3885
8    H               -2.2965               0.8688              -0.5224
9    H                0.0272              -0.6644              -1.4421
10   H               -0.6151              -1.3337               1.3314
11   H                0.7540               0.9305               0.2492
12   H               -2.5343              -2.0152               0.2735
13   H               -2.0097              -1.4890              -1.2085
14   H               -0.3727               2.1716               0.9861
15   H               -1.7168               1.2908               1.6871
16   H                2.7717               0.2856               1.5239
17   H                1.7320               0.7245              -2.0370
18   H                2.4403              -1.4133               1.1297
19   H                1.2771              -0.4546               2.0657
20   H                2.8643               1.2906              -0.8200
21   H                2.9695              -0.3817              -1.3980


Energy:                 -383.555926 Convergence criteria  Is converged 
Maximum Force:             0.042075     0.002850  No
RMS Force:                 0.017171     0.001900  No
Maximum Displacement:      0.008285     0.003150  No
RMS Displacement:          0.003388     0.002100  No

----------------------------------------------------------------------
                          Iteration: 30 [SD]                          


                             Coordinates                              
----------------------------------------------------------------------
0    C               -0.8043              -0.8362               0.3781
1    C                1.3287               0.0501              -0.0389
2    C               -1.0639               1.3005               0.8147
3    C                1.9947              -0.4244               1.2413
4    C                2.2853               0.4252              -1.1431
5    N                0.3044              -0.8813              -0.4881
6    N               -2.0133              -1.2956              -0.2134
7    O               -1.7070               1.6195              -0.3881
8    H               -2.2987               0.8686              -0.5246
9    H                0.0272              -0.6638              -1.4414
10   H               -0.6156              -1.3310               1.3314
11   H                0.7571               0.9317               0.2480
12   H               -2.5326              -2.0133               0.2742
13   H               -2.0077              -1.4882              -1.2072
14   H               -0.3724               2.1632               0.9860
15   H               -1.7195               1.2892               1.6869
16   H                2.7722               0.2854               1.5240
17   H                1.7324               0.7243              -2.0371
18   H                2.4406              -1.4135               1.1295
19   H                1.2774              -0.4549               2.0652
20   H                2.8650               1.2903              -0.8204
21   H                2.9699              -0.3822              -1.3985


Energy:                 -383.557232 Convergence criteria  Is converged 
Maximum Force:             0.042717     0.002850  No
RMS Force:                 0.017402     0.001900  No
Maximum Displacement:      0.008415     0.003150  No
RMS Displacement:          0.003434     0.002100  No

----------------------------------------------------------------------
                          Iteration: 31 [SD]                          


                             Coordinates                              
----------------------------------------------------------------------
0    C               -0.8054              -0.8288               0.3801
1    C                1.3296               0.0503              -0.0392
2    C               -1.0667               1.2940               0.8139
3    C                1.9953              -0.4245               1.2411
4    C                2.2861               0.4249              -1.1434
5    N                0.3043              -0.8806              -0.4873
6    N               -2.0141              -1.2917              -0.2126
7    O               -1.7088               1.6186              -0.3877
8    H               -2.3009               0.8685              -0.5269
9    H                0.0272              -0.6632              -1.4407
10   H               -0.6162              -1.3282               1.3314
11   H                0.7603               0.9331               0.2467
12   H               -2.5308              -2.0114               0.2749
13   H               -2.0057              -1.4874              -1.2059
14   H               -0.3722               2.1547               0.9859
15   H               -1.7221               1.2876               1.6867
16   H                2.7727               0.2852               1.5242
17   H                1.7328               0.7240              -2.0373
18   H                2.4408              -1.4137               1.1292
19   H                1.2777              -0.4551               2.0648
20   H                2.8658               1.2900              -0.8208
21   H                2.9704              -0.3827              -1.3989


Energy:                 -383.558573 Convergence criteria  Is converged 
Maximum Force:             0.043351     0.002850  No
RMS Force:                 0.017632     0.001900  No
Maximum Displacement:      0.008543     0.003150  No
RMS Displacement:          0.003480     0.002100  No

----------------------------------------------------------------------
                          Iteration: 32 [SD]                          


                             Coordinates                              
----------------------------------------------------------------------
0    C               -0.8064              -0.8213               0.3820
1    C                1.3304               0.0506              -0.0394
2    C               -1.0694               1.2874               0.8131
3    C                1.9958              -0.4246               1.2410
4    C                2.2869               0.4246              -1.1438
5    N                0.3041              -0.8799              -0.4864
6    N               -2.0150              -1.2877              -0.2118
7    O               -1.7107               1.6178              -0.3872
8    H               -2.3031               0.8684              -0.5292
9    H                0.0272              -0.6626              -1.4399
10   H               -0.6168              -1.3253               1.3314
11   H                0.7635               0.9344               0.2455
12   H               -2.5291              -2.0094               0.2757
13   H               -2.0037              -1.4865              -1.2046
14   H               -0.3719               2.1460               0.9858
15   H               -1.7247               1.2858               1.6864
16   H                2.7732               0.2850               1.5244
17   H                1.7332               0.7238              -2.0374
18   H                2.4410              -1.4139               1.1290
19   H                1.2780              -0.4554               2.0644
20   H                2.8666               1.2897              -0.8212
21   H                2.9708              -0.3832              -1.3994


Energy:                 -383.559950 Convergence criteria  Is converged 
Maximum Force:             0.043977     0.002850  No
RMS Force:                 0.017863     0.001900  No
Maximum Displacement:      0.008670     0.003150  No
RMS Displacement:          0.003526     0.002100  No

----------------------------------------------------------------------
                          Iteration: 33 [SD]                          


                             Coordinates                              
----------------------------------------------------------------------
0    C               -0.8076              -0.8138               0.3840
1    C                1.3313               0.0509              -0.0396
2    C               -1.0721               1.2807               0.8123
3    C                1.9964              -0.4246               1.2408
4    C                2.2877               0.4243              -1.1442
5    N                0.3039              -0.8791              -0.4855
6    N               -2.0159              -1.2836              -0.2110
7    O               -1.7126               1.6168              -0.3868
8    H               -2.3054               0.8683              -0.5315
9    H                0.0272              -0.6619              -1.4392
10   H               -0.6175              -1.3223               1.3314
11   H                0.7668               0.9359               0.2443
12   H               -2.5273              -2.0075               0.2764
13   H               -2.0016              -1.4856              -1.2032
14   H               -0.3717               2.1372               0.9856
15   H               -1.7273               1.2840               1.6861
16   H                2.7737               0.2848               1.5246
17   H                1.7336               0.7235              -2.0375
18   H                2.4413              -1.4141               1.1287
19   H                1.2783              -0.4557               2.0640
20   H                2.8675               1.2893              -0.8216
21   H                2.9713              -0.3837              -1.3998


Energy:                 -383.561363 Convergence criteria  Is converged 
Maximum Force:             0.044595     0.002850  No
RMS Force:                 0.018094     0.001900  No
Maximum Displacement:      0.008795     0.003150  No
RMS Displacement:          0.003573     0.002100  No

----------------------------------------------------------------------
                          Iteration: 34 [SD]                          


                             Coordinates                              
----------------------------------------------------------------------
0    C               -0.8087              -0.8062               0.3860
1    C                1.3322               0.0512              -0.0398
2    C               -1.0748               1.2738               0.8114
3    C                1.9970              -0.4247               1.2406
4    C                2.2885               0.4239              -1.1446
5    N                0.3037              -0.8783              -0.4846
6    N               -2.0168              -1.2795              -0.2102
7    O               -1.7145               1.6159              -0.3864
8    H               -2.3078               0.8681              -0.5338
9    H                0.0272              -0.6612              -1.4384
10   H               -0.6182              -1.3192               1.3314
11   H                0.7700               0.9373               0.2431
12   H               -2.5256              -2.0054               0.2772
13   H               -1.9996              -1.4847              -1.2018
14   H               -0.3714               2.1283               0.9855
15   H               -1.7299               1.2820               1.6858
16   H                2.7743               0.2846               1.5248
17   H                1.7340               0.7232              -2.0377
18   H                2.4415              -1.4143               1.1285
19   H                1.2786              -0.4560               2.0636
20   H                2.8683               1.2890              -0.8220
21   H                2.9718              -0.3842              -1.4003


Energy:                 -383.562813 Convergence criteria  Is converged 
Maximum Force:             0.045206     0.002850  No
RMS Force:                 0.018325     0.001900  No
Maximum Displacement:      0.008919     0.003150  No
RMS Displacement:          0.003619     0.002100  No

----------------------------------------------------------------------
                          Iteration: 35 [SD]                          


                             Coordinates                              
----------------------------------------------------------------------
0    C               -0.8099              -0.7986               0.3880
1    C                1.3331               0.0515              -0.0400
2    C               -1.0775               1.2669               0.8105
3    C                1.9976              -0.4248               1.2405
4    C                2.2893               0.4236              -1.1449
5    N                0.3035              -0.8774              -0.4836
6    N               -2.0178              -1.2754              -0.2093
7    O               -1.7164               1.6149              -0.3860
8    H               -2.3101               0.8680              -0.5362
9    H                0.0272              -0.6605              -1.4376
10   H               -0.6189              -1.3160               1.3314
11   H                0.7733               0.9388               0.2419
12   H               -2.5238              -2.0034               0.2780
13   H               -1.9975              -1.4837              -1.2003
14   H               -0.3712               2.1192               0.9854
15   H               -1.7325               1.2799               1.6854
16   H                2.7748               0.2844               1.5251
17   H                1.7345               0.7230              -2.0378
18   H                2.4418              -1.4145               1.1282
19   H                1.2789              -0.4563               2.0632
20   H                2.8692               1.2887              -0.8224
21   H                2.9722              -0.3847              -1.4008


Energy:                 -383.564300 Convergence criteria  Is converged 
Maximum Force:             0.045808     0.002850  No
RMS Force:                 0.018555     0.001900  No
Maximum Displacement:      0.009041     0.003150  No
RMS Displacement:          0.003665     0.002100  No

----------------------------------------------------------------------
                          Iteration: 36 [SD]                          


                             Coordinates                              
----------------------------------------------------------------------
0    C               -0.8111              -0.7909               0.3900
1    C                1.3340               0.0518              -0.0402
2    C               -1.0802               1.2599               0.8095
3    C                1.9982              -0.4248               1.2403
4    C                2.2901               0.4233              -1.1453
5    N                0.3032              -0.8765              -0.4826
6    N               -2.0188              -1.2712              -0.2085
7    O               -1.7183               1.6139              -0.3856
8    H               -2.3125               0.8679              -0.5386
9    H                0.0272              -0.6598              -1.4368
10   H               -0.6196              -1.3127               1.3315
11   H                0.7767               0.9404               0.2407
12   H               -2.5220              -2.0014               0.2788
13   H               -1.9954              -1.4828              -1.1989
14   H               -0.3710               2.1101               0.9852
15   H               -1.7350               1.2777               1.6850
16   H                2.7754               0.2842               1.5253
17   H                1.7349               0.7227              -2.0379
18   H                2.4421              -1.4147               1.1279
19   H                1.2793              -0.4566               2.0628
20   H                2.8701               1.2884              -0.8229
21   H                2.9727              -0.3853              -1.4012


Energy:                 -383.565824 Convergence criteria  Is converged 
Maximum Force:             0.046402     0.002850  No
RMS Force:                 0.018784     0.001900  No
Maximum Displacement:      0.009162     0.003150  No
RMS Displacement:          0.003711     0.002100  No

----------------------------------------------------------------------
                          Iteration: 37 [SD]                          


                             Coordinates                              
----------------------------------------------------------------------
0    C               -0.8123              -0.7832               0.3921
1    C                1.3349               0.0522              -0.0404
2    C               -1.0828               1.2527               0.8086
3    C                1.9988              -0.4249               1.2402
4    C                2.2909               0.4229              -1.1457
5    N                0.3029              -0.8755              -0.4816
6    N               -2.0199              -1.2669              -0.2076
7    O               -1.7201               1.6128              -0.3852
8    H               -2.3150               0.8678              -0.5410
9    H                0.0272              -0.6591              -1.4360
10   H               -0.6204              -1.3093               1.3315
11   H                0.7800               0.9420               0.2395
12   H               -2.5202              -1.9993               0.2795
13   H               -1.9933              -1.4818              -1.1974
14   H               -0.3708               2.1008               0.9851
15   H               -1.7374               1.2754               1.6845
16   H                2.7760               0.2840               1.5255
17   H                1.7354               0.7225              -2.0381
18   H                2.4423              -1.4149               1.1277
19   H                1.2796              -0.4569               2.0624
20   H                2.8709               1.2880              -0.8233
21   H                2.9732              -0.3858              -1.4017


Energy:                 -383.567386 Convergence criteria  Is converged 
Maximum Force:             0.046986     0.002850  No
RMS Force:                 0.019010     0.001900  No
Maximum Displacement:      0.009280     0.003150  No
RMS Displacement:          0.003757     0.002100  No

----------------------------------------------------------------------
                          Iteration: 38 [SD]                          


                             Coordinates                              
----------------------------------------------------------------------
0    C               -0.8135              -0.7754               0.3941
1    C                1.3359               0.0526              -0.0406
2    C               -1.0854               1.2455               0.8076
3    C                1.9994              -0.4249               1.2400
4    C                2.2917               0.4226              -1.1461
5    N                0.3026              -0.8745              -0.4806
6    N               -2.0211              -1.2627              -0.2068
7    O               -1.7220               1.6117              -0.3848
8    H               -2.3175               0.8677              -0.5434
9    H                0.0272              -0.6583              -1.4351
10   H               -0.6212              -1.3058               1.3316
11   H                0.7834               0.9436               0.2383
12   H               -2.5184              -1.9972               0.2803
13   H               -1.9911              -1.4808              -1.1959
14   H               -0.3706               2.0914               0.9850
15   H               -1.7399               1.2730               1.6840
16   H                2.7766               0.2838               1.5258
17   H                1.7358               0.7222              -2.0382
18   H                2.4426              -1.4150               1.1274
19   H                1.2800              -0.4572               2.0620
20   H                2.8718               1.2877              -0.8238
21   H                2.9737              -0.3863              -1.4022


Energy:                 -383.568985 Convergence criteria  Is converged 
Maximum Force:             0.047558     0.002850  No
RMS Force:                 0.019231     0.001900  No
Maximum Displacement:      0.009397     0.003150  No
RMS Displacement:          0.003802     0.002100  No

----------------------------------------------------------------------
                          Iteration: 39 [SD]                          


                             Coordinates                              
----------------------------------------------------------------------
0    C               -0.8148              -0.7676               0.3961
1    C                1.3368               0.0530              -0.0407
2    C               -1.0880               1.2381               0.8065
3    C                2.0001              -0.4249               1.2399
4    C                2.2925               0.4223              -1.1465
5    N                0.3022              -0.8734              -0.4795
6    N               -2.0222              -1.2583              -0.2060
7    O               -1.7238               1.6105              -0.3845
8    H               -2.3200               0.8677              -0.5458
9    H                0.0271              -0.6576              -1.4343
10   H               -0.6220              -1.3021               1.3317
11   H                0.7868               0.9453               0.2372
12   H               -2.5165              -1.9951               0.2811
13   H               -1.9890              -1.4798              -1.1943
14   H               -0.3704               2.0819               0.9848
15   H               -1.7423               1.2705               1.6834
16   H                2.7772               0.2836               1.5260
17   H                1.7363               0.7219              -2.0384
18   H                2.4428              -1.4152               1.1271
19   H                1.2803              -0.4574               2.0617
20   H                2.8728               1.2873              -0.8243
21   H                2.9741              -0.3869              -1.4027


Energy:                 -383.570622 Convergence criteria  Is converged 
Maximum Force:             0.048116     0.002850  No
RMS Force:                 0.019445     0.001900  No
Maximum Displacement:      0.009512     0.003150  No
RMS Displacement:          0.003846     0.002100  No

----------------------------------------------------------------------
                          Iteration: 40 [SD]                          


                             Coordinates                              
----------------------------------------------------------------------
0    C               -0.8161              -0.7598               0.3982
1    C                1.3377               0.0534              -0.0409
2    C               -1.0906               1.2307               0.8055
3    C                2.0007              -0.4250               1.2397
4    C                2.2934               0.4219              -1.1469
5    N                0.3018              -0.8722              -0.4784
6    N               -2.0234              -1.2540              -0.2051
7    O               -1.7257               1.6093              -0.3841
8    H               -2.3226               0.8676              -0.5483
9    H                0.0271              -0.6568              -1.4334
10   H               -0.6229              -1.2984               1.3318
11   H                0.7902               0.9470               0.2360
12   H               -2.5147              -1.9929               0.2819
13   H               -1.9868              -1.4787              -1.1927
14   H               -0.3703               2.0723               0.9847
15   H               -1.7447               1.2678               1.6828
16   H                2.7778               0.2834               1.5263
17   H                1.7368               0.7216              -2.0386
18   H                2.4431              -1.4154               1.1268
19   H                1.2807              -0.4577               2.0613
20   H                2.8737               1.2869              -0.8247
21   H                2.9746              -0.3874              -1.4032


Energy:                 -383.572294 Convergence criteria  Is converged 
Maximum Force:             0.048655     0.002850  No
RMS Force:                 0.019648     0.001900  No
Maximum Displacement:      0.009623     0.003150  No
RMS Displacement:          0.003889     0.002100  No

----------------------------------------------------------------------
                          Iteration: 41 [SD]                          


                             Coordinates                              
----------------------------------------------------------------------
0    C               -0.8175              -0.7519               0.4002
1    C                1.3387               0.0538              -0.0410
2    C               -1.0932               1.2232               0.8044
3    C                2.0013              -0.4250               1.2396
4    C                2.2942               0.4216              -1.1473
5    N                0.3014              -0.8710              -0.4773
6    N               -2.0247              -1.2496              -0.2043
7    O               -1.7275               1.6081              -0.3838
8    H               -2.3251               0.8676              -0.5508
9    H                0.0270              -0.6559              -1.4326
10   H               -0.6238              -1.2946               1.3319
11   H                0.7937               0.9488               0.2349
12   H               -2.5128              -1.9908               0.2827
13   H               -1.9846              -1.4777              -1.1911
14   H               -0.3701               2.0625               0.9845
15   H               -1.7470               1.2650               1.6821
16   H                2.7784               0.2832               1.5265
17   H                1.7373               0.7214              -2.0387
18   H                2.4434              -1.4156               1.1265
19   H                1.2811              -0.4580               2.0609
20   H                2.8746               1.2866              -0.8252
21   H                2.9751              -0.3880              -1.4037


Energy:                 -383.574001 Convergence criteria  Is converged 
Maximum Force:             0.049171     0.002850  No
RMS Force:                 0.019838     0.001900  No
Maximum Displacement:      0.009731     0.003150  No
RMS Displacement:          0.003930     0.002100  No

----------------------------------------------------------------------
                          Iteration: 42 [SD]                          


                             Coordinates                              
----------------------------------------------------------------------
0    C               -0.8188              -0.7440               0.4022
1    C                1.3396               0.0543              -0.0412
2    C               -1.0957               1.2156               0.8032
3    C                2.0020              -0.4250               1.2394
4    C                2.2951               0.4212              -1.1478
5    N                0.3009              -0.8698              -0.4761
6    N               -2.0260              -1.2452              -0.2034
7    O               -1.7293               1.6068              -0.3835
8    H               -2.3278               0.8675              -0.5533
9    H                0.0269              -0.6551              -1.4317
10   H               -0.6247              -1.2906               1.3321
11   H                0.7971               0.9506               0.2338
12   H               -2.5109              -1.9886               0.2836
13   H               -1.9824              -1.4766              -1.1895
14   H               -0.3700               2.0527               0.9844
15   H               -1.7493               1.2621               1.6815
16   H                2.7791               0.2830               1.5268
17   H                1.7377               0.7211              -2.0389
18   H                2.4436              -1.4157               1.1262
19   H                1.2815              -0.4583               2.0606
20   H                2.8756               1.2862              -0.8258
21   H                2.9756              -0.3886              -1.4042


Energy:                 -383.575741 Convergence criteria  Is converged 
Maximum Force:             0.049659     0.002850  No
RMS Force:                 0.020011     0.001900  No
Maximum Displacement:      0.009834     0.003150  No
RMS Displacement:          0.003968     0.002100  No

----------------------------------------------------------------------
                          Iteration: 43 [SD]                          


                             Coordinates                              
----------------------------------------------------------------------
0    C               -0.8202              -0.7361               0.4043
1    C                1.3406               0.0547              -0.0413
2    C               -1.0982               1.2079               0.8021
3    C                2.0026              -0.4250               1.2393
4    C                2.2959               0.4209              -1.1482
5    N                0.3004              -0.8684              -0.4750
6    N               -2.0273              -1.2407              -0.2026
7    O               -1.7311               1.6054              -0.3832
8    H               -2.3304               0.8675              -0.5558
9    H                0.0269              -0.6542              -1.4308
10   H               -0.6256              -1.2866               1.3322
11   H                0.8006               0.9525               0.2327
12   H               -2.5090              -1.9864               0.2844
13   H               -1.9802              -1.4755              -1.1878
14   H               -0.3699               2.0428               0.9842
15   H               -1.7516               1.2591               1.6807
16   H                2.7797               0.2828               1.5271
17   H                1.7382               0.7208              -2.0391
18   H                2.4439              -1.4159               1.1259
19   H                1.2819              -0.4586               2.0602
20   H                2.8766               1.2858              -0.8263
21   H                2.9761              -0.3891              -1.4047


Energy:                 -383.577509 Convergence criteria  Is converged 
Maximum Force:             0.050114     0.002850  No
RMS Force:                 0.020164     0.001900  No
Maximum Displacement:      0.009932     0.003150  No
RMS Displacement:          0.004002     0.002100  No

----------------------------------------------------------------------
                          Iteration: 44 [SD]                          


                             Coordinates                              
----------------------------------------------------------------------
0    C               -0.8217              -0.7282               0.4063
1    C                1.3415               0.0552              -0.0414
2    C               -1.1007               1.2002               0.8009
3    C                2.0033              -0.4250               1.2391
4    C                2.2968               0.4205              -1.1486
5    N                0.2999              -0.8670              -0.4737
6    N               -2.0287              -1.2363              -0.2017
7    O               -1.7328               1.6041              -0.3829
8    H               -2.3331               0.8675              -0.5583
9    H                0.0268              -0.6534              -1.4299
10   H               -0.6266              -1.2824               1.3324
11   H                0.8042               0.9543               0.2316
12   H               -2.5071              -1.9842               0.2852
13   H               -1.9780              -1.4743              -1.1861
14   H               -0.3697               2.0327               0.9841
15   H               -1.7538               1.2560               1.6799
16   H                2.7804               0.2826               1.5274
17   H                1.7387               0.7205              -2.0392
18   H                2.4442              -1.4160               1.1256
19   H                1.2824              -0.4588               2.0599
20   H                2.8776               1.2854              -0.8268
21   H                2.9766              -0.3897              -1.4052


Energy:                 -383.579304 Convergence criteria  Is converged 
Maximum Force:             0.050527     0.002850  No
RMS Force:                 0.020294     0.001900  No
Maximum Displacement:      0.010023     0.003150  No
RMS Displacement:          0.004033     0.002100  No

----------------------------------------------------------------------
                          Iteration: 45 [SD]                          


                             Coordinates                              
----------------------------------------------------------------------
0    C               -0.8231              -0.7203               0.4083
1    C                1.3425               0.0558              -0.0415
2    C               -1.1032               1.1925               0.7997
3    C                2.0040              -0.4250               1.2390
4    C                2.2976               0.4201              -1.1490
5    N                0.2993              -0.8656              -0.4725
6    N               -2.0301              -1.2318              -0.2009
7    O               -1.7346               1.6026              -0.3826
8    H               -2.3358               0.8675              -0.5608
9    H                0.0267              -0.6525              -1.4289
10   H               -0.6277              -1.2782               1.3326
11   H                0.8077               0.9563               0.2305
12   H               -2.5052              -1.9819               0.2861
13   H               -1.9757              -1.4732              -1.1844
14   H               -0.3696               2.0226               0.9839
15   H               -1.7560               1.2528               1.6791
16   H                2.7810               0.2824               1.5277
17   H                1.7392               0.7202              -2.0394
18   H                2.4445              -1.4162               1.1253
19   H                1.2828              -0.4591               2.0595
20   H                2.8786               1.2850              -0.8274
21   H                2.9771              -0.3903              -1.4057


Energy:                 -383.581121 Convergence criteria  Is converged 
Maximum Force:             0.050894     0.002850  No
RMS Force:                 0.020397     0.001900  No
Maximum Displacement:      0.010105     0.003150  No
RMS Displacement:          0.004059     0.002100  No

----------------------------------------------------------------------
                          Iteration: 46 [SD]                          


                             Coordinates                              
----------------------------------------------------------------------
0    C               -0.8246              -0.7125               0.4103
1    C                1.3435               0.0563              -0.0417
2    C               -1.1056               1.1847               0.7985
3    C                2.0046              -0.4250               1.2388
4    C                2.2985               0.4197              -1.1495
5    N                0.2987              -0.8641              -0.4712
6    N               -2.0316              -1.2273              -0.2000
7    O               -1.7363               1.6012              -0.3824
8    H               -2.3385               0.8675              -0.5634
9    H                0.0266              -0.6515              -1.4280
10   H               -0.6287              -1.2739               1.3328
11   H                0.8112               0.9582               0.2294
12   H               -2.5033              -1.9797               0.2869
13   H               -1.9735              -1.4720              -1.1827
14   H               -0.3695               2.0124               0.9838
15   H               -1.7582               1.2494               1.6783
16   H                2.7817               0.2821               1.5280
17   H                1.7398               0.7200              -2.0396
18   H                2.4447              -1.4163               1.1249
19   H                1.2832              -0.4594               2.0592
20   H                2.8796               1.2846              -0.8279
21   H                2.9776              -0.3909              -1.4062


Energy:                 -383.582955 Convergence criteria  Is converged 
Maximum Force:             0.051209     0.002850  No
RMS Force:                 0.020474     0.001900  No
Maximum Displacement:      0.010179     0.003150  No
RMS Displacement:          0.004079     0.002100  No

----------------------------------------------------------------------
                          Iteration: 47 [SD]                          


                             Coordinates                              
----------------------------------------------------------------------
0    C               -0.8261              -0.7048               0.4123
1    C                1.3445               0.0569              -0.0417
2    C               -1.1081               1.1770               0.7973
3    C                2.0053              -0.4250               1.2387
4    C                2.2993               0.4194              -1.1499
5    N                0.2981              -0.8625              -0.4699
6    N               -2.0330              -1.2228              -0.1992
7    O               -1.7380               1.5997              -0.3821
8    H               -2.3412               0.8675              -0.5659
9    H                0.0264              -0.6506              -1.4270
10   H               -0.6298              -1.2694               1.3330
11   H                0.8148               0.9602               0.2284
12   H               -2.5014              -1.9774               0.2878
13   H               -1.9712              -1.4708              -1.1809
14   H               -0.3695               2.0022               0.9836
15   H               -1.7603               1.2459               1.6774
16   H                2.7824               0.2819               1.5283
17   H                1.7403               0.7197              -2.0398
18   H                2.4450              -1.4164               1.1246
19   H                1.2837              -0.4597               2.0588
20   H                2.8806               1.2842              -0.8285
21   H                2.9781              -0.3915              -1.4068


Energy:                 -383.584802 Convergence criteria  Is converged 
Maximum Force:             0.051467     0.002850  No
RMS Force:                 0.020524     0.001900  No
Maximum Displacement:      0.010242     0.003150  No
RMS Displacement:          0.004095     0.002100  No

----------------------------------------------------------------------
                          Iteration: 48 [SD]                          


                             Coordinates                              
----------------------------------------------------------------------
0    C               -0.8276              -0.6971               0.4142
1    C                1.3454               0.0574              -0.0418
2    C               -1.1105               1.1693               0.7960
3    C                2.0060              -0.4249               1.2386
4    C                2.3002               0.4190              -1.1503
5    N                0.2974              -0.8608              -0.4686
6    N               -2.0345              -1.2183              -0.1983
7    O               -1.7397               1.5982              -0.3819
8    H               -2.3440               0.8675              -0.5684
9    H                0.0263              -0.6496              -1.4260
10   H               -0.6309              -1.2649               1.3333
11   H                0.8184               0.9623               0.2274
12   H               -2.4995              -1.9751               0.2886
13   H               -1.9690              -1.4696              -1.1791
14   H               -0.3694               1.9919               0.9834
15   H               -1.7624               1.2423               1.6765
16   H                2.7831               0.2817               1.5286
17   H                1.7408               0.7194              -2.0400
18   H                2.4453              -1.4165               1.1243
19   H                1.2841              -0.4599               2.0585
20   H                2.8816               1.2838              -0.8291
21   H                2.9786              -0.3921              -1.4073


Energy:                 -383.586657 Convergence criteria  Is converged 
Maximum Force:             0.051664     0.002850  No
RMS Force:                 0.020548     0.001900  No
Maximum Displacement:      0.010293     0.003150  No
RMS Displacement:          0.004105     0.002100  No

----------------------------------------------------------------------
                          Iteration: 49 [SD]                          


                             Coordinates                              
----------------------------------------------------------------------
0    C               -0.8292              -0.6896               0.4161
1    C                1.3464               0.0580              -0.0419
2    C               -1.1129               1.1616               0.7948
3    C                2.0067              -0.4249               1.2384
4    C                2.3011               0.4186              -1.1508
5    N                0.2967              -0.8591              -0.4673
6    N               -2.0361              -1.2139              -0.1975
7    O               -1.7414               1.5966              -0.3817
8    H               -2.3468               0.8676              -0.5710
9    H                0.0262              -0.6486              -1.4250
10   H               -0.6320              -1.2603               1.3336
11   H                0.8220               0.9643               0.2264
12   H               -2.4976              -1.9729               0.2895
13   H               -1.9667              -1.4684              -1.1773
14   H               -0.3693               1.9816               0.9833
15   H               -1.7644               1.2386               1.6755
16   H                2.7838               0.2815               1.5289
17   H                1.7413               0.7191              -2.0402
18   H                2.4456              -1.4167               1.1239
19   H                1.2846              -0.4602               2.0582
20   H                2.8827               1.2833              -0.8297
21   H                2.9791              -0.3928              -1.4078


Energy:                 -383.588515 Convergence criteria  Is converged 
Maximum Force:             0.051798     0.002850  No
RMS Force:                 0.020546     0.001900  No
Maximum Displacement:      0.010333     0.003150  No
RMS Displacement:          0.004110     0.002100  No

----------------------------------------------------------------------
                          Iteration: 50 [SD]                          


                             Coordinates                              
----------------------------------------------------------------------
0    C               -0.8307              -0.6821               0.4180
1    C                1.3474               0.0586              -0.0420
2    C               -1.1152               1.1540               0.7935
3    C                2.0074              -0.4249               1.2383
4    C                2.3019               0.4182              -1.1512
5    N                0.2960              -0.8573              -0.4659
6    N               -2.0376              -1.2094              -0.1967
7    O               -1.7430               1.5951              -0.3816
8    H               -2.3496               0.8677              -0.5735
9    H                0.0260              -0.6476              -1.4240
10   H               -0.6332              -1.2557               1.3339
11   H                0.8256               0.9665               0.2254
12   H               -2.4956              -1.9706               0.2904
13   H               -1.9644              -1.4671              -1.1755
14   H               -0.3693               1.9712               0.9831
15   H               -1.7665               1.2348               1.6746
16   H                2.7846               0.2813               1.5292
17   H                1.7419               0.7188              -2.0404
18   H                2.4458              -1.4168               1.1236
19   H                1.2851              -0.4604               2.0579
20   H                2.8838               1.2829              -0.8303
21   H                2.9796              -0.3934              -1.4083


Energy:                 -383.590371 Convergence criteria  Is converged 
Maximum Force:             0.051868     0.002850  No
RMS Force:                 0.020519     0.001900  No
Maximum Displacement:      0.010360     0.003150  No
RMS Displacement:          0.004109     0.002100  No

----------------------------------------------------------------------
                          Iteration: 51 [SD]                          


                             Coordinates                              
----------------------------------------------------------------------
0    C               -0.8323              -0.6748               0.4198
1    C                1.3484               0.0593              -0.0420
2    C               -1.1176               1.1464               0.7923
3    C                2.0081              -0.4248               1.2382
4    C                2.3028               0.4178              -1.1516
5    N                0.2953              -0.8555              -0.4646
6    N               -2.0392              -1.2050              -0.1959
7    O               -1.7446               1.5935              -0.3815
8    H               -2.3523               0.8677              -0.5761
9    H                0.0258              -0.6465              -1.4230
10   H               -0.6344              -1.2510               1.3342
11   H                0.8292               0.9686               0.2245
12   H               -2.4937              -1.9683               0.2913
13   H               -1.9622              -1.4659              -1.1736
14   H               -0.3692               1.9608               0.9830
15   H               -1.7684               1.2309               1.6736
16   H                2.7853               0.2810               1.5296
17   H                1.7424               0.7185              -2.0406
18   H                2.4461              -1.4169               1.1232
19   H                1.2856              -0.4607               2.0575
20   H                2.8848               1.2824              -0.8309
21   H                2.9801              -0.3940              -1.4089


Energy:                 -383.592222 Convergence criteria  Is converged 
Maximum Force:             0.051874     0.002850  No
RMS Force:                 0.020468     0.001900  No
Maximum Displacement:      0.010374     0.003150  No
RMS Displacement:          0.004104     0.002100  No

----------------------------------------------------------------------
                          Iteration: 52 [SD]                          


                             Coordinates                              
----------------------------------------------------------------------
0    C               -0.8339              -0.6676               0.4215
1    C                1.3493               0.0599              -0.0421
2    C               -1.1199               1.1390               0.7910
3    C                2.0088              -0.4248               1.2380
4    C                2.3037               0.4174              -1.1521
5    N                0.2945              -0.8536              -0.4632
6    N               -2.0408              -1.2006              -0.1951
7    O               -1.7462               1.5919              -0.3813
8    H               -2.3551               0.8678              -0.5786
9    H                0.0257              -0.6455              -1.4220
10   H               -0.6356              -1.2462               1.3346
11   H                0.8328               0.9708               0.2235
12   H               -2.4918              -1.9660               0.2922
13   H               -1.9599              -1.4646              -1.1718
14   H               -0.3692               1.9505               0.9828
15   H               -1.7704               1.2269               1.6726
16   H                2.7860               0.2808               1.5299
17   H                1.7430               0.7182              -2.0408
18   H                2.4464              -1.4170               1.1229
19   H                1.2860              -0.4609               2.0572
20   H                2.8859               1.2820              -0.8315
21   H                2.9806              -0.3947              -1.4094


Energy:                 -383.594062 Convergence criteria  Is converged 
Maximum Force:             0.051814     0.002850  No
RMS Force:                 0.020392     0.001900  No
Maximum Displacement:      0.010375     0.003150  No
RMS Displacement:          0.004094     0.002100  No

----------------------------------------------------------------------
                          Iteration: 53 [SD]                          


                             Coordinates                              
----------------------------------------------------------------------
0    C               -0.8355              -0.6606               0.4233
1    C                1.3503               0.0606              -0.0421
2    C               -1.1222               1.1316               0.7898
3    C                2.0095              -0.4247               1.2379
4    C                2.3046               0.4169              -1.1525
5    N                0.2938              -0.8516              -0.4618
6    N               -2.0424              -1.1963              -0.1943
7    O               -1.7477               1.5902              -0.3813
8    H               -2.3579               0.8680              -0.5811
9    H                0.0255              -0.6444              -1.4210
10   H               -0.6368              -1.2414               1.3350
11   H                0.8364               0.9730               0.2226
12   H               -2.4899              -1.9637               0.2931
13   H               -1.9577              -1.4633              -1.1699
14   H               -0.3691               1.9401               0.9827
15   H               -1.7723               1.2229               1.6715
16   H                2.7868               0.2806               1.5303
17   H                1.7435               0.7179              -2.0410
18   H                2.4467              -1.4171               1.1225
19   H                1.2865              -0.4612               2.0569
20   H                2.8870               1.2815              -0.8322
21   H                2.9811              -0.3953              -1.4100


Energy:                 -383.595887 Convergence criteria  Is converged 
Maximum Force:             0.051688     0.002850  No
RMS Force:                 0.020289     0.001900  No
Maximum Displacement:      0.010363     0.003150  No
RMS Displacement:          0.004078     0.002100  No

----------------------------------------------------------------------
                          Iteration: 54 [SD]                          


                             Coordinates                              
----------------------------------------------------------------------
0    C               -0.8371              -0.6537               0.4249
1    C                1.3513               0.0613              -0.0421
2    C               -1.1245               1.1243               0.7885
3    C                2.0102              -0.4247               1.2378
4    C                2.3054               0.4165              -1.1530
5    N                0.2930              -0.8496              -0.4604
6    N               -2.0440              -1.1920              -0.1935
7    O               -1.7493               1.5886              -0.3812
8    H               -2.3607               0.8681              -0.5836
9    H                0.0253              -0.6433              -1.4199
10   H               -0.6381              -1.2365               1.3355
11   H                0.8400               0.9752               0.2218
12   H               -2.4880              -1.9614               0.2940
13   H               -1.9555              -1.4620              -1.1681
14   H               -0.3691               1.9298               0.9826
15   H               -1.7743               1.2187               1.6705
16   H                2.7876               0.2803               1.5306
17   H                1.7441               0.7176              -2.0412
18   H                2.4470              -1.4172               1.1221
19   H                1.2870              -0.4614               2.0566
20   H                2.8881               1.2810              -0.8328
21   H                2.9816              -0.3960              -1.4105


Energy:                 -383.597692 Convergence criteria  Is converged 
Maximum Force:             0.051493     0.002850  No
RMS Force:                 0.020157     0.001900  No
Maximum Displacement:      0.010338     0.003150  No
RMS Displacement:          0.004058     0.002100  No

----------------------------------------------------------------------
                          Iteration: 55 [SD]                          


                             Coordinates                              
----------------------------------------------------------------------
0    C               -0.8387              -0.6471               0.4265
1    C                1.3522               0.0620              -0.0421
2    C               -1.1268               1.1172               0.7872
3    C                2.0109              -0.4246               1.2377
4    C                2.3063               0.4161              -1.1534
5    N                0.2922              -0.8476              -0.4590
6    N               -2.0456              -1.1878              -0.1927
7    O               -1.7507               1.5869              -0.3812
8    H               -2.3635               0.8682              -0.5861
9    H                0.0250              -0.6421              -1.4189
10   H               -0.6394              -1.2316               1.3360
11   H                0.8435               0.9774               0.2209
12   H               -2.4862              -1.9591               0.2949
13   H               -1.9533              -1.4607              -1.1662
14   H               -0.3690               1.9195               0.9824
15   H               -1.7762               1.2145               1.6694
16   H                2.7883               0.2801               1.5310
17   H                1.7447               0.7172              -2.0414
18   H                2.4473              -1.4173               1.1217
19   H                1.2875              -0.4617               2.0563
20   H                2.8893               1.2805              -0.8335
21   H                2.9821              -0.3967              -1.4110


Energy:                 -383.599473 Convergence criteria  Is converged 
Maximum Force:             0.051228     0.002850  No
RMS Force:                 0.019997     0.001900  No
Maximum Displacement:      0.010299     0.003150  No
RMS Displacement:          0.004031     0.002100  No

----------------------------------------------------------------------
                          Iteration: 56 [SD]                          


                             Coordinates                              
----------------------------------------------------------------------
0    C               -0.8403              -0.6406               0.4281
1    C                1.3532               0.0627              -0.0421
2    C               -1.1290               1.1102               0.7860
3    C                2.0116              -0.4245               1.2376
4    C                2.3072               0.4157              -1.1539
5    N                0.2913              -0.8455              -0.4576
6    N               -2.0472              -1.1836              -0.1920
7    O               -1.7522               1.5853              -0.3812
8    H               -2.3663               0.8684              -0.5886
9    H                0.0248              -0.6410              -1.4179
10   H               -0.6407              -1.2267               1.3365
11   H                0.8471               0.9797               0.2201
12   H               -2.4843              -1.9568               0.2959
13   H               -1.9511              -1.4594              -1.1644
14   H               -0.3690               1.9092               0.9823
15   H               -1.7780               1.2102               1.6683
16   H                2.7891               0.2799               1.5313
17   H                1.7452               0.7169              -2.0416
18   H                2.4475              -1.4173               1.1214
19   H                1.2880              -0.4619               2.0560
20   H                2.8904               1.2800              -0.8342
21   H                2.9826              -0.3973              -1.4116


Energy:                 -383.601225 Convergence criteria  Is converged 
Maximum Force:             0.050891     0.002850  No
RMS Force:                 0.019808     0.001900  No
Maximum Displacement:      0.010246     0.003150  No
RMS Displacement:          0.003999     0.002100  No

----------------------------------------------------------------------
                          Iteration: 57 [SD]                          


                             Coordinates                              
----------------------------------------------------------------------
0    C               -0.8419              -0.6343               0.4296
1    C                1.3541               0.0635              -0.0421
2    C               -1.1313               1.1034               0.7847
3    C                2.0123              -0.4244               1.2374
4    C                2.3080               0.4152              -1.1543
5    N                0.2905              -0.8433              -0.4562
6    N               -2.0489              -1.1796              -0.1912
7    O               -1.7537               1.5837              -0.3812
8    H               -2.3691               0.8685              -0.5910
9    H                0.0246              -0.6398              -1.4168
10   H               -0.6420              -1.2218               1.3370
11   H                0.8507               0.9820               0.2193
12   H               -2.4825              -1.9545               0.2968
13   H               -1.9489              -1.4580              -1.1625
14   H               -0.3689               1.8991               0.9822
15   H               -1.7799               1.2058               1.6672
16   H                2.7899               0.2796               1.5317
17   H                1.7458               0.7166              -2.0418
18   H                2.4478              -1.4174               1.1210
19   H                1.2885              -0.4622               2.0557
20   H                2.8915               1.2795              -0.8349
21   H                2.9831              -0.3980              -1.4121


Energy:                 -383.602942 Convergence criteria  Is converged 
Maximum Force:             0.050480     0.002850  No
RMS Force:                 0.019590     0.001900  No
Maximum Displacement:      0.010178     0.003150  No
RMS Displacement:          0.003962     0.002100  No

----------------------------------------------------------------------
                          Iteration: 58 [SD]                          


                             Coordinates                              
----------------------------------------------------------------------
0    C               -0.8436              -0.6282               0.4310
1    C                1.3550               0.0642              -0.0420
2    C               -1.1335               1.0967               0.7835
3    C                2.0130              -0.4243               1.2373
4    C                2.3089               0.4148              -1.1548
5    N                0.2897              -0.8412              -0.4548
6    N               -2.0505              -1.1756              -0.1905
7    O               -1.7551               1.5820              -0.3813
8    H               -2.3718               0.8687              -0.5935
9    H                0.0243              -0.6386              -1.4158
10   H               -0.6433              -1.2168               1.3376
11   H                0.8543               0.9843               0.2185
12   H               -2.4807              -1.9523               0.2978
13   H               -1.9467              -1.4567              -1.1607
14   H               -0.3689               1.8890               0.9821
15   H               -1.7817               1.2014               1.6661
16   H                2.7907               0.2794               1.5321
17   H                1.7464               0.7163              -2.0421
18   H                2.4481              -1.4175               1.1206
19   H                1.2891              -0.4624               2.0554
20   H                2.8927               1.2790              -0.8356
21   H                2.9836              -0.3987              -1.4127


Energy:                 -383.604620 Convergence criteria  Is converged 
Maximum Force:             0.049995     0.002850  No
RMS Force:                 0.019346     0.001900  No
Maximum Displacement:      0.010096     0.003150  No
RMS Displacement:          0.003918     0.002100  No

----------------------------------------------------------------------
                          Iteration: 59 [SD]                          


                             Coordinates                              
----------------------------------------------------------------------
0    C               -0.8452              -0.6223               0.4324
1    C                1.3560               0.0650              -0.0420
2    C               -1.1357               1.0903               0.7823
3    C                2.0137              -0.4243               1.2372
4    C                2.3098               0.4143              -1.1553
5    N                0.2889              -0.8390              -0.4534
6    N               -2.0521              -1.1717              -0.1898
7    O               -1.7565               1.5804              -0.3814
8    H               -2.3746               0.8689              -0.5959
9    H                0.0241              -0.6374              -1.4148
10   H               -0.6447              -1.2119               1.3383
11   H                0.8578               0.9867               0.2177
12   H               -2.4789              -1.9500               0.2987
13   H               -1.9446              -1.4554              -1.1589
14   H               -0.3688               1.8790               0.9820
15   H               -1.7836               1.1970               1.6651
16   H                2.7915               0.2791               1.5324
17   H                1.7469               0.7160              -2.0423
18   H                2.4484              -1.4176               1.1202
19   H                1.2896              -0.4626               2.0551
20   H                2.8938               1.2785              -0.8363
21   H                2.9841              -0.3994              -1.4132


Energy:                 -383.606255 Convergence criteria  Is converged 
Maximum Force:             0.049438     0.002850  No
RMS Force:                 0.019076     0.001900  No
Maximum Displacement:      0.009999     0.003150  No
RMS Displacement:          0.003869     0.002100  No

----------------------------------------------------------------------
                          Iteration: 60 [SD]                          


                             Coordinates                              
----------------------------------------------------------------------
0    C               -0.8468              -0.6167               0.4337
1    C                1.3569               0.0658              -0.0419
2    C               -1.1379               1.0840               0.7811
3    C                2.0144              -0.4242               1.2371
4    C                2.3106               0.4139              -1.1557
5    N                0.2880              -0.8368              -0.4521
6    N               -2.0536              -1.1679              -0.1891
7    O               -1.7578               1.5788              -0.3815
8    H               -2.3773               0.8691              -0.5982
9    H                0.0238              -0.6361              -1.4137
10   H               -0.6460              -1.2070               1.3390
11   H                0.8613               0.9890               0.2170
12   H               -2.4772              -1.9478               0.2997
13   H               -1.9425              -1.4540              -1.1570
14   H               -0.3688               1.8691               0.9820
15   H               -1.7854               1.1925               1.6640
16   H                2.7923               0.2789               1.5328
17   H                1.7475               0.7156              -2.0425
18   H                2.4487              -1.4176               1.1198
19   H                1.2901              -0.4628               2.0549
20   H                2.8950               1.2779              -0.8370
21   H                2.9846              -0.4001              -1.4137


Energy:                 -383.607844 Convergence criteria  Is converged 
Maximum Force:             0.048810     0.002850  No
RMS Force:                 0.018784     0.001900  No
Maximum Displacement:      0.009888     0.003150  No
RMS Displacement:          0.003815     0.002100  No

----------------------------------------------------------------------
                          Iteration: 61 [SD]                          


                             Coordinates                              
----------------------------------------------------------------------
0    C               -0.8484              -0.6113               0.4349
1    C                1.3578               0.0666              -0.0418
2    C               -1.1401               1.0779               0.7799
3    C                2.0150              -0.4241               1.2370
4    C                2.3114               0.4134              -1.1562
5    N                0.2872              -0.8345              -0.4507
6    N               -2.0552              -1.1642              -0.1884
7    O               -1.7592               1.5772              -0.3816
8    H               -2.3800               0.8693              -0.6006
9    H                0.0235              -0.6348              -1.4127
10   H               -0.6474              -1.2021               1.3397
11   H                0.8648               0.9914               0.2163
12   H               -2.4755              -1.9456               0.3007
13   H               -1.9404              -1.4527              -1.1553
14   H               -0.3687               1.8593               0.9819
15   H               -1.7872               1.1880               1.6629
16   H                2.7931               0.2786               1.5332
17   H                1.7481               0.7153              -2.0428
18   H                2.4490              -1.4177               1.1193
19   H                1.2906              -0.4631               2.0546
20   H                2.8962               1.2774              -0.8377
21   H                2.9851              -0.4008              -1.4143


Energy:                 -383.609384 Convergence criteria  Is converged 
Maximum Force:             0.048115     0.002850  No
RMS Force:                 0.018470     0.001900  No
Maximum Displacement:      0.009762     0.003150  No
RMS Displacement:          0.003757     0.002100  No

----------------------------------------------------------------------
                          Iteration: 62 [SD]                          


                             Coordinates                              
----------------------------------------------------------------------
0    C               -0.8499              -0.6062               0.4361
1    C                1.3586               0.0674              -0.0418
2    C               -1.1422               1.0721               0.7788
3    C                2.0157              -0.4240               1.2369
4    C                2.3123               0.4130              -1.1566
5    N                0.2864              -0.8323              -0.4494
6    N               -2.0567              -1.1606              -0.1878
7    O               -1.7605               1.5756              -0.3817
8    H               -2.3826               0.8696              -0.6029
9    H                0.0232              -0.6336              -1.4117
10   H               -0.6487              -1.1972               1.3404
11   H                0.8683               0.9938               0.2157
12   H               -2.4738              -1.9435               0.3016
13   H               -1.9384              -1.4514              -1.1535
14   H               -0.3686               1.8497               0.9819
15   H               -1.7891               1.1835               1.6618
16   H                2.7939               0.2784               1.5335
17   H                1.7487               0.7150              -2.0430
18   H                2.4492              -1.4177               1.1189
19   H                1.2911              -0.4633               2.0543
20   H                2.8974               1.2768              -0.8385
21   H                2.9856              -0.4015              -1.4148


Energy:                 -383.610872 Convergence criteria  Is converged 
Maximum Force:             0.047357     0.002850  No
RMS Force:                 0.018138     0.001900  No
Maximum Displacement:      0.009623     0.003150  No
RMS Displacement:          0.003694     0.002100  No

----------------------------------------------------------------------
                          Iteration: 63 [SD]                          


                             Coordinates                              
----------------------------------------------------------------------
0    C               -0.8515              -0.6013               0.4371
1    C                1.3595               0.0682              -0.0417
2    C               -1.1444               1.0665               0.7777
3    C                2.0164              -0.4239               1.2368
4    C                2.3131               0.4125              -1.1571
5    N                0.2856              -0.8300              -0.4481
6    N               -2.0583              -1.1571              -0.1871
7    O               -1.7618               1.5741              -0.3819
8    H               -2.3852               0.8698              -0.6051
9    H                0.0230              -0.6323              -1.4107
10   H               -0.6501              -1.1924               1.3412
11   H                0.8717               0.9962               0.2150
12   H               -2.4722              -1.9414               0.3026
13   H               -1.9364              -1.4501              -1.1517
14   H               -0.3685               1.8402               0.9819
15   H               -1.7909               1.1790               1.6607
16   H                2.7948               0.2781               1.5339
17   H                1.7493               0.7146              -2.0433
18   H                2.4495              -1.4177               1.1185
19   H                1.2917              -0.4635               2.0541
20   H                2.8985               1.2763              -0.8392
21   H                2.9860              -0.4023              -1.4153


Energy:                 -383.612306 Convergence criteria  Is converged 
Maximum Force:             0.046540     0.002850  No
RMS Force:                 0.017791     0.001900  No
Maximum Displacement:      0.009471     0.003150  No
RMS Displacement:          0.003628     0.002100  No

----------------------------------------------------------------------
                          Iteration: 64 [SD]                          


                             Coordinates                              
----------------------------------------------------------------------
0    C               -0.8530              -0.5967               0.4382
1    C                1.3604               0.0691              -0.0416
2    C               -1.1465               1.0611               0.7766
3    C                2.0171              -0.4237               1.2367
4    C                2.3139               0.4120              -1.1575
5    N                0.2848              -0.8278              -0.4468
6    N               -2.0597              -1.1537              -0.1865
7    O               -1.7630               1.5726              -0.3821
8    H               -2.3878               0.8701              -0.6073
9    H                0.0227              -0.6309              -1.4097
10   H               -0.6514              -1.1876               1.3421
11   H                0.8752               0.9985               0.2144
12   H               -2.4706              -1.9393               0.3036
13   H               -1.9345              -1.4488              -1.1500
14   H               -0.3683               1.8309               0.9819
15   H               -1.7927               1.1744               1.6597
16   H                2.7956               0.2779               1.5343
17   H                1.7499               0.7143              -2.0435
18   H                2.4498              -1.4178               1.1181
19   H                1.2922              -0.4637               2.0538
20   H                2.8997               1.2757              -0.8400
21   H                2.9865              -0.4030              -1.4159


Energy:                 -383.613684 Convergence criteria  Is converged 
Maximum Force:             0.045670     0.002850  No
RMS Force:                 0.017430     0.001900  No
Maximum Displacement:      0.009308     0.003150  No
RMS Displacement:          0.003558     0.002100  No

----------------------------------------------------------------------
                          Iteration: 65 [SD]                          


                             Coordinates                              
----------------------------------------------------------------------
0    C               -0.8545              -0.5923               0.4391
1    C                1.3612               0.0699              -0.0415
2    C               -1.1486               1.0560               0.7755
3    C                2.0178              -0.4236               1.2366
4    C                2.3147               0.4116              -1.1579
5    N                0.2840              -0.8255              -0.4455
6    N               -2.0612              -1.1505              -0.1859
7    O               -1.7643               1.5712              -0.3823
8    H               -2.3904               0.8703              -0.6095
9    H                0.0224              -0.6296              -1.4087
10   H               -0.6528              -1.1829               1.3430
11   H                0.8785               1.0009               0.2138
12   H               -2.4691              -1.9373               0.3046
13   H               -1.9325              -1.4475              -1.1483
14   H               -0.3682               1.8218               0.9820
15   H               -1.7946               1.1699               1.6586
16   H                2.7964               0.2776               1.5347
17   H                1.7505               0.7140              -2.0438
18   H                2.4501              -1.4178               1.1176
19   H                1.2927              -0.4639               2.0536
20   H                2.9009               1.2751              -0.8407
21   H                2.9869              -0.4037              -1.4164


Energy:                 -383.615007 Convergence criteria  Is converged 
Maximum Force:             0.044752     0.002850  No
RMS Force:                 0.017059     0.001900  No
Maximum Displacement:      0.009134     0.003150  No
RMS Displacement:          0.003486     0.002100  No

----------------------------------------------------------------------
                          Iteration: 66 [SD]                          


                             Coordinates                              
----------------------------------------------------------------------
0    C               -0.8560              -0.5882               0.4400
1    C                1.3620               0.0708              -0.0414
2    C               -1.1507               1.0510               0.7744
3    C                2.0185              -0.4235               1.2365
4    C                2.3156               0.4111              -1.1584
5    N                0.2832              -0.8233              -0.4443
6    N               -2.0626              -1.1473              -0.1853
7    O               -1.7655               1.5698              -0.3826
8    H               -2.3929               0.8706              -0.6116
9    H                0.0220              -0.6283              -1.4077
10   H               -0.6542              -1.1783               1.3439
11   H                0.8819               1.0033               0.2133
12   H               -2.4676              -1.9353               0.3055
13   H               -1.9307              -1.4463              -1.1467
14   H               -0.3681               1.8128               0.9820
15   H               -1.7964               1.1655               1.6576
16   H                2.7973               0.2774               1.5351
17   H                1.7511               0.7136              -2.0440
18   H                2.4504              -1.4178               1.1172
19   H                1.2933              -0.4641               2.0533
20   H                2.9021               1.2745              -0.8415
21   H                2.9874              -0.4045              -1.4169


Energy:                 -383.616273 Convergence criteria  Is converged 
Maximum Force:             0.043792     0.002850  No
RMS Force:                 0.016680     0.001900  No
Maximum Displacement:      0.008950     0.003150  No
RMS Displacement:          0.003412     0.002100  No

----------------------------------------------------------------------
                          Iteration: 67 [SD]                          


                             Coordinates                              
----------------------------------------------------------------------
0    C               -0.8575              -0.5843               0.4408
1    C                1.3628               0.0717              -0.0412
2    C               -1.1529               1.0463               0.7734
3    C                2.0191              -0.4234               1.2364
4    C                2.3163               0.4106              -1.1588
5    N                0.2824              -0.8210              -0.4431
6    N               -2.0640              -1.1443              -0.1848
7    O               -1.7667               1.5684              -0.3828
8    H               -2.3953               0.8709              -0.6137
9    H                0.0217              -0.6269              -1.4067
10   H               -0.6555              -1.1738               1.3448
11   H                0.8852               1.0057               0.2128
12   H               -2.4662              -1.9333               0.3065
13   H               -1.9288              -1.4450              -1.1451
14   H               -0.3679               1.8041               0.9821
15   H               -1.7983               1.1610               1.6566
16   H                2.7981               0.2771               1.5355
17   H                1.7517               0.7133              -2.0443
18   H                2.4506              -1.4178               1.1167
19   H                1.2938              -0.4643               2.0531
20   H                2.9033               1.2739              -0.8423
21   H                2.9878              -0.4052              -1.4174


Energy:                 -383.617483 Convergence criteria  Is converged 
Maximum Force:             0.042797     0.002850  No
RMS Force:                 0.016295     0.001900  No
Maximum Displacement:      0.008758     0.003150  No
RMS Displacement:          0.003336     0.002100  No

----------------------------------------------------------------------
                          Iteration: 68 [SD]                          


                             Coordinates                              
----------------------------------------------------------------------
0    C               -0.8589              -0.5806               0.4416
1    C                1.3636               0.0725              -0.0411
2    C               -1.1549               1.0419               0.7724
3    C                2.0198              -0.4233               1.2364
4    C                2.3171               0.4101              -1.1593
5    N                0.2817              -0.8188              -0.4420
6    N               -2.0653              -1.1414              -0.1842
7    O               -1.7679               1.5671              -0.3831
8    H               -2.3978               0.8712              -0.6158
9    H                0.0214              -0.6255              -1.4058
10   H               -0.6569              -1.1693               1.3458
11   H                0.8885               1.0081               0.2123
12   H               -2.4648              -1.9314               0.3075
13   H               -1.9270              -1.4438              -1.1435
14   H               -0.3678               1.7955               0.9822
15   H               -1.8002               1.1566               1.6556
16   H                2.7989               0.2768               1.5358
17   H                1.7523               0.7130              -2.0445
18   H                2.4509              -1.4179               1.1163
19   H                1.2943              -0.4645               2.0528
20   H                2.9045               1.2733              -0.8431
21   H                2.9882              -0.4060              -1.4179


Energy:                 -383.618638 Convergence criteria  Is converged 
Maximum Force:             0.041773     0.002850  No
RMS Force:                 0.015908     0.001900  No
Maximum Displacement:      0.008559     0.003150  No
RMS Displacement:          0.003259     0.002100  No

----------------------------------------------------------------------
                          Iteration: 69 [SD]                          


                             Coordinates                              
----------------------------------------------------------------------
0    C               -0.8603              -0.5771               0.4423
1    C                1.3643               0.0734              -0.0410
2    C               -1.1570               1.0376               0.7715
3    C                2.0205              -0.4231               1.2363
4    C                2.3179               0.4096              -1.1597
5    N                0.2810              -0.8167              -0.4408
6    N               -2.0666              -1.1387              -0.1837
7    O               -1.7691               1.5658              -0.3833
8    H               -2.4001               0.8715              -0.6178
9    H                0.0211              -0.6241              -1.4048
10   H               -0.6582              -1.1649               1.3468
11   H                0.8917               1.0105               0.2118
12   H               -2.4635              -1.9296               0.3084
13   H               -1.9253              -1.4426              -1.1420
14   H               -0.3676               1.7871               0.9824
15   H               -1.8021               1.1522               1.6546
16   H                2.7998               0.2766               1.5362
17   H                1.7529               0.7126              -2.0448
18   H                2.4512              -1.4179               1.1158
19   H                1.2949              -0.4646               2.0526
20   H                2.9058               1.2727              -0.8439
21   H                2.9886              -0.4068              -1.4184


Energy:                 -383.619738 Convergence criteria  Is converged 
Maximum Force:             0.040727     0.002850  No
RMS Force:                 0.015520     0.001900  No
Maximum Displacement:      0.008355     0.003150  No
RMS Displacement:          0.003182     0.002100  No

----------------------------------------------------------------------
                          Iteration: 70 [SD]                          


                             Coordinates                              
----------------------------------------------------------------------
0    C               -0.8617              -0.5739               0.4429
1    C                1.3651               0.0743              -0.0408
2    C               -1.1591               1.0336               0.7706
3    C                2.0211              -0.4230               1.2362
4    C                2.3187               0.4092              -1.1601
5    N                0.2803              -0.8145              -0.4397
6    N               -2.0679              -1.1360              -0.1832
7    O               -1.7702               1.5646              -0.3836
8    H               -2.4025               0.8719              -0.6197
9    H                0.0208              -0.6227              -1.4039
10   H               -0.6595              -1.1606               1.3478
11   H                0.8949               1.0129               0.2113
12   H               -2.4622              -1.9278               0.3094
13   H               -1.9236              -1.4415              -1.1405
14   H               -0.3674               1.7790               0.9825
15   H               -1.8039               1.1479               1.6536
16   H                2.8006               0.2763               1.5366
17   H                1.7535               0.7123              -2.0451
18   H                2.4514              -1.4179               1.1153
19   H                1.2954              -0.4648               2.0524
20   H                2.9070               1.2721              -0.8447
21   H                2.9890              -0.4075              -1.4189


Energy:                 -383.620784 Convergence criteria  Is converged 
Maximum Force:             0.039663     0.002850  No
RMS Force:                 0.015133     0.001900  No
Maximum Displacement:      0.008145     0.003150  No
RMS Displacement:          0.003104     0.002100  No

----------------------------------------------------------------------
                          Iteration: 71 [SD]                          


                             Coordinates                              
----------------------------------------------------------------------
0    C               -0.8630              -0.5709               0.4436
1    C                1.3658               0.0752              -0.0407
2    C               -1.1611               1.0298               0.7697
3    C                2.0218              -0.4228               1.2361
4    C                2.3194               0.4087              -1.1605
5    N                0.2796              -0.8124              -0.4387
6    N               -2.0691              -1.1335              -0.1828
7    O               -1.7713               1.5635              -0.3839
8    H               -2.4047               0.8722              -0.6217
9    H                0.0204              -0.6213              -1.4030
10   H               -0.6608              -1.1564               1.3489
11   H                0.8981               1.0152               0.2109
12   H               -2.4610              -1.9260               0.3104
13   H               -1.9219              -1.4404              -1.1391
14   H               -0.3672               1.7711               0.9827
15   H               -1.8059               1.1436               1.6527
16   H                2.8014               0.2760               1.5370
17   H                1.7542               0.7119              -2.0454
18   H                2.4517              -1.4178               1.1149
19   H                1.2959              -0.4650               2.0522
20   H                2.9082               1.2715              -0.8455
21   H                2.9894              -0.4083              -1.4194


Energy:                 -383.621779 Convergence criteria  Is converged 
Maximum Force:             0.038589     0.002850  No
RMS Force:                 0.014749     0.001900  No
Maximum Displacement:      0.007933     0.003150  No
RMS Displacement:          0.003027     0.002100  No

----------------------------------------------------------------------
                          Iteration: 72 [SD]                          


                             Coordinates                              
----------------------------------------------------------------------
0    C               -0.8643              -0.5681               0.4441
1    C                1.3665               0.0761              -0.0405
2    C               -1.1631               1.0261               0.7688
3    C                2.0224              -0.4227               1.2360
4    C                2.3202               0.4082              -1.1609
5    N                0.2789              -0.8102              -0.4376
6    N               -2.0703              -1.1312              -0.1823
7    O               -1.7724               1.5624              -0.3842
8    H               -2.4070               0.8726              -0.6235
9    H                0.0201              -0.6199              -1.4021
10   H               -0.6621              -1.1523               1.3500
11   H                0.9012               1.0176               0.2105
12   H               -2.4598              -1.9244               0.3113
13   H               -1.9203              -1.4393              -1.1377
14   H               -0.3670               1.7634               0.9829
15   H               -1.8078               1.1394               1.6518
16   H                2.8023               0.2758               1.5374
17   H                1.7548               0.7116              -2.0456
18   H                2.4520              -1.4178               1.1144
19   H                1.2965              -0.4652               2.0520
20   H                2.9094               1.2708              -0.8463
21   H                2.9898              -0.4091              -1.4199


Energy:                 -383.622724 Convergence criteria  Is converged 
Maximum Force:             0.037510     0.002850  No
RMS Force:                 0.014369     0.001900  No
Maximum Displacement:      0.007718     0.003150  No
RMS Displacement:          0.002950     0.002100  No

----------------------------------------------------------------------
                          Iteration: 73 [SD]                          


                             Coordinates                              
----------------------------------------------------------------------
0    C               -0.8655              -0.5654               0.4446
1    C                1.3672               0.0770              -0.0403
2    C               -1.1652               1.0227               0.7680
3    C                2.0231              -0.4226               1.2359
4    C                2.3209               0.4077              -1.1613
5    N                0.2783              -0.8082              -0.4366
6    N               -2.0714              -1.1289              -0.1819
7    O               -1.7735               1.5613              -0.3845
8    H               -2.4091               0.8730              -0.6253
9    H                0.0198              -0.6184              -1.4013
10   H               -0.6634              -1.1483               1.3511
11   H                0.9043               1.0199               0.2101
12   H               -2.4587              -1.9227               0.3122
13   H               -1.9188              -1.4382              -1.1364
14   H               -0.3668               1.7558               0.9832
15   H               -1.8097               1.1352               1.6509
16   H                2.8031               0.2755               1.5378
17   H                1.7554               0.7112              -2.0459
18   H                2.4522              -1.4178               1.1139
19   H                1.2970              -0.4653               2.0517
20   H                2.9106               1.2702              -0.8471
21   H                2.9902              -0.4099              -1.4203


Energy:                 -383.623620 Convergence criteria  Is converged 
Maximum Force:             0.036431     0.002850  No
RMS Force:                 0.013995     0.001900  No
Maximum Displacement:      0.007502     0.003150  No
RMS Displacement:          0.002874     0.002100  No

----------------------------------------------------------------------
                          Iteration: 74 [SD]                          


                             Coordinates                              
----------------------------------------------------------------------
0    C               -0.8668              -0.5630               0.4451
1    C                1.3679               0.0779              -0.0402
2    C               -1.1671               1.0194               0.7671
3    C                2.0237              -0.4224               1.2359
4    C                2.3216               0.4072              -1.1617
5    N                0.2777              -0.8061              -0.4357
6    N               -2.0725              -1.1267              -0.1815
7    O               -1.7746               1.5603              -0.3848
8    H               -2.4113               0.8733              -0.6271
9    H                0.0194              -0.6170              -1.4004
10   H               -0.6646              -1.1444               1.3522
11   H                0.9073               1.0222               0.2098
12   H               -2.4577              -1.9212               0.3131
13   H               -1.9173              -1.4372              -1.1351
14   H               -0.3666               1.7486               0.9834
15   H               -1.8117               1.1311               1.6500
16   H                2.8040               0.2752               1.5381
17   H                1.7560               0.7108              -2.0462
18   H                2.4525              -1.4178               1.1134
19   H                1.2975              -0.4655               2.0515
20   H                2.9119               1.2695              -0.8479
21   H                2.9905              -0.4107              -1.4208


Energy:                 -383.624471 Convergence criteria  Is converged 
Maximum Force:             0.035357     0.002850  No
RMS Force:                 0.013628     0.001900  No
Maximum Displacement:      0.007286     0.003150  No
RMS Displacement:          0.002799     0.002100  No

----------------------------------------------------------------------
                          Iteration: 75 [SD]                          


                             Coordinates                              
----------------------------------------------------------------------
0    C               -0.8679              -0.5607               0.4456
1    C                1.3686               0.0788              -0.0400
2    C               -1.1691               1.0163               0.7664
3    C                2.0243              -0.4223               1.2358
4    C                2.3224               0.4067              -1.1621
5    N                0.2771              -0.8041              -0.4347
6    N               -2.0735              -1.1247              -0.1811
7    O               -1.7757               1.5594              -0.3852
8    H               -2.4134               0.8737              -0.6288
9    H                0.0191              -0.6155              -1.3996
10   H               -0.6659              -1.1406               1.3534
11   H                0.9103               1.0245               0.2095
12   H               -2.4566              -1.9197               0.3141
13   H               -1.9158              -1.4363              -1.1338
14   H               -0.3664               1.7415               0.9837
15   H               -1.8136               1.1271               1.6492
16   H                2.8048               0.2749               1.5385
17   H                1.7566               0.7105              -2.0465
18   H                2.4528              -1.4178               1.1129
19   H                1.2981              -0.4656               2.0514
20   H                2.9131               1.2689              -0.8487
21   H                2.9908              -0.4115              -1.4212


Energy:                 -383.625277 Convergence criteria  Is converged 
Maximum Force:             0.034290     0.002850  No
RMS Force:                 0.013268     0.001900  No
Maximum Displacement:      0.007071     0.003150  No
RMS Displacement:          0.002726     0.002100  No

----------------------------------------------------------------------
                          Iteration: 76 [SD]                          


                             Coordinates                              
----------------------------------------------------------------------
0    C               -0.8691              -0.5585               0.4460
1    C                1.3692               0.0797              -0.0399
2    C               -1.1710               1.0134               0.7656
3    C                2.0249              -0.4221               1.2357
4    C                2.3231               0.4063              -1.1625
5    N                0.2766              -0.8021              -0.4338
6    N               -2.0745              -1.1228              -0.1807
7    O               -1.7767               1.5585              -0.3855
8    H               -2.4154               0.8741              -0.6305
9    H                0.0188              -0.6140              -1.3988
10   H               -0.6671              -1.1369               1.3545
11   H                0.9132               1.0268               0.2091
12   H               -2.4557              -1.9182               0.3150
13   H               -1.9144              -1.4353              -1.1326
14   H               -0.3662               1.7346               0.9840
15   H               -1.8156               1.1231               1.6483
16   H                2.8056               0.2747               1.5389
17   H                1.7572               0.7101              -2.0468
18   H                2.4530              -1.4177               1.1124
19   H                1.2986              -0.4658               2.0512
20   H                2.9143               1.2682              -0.8495
21   H                2.9912              -0.4123              -1.4217


Energy:                 -383.626042 Convergence criteria  Is converged 
Maximum Force:             0.033236     0.002850  No
RMS Force:                 0.012917     0.001900  No
Maximum Displacement:      0.006858     0.003150  No
RMS Displacement:          0.002654     0.002100  No

----------------------------------------------------------------------
                          Iteration: 77 [SD]                          


                             Coordinates                              
----------------------------------------------------------------------
0    C               -0.8702              -0.5565               0.4464
1    C                1.3698               0.0806              -0.0397
2    C               -1.1730               1.0106               0.7649
3    C                2.0255              -0.4219               1.2356
4    C                2.3238               0.4058              -1.1629
5    N                0.2760              -0.8002              -0.4329
6    N               -2.0755              -1.1210              -0.1803
7    O               -1.7777               1.5576              -0.3858
8    H               -2.4174               0.8746              -0.6321
9    H                0.0184              -0.6126              -1.3980
10   H               -0.6683              -1.1334               1.3557
11   H                0.9161               1.0290               0.2088
12   H               -2.4548              -1.9168               0.3158
13   H               -1.9130              -1.4344              -1.1315
14   H               -0.3661               1.7280               0.9843
15   H               -1.8176               1.1193               1.6475
16   H                2.8065               0.2744               1.5393
17   H                1.7578               0.7098              -2.0471
18   H                2.4533              -1.4177               1.1119
19   H                1.2991              -0.4659               2.0510
20   H                2.9155               1.2675              -0.8504
21   H                2.9915              -0.4131              -1.4221


Energy:                 -383.626766 Convergence criteria  Is converged 
Maximum Force:             0.032197     0.002850  No
RMS Force:                 0.012574     0.001900  No
Maximum Displacement:      0.006647     0.003150  No
RMS Displacement:          0.002583     0.002100  No

----------------------------------------------------------------------
                          Iteration: 78 [SD]                          


                             Coordinates                              
----------------------------------------------------------------------
0    C               -0.8713              -0.5546               0.4467
1    C                1.3705               0.0815              -0.0395
2    C               -1.1748               1.0080               0.7642
3    C                2.0261              -0.4218               1.2355
4    C                2.3244               0.4053              -1.1633
5    N                0.2755              -0.7983              -0.4321
6    N               -2.0764              -1.1193              -0.1800
7    O               -1.7787               1.5568              -0.3861
8    H               -2.4193               0.8750              -0.6337
9    H                0.0181              -0.6111              -1.3972
10   H               -0.6695              -1.1299               1.3568
11   H                0.9190               1.0312               0.2086
12   H               -2.4539              -1.9155               0.3167
13   H               -1.9117              -1.4336              -1.1303
14   H               -0.3659               1.7215               0.9847
15   H               -1.8195               1.1155               1.6467
16   H                2.8073               0.2741               1.5396
17   H                1.7584               0.7094              -2.0473
18   H                2.4535              -1.4176               1.1114
19   H                1.2997              -0.4661               2.0508
20   H                2.9168               1.2669              -0.8512
21   H                2.9918              -0.4139              -1.4225


Energy:                 -383.627452 Convergence criteria  Is converged 
Maximum Force:             0.031175     0.002850  No
RMS Force:                 0.012240     0.001900  No
Maximum Displacement:      0.006439     0.003150  No
RMS Displacement:          0.002515     0.002100  No

----------------------------------------------------------------------
                          Iteration: 79 [SD]                          


                             Coordinates                              
----------------------------------------------------------------------
0    C               -0.8723              -0.5528               0.4471
1    C                1.3711               0.0824              -0.0393
2    C               -1.1767               1.0055               0.7636
3    C                2.0267              -0.4216               1.2355
4    C                2.3251               0.4048              -1.1637
5    N                0.2750              -0.7964              -0.4313
6    N               -2.0772              -1.1177              -0.1797
7    O               -1.7797               1.5561              -0.3864
8    H               -2.4212               0.8754              -0.6353
9    H                0.0178              -0.6096              -1.3964
10   H               -0.6707              -1.1265               1.3580
11   H                0.9218               1.0334               0.2083
12   H               -2.4531              -1.9142               0.3176
13   H               -1.9104              -1.4328              -1.1293
14   H               -0.3657               1.7153               0.9850
15   H               -1.8215               1.1117               1.6459
16   H                2.8081               0.2738               1.5400
17   H                1.7591               0.7090              -2.0476
18   H                2.4537              -1.4176               1.1109
19   H                1.3002              -0.4662               2.0506
20   H                2.9180               1.2662              -0.8520
21   H                2.9920              -0.4147              -1.4229


Energy:                 -383.628103 Convergence criteria  Is converged 
Maximum Force:             0.030172     0.002850  No
RMS Force:                 0.011916     0.001900  No
Maximum Displacement:      0.006235     0.003150  No
RMS Displacement:          0.002448     0.002100  No

----------------------------------------------------------------------
                          Iteration: 80 [SD]                          


                             Coordinates                              
----------------------------------------------------------------------
0    C               -0.8734              -0.5512               0.4474
1    C                1.3717               0.0833              -0.0392
2    C               -1.1785               1.0032               0.7629
3    C                2.0273              -0.4214               1.2354
4    C                2.3258               0.4043              -1.1640
5    N                0.2745              -0.7946              -0.4305
6    N               -2.0780              -1.1162              -0.1794
7    O               -1.7807               1.5554              -0.3867
8    H               -2.4230               0.8759              -0.6368
9    H                0.0174              -0.6081              -1.3957
10   H               -0.6718              -1.1232               1.3591
11   H                0.9245               1.0356               0.2081
12   H               -2.4523              -1.9130               0.3184
13   H               -1.9092              -1.4320              -1.1283
14   H               -0.3656               1.7093               0.9854
15   H               -1.8235               1.1081               1.6452
16   H                2.8089               0.2735               1.5403
17   H                1.7597               0.7087              -2.0479
18   H                2.4540              -1.4175               1.1103
19   H                1.3007              -0.4664               2.0505
20   H                2.9192               1.2655              -0.8529
21   H                2.9923              -0.4156              -1.4233


Energy:                 -383.628719 Convergence criteria  Is converged 
Maximum Force:             0.029191     0.002850  No
RMS Force:                 0.011601     0.001900  No
Maximum Displacement:      0.006034     0.003150  No
RMS Displacement:          0.002383     0.002100  No

----------------------------------------------------------------------
                          Iteration: 81 [SD]                          


                             Coordinates                              
----------------------------------------------------------------------
0    C               -0.8744              -0.5496               0.4477
1    C                1.3723               0.0842              -0.0390
2    C               -1.1803               1.0009               0.7623
3    C                2.0279              -0.4213               1.2353
4    C                2.3264               0.4039              -1.1644
5    N                0.2741              -0.7928              -0.4297
6    N               -2.0788              -1.1148              -0.1791
7    O               -1.7817               1.5548              -0.3870
8    H               -2.4248               0.8764              -0.6382
9    H                0.0171              -0.6066              -1.3949
10   H               -0.6729              -1.1200               1.3603
11   H                0.9272               1.0378               0.2078
12   H               -2.4516              -1.9118               0.3192
13   H               -1.9080              -1.4313              -1.1273
14   H               -0.3654               1.7034               0.9858
15   H               -1.8255               1.1045               1.6444
16   H                2.8097               0.2733               1.5407
17   H                1.7603               0.7083              -2.0482
18   H                2.4542              -1.4174               1.1098
19   H                1.3012              -0.4665               2.0503
20   H                2.9204               1.2648              -0.8537
21   H                2.9925              -0.4164              -1.4237


Energy:                 -383.629304 Convergence criteria  Is converged 
Maximum Force:             0.028232     0.002850  No
RMS Force:                 0.011296     0.001900  No
Maximum Displacement:      0.005838     0.003150  No
RMS Displacement:          0.002320     0.002100  No

----------------------------------------------------------------------
                          Iteration: 82 [SD]                          


                             Coordinates                              
----------------------------------------------------------------------
0    C               -0.8753              -0.5482               0.4480
1    C                1.3728               0.0851              -0.0388
2    C               -1.1821               0.9988               0.7617
3    C                2.0285              -0.4211               1.2352
4    C                2.3271               0.4034              -1.1648
5    N                0.2736              -0.7910              -0.4289
6    N               -2.0796              -1.1135              -0.1788
7    O               -1.7826               1.5541              -0.3873
8    H               -2.4266               0.8768              -0.6397
9    H                0.0168              -0.6051              -1.3942
10   H               -0.6740              -1.1169               1.3615
11   H                0.9299               1.0399               0.2076
12   H               -2.4509              -1.9107               0.3200
13   H               -1.9069              -1.4306              -1.1263
14   H               -0.3653               1.6978               0.9862
15   H               -1.8275               1.1010               1.6437
16   H                2.8106               0.2730               1.5411
17   H                1.7609               0.7079              -2.0485
18   H                2.4545              -1.4174               1.1093
19   H                1.3018              -0.4666               2.0502
20   H                2.9217               1.2641              -0.8545
21   H                2.9928              -0.4172              -1.4241


Energy:                 -383.629858 Convergence criteria  Is converged 
Maximum Force:             0.027297     0.002850  No
RMS Force:                 0.011001     0.001900  No
Maximum Displacement:      0.005646     0.003150  No
RMS Displacement:          0.002259     0.002100  No

----------------------------------------------------------------------
                          Iteration: 83 [SD]                          


                             Coordinates                              
----------------------------------------------------------------------
0    C               -0.8763              -0.5468               0.4482
1    C                1.3734               0.0860              -0.0386
2    C               -1.1839               0.9968               0.7612
3    C                2.0290              -0.4209               1.2352
4    C                2.3277               0.4029              -1.1651
5    N                0.2732              -0.7893              -0.4282
6    N               -2.0803              -1.1123              -0.1785
7    O               -1.7835               1.5536              -0.3876
8    H               -2.4282               0.8773              -0.6410
9    H                0.0165              -0.6036              -1.3935
10   H               -0.6751              -1.1139               1.3626
11   H                0.9325               1.0420               0.2074
12   H               -2.4503              -1.9096               0.3208
13   H               -1.9058              -1.4300              -1.1255
14   H               -0.3652               1.6923               0.9867
15   H               -1.8295               1.0976               1.6429
16   H                2.8114               0.2727               1.5414
17   H                1.7615               0.7076              -2.0488
18   H                2.4547              -1.4173               1.1087
19   H                1.3023              -0.4668               2.0500
20   H                2.9229               1.2634              -0.8554
21   H                2.9930              -0.4181              -1.4244


Energy:                 -383.630383 Convergence criteria  Is converged 
Maximum Force:             0.026385     0.002850  No
RMS Force:                 0.010716     0.001900  No
Maximum Displacement:      0.005459     0.003150  No
RMS Displacement:          0.002200     0.002100  No

----------------------------------------------------------------------
                          Iteration: 84 [SD]                          


                             Coordinates                              
----------------------------------------------------------------------
0    C               -0.8772              -0.5455               0.4485
1    C                1.3739               0.0868              -0.0385
2    C               -1.1856               0.9949               0.7607
3    C                2.0296              -0.4208               1.2351
4    C                2.3283               0.4024              -1.1655
5    N                0.2728              -0.7876              -0.4275
6    N               -2.0809              -1.1112              -0.1783
7    O               -1.7844               1.5531              -0.3879
8    H               -2.4299               0.8778              -0.6424
9    H                0.0161              -0.6021              -1.3928
10   H               -0.6762              -1.1110               1.3637
11   H                0.9350               1.0441               0.2073
12   H               -2.4497              -1.9086               0.3216
13   H               -1.9047              -1.4294              -1.1246
14   H               -0.3651               1.6871               0.9872
15   H               -1.8315               1.0943               1.6422
16   H                2.8122               0.2724               1.5418
17   H                1.7621               0.7072              -2.0491
18   H                2.4549              -1.4172               1.1082
19   H                1.3028              -0.4669               2.0499
20   H                2.9241               1.2627              -0.8562
21   H                2.9932              -0.4189              -1.4248


Energy:                 -383.630882 Convergence criteria  Is converged 
Maximum Force:             0.025499     0.002850  No
RMS Force:                 0.010440     0.001900  No
Maximum Displacement:      0.005277     0.003150  No
RMS Displacement:          0.002143     0.002100  No

----------------------------------------------------------------------
                          Iteration: 85 [SD]                          


                             Coordinates                              
----------------------------------------------------------------------
0    C               -0.8780              -0.5443               0.4487
1    C                1.3745               0.0877              -0.0383
2    C               -1.1873               0.9930               0.7602
3    C                2.0301              -0.4206               1.2350
4    C                2.3289               0.4020              -1.1658
5    N                0.2725              -0.7859              -0.4268
6    N               -2.0816              -1.1101              -0.1781
7    O               -1.7853               1.5526              -0.3882
8    H               -2.4315               0.8783              -0.6437
9    H                0.0158              -0.6006              -1.3921
10   H               -0.6772              -1.1082               1.3649
11   H                0.9376               1.0461               0.2071
12   H               -2.4491              -1.9077               0.3223
13   H               -1.9037              -1.4289              -1.1238
14   H               -0.3651               1.6820               0.9876
15   H               -1.8335               1.0911               1.6415
16   H                2.8130               0.2721               1.5421
17   H                1.7627               0.7068              -2.0494
18   H                2.4551              -1.4172               1.1076
19   H                1.3033              -0.4670               2.0497
20   H                2.9253               1.2620              -0.8570
21   H                2.9934              -0.4197              -1.4251


Energy:                 -383.631356 Convergence criteria  Is converged 
Maximum Force:             0.024637     0.002850  No
RMS Force:                 0.010174     0.001900  No
Maximum Displacement:      0.005100     0.003150  No
RMS Displacement:          0.002088     0.002100  Yes

----------------------------------------------------------------------
                          Iteration: 86 [SD]                          


                             Coordinates                              
----------------------------------------------------------------------
0    C               -0.8789              -0.5432               0.4490
1    C                1.3750               0.0886              -0.0381
2    C               -1.1889               0.9913               0.7597
3    C                2.0307              -0.4204               1.2349
4    C                2.3295               0.4015              -1.1661
5    N                0.2721              -0.7842              -0.4262
6    N               -2.0822              -1.1091              -0.1778
7    O               -1.7862               1.5521              -0.3885
8    H               -2.4331               0.8788              -0.6450
9    H                0.0155              -0.5991              -1.3915
10   H               -0.6782              -1.1055               1.3660
11   H                0.9400               1.0481               0.2069
12   H               -2.4486              -1.9068               0.3231
13   H               -1.9027              -1.4283              -1.1230
14   H               -0.3650               1.6770               0.9881
15   H               -1.8355               1.0879               1.6408
16   H                2.8138               0.2719               1.5424
17   H                1.7633               0.7064              -2.0497
18   H                2.4553              -1.4171               1.1071
19   H                1.3038              -0.4671               2.0496
20   H                2.9265               1.2613              -0.8579
21   H                2.9935              -0.4206              -1.4255


Energy:                 -383.631805 Convergence criteria  Is converged 
Maximum Force:             0.023801     0.002850  No
RMS Force:                 0.009917     0.001900  No
Maximum Displacement:      0.004927     0.003150  No
RMS Displacement:          0.002035     0.002100  Yes

----------------------------------------------------------------------
                          Iteration: 87 [SD]                          


                             Coordinates                              
----------------------------------------------------------------------
0    C               -0.8797              -0.5421               0.4492
1    C                1.3755               0.0895              -0.0379
2    C               -1.1906               0.9896               0.7592
3    C                2.0312              -0.4202               1.2349
4    C                2.3301               0.4011              -1.1665
5    N                0.2717              -0.7826              -0.4256
6    N               -2.0827              -1.1082              -0.1776
7    O               -1.7870               1.5517              -0.3887
8    H               -2.4346               0.8793              -0.6462
9    H                0.0152              -0.5976              -1.3908
10   H               -0.6792              -1.1028               1.3671
11   H                0.9425               1.0501               0.2068
12   H               -2.4481              -1.9059               0.3238
13   H               -1.9017              -1.4279              -1.1223
14   H               -0.3650               1.6723               0.9886
15   H               -1.8375               1.0848               1.6401
16   H                2.8146               0.2716               1.5428
17   H                1.7639               0.7061              -2.0500
18   H                2.4556              -1.4170               1.1065
19   H                1.3043              -0.4672               2.0495
20   H                2.9278               1.2606              -0.8587
21   H                2.9937              -0.4214              -1.4258


Energy:                 -383.632233 Convergence criteria  Is converged 
Maximum Force:             0.022989     0.002850  No
RMS Force:                 0.009669     0.001900  No
Maximum Displacement:      0.004760     0.003150  No
RMS Displacement:          0.001983     0.002100  Yes

----------------------------------------------------------------------
                          Iteration: 88 [SD]                          


                             Coordinates                              
----------------------------------------------------------------------
0    C               -0.8805              -0.5411               0.4494
1    C                1.3760               0.0903              -0.0377
2    C               -1.1922               0.9880               0.7588
3    C                2.0318              -0.4201               1.2348
4    C                2.3307               0.4006              -1.1668
5    N                0.2714              -0.7810              -0.4249
6    N               -2.0833              -1.1074              -0.1774
7    O               -1.7878               1.5513              -0.3890
8    H               -2.4361               0.8799              -0.6474
9    H                0.0149              -0.5961              -1.3902
10   H               -0.6802              -1.1003               1.3682
11   H                0.9448               1.0521               0.2067
12   H               -2.4477              -1.9051               0.3245
13   H               -1.9008              -1.4275              -1.1216
14   H               -0.3650               1.6677               0.9892
15   H               -1.8395               1.0818               1.6395
16   H                2.8154               0.2713               1.5431
17   H                1.7645               0.7057              -2.0503
18   H                2.4558              -1.4169               1.1060
19   H                1.3049              -0.4673               2.0494
20   H                2.9290               1.2599              -0.8596
21   H                2.9938              -0.4223              -1.4261


Energy:                 -383.632639 Convergence criteria  Is converged 
Maximum Force:             0.022203     0.002850  No
RMS Force:                 0.009431     0.001900  No
Maximum Displacement:      0.004598     0.003150  No
RMS Displacement:          0.001934     0.002100  Yes

----------------------------------------------------------------------
                          Iteration: 89 [SD]                          


                             Coordinates                              
----------------------------------------------------------------------
0    C               -0.8813              -0.5401               0.4496
1    C                1.3765               0.0912              -0.0376
2    C               -1.1938               0.9865               0.7584
3    C                2.0323              -0.4199               1.2347
4    C                2.3313               0.4001              -1.1671
5    N                0.2711              -0.7795              -0.4243
6    N               -2.0838              -1.1066              -0.1772
7    O               -1.7887               1.5510              -0.3892
8    H               -2.4375               0.8804              -0.6486
9    H                0.0146              -0.5946              -1.3896
10   H               -0.6811              -1.0978               1.3692
11   H                0.9472               1.0540               0.2066
12   H               -2.4473              -1.9043               0.3252
13   H               -1.8999              -1.4271              -1.1209
14   H               -0.3650               1.6632               0.9897
15   H               -1.8415               1.0788               1.6388
16   H                2.8162               0.2710               1.5434
17   H                1.7651               0.7053              -2.0506
18   H                2.4560              -1.4168               1.1054
19   H                1.3054              -0.4675               2.0492
20   H                2.9302               1.2592              -0.8604
21   H                2.9940              -0.4232              -1.4264


Energy:                 -383.633025 Convergence criteria  Is converged 
Maximum Force:             0.021441     0.002850  No
RMS Force:                 0.009202     0.001900  No
Maximum Displacement:      0.004441     0.003150  No
RMS Displacement:          0.001886     0.002100  Yes

----------------------------------------------------------------------
                          Iteration: 90 [SD]                          


                             Coordinates                              
----------------------------------------------------------------------
0    C               -0.8821              -0.5392               0.4498
1    C                1.3770               0.0921              -0.0374
2    C               -1.1953               0.9851               0.7580
3    C                2.0328              -0.4197               1.2347
4    C                2.3319               0.3997              -1.1674
5    N                0.2708              -0.7779              -0.4238
6    N               -2.0842              -1.1060              -0.1770
7    O               -1.7894               1.5507              -0.3894
8    H               -2.4389               0.8809              -0.6497
9    H                0.0143              -0.5931              -1.3890
10   H               -0.6821              -1.0954               1.3703
11   H                0.9495               1.0559               0.2065
12   H               -2.4469              -1.9036               0.3259
13   H               -1.8990              -1.4267              -1.1202
14   H               -0.3651               1.6589               0.9903
15   H               -1.8435               1.0760               1.6381
16   H                2.8169               0.2708               1.5437
17   H                1.7657               0.7049              -2.0509
18   H                2.4562              -1.4167               1.1049
19   H                1.3059              -0.4676               2.0491
20   H                2.9314               1.2585              -0.8612
21   H                2.9941              -0.4240              -1.4267


Energy:                 -383.633393 Convergence criteria  Is converged 
Maximum Force:             0.020704     0.002850  No
RMS Force:                 0.008981     0.001900  No
Maximum Displacement:      0.004288     0.003150  No
RMS Displacement:          0.001840     0.002100  Yes

----------------------------------------------------------------------
                          Iteration: 91 [SD]                          


                             Coordinates                              
----------------------------------------------------------------------
0    C               -0.8828              -0.5383               0.4500
1    C                1.3775               0.0929              -0.0372
2    C               -1.1968               0.9837               0.7577
3    C                2.0333              -0.4195               1.2346
4    C                2.3324               0.3992              -1.1677
5    N                0.2705              -0.7764              -0.4232
6    N               -2.0847              -1.1053              -0.1769
7    O               -1.7902               1.5504              -0.3896
8    H               -2.4403               0.8815              -0.6508
9    H                0.0140              -0.5916              -1.3883
10   H               -0.6830              -1.0930               1.3713
11   H                0.9517               1.0578               0.2064
12   H               -2.4465              -1.9029               0.3265
13   H               -1.8982              -1.4264              -1.1196
14   H               -0.3651               1.6548               0.9908
15   H               -1.8454               1.0732               1.6375
16   H                2.8177               0.2705               1.5441
17   H                1.7663               0.7046              -2.0512
18   H                2.4564              -1.4166               1.1043
19   H                1.3064              -0.4677               2.0490
20   H                2.9326               1.2578              -0.8621
21   H                2.9942              -0.4249              -1.4270


Energy:                 -383.633744 Convergence criteria  Is converged 
Maximum Force:             0.019990     0.002850  No
RMS Force:                 0.008768     0.001900  No
Maximum Displacement:      0.004141     0.003150  No
RMS Displacement:          0.001796     0.002100  Yes

----------------------------------------------------------------------
                          Iteration: 92 [SD]                          


                             Coordinates                              
----------------------------------------------------------------------
0    C               -0.8835              -0.5375               0.4502
1    C                1.3780               0.0938              -0.0370
2    C               -1.1983               0.9824               0.7573
3    C                2.0338              -0.4193               1.2345
4    C                2.3330               0.3988              -1.1681
5    N                0.2702              -0.7749              -0.4226
6    N               -2.0851              -1.1047              -0.1767
7    O               -1.7910               1.5501              -0.3899
8    H               -2.4416               0.8820              -0.6519
9    H                0.0137              -0.5900              -1.3878
10   H               -0.6839              -1.0908               1.3723
11   H                0.9539               1.0596               0.2063
12   H               -2.4462              -1.9023               0.3272
13   H               -1.8974              -1.4261              -1.1190
14   H               -0.3652               1.6508               0.9914
15   H               -1.8474               1.0704               1.6369
16   H                2.8185               0.2702               1.5444
17   H                1.7669               0.7042              -2.0515
18   H                2.4566              -1.4165               1.1037
19   H                1.3069              -0.4678               2.0489
20   H                2.9338               1.2571              -0.8629
21   H                2.9943              -0.4258              -1.4272


Energy:                 -383.634078 Convergence criteria  Is converged 
Maximum Force:             0.019300     0.002850  No
RMS Force:                 0.008564     0.001900  No
Maximum Displacement:      0.003998     0.003150  No
RMS Displacement:          0.001754     0.002100  Yes

----------------------------------------------------------------------
                          Iteration: 93 [SD]                          


                             Coordinates                              
----------------------------------------------------------------------
0    C               -0.8842              -0.5368               0.4504
1    C                1.3785               0.0946              -0.0369
2    C               -1.1998               0.9811               0.7570
3    C                2.0343              -0.4192               1.2344
4    C                2.3335               0.3983              -1.1684
5    N                0.2700              -0.7735              -0.4221
6    N               -2.0855              -1.1042              -0.1766
7    O               -1.7917               1.5499              -0.3901
8    H               -2.4429               0.8826              -0.6529
9    H                0.0134              -0.5885              -1.3872
10   H               -0.6847              -1.0886               1.3733
11   H                0.9561               1.0615               0.2062
12   H               -2.4459              -1.9017               0.3278
13   H               -1.8966              -1.4259              -1.1185
14   H               -0.3653               1.6469               0.9920
15   H               -1.8493               1.0678               1.6362
16   H                2.8193               0.2700               1.5447
17   H                1.7675               0.7038              -2.0518
18   H                2.4568              -1.4164               1.1032
19   H                1.3074              -0.4679               2.0488
20   H                2.9350               1.2564              -0.8637
21   H                2.9943              -0.4266              -1.4275


Energy:                 -383.634397 Convergence criteria  Is converged 
Maximum Force:             0.018633     0.002850  No
RMS Force:                 0.008368     0.001900  No
Maximum Displacement:      0.003860     0.003150  No
RMS Displacement:          0.001713     0.002100  Yes

----------------------------------------------------------------------
                          Iteration: 94 [SD]                          


                             Coordinates                              
----------------------------------------------------------------------
0    C               -0.8849              -0.5360               0.4506
1    C                1.3789               0.0954              -0.0367
2    C               -1.2013               0.9799               0.7567
3    C                2.0348              -0.4190               1.2344
4    C                2.3341               0.3979              -1.1687
5    N                0.2697              -0.7720              -0.4216
6    N               -2.0859              -1.1037              -0.1764
7    O               -1.7925               1.5496              -0.3902
8    H               -2.4442               0.8832              -0.6539
9    H                0.0131              -0.5870              -1.3866
10   H               -0.6856              -1.0865               1.3743
11   H                0.9582               1.0633               0.2061
12   H               -2.4456              -1.9011               0.3284
13   H               -1.8959              -1.4257              -1.1179
14   H               -0.3655               1.6432               0.9926
15   H               -1.8513               1.0652               1.6356
16   H                2.8200               0.2697               1.5450
17   H                1.7680               0.7034              -2.0521
18   H                2.4570              -1.4163               1.1026
19   H                1.3079              -0.4679               2.0487
20   H                2.9362               1.2557              -0.8646
21   H                2.9944              -0.4275              -1.4277


Energy:                 -383.634702 Convergence criteria  Is converged 
Maximum Force:             0.017989     0.002850  No
RMS Force:                 0.008179     0.001900  No
Maximum Displacement:      0.003727     0.003150  No
RMS Displacement:          0.001674     0.002100  Yes

----------------------------------------------------------------------
                          Iteration: 95 [SD]                          


                             Coordinates                              
----------------------------------------------------------------------
0    C               -0.8856              -0.5353               0.4508
1    C                1.3794               0.0963              -0.0365
2    C               -1.2027               0.9788               0.7564
3    C                2.0353              -0.4188               1.2343
4    C                2.3346               0.3975              -1.1689
5    N                0.2695              -0.7706              -0.4211
6    N               -2.0862              -1.1033              -0.1763
7    O               -1.7932               1.5494              -0.3904
8    H               -2.4454               0.8837              -0.6549
9    H                0.0128              -0.5855              -1.3860
10   H               -0.6864              -1.0844               1.3753
11   H                0.9603               1.0650               0.2061
12   H               -2.4454              -1.9006               0.3290
13   H               -1.8952              -1.4255              -1.1174
14   H               -0.3656               1.6396               0.9932
15   H               -1.8532               1.0626               1.6350
16   H                2.8208               0.2694               1.5453
17   H                1.7686               0.7030              -2.0524
18   H                2.4571              -1.4162               1.1020
19   H                1.3084              -0.4680               2.0486
20   H                2.9374               1.2549              -0.8654
21   H                2.9944              -0.4284              -1.4280


Energy:                 -383.634993 Convergence criteria  Is converged 
Maximum Force:             0.017366     0.002850  No
RMS Force:                 0.007998     0.001900  No
Maximum Displacement:      0.003598     0.003150  No
RMS Displacement:          0.001636     0.002100  Yes

----------------------------------------------------------------------
                          Iteration: 96 [SD]                          


                             Coordinates                              
----------------------------------------------------------------------
0    C               -0.8862              -0.5347               0.4509
1    C                1.3798               0.0971              -0.0364
2    C               -1.2041               0.9777               0.7562
3    C                2.0358              -0.4186               1.2342
4    C                2.3351               0.3970              -1.1692
5    N                0.2693              -0.7692              -0.4206
6    N               -2.0865              -1.1029              -0.1762
7    O               -1.7939               1.5493              -0.3906
8    H               -2.4466               0.8843              -0.6559
9    H                0.0125              -0.5840              -1.3855
10   H               -0.6872              -1.0824               1.3762
11   H                0.9623               1.0668               0.2060
12   H               -2.4451              -1.9001               0.3295
13   H               -1.8945              -1.4254              -1.1169
14   H               -0.3658               1.6361               0.9938
15   H               -1.8552               1.0602               1.6344
16   H                2.8215               0.2692               1.5455
17   H                1.7692               0.7027              -2.0527
18   H                2.4573              -1.4160               1.1014
19   H                1.3089              -0.4681               2.0485
20   H                2.9386               1.2542              -0.8662
21   H                2.9945              -0.4293              -1.4282


Energy:                 -383.635272 Convergence criteria  Is converged 
Maximum Force:             0.016765     0.002850  No
RMS Force:                 0.007824     0.001900  No
Maximum Displacement:      0.003473     0.003150  No
RMS Displacement:          0.001600     0.002100  Yes

----------------------------------------------------------------------
                          Iteration: 97 [SD]                          


                             Coordinates                              
----------------------------------------------------------------------
0    C               -0.8868              -0.5340               0.4511
1    C                1.3803               0.0979              -0.0362
2    C               -1.2055               0.9766               0.7559
3    C                2.0363              -0.4184               1.2341
4    C                2.3356               0.3966              -1.1695
5    N                0.2690              -0.7679              -0.4201
6    N               -2.0869              -1.1026              -0.1760
7    O               -1.7945               1.5491              -0.3908
8    H               -2.4478               0.8849              -0.6568
9    H                0.0122              -0.5825              -1.3849
10   H               -0.6880              -1.0805               1.3771
11   H                0.9644               1.0685               0.2060
12   H               -2.4449              -1.8997               0.3301
13   H               -1.8938              -1.4253              -1.1165
14   H               -0.3660               1.6328               0.9945
15   H               -1.8571               1.0578               1.6338
16   H                2.8223               0.2689               1.5458
17   H                1.7698               0.7023              -2.0530
18   H                2.4575              -1.4159               1.1008
19   H                1.3094              -0.4682               2.0484
20   H                2.9398               1.2535              -0.8670
21   H                2.9945              -0.4301              -1.4284


Energy:                 -383.635538 Convergence criteria  Is converged 
Maximum Force:             0.016185     0.002850  No
RMS Force:                 0.007658     0.001900  No
Maximum Displacement:      0.003353     0.003150  No
RMS Displacement:          0.001565     0.002100  Yes

----------------------------------------------------------------------
                          Iteration: 98 [SD]                          


                             Coordinates                              
----------------------------------------------------------------------
0    C               -0.8874              -0.5334               0.4513
1    C                1.3807               0.0987              -0.0360
2    C               -1.2068               0.9756               0.7557
3    C                2.0368              -0.4182               1.2341
4    C                2.3361               0.3962              -1.1698
5    N                0.2688              -0.7665              -0.4196
6    N               -2.0871              -1.1023              -0.1759
7    O               -1.7952               1.5490              -0.3909
8    H               -2.4489               0.8854              -0.6577
9    H                0.0120              -0.5810              -1.3844
10   H               -0.6887              -1.0786               1.3780
11   H                0.9663               1.0702               0.2060
12   H               -2.4447              -1.8993               0.3306
13   H               -1.8932              -1.4252              -1.1160
14   H               -0.3663               1.6296               0.9951
15   H               -1.8590               1.0554               1.6332
16   H                2.8230               0.2686               1.5461
17   H                1.7703               0.7019              -2.0533
18   H                2.4577              -1.4158               1.1003
19   H                1.3099              -0.4683               2.0483
20   H                2.9410               1.2528              -0.8679
21   H                2.9945              -0.4310              -1.4286


Energy:                 -383.635793 Convergence criteria  Is converged 
Maximum Force:             0.015625     0.002850  No
RMS Force:                 0.007497     0.001900  No
Maximum Displacement:      0.003237     0.003150  No
RMS Displacement:          0.001532     0.002100  Yes

----------------------------------------------------------------------
                          Iteration: 99 [SD]                          


                             Coordinates                              
----------------------------------------------------------------------
0    C               -0.8880              -0.5329               0.4514
1    C                1.3811               0.0995              -0.0359
2    C               -1.2082               0.9746               0.7555
3    C                2.0372              -0.4180               1.2340
4    C                2.3366               0.3957              -1.1701
5    N                0.2686              -0.7652              -0.4192
6    N               -2.0874              -1.1021              -0.1758
7    O               -1.7958               1.5489              -0.3911
8    H               -2.4500               0.8860              -0.6586
9    H                0.0117              -0.5796              -1.3839
10   H               -0.6895              -1.0768               1.3789
11   H                0.9682               1.0718               0.2059
12   H               -2.4445              -1.8989               0.3312
13   H               -1.8925              -1.4251              -1.1156
14   H               -0.3665               1.6264               0.9958
15   H               -1.8609               1.0532               1.6326
16   H                2.8238               0.2684               1.5464
17   H                1.7709               0.7015              -2.0536
18   H                2.4579              -1.4157               1.0997
19   H                1.3104              -0.4684               2.0483
20   H                2.9422               1.2521              -0.8687
21   H                2.9945              -0.4319              -1.4288


Energy:                 -383.636038 Convergence criteria  Is converged 
Maximum Force:             0.015084     0.002850  No
RMS Force:                 0.007344     0.001900  No
Maximum Displacement:      0.003125     0.003150  Yes
RMS Displacement:          0.001499     0.002100  Yes

----------------------------------------------------------------------
                         Iteration: 100 [SD]                          


                             Coordinates                              
----------------------------------------------------------------------
0    C               -0.8886              -0.5323               0.4516
1    C                1.3815               0.1003              -0.0357
2    C               -1.2095               0.9737               0.7553
3    C                2.0377              -0.4179               1.2339
4    C                2.3371               0.3953              -1.1703
5    N                0.2684              -0.7639              -0.4187
6    N               -2.0877              -1.1018              -0.1757
7    O               -1.7965               1.5488              -0.3912
8    H               -2.4511               0.8866              -0.6595
9    H                0.0114              -0.5781              -1.3833
10   H               -0.6902              -1.0751               1.3798
11   H                0.9701               1.0735               0.2059
12   H               -2.4443              -1.8985               0.3317
13   H               -1.8919              -1.4251              -1.1152
14   H               -0.3668               1.6234               0.9965
15   H               -1.8628               1.0509               1.6321
16   H                2.8245               0.2681               1.5467
17   H                1.7715               0.7011              -2.0539
18   H                2.4580              -1.4156               1.0991
19   H                1.3109              -0.4684               2.0482
20   H                2.9434               1.2514              -0.8695
21   H                2.9944              -0.4328              -1.4290


Energy:                 -383.636273 Convergence criteria  Is converged 
Maximum Force:             0.014562     0.002850  No
RMS Force:                 0.007196     0.001900  No
Maximum Displacement:      0.003017     0.003150  Yes
RMS Displacement:          0.001469     0.002100  Yes

----------------------------------------------------------------------
                         Iteration: 101 [SD]                          


                             Coordinates                              
----------------------------------------------------------------------
0    C               -0.8891              -0.5318               0.4517
1    C                1.3819               0.1011              -0.0355
2    C               -1.2108               0.9728               0.7551
3    C                2.0382              -0.4177               1.2339
4    C                2.3376               0.3949              -1.1706
5    N                0.2683              -0.7626              -0.4183
6    N               -2.0879              -1.1017              -0.1756
7    O               -1.7971               1.5487              -0.3913
8    H               -2.4521               0.8872              -0.6603
9    H                0.0112              -0.5766              -1.3828
10   H               -0.6909              -1.0734               1.3806
11   H                0.9720               1.0751               0.2059
12   H               -2.4442              -1.8982               0.3322
13   H               -1.8913              -1.4251              -1.1148
14   H               -0.3671               1.6205               0.9971
15   H               -1.8646               1.0488               1.6315
16   H                2.8252               0.2678               1.5469
17   H                1.7720               0.7008              -2.0542
18   H                2.4582              -1.4154               1.0985
19   H                1.3114              -0.4685               2.0481
20   H                2.9446               1.2506              -0.8703
21   H                2.9944              -0.4337              -1.4292


Energy:                 -383.636499 Convergence criteria  Is converged 
Maximum Force:             0.014059     0.002850  No
RMS Force:                 0.007054     0.001900  No
Maximum Displacement:      0.002912     0.003150  Yes
RMS Displacement:          0.001439     0.002100  Yes

----------------------------------------------------------------------
                         Iteration: 102 [SD]                          


                             Coordinates                              
----------------------------------------------------------------------
0    C               -0.8897              -0.5313               0.4519
1    C                1.3824               0.1019              -0.0354
2    C               -1.2121               0.9719               0.7549
3    C                2.0386              -0.4175               1.2338
4    C                2.3381               0.3945              -1.1709
5    N                0.2681              -0.7613              -0.4179
6    N               -2.0881              -1.1015              -0.1756
7    O               -1.7977               1.5486              -0.3914
8    H               -2.4532               0.8878              -0.6611
9    H                0.0109              -0.5751              -1.3823
10   H               -0.6916              -1.0718               1.3814
11   H                0.9738               1.0767               0.2059
12   H               -2.4441              -1.8979               0.3326
13   H               -1.8908              -1.4252              -1.1144
14   H               -0.3674               1.6177               0.9978
15   H               -1.8665               1.0467               1.6309
16   H                2.8260               0.2676               1.5472
17   H                1.7726               0.7004              -2.0545
18   H                2.4584              -1.4153               1.0979
19   H                1.3119              -0.4686               2.0480
20   H                2.9458               1.2499              -0.8711
21   H                2.9944              -0.4346              -1.4294


Energy:                 -383.636715 Convergence criteria  Is converged 
Maximum Force:             0.013574     0.002850  No
RMS Force:                 0.006918     0.001900  No
Maximum Displacement:      0.002812     0.003150  Yes
RMS Displacement:          0.001411     0.002100  Yes

----------------------------------------------------------------------
                         Iteration: 103 [SD]                          


                             Coordinates                              
----------------------------------------------------------------------
0    C               -0.8902              -0.5308               0.4520
1    C                1.3828               0.1027              -0.0352
2    C               -1.2133               0.9711               0.7547
3    C                2.0391              -0.4173               1.2337
4    C                2.3386               0.3940              -1.1711
5    N                0.2679              -0.7600              -0.4175
6    N               -2.0883              -1.1014              -0.1755
7    O               -1.7983               1.5486              -0.3916
8    H               -2.4541               0.8884              -0.6620
9    H                0.0106              -0.5736              -1.3818
10   H               -0.6922              -1.0702               1.3822
11   H                0.9756               1.0782               0.2059
12   H               -2.4439              -1.8976               0.3331
13   H               -1.8902              -1.4252              -1.1141
14   H               -0.3677               1.6150               0.9985
15   H               -1.8683               1.0446               1.6304
16   H                2.8267               0.2673               1.5474
17   H                1.7731               0.7000              -2.0548
18   H                2.4585              -1.4152               1.0973
19   H                1.3124              -0.4687               2.0480
20   H                2.9469               1.2492              -0.8719
21   H                2.9943              -0.4355              -1.4295


Energy:                 -383.636924 Convergence criteria  Is converged 
Maximum Force:             0.013106     0.002850  No
RMS Force:                 0.006788     0.001900  No
Maximum Displacement:      0.002715     0.003150  Yes
RMS Displacement:          0.001384     0.002100  Yes

----------------------------------------------------------------------
                         Iteration: 104 [SD]                          


                             Coordinates                              
----------------------------------------------------------------------
0    C               -0.8907              -0.5303               0.4522
1    C                1.3831               0.1035              -0.0350
2    C               -1.2145               0.9703               0.7546
3    C                2.0395              -0.4171               1.2336
4    C                2.3390               0.3936              -1.1714
5    N                0.2678              -0.7588              -0.4171
6    N               -2.0885              -1.1013              -0.1754
7    O               -1.7988               1.5485              -0.3917
8    H               -2.4551               0.8890              -0.6627
9    H                0.0104              -0.5721              -1.3813
10   H               -0.6929              -1.0686               1.3830
11   H                0.9773               1.0798               0.2059
12   H               -2.4438              -1.8974               0.3336
13   H               -1.8897              -1.4253              -1.1137
14   H               -0.3680               1.6124               0.9992
15   H               -1.8702               1.0426               1.6298
16   H                2.8274               0.2671               1.5477
17   H                1.7737               0.6996              -2.0551
18   H                2.4587              -1.4151               1.0968
19   H                1.3129              -0.4687               2.0479
20   H                2.9481               1.2485              -0.8727
21   H                2.9942              -0.4364              -1.4297


Energy:                 -383.637125 Convergence criteria  Is converged 
Maximum Force:             0.012654     0.002850  No
RMS Force:                 0.006663     0.001900  No
Maximum Displacement:      0.002621     0.003150  Yes
RMS Displacement:          0.001358     0.002100  Yes

----------------------------------------------------------------------
                         Iteration: 105 [SD]                          


                             Coordinates                              
----------------------------------------------------------------------
0    C               -0.8912              -0.5299               0.4523
1    C                1.3835               0.1043              -0.0349
2    C               -1.2158               0.9695               0.7545
3    C                2.0400              -0.4169               1.2336
4    C                2.3395               0.3932              -1.1716
5    N                0.2676              -0.7576              -0.4167
6    N               -2.0887              -1.1012              -0.1753
7    O               -1.7994               1.5485              -0.3918
8    H               -2.4561               0.8896              -0.6635
9    H                0.0101              -0.5707              -1.3809
10   H               -0.6935              -1.0671               1.3838
11   H                0.9791               1.0813               0.2059
12   H               -2.4437              -1.8971               0.3340
13   H               -1.8891              -1.4254              -1.1134
14   H               -0.3684               1.6098               0.9999
15   H               -1.8720               1.0407               1.6293
16   H                2.8281               0.2668               1.5479
17   H                1.7743               0.6993              -2.0554
18   H                2.4588              -1.4149               1.0962
19   H                1.3134              -0.4688               2.0478
20   H                2.9493               1.2477              -0.8735
21   H                2.9942              -0.4373              -1.4298


Energy:                 -383.637319 Convergence criteria  Is converged 
Maximum Force:             0.012219     0.002850  No
RMS Force:                 0.006543     0.001900  No
Maximum Displacement:      0.002531     0.003150  Yes
RMS Displacement:          0.001333     0.002100  Yes

----------------------------------------------------------------------
                         Iteration: 106 [SD]                          


                             Coordinates                              
----------------------------------------------------------------------
0    C               -0.8917              -0.5295               0.4525
1    C                1.3839               0.1050              -0.0347
2    C               -1.2170               0.9688               0.7543
3    C                2.0404              -0.4167               1.2335
4    C                2.3399               0.3928              -1.1719
5    N                0.2674              -0.7564              -0.4163
6    N               -2.0888              -1.1012              -0.1753
7    O               -1.7999               1.5485              -0.3918
8    H               -2.4570               0.8902              -0.6642
9    H                0.0099              -0.5692              -1.3804
10   H               -0.6941              -1.0657               1.3845
11   H                0.9807               1.0828               0.2059
12   H               -2.4436              -1.8969               0.3344
13   H               -1.8886              -1.4256              -1.1131
14   H               -0.3688               1.6074               1.0006
15   H               -1.8738               1.0387               1.6287
16   H                2.8288               0.2666               1.5482
17   H                1.7748               0.6989              -2.0557
18   H                2.4590              -1.4148               1.0956
19   H                1.3138              -0.4689               2.0478
20   H                2.9504               1.2470              -0.8743
21   H                2.9941              -0.4382              -1.4300


Energy:                 -383.637505 Convergence criteria  Is converged 
Maximum Force:             0.011799     0.002850  No
RMS Force:                 0.006428     0.001900  No
Maximum Displacement:      0.002444     0.003150  Yes
RMS Displacement:          0.001309     0.002100  Yes

----------------------------------------------------------------------
                         Iteration: 107 [SD]                          


                             Coordinates                              
----------------------------------------------------------------------
0    C               -0.8922              -0.5291               0.4526
1    C                1.3843               0.1058              -0.0345
2    C               -1.2181               0.9681               0.7542
3    C                2.0408              -0.4166               1.2334
4    C                2.3404               0.3924              -1.1721
5    N                0.2673              -0.7552              -0.4160
6    N               -2.0890              -1.1012              -0.1752
7    O               -1.8005               1.5485              -0.3919
8    H               -2.4579               0.8908              -0.6650
9    H                0.0096              -0.5677              -1.3799
10   H               -0.6947              -1.0643               1.3852
11   H                0.9824               1.0842               0.2060
12   H               -2.4435              -1.8967               0.3349
13   H               -1.8881              -1.4257              -1.1128
14   H               -0.3692               1.6050               1.0014
15   H               -1.8756               1.0369               1.6282
16   H                2.8295               0.2663               1.5484
17   H                1.7753               0.6985              -2.0560
18   H                2.4591              -1.4147               1.0950
19   H                1.3143              -0.4689               2.0477
20   H                2.9516               1.2463              -0.8751
21   H                2.9940              -0.4391              -1.4301


Energy:                 -383.637685 Convergence criteria  Is converged 
Maximum Force:             0.011395     0.002850  No
RMS Force:                 0.006317     0.001900  No
Maximum Displacement:      0.002360     0.003150  Yes
RMS Displacement:          0.001286     0.002100  Yes

----------------------------------------------------------------------
                         Iteration: 108 [SD]                          


                             Coordinates                              
----------------------------------------------------------------------
0    C               -0.8927              -0.5287               0.4527
1    C                1.3847               0.1066              -0.0344
2    C               -1.2193               0.9674               0.7541
3    C                2.0413              -0.4164               1.2333
4    C                2.3408               0.3920              -1.1723
5    N                0.2672              -0.7540              -0.4156
6    N               -2.0891              -1.1012              -0.1752
7    O               -1.8010               1.5485              -0.3920
8    H               -2.4588               0.8914              -0.6657
9    H                0.0094              -0.5663              -1.3795
10   H               -0.6953              -1.0629               1.3859
11   H                0.9840               1.0857               0.2060
12   H               -2.4435              -1.8966               0.3353
13   H               -1.8876              -1.4259              -1.1125
14   H               -0.3696               1.6027               1.0021
15   H               -1.8774               1.0351               1.6277
16   H                2.8302               0.2661               1.5486
17   H                1.7759               0.6981              -2.0562
18   H                2.4593              -1.4145               1.0944
19   H                1.3148              -0.4690               2.0477
20   H                2.9528               1.2456              -0.8759
21   H                2.9939              -0.4400              -1.4302


Energy:                 -383.637860 Convergence criteria  Is converged 
Maximum Force:             0.011005     0.002850  No
RMS Force:                 0.006211     0.001900  No
Maximum Displacement:      0.002279     0.003150  Yes
RMS Displacement:          0.001263     0.002100  Yes

----------------------------------------------------------------------
                         Iteration: 109 [SD]                          


                             Coordinates                              
----------------------------------------------------------------------
0    C               -0.8931              -0.5283               0.4529
1    C                1.3850               0.1073              -0.0342
2    C               -1.2205               0.9667               0.7541
3    C                2.0417              -0.4162               1.2333
4    C                2.3413               0.3916              -1.1726
5    N                0.2670              -0.7528              -0.4152
6    N               -2.0893              -1.1012              -0.1751
7    O               -1.8015               1.5485              -0.3921
8    H               -2.4596               0.8919              -0.6664
9    H                0.0092              -0.5648              -1.3790
10   H               -0.6959              -1.0616               1.3866
11   H                0.9856               1.0871               0.2060
12   H               -2.4434              -1.8964               0.3357
13   H               -1.8871              -1.4261              -1.1122
14   H               -0.3700               1.6005               1.0028
15   H               -1.8792               1.0333               1.6272
16   H                2.8309               0.2659               1.5489
17   H                1.7764               0.6977              -2.0565
18   H                2.4594              -1.4144               1.0938
19   H                1.3153              -0.4690               2.0476
20   H                2.9539               1.2449              -0.8767
21   H                2.9938              -0.4409              -1.4303


Energy:                 -383.638028 Convergence criteria  Is converged 
Maximum Force:             0.010629     0.002850  No
RMS Force:                 0.006109     0.001900  No
Maximum Displacement:      0.002201     0.003150  Yes
RMS Displacement:          0.001242     0.002100  Yes

----------------------------------------------------------------------
                         Iteration: 110 [SD]                          


                             Coordinates                              
----------------------------------------------------------------------
0    C               -0.8936              -0.5280               0.4530
1    C                1.3854               0.1081              -0.0341
2    C               -1.2216               0.9661               0.7540
3    C                2.0421              -0.4160               1.2332
4    C                2.3417               0.3912              -1.1728
5    N                0.2669              -0.7517              -0.4149
6    N               -2.0894              -1.1013              -0.1751
7    O               -1.8020               1.5485              -0.3922
8    H               -2.4605               0.8925              -0.6671
9    H                0.0089              -0.5633              -1.3786
10   H               -0.6964              -1.0603               1.3873
11   H                0.9871               1.0885               0.2061
12   H               -2.4433              -1.8963               0.3360
13   H               -1.8867              -1.4263              -1.1120
14   H               -0.3705               1.5984               1.0036
15   H               -1.8809               1.0316               1.6267
16   H                2.8316               0.2656               1.5491
17   H                1.7769               0.6974              -2.0568
18   H                2.4596              -1.4143               1.0932
19   H                1.3158              -0.4691               2.0476
20   H                2.9550               1.2441              -0.8774
21   H                2.9936              -0.4418              -1.4304


Energy:                 -383.638191 Convergence criteria  Is converged 
Maximum Force:             0.010266     0.002850  No
RMS Force:                 0.006011     0.001900  No
Maximum Displacement:      0.002126     0.003150  Yes
RMS Displacement:          0.001222     0.002100  Yes

----------------------------------------------------------------------
                         Iteration: 111 [SD]                          


                             Coordinates                              
----------------------------------------------------------------------
0    C               -0.8940              -0.5276               0.4531
1    C                1.3857               0.1088              -0.0339
2    C               -1.2227               0.9654               0.7539
3    C                2.0425              -0.4158               1.2331
4    C                2.3421               0.3908              -1.1730
5    N                0.2668              -0.7505              -0.4146
6    N               -2.0895              -1.1014              -0.1751
7    O               -1.8025               1.5485              -0.3922
8    H               -2.4613               0.8931              -0.6677
9    H                0.0087              -0.5619              -1.3781
10   H               -0.6969              -1.0591               1.3879
11   H                0.9887               1.0899               0.2061
12   H               -2.4433              -1.8962               0.3364
13   H               -1.8862              -1.4266              -1.1117
14   H               -0.3709               1.5964               1.0043
15   H               -1.8827               1.0299               1.6262
16   H                2.8323               0.2654               1.5493
17   H                1.7775               0.6970              -2.0571
18   H                2.4597              -1.4141               1.0926
19   H                1.3162              -0.4692               2.0475
20   H                2.9562               1.2434              -0.8782
21   H                2.9935              -0.4427              -1.4305


Energy:                 -383.638349 Convergence criteria  Is converged 
Maximum Force:             0.009917     0.002850  No
RMS Force:                 0.005918     0.001900  No
Maximum Displacement:      0.002053     0.003150  Yes
RMS Displacement:          0.001202     0.002100  Yes

----------------------------------------------------------------------
                         Iteration: 112 [SD]                          


                             Coordinates                              
----------------------------------------------------------------------
0    C               -0.8944              -0.5273               0.4533
1    C                1.3861               0.1096              -0.0337
2    C               -1.2238               0.9648               0.7539
3    C                2.0429              -0.4156               1.2331
4    C                2.3425               0.3904              -1.1732
5    N                0.2667              -0.7494              -0.4142
6    N               -2.0896              -1.1015              -0.1750
7    O               -1.8029               1.5486              -0.3923
8    H               -2.4621               0.8937              -0.6684
9    H                0.0085              -0.5604              -1.3777
10   H               -0.6974              -1.0579               1.3886
11   H                0.9902               1.0913               0.2062
12   H               -2.4432              -1.8961               0.3368
13   H               -1.8858              -1.4268              -1.1114
14   H               -0.3714               1.5944               1.0051
15   H               -1.8844               1.0283               1.6257
16   H                2.8329               0.2651               1.5495
17   H                1.7780               0.6966              -2.0574
18   H                2.4599              -1.4140               1.0921
19   H                1.3167              -0.4692               2.0475
20   H                2.9573               1.2427              -0.8790
21   H                2.9933              -0.4436              -1.4306


Energy:                 -383.638501 Convergence criteria  Is converged 
Maximum Force:             0.009580     0.002850  No
RMS Force:                 0.005827     0.001900  No
Maximum Displacement:      0.001983     0.003150  Yes
RMS Displacement:          0.001184     0.002100  Yes

----------------------------------------------------------------------
                         Iteration: 113 [SD]                          


                             Coordinates                              
----------------------------------------------------------------------
0    C               -0.8948              -0.5270               0.4534
1    C                1.3864               0.1103              -0.0336
2    C               -1.2249               0.9643               0.7538
3    C                2.0434              -0.4155               1.2330
4    C                2.3429               0.3900              -1.1734
5    N                0.2665              -0.7483              -0.4139
6    N               -2.0897              -1.1016              -0.1750
7    O               -1.8034               1.5486              -0.3923
8    H               -2.4629               0.8943              -0.6690
9    H                0.0082              -0.5590              -1.3773
10   H               -0.6979              -1.0567               1.3892
11   H                0.9916               1.0926               0.2062
12   H               -2.4432              -1.8960               0.3371
13   H               -1.8853              -1.4271              -1.1112
14   H               -0.3719               1.5925               1.0058
15   H               -1.8862               1.0267               1.6252
16   H                2.8336               0.2649               1.5497
17   H                1.7785               0.6962              -2.0577
18   H                2.4600              -1.4139               1.0915
19   H                1.3172              -0.4693               2.0474
20   H                2.9584               1.2420              -0.8798
21   H                2.9932              -0.4445              -1.4307


Energy:                 -383.638650 Convergence criteria  Is converged 
Maximum Force:             0.009255     0.002850  No
RMS Force:                 0.005741     0.001900  No
Maximum Displacement:      0.001916     0.003150  Yes
RMS Displacement:          0.001165     0.002100  Yes

----------------------------------------------------------------------
                         Iteration: 114 [SD]                          


                             Coordinates                              
----------------------------------------------------------------------
0    C               -0.8952              -0.5267               0.4535
1    C                1.3868               0.1110              -0.0334
2    C               -1.2260               0.9637               0.7538
3    C                2.0438              -0.4153               1.2329
4    C                2.3433               0.3896              -1.1737
5    N                0.2664              -0.7472              -0.4136
6    N               -2.0897              -1.1017              -0.1750
7    O               -1.8038               1.5487              -0.3924
8    H               -2.4636               0.8949              -0.6696
9    H                0.0080              -0.5576              -1.3768
10   H               -0.6984              -1.0556               1.3898
11   H                0.9931               1.0940               0.2063
12   H               -2.4432              -1.8960               0.3375
13   H               -1.8849              -1.4274              -1.1110
14   H               -0.3724               1.5906               1.0066
15   H               -1.8879               1.0251               1.6247
16   H                2.8343               0.2647               1.5499
17   H                1.7790               0.6959              -2.0579
18   H                2.4601              -1.4137               1.0909
19   H                1.3177              -0.4693               2.0474
20   H                2.9596               1.2413              -0.8805
21   H                2.9930              -0.4454              -1.4307


Energy:                 -383.638794 Convergence criteria  Is converged 
Maximum Force:             0.008942     0.002850  No
RMS Force:                 0.005657     0.001900  No
Maximum Displacement:      0.001851     0.003150  Yes
RMS Displacement:          0.001148     0.002100  Yes

----------------------------------------------------------------------
                         Iteration: 115 [SD]                          


                             Coordinates                              
----------------------------------------------------------------------
0    C               -0.8956              -0.5264               0.4536
1    C                1.3871               0.1117              -0.0333
2    C               -1.2270               0.9631               0.7538
3    C                2.0442              -0.4151               1.2328
4    C                2.3437               0.3892              -1.1739
5    N                0.2663              -0.7461              -0.4133
6    N               -2.0898              -1.1018              -0.1749
7    O               -1.8043               1.5487              -0.3924
8    H               -2.4644               0.8955              -0.6702
9    H                0.0078              -0.5561              -1.3764
10   H               -0.6989              -1.0545               1.3904
11   H                0.9945               1.0953               0.2063
12   H               -2.4431              -1.8959               0.3378
13   H               -1.8844              -1.4277              -1.1108
14   H               -0.3729               1.5888               1.0073
15   H               -1.8896               1.0236               1.6242
16   H                2.8349               0.2644               1.5501
17   H                1.7796               0.6955              -2.0582
18   H                2.4603              -1.4136               1.0903
19   H                1.3181              -0.4694               2.0474
20   H                2.9607               1.2405              -0.8813
21   H                2.9928              -0.4463              -1.4308


Energy:                 -383.638934 Convergence criteria  Is converged 
Maximum Force:             0.008640     0.002850  No
RMS Force:                 0.005577     0.001900  No
Maximum Displacement:      0.001788     0.003150  Yes
RMS Displacement:          0.001131     0.002100  Yes

----------------------------------------------------------------------
                         Iteration: 116 [SD]                          


                             Coordinates                              
----------------------------------------------------------------------
0    C               -0.8960              -0.5261               0.4537
1    C                1.3874               0.1125              -0.0331
2    C               -1.2281               0.9626               0.7537
3    C                2.0446              -0.4149               1.2328
4    C                2.3441               0.3889              -1.1741
5    N                0.2662              -0.7450              -0.4130
6    N               -2.0899              -1.1020              -0.1749
7    O               -1.8047               1.5488              -0.3924
8    H               -2.4651               0.8961              -0.6708
9    H                0.0076              -0.5547              -1.3760
10   H               -0.6993              -1.0535               1.3909
11   H                0.9959               1.0966               0.2064
12   H               -2.4431              -1.8959               0.3381
13   H               -1.8840              -1.4280              -1.1105
14   H               -0.3735               1.5871               1.0081
15   H               -1.8913               1.0221               1.6237
16   H                2.8356               0.2642               1.5503
17   H                1.7801               0.6951              -2.0585
18   H                2.4604              -1.4134               1.0897
19   H                1.3186              -0.4694               2.0473
20   H                2.9618               1.2398              -0.8820
21   H                2.9926              -0.4472              -1.4308


Energy:                 -383.639069 Convergence criteria  Is converged 
Maximum Force:             0.008393     0.002850  No
RMS Force:                 0.005500     0.001900  No
Maximum Displacement:      0.001728     0.003150  Yes
RMS Displacement:          0.001115     0.002100  Yes

----------------------------------------------------------------------
                         Iteration: 117 [SD]                          


                             Coordinates                              
----------------------------------------------------------------------
0    C               -0.8964              -0.5258               0.4539
1    C                1.3877               0.1132              -0.0330
2    C               -1.2291               0.9621               0.7537
3    C                2.0449              -0.4147               1.2327
4    C                2.3445               0.3885              -1.1743
5    N                0.2661              -0.7440              -0.4128
6    N               -2.0899              -1.1021              -0.1749
7    O               -1.8051               1.5489              -0.3925
8    H               -2.4658               0.8967              -0.6714
9    H                0.0073              -0.5533              -1.3756
10   H               -0.6998              -1.0524               1.3915
11   H                0.9972               1.0978               0.2065
12   H               -2.4431              -1.8959               0.3384
13   H               -1.8836              -1.4284              -1.1103
14   H               -0.3740               1.5854               1.0089
15   H               -1.8930               1.0207               1.6233
16   H                2.8362               0.2640               1.5505
17   H                1.7806               0.6948              -2.0588
18   H                2.4605              -1.4133               1.0891
19   H                1.3191              -0.4695               2.0473
20   H                2.9629               1.2391              -0.8828
21   H                2.9924              -0.4481              -1.4309


Energy:                 -383.639202 Convergence criteria  Is converged 
Maximum Force:             0.008333     0.002850  No
RMS Force:                 0.005426     0.001900  No
Maximum Displacement:      0.001679     0.003150  Yes
RMS Displacement:          0.001100     0.002100  Yes

----------------------------------------------------------------------
                         Iteration: 118 [SD]                          


                             Coordinates                              
----------------------------------------------------------------------
0    C               -0.8968              -0.5255               0.4540
1    C                1.3880               0.1139              -0.0328
2    C               -1.2301               0.9616               0.7537
3    C                2.0453              -0.4146               1.2326
4    C                2.3449               0.3881              -1.1745
5    N                0.2660              -0.7429              -0.4125
6    N               -2.0900              -1.1023              -0.1749
7    O               -1.8055               1.5490              -0.3925
8    H               -2.4665               0.8973              -0.6720
9    H                0.0071              -0.5518              -1.3752
10   H               -0.7002              -1.0515               1.3920
11   H                0.9986               1.0991               0.2065
12   H               -2.4430              -1.8958               0.3387
13   H               -1.8832              -1.4287              -1.1101
14   H               -0.3746               1.5838               1.0096
15   H               -1.8946               1.0192               1.6228
16   H                2.8369               0.2638               1.5506
17   H                1.7811               0.6944              -2.0590
18   H                2.4606              -1.4132               1.0885
19   H                1.3195              -0.4695               2.0473
20   H                2.9640               1.2384              -0.8835
21   H                2.9922              -0.4490              -1.4309


Energy:                 -383.639330 Convergence criteria  Is converged 
Maximum Force:             0.008274     0.002850  No
RMS Force:                 0.005355     0.001900  No
Maximum Displacement:      0.001667     0.003150  Yes
RMS Displacement:          0.001085     0.002100  Yes

----------------------------------------------------------------------
                         Iteration: 119 [SD]                          


                             Coordinates                              
----------------------------------------------------------------------
0    C               -0.8971              -0.5253               0.4541
1    C                1.3884               0.1146              -0.0327
2    C               -1.2312               0.9611               0.7537
3    C                2.0457              -0.4144               1.2325
4    C                2.3453               0.3877              -1.1747
5    N                0.2659              -0.7419              -0.4122
6    N               -2.0900              -1.1025              -0.1749
7    O               -1.8059               1.5490              -0.3925
8    H               -2.4672               0.8979              -0.6726
9    H                0.0069              -0.5504              -1.3748
10   H               -0.7006              -1.0505               1.3925
11   H                0.9999               1.1003               0.2066
12   H               -2.4430              -1.8958               0.3390
13   H               -1.8828              -1.4291              -1.1099
14   H               -0.3751               1.5822               1.0104
15   H               -1.8963               1.0178               1.6224
16   H                2.8375               0.2635               1.5508
17   H                1.7816               0.6940              -2.0593
18   H                2.4608              -1.4130               1.0880
19   H                1.3200              -0.4695               2.0472
20   H                2.9651               1.2377              -0.8843
21   H                2.9920              -0.4499              -1.4310


Energy:                 -383.639456 Convergence criteria  Is converged 
Maximum Force:             0.008214     0.002850  No
RMS Force:                 0.005286     0.001900  No
Maximum Displacement:      0.001655     0.003150  Yes
RMS Displacement:          0.001071     0.002100  Yes

----------------------------------------------------------------------
                         Iteration: 120 [SD]                          


                             Coordinates                              
----------------------------------------------------------------------
0    C               -0.8975              -0.5250               0.4542
1    C                1.3887               0.1153              -0.0325
2    C               -1.2321               0.9607               0.7537
3    C                2.0461              -0.4142               1.2325
4    C                2.3456               0.3873              -1.1748
5    N                0.2658              -0.7408              -0.4119
6    N               -2.0900              -1.1027              -0.1749
7    O               -1.8063               1.5491              -0.3926
8    H               -2.4678               0.8985              -0.6731
9    H                0.0067              -0.5490              -1.3744
10   H               -0.7010              -1.0496               1.3930
11   H                1.0012               1.1016               0.2067
12   H               -2.4430              -1.8959               0.3393
13   H               -1.8824              -1.4295              -1.1097
14   H               -0.3757               1.5807               1.0112
15   H               -1.8979               1.0165               1.6219
16   H                2.8382               0.2633               1.5510
17   H                1.7821               0.6937              -2.0596
18   H                2.4609              -1.4129               1.0874
19   H                1.3204              -0.4696               2.0472
20   H                2.9662               1.2369              -0.8850
21   H                2.9918              -0.4508              -1.4310


Energy:                 -383.639578 Convergence criteria  Is converged 
Maximum Force:             0.008155     0.002850  No
RMS Force:                 0.005220     0.001900  No
Maximum Displacement:      0.001643     0.003150  Yes
RMS Displacement:          0.001057     0.002100  Yes

----------------------------------------------------------------------
                         Iteration: 121 [SD]                          


                             Coordinates                              
----------------------------------------------------------------------
0    C               -0.8978              -0.5248               0.4543
1    C                1.3890               0.1160              -0.0324
2    C               -1.2331               0.9602               0.7537
3    C                2.0465              -0.4140               1.2324
4    C                2.3460               0.3870              -1.1750
5    N                0.2658              -0.7398              -0.4117
6    N               -2.0900              -1.1029              -0.1749
7    O               -1.8066               1.5492              -0.3926
8    H               -2.4685               0.8991              -0.6737
9    H                0.0065              -0.5476              -1.3741
10   H               -0.7014              -1.0487               1.3935
11   H                1.0024               1.1028               0.2068
12   H               -2.4430              -1.8959               0.3396
13   H               -1.8820              -1.4299              -1.1096
14   H               -0.3763               1.5793               1.0120
15   H               -1.8995               1.0152               1.6215
16   H                2.8388               0.2631               1.5511
17   H                1.7826               0.6933              -2.0598
18   H                2.4610              -1.4127               1.0868
19   H                1.3209              -0.4696               2.0472
20   H                2.9673               1.2362              -0.8857
21   H                2.9916              -0.4517              -1.4310


Energy:                 -383.639697 Convergence criteria  Is converged 
Maximum Force:             0.008097     0.002850  No
RMS Force:                 0.005156     0.001900  No
Maximum Displacement:      0.001631     0.003150  Yes
RMS Displacement:          0.001044     0.002100  Yes

----------------------------------------------------------------------
                         Iteration: 122 [SD]                          


                             Coordinates                              
----------------------------------------------------------------------
0    C               -0.8981              -0.5245               0.4544
1    C                1.3893               0.1166              -0.0322
2    C               -1.2341               0.9598               0.7538
3    C                2.0468              -0.4138               1.2323
4    C                2.3463               0.3866              -1.1752
5    N                0.2657              -0.7388              -0.4114
6    N               -2.0901              -1.1031              -0.1749
7    O               -1.8070               1.5493              -0.3926
8    H               -2.4691               0.8996              -0.6742
9    H                0.0063              -0.5462              -1.3737
10   H               -0.7018              -1.0478               1.3940
11   H                1.0037               1.1039               0.2069
12   H               -2.4430              -1.8959               0.3399
13   H               -1.8816              -1.4303              -1.1094
14   H               -0.3769               1.5779               1.0128
15   H               -1.9012               1.0139               1.6210
16   H                2.8394               0.2629               1.5513
17   H                1.7831               0.6929              -2.0601
18   H                2.4611              -1.4126               1.0862
19   H                1.3214              -0.4697               2.0471
20   H                2.9684               1.2355              -0.8865
21   H                2.9913              -0.4526              -1.4310


Energy:                 -383.639813 Convergence criteria  Is converged 
Maximum Force:             0.008038     0.002850  No
RMS Force:                 0.005095     0.001900  No
Maximum Displacement:      0.001619     0.003150  Yes
RMS Displacement:          0.001031     0.002100  Yes

----------------------------------------------------------------------
                         Iteration: 123 [SD]                          


                             Coordinates                              
----------------------------------------------------------------------
0    C               -0.8985              -0.5243               0.4545
1    C                1.3895               0.1173              -0.0321
2    C               -1.2351               0.9593               0.7538
3    C                2.0472              -0.4137               1.2322
4    C                2.3467               0.3862              -1.1754
5    N                0.2656              -0.7378              -0.4112
6    N               -2.0901              -1.1033              -0.1749
7    O               -1.8074               1.5494              -0.3926
8    H               -2.4697               0.9002              -0.6747
9    H                0.0061              -0.5448              -1.3733
10   H               -0.7021              -1.0469               1.3945
11   H                1.0049               1.1051               0.2070
12   H               -2.4430              -1.8959               0.3402
13   H               -1.8812              -1.4307              -1.1092
14   H               -0.3775               1.5765               1.0136
15   H               -1.9028               1.0126               1.6206
16   H                2.8400               0.2627               1.5515
17   H                1.7835               0.6926              -2.0604
18   H                2.4612              -1.4125               1.0856
19   H                1.3218              -0.4697               2.0471
20   H                2.9695               1.2348              -0.8872
21   H                2.9911              -0.4536              -1.4310


Energy:                 -383.639927 Convergence criteria  Is converged 
Maximum Force:             0.007981     0.002850  No
RMS Force:                 0.005036     0.001900  No
Maximum Displacement:      0.001608     0.003150  Yes
RMS Displacement:          0.001019     0.002100  Yes

----------------------------------------------------------------------
                         Iteration: 124 [SD]                          


                             Coordinates                              
----------------------------------------------------------------------
0    C               -0.8988              -0.5241               0.4546
1    C                1.3898               0.1180              -0.0319
2    C               -1.2360               0.9589               0.7538
3    C                2.0476              -0.4135               1.2321
4    C                2.3470               0.3859              -1.1756
5    N                0.2655              -0.7368              -0.4110
6    N               -2.0901              -1.1035              -0.1749
7    O               -1.8077               1.5495              -0.3926
8    H               -2.4704               0.9008              -0.6752
9    H                0.0059              -0.5434              -1.3730
10   H               -0.7025              -1.0461               1.3949
11   H                1.0061               1.1063               0.2070
12   H               -2.4429              -1.8960               0.3404
13   H               -1.8808              -1.4311              -1.1090
14   H               -0.3781               1.5752               1.0144
15   H               -1.9044               1.0114               1.6202
16   H                2.8407               0.2624               1.5516
17   H                1.7840               0.6922              -2.0606
18   H                2.4613              -1.4123               1.0851
19   H                1.3223              -0.4697               2.0471
20   H                2.9706               1.2341              -0.8879
21   H                2.9908              -0.4545              -1.4310


Energy:                 -383.640038 Convergence criteria  Is converged 
Maximum Force:             0.007924     0.002850  No
RMS Force:                 0.004979     0.001900  No
Maximum Displacement:      0.001596     0.003150  Yes
RMS Displacement:          0.001007     0.002100  Yes

----------------------------------------------------------------------
                         Iteration: 125 [SD]                          


                             Coordinates                              
----------------------------------------------------------------------
0    C               -0.8991              -0.5239               0.4547
1    C                1.3901               0.1187              -0.0318
2    C               -1.2370               0.9585               0.7539
3    C                2.0479              -0.4133               1.2321
4    C                2.3474               0.3855              -1.1757
5    N                0.2654              -0.7358              -0.4107
6    N               -2.0901              -1.1038              -0.1749
7    O               -1.8081               1.5496              -0.3926
8    H               -2.4709               0.9014              -0.6757
9    H                0.0057              -0.5420              -1.3726
10   H               -0.7028              -1.0453               1.3954
11   H                1.0072               1.1074               0.2071
12   H               -2.4429              -1.8961               0.3407
13   H               -1.8805              -1.4316              -1.1089
14   H               -0.3787               1.5739               1.0151
15   H               -1.9060               1.0102               1.6197
16   H                2.8413               0.2622               1.5518
17   H                1.7845               0.6918              -2.0609
18   H                2.4615              -1.4122               1.0845
19   H                1.3227              -0.4698               2.0471
20   H                2.9716               1.2334              -0.8886
21   H                2.9906              -0.4554              -1.4310


Energy:                 -383.640146 Convergence criteria  Is converged 
Maximum Force:             0.007867     0.002850  No
RMS Force:                 0.004924     0.001900  No
Maximum Displacement:      0.001585     0.003150  Yes
RMS Displacement:          0.000996     0.002100  Yes

----------------------------------------------------------------------
                         Iteration: 126 [SD]                          


                             Coordinates                              
----------------------------------------------------------------------
0    C               -0.8994              -0.5236               0.4548
1    C                1.3904               0.1193              -0.0317
2    C               -1.2379               0.9581               0.7539
3    C                2.0483              -0.4131               1.2320
4    C                2.3477               0.3852              -1.1759
5    N                0.2653              -0.7349              -0.4105
6    N               -2.0901              -1.1040              -0.1750
7    O               -1.8084               1.5497              -0.3926
8    H               -2.4715               0.9020              -0.6762
9    H                0.0055              -0.5406              -1.3723
10   H               -0.7031              -1.0445               1.3958
11   H                1.0084               1.1085               0.2072
12   H               -2.4429              -1.8961               0.3409
13   H               -1.8801              -1.4320              -1.1087
14   H               -0.3793               1.5727               1.0159
15   H               -1.9075               1.0090               1.6193
16   H                2.8419               0.2620               1.5519
17   H                1.7850               0.6915              -2.0611
18   H                2.4616              -1.4120               1.0839
19   H                1.3232              -0.4698               2.0471
20   H                2.9727               1.2326              -0.8893
21   H                2.9903              -0.4563              -1.4310


Energy:                 -383.640252 Convergence criteria  Is converged 
Maximum Force:             0.007811     0.002850  No
RMS Force:                 0.004870     0.001900  No
Maximum Displacement:      0.001573     0.003150  Yes
RMS Displacement:          0.000985     0.002100  Yes

----------------------------------------------------------------------
                         Iteration: 127 [SD]                          


                             Coordinates                              
----------------------------------------------------------------------
0    C               -0.8997              -0.5234               0.4549
1    C                1.3907               0.1200              -0.0315
2    C               -1.2388               0.9578               0.7540
3    C                2.0486              -0.4130               1.2319
4    C                2.3480               0.3848              -1.1761
5    N                0.2653              -0.7339              -0.4103
6    N               -2.0901              -1.1043              -0.1750
7    O               -1.8087               1.5498              -0.3926
8    H               -2.4721               0.9025              -0.6767
9    H                0.0053              -0.5392              -1.3719
10   H               -0.7034              -1.0438               1.3962
11   H                1.0095               1.1097               0.2073
12   H               -2.4429              -1.8962               0.3412
13   H               -1.8797              -1.4325              -1.1085
14   H               -0.3800               1.5715               1.0167
15   H               -1.9091               1.0078               1.6189
16   H                2.8425               0.2618               1.5520
17   H                1.7855               0.6911              -2.0614
18   H                2.4617              -1.4119               1.0833
19   H                1.3236              -0.4698               2.0470
20   H                2.9738               1.2319              -0.8900
21   H                2.9900              -0.4572              -1.4310


Energy:                 -383.640356 Convergence criteria  Is converged 
Maximum Force:             0.007755     0.002850  No
RMS Force:                 0.004819     0.001900  No
Maximum Displacement:      0.001562     0.003150  Yes
RMS Displacement:          0.000974     0.002100  Yes

----------------------------------------------------------------------
                         Iteration: 128 [SD]                          


                             Coordinates                              
----------------------------------------------------------------------
0    C               -0.9000              -0.5232               0.4550
1    C                1.3909               0.1207              -0.0314
2    C               -1.2397               0.9574               0.7540
3    C                2.0490              -0.4128               1.2318
4    C                2.3484               0.3844              -1.1762
5    N                0.2652              -0.7329              -0.4101
6    N               -2.0901              -1.1045              -0.1750
7    O               -1.8090               1.5500              -0.3926
8    H               -2.4727               0.9031              -0.6772
9    H                0.0051              -0.5378              -1.3716
10   H               -0.7037              -1.0430               1.3966
11   H                1.0106               1.1108               0.2074
12   H               -2.4429              -1.8963               0.3414
13   H               -1.8793              -1.4329              -1.1084
14   H               -0.3806               1.5703               1.0175
15   H               -1.9106               1.0067               1.6185
16   H                2.8431               0.2616               1.5522
17   H                1.7859               0.6908              -2.0617
18   H                2.4618              -1.4118               1.0828
19   H                1.3241              -0.4699               2.0470
20   H                2.9748               1.2312              -0.8907
21   H                2.9898              -0.4581              -1.4310


Energy:                 -383.640458 Convergence criteria  Is converged 
Maximum Force:             0.007700     0.002850  No
RMS Force:                 0.004769     0.001900  No
Maximum Displacement:      0.001551     0.003150  Yes
RMS Displacement:          0.000964     0.002100  Yes

----------------------------------------------------------------------
                         Iteration: 129 [SD]                          


                             Coordinates                              
----------------------------------------------------------------------
0    C               -0.9003              -0.5230               0.4551
1    C                1.3912               0.1213              -0.0312
2    C               -1.2406               0.9570               0.7541
3    C                2.0493              -0.4126               1.2318
4    C                2.3487               0.3841              -1.1764
5    N                0.2651              -0.7320              -0.4099
6    N               -2.0900              -1.1048              -0.1750
7    O               -1.8093               1.5501              -0.3926
8    H               -2.4732               0.9037              -0.6777
9    H                0.0049              -0.5364              -1.3712
10   H               -0.7040              -1.0423               1.3970
11   H                1.0117               1.1118               0.2075
12   H               -2.4429              -1.8963               0.3416
13   H               -1.8790              -1.4334              -1.1082
14   H               -0.3813               1.5692               1.0183
15   H               -1.9122               1.0056               1.6181
16   H                2.8437               0.2614               1.5523
17   H                1.7864               0.6904              -2.0619
18   H                2.4619              -1.4116               1.0822
19   H                1.3245              -0.4699               2.0470
20   H                2.9759               1.2305              -0.8914
21   H                2.9895              -0.4590              -1.4309


Energy:                 -383.640557 Convergence criteria  Is converged 
Maximum Force:             0.007645     0.002850  No
RMS Force:                 0.004721     0.001900  No
Maximum Displacement:      0.001540     0.003150  Yes
RMS Displacement:          0.000954     0.002100  Yes

----------------------------------------------------------------------
                         Iteration: 130 [SD]                          


                             Coordinates                              
----------------------------------------------------------------------
0    C               -0.9006              -0.5229               0.4552
1    C                1.3915               0.1220              -0.0311
2    C               -1.2415               0.9567               0.7541
3    C                2.0497              -0.4124               1.2317
4    C                2.3490               0.3837              -1.1766
5    N                0.2650              -0.7311              -0.4097
6    N               -2.0900              -1.1050              -0.1750
7    O               -1.8096               1.5502              -0.3926
8    H               -2.4737               0.9042              -0.6781
9    H                0.0047              -0.5351              -1.3709
10   H               -0.7043              -1.0416               1.3974
11   H                1.0128               1.1129               0.2076
12   H               -2.4429              -1.8964               0.3419
13   H               -1.8786              -1.4339              -1.1081
14   H               -0.3819               1.5682               1.0191
15   H               -1.9137               1.0045               1.6177
16   H                2.8443               0.2612               1.5524
17   H                1.7869               0.6900              -2.0622
18   H                2.4620              -1.4115               1.0816
19   H                1.3250              -0.4699               2.0470
20   H                2.9769               1.2298              -0.8921
21   H                2.9892              -0.4599              -1.4309


Energy:                 -383.640655 Convergence criteria  Is converged 
Maximum Force:             0.007591     0.002850  No
RMS Force:                 0.004675     0.001900  No
Maximum Displacement:      0.001529     0.003150  Yes
RMS Displacement:          0.000944     0.002100  Yes

----------------------------------------------------------------------
                         Iteration: 131 [SD]                          


                             Coordinates                              
----------------------------------------------------------------------
0    C               -0.9009              -0.5227               0.4553
1    C                1.3917               0.1226              -0.0310
2    C               -1.2424               0.9563               0.7542
3    C                2.0500              -0.4123               1.2316
4    C                2.3493               0.3834              -1.1767
5    N                0.2650              -0.7301              -0.4095
6    N               -2.0900              -1.1053              -0.1751
7    O               -1.8099               1.5503              -0.3926
8    H               -2.4743               0.9048              -0.6786
9    H                0.0045              -0.5337              -1.3706
10   H               -0.7046              -1.0410               1.3977
11   H                1.0138               1.1140               0.2077
12   H               -2.4429              -1.8965               0.3421
13   H               -1.8782              -1.4344              -1.1079
14   H               -0.3826               1.5671               1.0199
15   H               -1.9152               1.0034               1.6173
16   H                2.8449               0.2610               1.5525
17   H                1.7873               0.6897              -2.0624
18   H                2.4621              -1.4113               1.0811
19   H                1.3254              -0.4700               2.0470
20   H                2.9779               1.2291              -0.8928
21   H                2.9889              -0.4608              -1.4309


Energy:                 -383.640751 Convergence criteria  Is converged 
Maximum Force:             0.007538     0.002850  No
RMS Force:                 0.004630     0.001900  No
Maximum Displacement:      0.001518     0.003150  Yes
RMS Displacement:          0.000935     0.002100  Yes

----------------------------------------------------------------------
                         Iteration: 132 [SD]                          


                             Coordinates                              
----------------------------------------------------------------------
0    C               -0.9011              -0.5225               0.4554
1    C                1.3920               0.1232              -0.0308
2    C               -1.2433               0.9560               0.7543
3    C                2.0504              -0.4121               1.2315
4    C                2.3496               0.3830              -1.1769
5    N                0.2649              -0.7292              -0.4093
6    N               -2.0900              -1.1056              -0.1751
7    O               -1.8102               1.5504              -0.3926
8    H               -2.4748               0.9054              -0.6791
9    H                0.0043              -0.5323              -1.3702
10   H               -0.7048              -1.0403               1.3981
11   H                1.0149               1.1150               0.2078
12   H               -2.4429              -1.8966               0.3423
13   H               -1.8779              -1.4349              -1.1078
14   H               -0.3833               1.5661               1.0207
15   H               -1.9167               1.0023               1.6169
16   H                2.8454               0.2608               1.5527
17   H                1.7878               0.6893              -2.0626
18   H                2.4622              -1.4112               1.0805
19   H                1.3258              -0.4700               2.0470
20   H                2.9790               1.2284              -0.8935
21   H                2.9886              -0.4617              -1.4308


Energy:                 -383.640844 Convergence criteria  Is converged 
Maximum Force:             0.007485     0.002850  No
RMS Force:                 0.004586     0.001900  No
Maximum Displacement:      0.001508     0.003150  Yes
RMS Displacement:          0.000926     0.002100  Yes

----------------------------------------------------------------------
                         Iteration: 133 [SD]                          


                             Coordinates                              
----------------------------------------------------------------------
0    C               -0.9014              -0.5223               0.4555
1    C                1.3922               0.1239              -0.0307
2    C               -1.2441               0.9557               0.7544
3    C                2.0507              -0.4119               1.2314
4    C                2.3499               0.3827              -1.1770
5    N                0.2648              -0.7283              -0.4091
6    N               -2.0899              -1.1059              -0.1751
7    O               -1.8105               1.5506              -0.3926
8    H               -2.4753               0.9059              -0.6795
9    H                0.0041              -0.5310              -1.3699
10   H               -0.7051              -1.0397               1.3984
11   H                1.0159               1.1161               0.2080
12   H               -2.4428              -1.8967               0.3425
13   H               -1.8775              -1.4354              -1.1077
14   H               -0.3839               1.5651               1.0215
15   H               -1.9182               1.0013               1.6165
16   H                2.8460               0.2606               1.5528
17   H                1.7882               0.6890              -2.0629
18   H                2.4623              -1.4111               1.0799
19   H                1.3263              -0.4700               2.0470
20   H                2.9800               1.2276              -0.8941
21   H                2.9883              -0.4626              -1.4308


Energy:                 -383.640937 Convergence criteria  Is converged 
Maximum Force:             0.007432     0.002850  No
RMS Force:                 0.004544     0.001900  No
Maximum Displacement:      0.001497     0.003150  Yes
RMS Displacement:          0.000917     0.002100  Yes

----------------------------------------------------------------------
                         Iteration: 134 [SD]                          


                             Coordinates                              
----------------------------------------------------------------------
0    C               -0.9017              -0.5221               0.4556
1    C                1.3925               0.1245              -0.0306
2    C               -1.2450               0.9554               0.7544
3    C                2.0510              -0.4118               1.2314
4    C                2.3502               0.3823              -1.1772
5    N                0.2648              -0.7274              -0.4089
6    N               -2.0899              -1.1061              -0.1752
7    O               -1.8108               1.5507              -0.3926
8    H               -2.4758               0.9065              -0.6799
9    H                0.0039              -0.5296              -1.3696
10   H               -0.7053              -1.0391               1.3988
11   H                1.0169               1.1171               0.2081
12   H               -2.4428              -1.8968               0.3427
13   H               -1.8771              -1.4359              -1.1075
14   H               -0.3846               1.5642               1.0223
15   H               -1.9197               1.0003               1.6161
16   H                2.8466               0.2604               1.5529
17   H                1.7887               0.6886              -2.0631
18   H                2.4624              -1.4109               1.0794
19   H                1.3267              -0.4700               2.0470
20   H                2.9810               1.2269              -0.8948
21   H                2.9880              -0.4634              -1.4307


Energy:                 -383.641027 Convergence criteria  Is converged 
Maximum Force:             0.007380     0.002850  No
RMS Force:                 0.004503     0.001900  No
Maximum Displacement:      0.001486     0.003150  Yes
RMS Displacement:          0.000909     0.002100  Yes

----------------------------------------------------------------------
                         Iteration: 135 [SD]                          


                             Coordinates                              
----------------------------------------------------------------------
0    C               -0.9019              -0.5220               0.4557
1    C                1.3927               0.1251              -0.0304
2    C               -1.2458               0.9551               0.7545
3    C                2.0513              -0.4116               1.2313
4    C                2.3505               0.3820              -1.1773
5    N                0.2647              -0.7265              -0.4088
6    N               -2.0898              -1.1064              -0.1752
7    O               -1.8111               1.5508              -0.3926
8    H               -2.4763               0.9070              -0.6804
9    H                0.0037              -0.5282              -1.3693
10   H               -0.7055              -1.0385               1.3991
11   H                1.0179               1.1181               0.2082
12   H               -2.4428              -1.8970               0.3429
13   H               -1.8767              -1.4364              -1.1074
14   H               -0.3853               1.5633               1.0231
15   H               -1.9212               0.9993               1.6157
16   H                2.8472               0.2602               1.5530
17   H                1.7891               0.6883              -2.0634
18   H                2.4624              -1.4108               1.0788
19   H                1.3271              -0.4701               2.0470
20   H                2.9820               1.2262              -0.8955
21   H                2.9876              -0.4643              -1.4306


Energy:                 -383.641116 Convergence criteria  Is converged 
Maximum Force:             0.007328     0.002850  No
RMS Force:                 0.004463     0.001900  No
Maximum Displacement:      0.001476     0.003150  Yes
RMS Displacement:          0.000901     0.002100  Yes

----------------------------------------------------------------------
                         Iteration: 136 [SD]                          


                             Coordinates                              
----------------------------------------------------------------------
0    C               -0.9022              -0.5218               0.4558
1    C                1.3929               0.1257              -0.0303
2    C               -1.2467               0.9548               0.7546
3    C                2.0517              -0.4114               1.2312
4    C                2.3508               0.3816              -1.1775
5    N                0.2646              -0.7256              -0.4086
6    N               -2.0898              -1.1067              -0.1752
7    O               -1.8113               1.5509              -0.3926
8    H               -2.4767               0.9076              -0.6808
9    H                0.0035              -0.5269              -1.3690
10   H               -0.7058              -1.0379               1.3994
11   H                1.0188               1.1191               0.2083
12   H               -2.4428              -1.8971               0.3431
13   H               -1.8764              -1.4369              -1.1072
14   H               -0.3860               1.5624               1.0239
15   H               -1.9227               0.9984               1.6153
16   H                2.8477               0.2600               1.5531
17   H                1.7896               0.6879              -2.0636
18   H                2.4625              -1.4106               1.0782
19   H                1.3276              -0.4701               2.0469
20   H                2.9830               1.2255              -0.8961
21   H                2.9873              -0.4652              -1.4306


Energy:                 -383.641203 Convergence criteria  Is converged 
Maximum Force:             0.007277     0.002850  No
RMS Force:                 0.004425     0.001900  No
Maximum Displacement:      0.001466     0.003150  Yes
RMS Displacement:          0.000893     0.002100  Yes

----------------------------------------------------------------------
                         Iteration: 137 [SD]                          


                             Coordinates                              
----------------------------------------------------------------------
0    C               -0.9024              -0.5216               0.4559
1    C                1.3932               0.1264              -0.0302
2    C               -1.2475               0.9545               0.7547
3    C                2.0520              -0.4113               1.2311
4    C                2.3511               0.3813              -1.1776
5    N                0.2646              -0.7247              -0.4084
6    N               -2.0897              -1.1070              -0.1753
7    O               -1.8116               1.5511              -0.3925
8    H               -2.4772               0.9081              -0.6812
9    H                0.0033              -0.5255              -1.3687
10   H               -0.7060              -1.0373               1.3997
11   H                1.0198               1.1201               0.2084
12   H               -2.4428              -1.8972               0.3433
13   H               -1.8760              -1.4375              -1.1071
14   H               -0.3867               1.5615               1.0248
15   H               -1.9241               0.9974               1.6150
16   H                2.8483               0.2598               1.5532
17   H                1.7900               0.6876              -2.0638
18   H                2.4626              -1.4105               1.0777
19   H                1.3280              -0.4701               2.0469
20   H                2.9840               1.2248              -0.8968
21   H                2.9870              -0.4661              -1.4305


Energy:                 -383.641289 Convergence criteria  Is converged 
Maximum Force:             0.007227     0.002850  No
RMS Force:                 0.004387     0.001900  No
Maximum Displacement:      0.001455     0.003150  Yes
RMS Displacement:          0.000885     0.002100  Yes

----------------------------------------------------------------------
                         Iteration: 138 [SD]                          


                             Coordinates                              
----------------------------------------------------------------------
0    C               -0.9026              -0.5215               0.4559
1    C                1.3934               0.1270              -0.0300
2    C               -1.2483               0.9542               0.7548
3    C                2.0523              -0.4111               1.2310
4    C                2.3514               0.3810              -1.1777
5    N                0.2645              -0.7238              -0.4083
6    N               -2.0897              -1.1073              -0.1753
7    O               -1.8118               1.5512              -0.3925
8    H               -2.4777               0.9087              -0.6816
9    H                0.0032              -0.5242              -1.3684
10   H               -0.7062              -1.0368               1.4000
11   H                1.0207               1.1210               0.2085
12   H               -2.4428              -1.8973               0.3435
13   H               -1.8756              -1.4380              -1.1070
14   H               -0.3874               1.5607               1.0256
15   H               -1.9256               0.9965               1.6146
16   H                2.8488               0.2596               1.5532
17   H                1.7904               0.6873              -2.0641
18   H                2.4627              -1.4104               1.0771
19   H                1.3284              -0.4701               2.0469
20   H                2.9850               1.2241              -0.8974
21   H                2.9867              -0.4670              -1.4304


Energy:                 -383.641373 Convergence criteria  Is converged 
Maximum Force:             0.007177     0.002850  No
RMS Force:                 0.004351     0.001900  No
Maximum Displacement:      0.001445     0.003150  Yes
RMS Displacement:          0.000877     0.002100  Yes

----------------------------------------------------------------------
                         Iteration: 139 [SD]                          


                             Coordinates                              
----------------------------------------------------------------------
0    C               -0.9029              -0.5213               0.4560
1    C                1.3936               0.1276              -0.0299
2    C               -1.2492               0.9539               0.7549
3    C                2.0526              -0.4110               1.2310
4    C                2.3517               0.3806              -1.1779
5    N                0.2644              -0.7230              -0.4081
6    N               -2.0896              -1.1076              -0.1754
7    O               -1.8121               1.5513              -0.3925
8    H               -2.4781               0.9092              -0.6820
9    H                0.0030              -0.5229              -1.3681
10   H               -0.7064              -1.0363               1.4003
11   H                1.0216               1.1220               0.2086
12   H               -2.4427              -1.8974               0.3437
13   H               -1.8753              -1.4385              -1.1069
14   H               -0.3881               1.5599               1.0264
15   H               -1.9270               0.9956               1.6142
16   H                2.8494               0.2595               1.5533
17   H                1.7909               0.6869              -2.0643
18   H                2.4628              -1.4102               1.0766
19   H                1.3289              -0.4702               2.0469
20   H                2.9860               1.2234              -0.8980
21   H                2.9863              -0.4679              -1.4304


Energy:                 -383.641456 Convergence criteria  Is converged 
Maximum Force:             0.007128     0.002850  No
RMS Force:                 0.004315     0.001900  No
Maximum Displacement:      0.001435     0.003150  Yes
RMS Displacement:          0.000870     0.002100  Yes

----------------------------------------------------------------------
                         Iteration: 140 [SD]                          


                             Coordinates                              
----------------------------------------------------------------------
0    C               -0.9031              -0.5212               0.4561
1    C                1.3938               0.1282              -0.0298
2    C               -1.2500               0.9536               0.7550
3    C                2.0529              -0.4108               1.2309
4    C                2.3520               0.3803              -1.1780
5    N                0.2644              -0.7221              -0.4080
6    N               -2.0896              -1.1079              -0.1754
7    O               -1.8123               1.5515              -0.3925
8    H               -2.4786               0.9097              -0.6824
9    H                0.0028              -0.5215              -1.3678
10   H               -0.7065              -1.0358               1.4006
11   H                1.0225               1.1229               0.2088
12   H               -2.4427              -1.8976               0.3439
13   H               -1.8749              -1.4391              -1.1067
14   H               -0.3888               1.5591               1.0272
15   H               -1.9284               0.9947               1.6139
16   H                2.8500               0.2593               1.5534
17   H                1.7913               0.6866              -2.0645
18   H                2.4629              -1.4101               1.0760
19   H                1.3293              -0.4702               2.0469
20   H                2.9870               1.2227              -0.8987
21   H                2.9860              -0.4688              -1.4303


Energy:                 -383.641538 Convergence criteria  Is converged 
Maximum Force:             0.007079     0.002850  No
RMS Force:                 0.004281     0.001900  No
Maximum Displacement:      0.001426     0.003150  Yes
RMS Displacement:          0.000863     0.002100  Yes

----------------------------------------------------------------------
                         Iteration: 141 [SD]                          


                             Coordinates                              
----------------------------------------------------------------------
0    C               -0.9033              -0.5210               0.4562
1    C                1.3941               0.1288              -0.0296
2    C               -1.2508               0.9534               0.7551
3    C                2.0532              -0.4106               1.2308
4    C                2.3522               0.3800              -1.1781
5    N                0.2643              -0.7213              -0.4079
6    N               -2.0895              -1.1082              -0.1754
7    O               -1.8125               1.5516              -0.3925
8    H               -2.4790               0.9103              -0.6828
9    H                0.0026              -0.5202              -1.3676
10   H               -0.7067              -1.0353               1.4008
11   H                1.0234               1.1239               0.2089
12   H               -2.4427              -1.8977               0.3440
13   H               -1.8745              -1.4396              -1.1066
14   H               -0.3895               1.5583               1.0280
15   H               -1.9298               0.9938               1.6135
16   H                2.8505               0.2591               1.5535
17   H                1.7917               0.6862              -2.0648
18   H                2.4630              -1.4099               1.0755
19   H                1.3297              -0.4702               2.0469
20   H                2.9880               1.2220              -0.8993
21   H                2.9856              -0.4697              -1.4302


Energy:                 -383.641618 Convergence criteria  Is converged 
Maximum Force:             0.007030     0.002850  No
RMS Force:                 0.004247     0.001900  No
Maximum Displacement:      0.001416     0.003150  Yes
RMS Displacement:          0.000856     0.002100  Yes

----------------------------------------------------------------------
                         Iteration: 142 [SD]                          


                             Coordinates                              
----------------------------------------------------------------------
0    C               -0.9036              -0.5209               0.4563
1    C                1.3943               0.1294              -0.0295
2    C               -1.2516               0.9531               0.7552
3    C                2.0535              -0.4105               1.2307
4    C                2.3525               0.3796              -1.1782
5    N                0.2642              -0.7204              -0.4077
6    N               -2.0894              -1.1085              -0.1755
7    O               -1.8128               1.5517              -0.3924
8    H               -2.4794               0.9108              -0.6832
9    H                0.0024              -0.5189              -1.3673
10   H               -0.7069              -1.0348               1.4011
11   H                1.0242               1.1248               0.2090
12   H               -2.4427              -1.8978               0.3442
13   H               -1.8741              -1.4402              -1.1065
14   H               -0.3902               1.5576               1.0288
15   H               -1.9312               0.9929               1.6131
16   H                2.8510               0.2589               1.5536
17   H                1.7921               0.6859              -2.0650
18   H                2.4630              -1.4098               1.0749
19   H                1.3301              -0.4702               2.0469
20   H                2.9890               1.2213              -0.8999
21   H                2.9853              -0.4705              -1.4301


Energy:                 -383.641697 Convergence criteria  Is converged 
Maximum Force:             0.006983     0.002850  No
RMS Force:                 0.004215     0.001900  No
Maximum Displacement:      0.001406     0.003150  Yes
RMS Displacement:          0.000849     0.002100  Yes

----------------------------------------------------------------------
                         Iteration: 143 [SD]                          


                             Coordinates                              
----------------------------------------------------------------------
0    C               -0.9038              -0.5207               0.4564
1    C                1.3945               0.1300              -0.0294
2    C               -1.2523               0.9528               0.7553
3    C                2.0538              -0.4103               1.2306
4    C                2.3528               0.3793              -1.1784
5    N                0.2642              -0.7196              -0.4076
6    N               -2.0894              -1.1088              -0.1755
7    O               -1.8130               1.5519              -0.3924
8    H               -2.4798               0.9113              -0.6836
9    H                0.0022              -0.5176              -1.3670
10   H               -0.7071              -1.0343               1.4014
11   H                1.0251               1.1257               0.2091
12   H               -2.4427              -1.8980               0.3444
13   H               -1.8738              -1.4407              -1.1063
14   H               -0.3909               1.5569               1.0296
15   H               -1.9326               0.9921               1.6128
16   H                2.8516               0.2587               1.5536
17   H                1.7926               0.6856              -2.0652
18   H                2.4631              -1.4097               1.0744
19   H                1.3306              -0.4702               2.0470
20   H                2.9900               1.2206              -0.9006
21   H                2.9849              -0.4714              -1.4300


Energy:                 -383.641775 Convergence criteria  Is converged 
Maximum Force:             0.006935     0.002850  No
RMS Force:                 0.004183     0.001900  No
Maximum Displacement:      0.001397     0.003150  Yes
RMS Displacement:          0.000843     0.002100  Yes

----------------------------------------------------------------------
                         Iteration: 144 [SD]                          


                             Coordinates                              
----------------------------------------------------------------------
0    C               -0.9040              -0.5206               0.4564
1    C                1.3947               0.1305              -0.0293
2    C               -1.2531               0.9526               0.7554
3    C                2.0541              -0.4102               1.2306
4    C                2.3530               0.3790              -1.1785
5    N                0.2641              -0.7187              -0.4075
6    N               -2.0893              -1.1091              -0.1756
7    O               -1.8132               1.5520              -0.3924
8    H               -2.4802               0.9119              -0.6840
9    H                0.0021              -0.5162              -1.3667
10   H               -0.7072              -1.0338               1.4016
11   H                1.0259               1.1266               0.2092
12   H               -2.4426              -1.8981               0.3446
13   H               -1.8734              -1.4413              -1.1062
14   H               -0.3916               1.5562               1.0304
15   H               -1.9340               0.9912               1.6124
16   H                2.8521               0.2585               1.5537
17   H                1.7930               0.6852              -2.0654
18   H                2.4632              -1.4095               1.0738
19   H                1.3310              -0.4702               2.0470
20   H                2.9909               1.2199              -0.9012
21   H                2.9845              -0.4723              -1.4299


Energy:                 -383.641852 Convergence criteria  Is converged 
Maximum Force:             0.006888     0.002850  No
RMS Force:                 0.004152     0.001900  No
Maximum Displacement:      0.001387     0.003150  Yes
RMS Displacement:          0.000837     0.002100  Yes

----------------------------------------------------------------------
                         Iteration: 145 [SD]                          


                             Coordinates                              
----------------------------------------------------------------------
0    C               -0.9042              -0.5204               0.4565
1    C                1.3949               0.1311              -0.0291
2    C               -1.2539               0.9524               0.7555
3    C                2.0544              -0.4100               1.2305
4    C                2.3533               0.3786              -1.1786
5    N                0.2641              -0.7179              -0.4073
6    N               -2.0892              -1.1094              -0.1756
7    O               -1.8134               1.5522              -0.3923
8    H               -2.4806               0.9124              -0.6844
9    H                0.0019              -0.5149              -1.3665
10   H               -0.7074              -1.0334               1.4018
11   H                1.0268               1.1275               0.2094
12   H               -2.4426              -1.8982               0.3447
13   H               -1.8730              -1.4419              -1.1061
14   H               -0.3923               1.5555               1.0312
15   H               -1.9354               0.9904               1.6121
16   H                2.8526               0.2584               1.5538
17   H                1.7934               0.6849              -2.0656
18   H                2.4633              -1.4094               1.0733
19   H                1.3314              -0.4703               2.0470
20   H                2.9919               1.2192              -0.9018
21   H                2.9842              -0.4732              -1.4298


Energy:                 -383.641927 Convergence criteria  Is converged 
Maximum Force:             0.006842     0.002850  No
RMS Force:                 0.004122     0.001900  No
Maximum Displacement:      0.001378     0.003150  Yes
RMS Displacement:          0.000830     0.002100  Yes

----------------------------------------------------------------------
                         Iteration: 146 [SD]                          


                             Coordinates                              
----------------------------------------------------------------------
0    C               -0.9044              -0.5203               0.4566
1    C                1.3951               0.1317              -0.0290
2    C               -1.2547               0.9521               0.7556
3    C                2.0547              -0.4098               1.2304
4    C                2.3535               0.3783              -1.1787
5    N                0.2640              -0.7171              -0.4072
6    N               -2.0892              -1.1097              -0.1757
7    O               -1.8137               1.5523              -0.3923
8    H               -2.4810               0.9129              -0.6848
9    H                0.0017              -0.5136              -1.3662
10   H               -0.7075              -1.0330               1.4021
11   H                1.0276               1.1284               0.2095
12   H               -2.4426              -1.8984               0.3449
13   H               -1.8726              -1.4424              -1.1060
14   H               -0.3930               1.5549               1.0320
15   H               -1.9368               0.9896               1.6118
16   H                2.8532               0.2582               1.5538
17   H                1.7938               0.6846              -2.0659
18   H                2.4633              -1.4092               1.0727
19   H                1.3318              -0.4703               2.0470
20   H                2.9928               1.2185              -0.9024
21   H                2.9838              -0.4741              -1.4297


Energy:                 -383.642002 Convergence criteria  Is converged 
Maximum Force:             0.006796     0.002850  No
RMS Force:                 0.004093     0.001900  No
Maximum Displacement:      0.001368     0.003150  Yes
RMS Displacement:          0.000824     0.002100  Yes

----------------------------------------------------------------------
                         Iteration: 147 [SD]                          


                             Coordinates                              
----------------------------------------------------------------------
0    C               -0.9046              -0.5201               0.4567
1    C                1.3953               0.1323              -0.0289
2    C               -1.2554               0.9519               0.7558
3    C                2.0550              -0.4097               1.2303
4    C                2.3538               0.3780              -1.1788
5    N                0.2639              -0.7162              -0.4071
6    N               -2.0891              -1.1100              -0.1758
7    O               -1.8139               1.5524              -0.3923
8    H               -2.4814               0.9134              -0.6851
9    H                0.0015              -0.5123              -1.3659
10   H               -0.7076              -1.0325               1.4023
11   H                1.0284               1.1293               0.2096
12   H               -2.4425              -1.8985               0.3451
13   H               -1.8723              -1.4430              -1.1059
14   H               -0.3938               1.5543               1.0328
15   H               -1.9381               0.9888               1.6114
16   H                2.8537               0.2580               1.5539
17   H                1.7942               0.6842              -2.0661
18   H                2.4634              -1.4091               1.0722
19   H                1.3322              -0.4703               2.0470
20   H                2.9938               1.2178              -0.9030
21   H                2.9834              -0.4749              -1.4296


Energy:                 -383.642075 Convergence criteria  Is converged 
Maximum Force:             0.006751     0.002850  No
RMS Force:                 0.004064     0.001900  No
Maximum Displacement:      0.001359     0.003150  Yes
RMS Displacement:          0.000819     0.002100  Yes

----------------------------------------------------------------------
                         Iteration: 148 [SD]                          


                             Coordinates                              
----------------------------------------------------------------------
0    C               -0.9048              -0.5200               0.4567
1    C                1.3955               0.1328              -0.0288
2    C               -1.2562               0.9517               0.7559
3    C                2.0553              -0.4095               1.2302
4    C                2.3540               0.3777              -1.1790
5    N                0.2639              -0.7154              -0.4070
6    N               -2.0890              -1.1103              -0.1758
7    O               -1.8141               1.5526              -0.3923
8    H               -2.4818               0.9139              -0.6855
9    H                0.0013              -0.5110              -1.3657
10   H               -0.7077              -1.0321               1.4025
11   H                1.0292               1.1302               0.2097
12   H               -2.4425              -1.8986               0.3452
13   H               -1.8719              -1.4436              -1.1057
14   H               -0.3945               1.5537               1.0336
15   H               -1.9395               0.9880               1.6111
16   H                2.8542               0.2578               1.5539
17   H                1.7946               0.6839              -2.0663
18   H                2.4635              -1.4090               1.0717
19   H                1.3326              -0.4703               2.0470
20   H                2.9947               1.2171              -0.9036
21   H                2.9830              -0.4758              -1.4295


Energy:                 -383.642148 Convergence criteria  Is converged 
Maximum Force:             0.006706     0.002850  No
RMS Force:                 0.004036     0.001900  No
Maximum Displacement:      0.001350     0.003150  Yes
RMS Displacement:          0.000813     0.002100  Yes

----------------------------------------------------------------------
                         Iteration: 149 [SD]                          


                             Coordinates                              
----------------------------------------------------------------------
0    C               -0.9050              -0.5199               0.4568
1    C                1.3957               0.1334              -0.0286
2    C               -1.2569               0.9514               0.7560
3    C                2.0556              -0.4094               1.2301
4    C                2.3543               0.3773              -1.1791
5    N                0.2638              -0.7146              -0.4069
6    N               -2.0889              -1.1106              -0.1759
7    O               -1.8143               1.5527              -0.3922
8    H               -2.4822               0.9144              -0.6859
9    H                0.0012              -0.5097              -1.3654
10   H               -0.7079              -1.0317               1.4027
11   H                1.0299               1.1310               0.2099
12   H               -2.4425              -1.8988               0.3454
13   H               -1.8715              -1.4442              -1.1056
14   H               -0.3952               1.5531               1.0344
15   H               -1.9408               0.9872               1.6107
16   H                2.8547               0.2577               1.5540
17   H                1.7950               0.6836              -2.0665
18   H                2.4635              -1.4088               1.0711
19   H                1.3331              -0.4703               2.0470
20   H                2.9957               1.2164              -0.9042
21   H                2.9826              -0.4767              -1.4294


Energy:                 -383.642219 Convergence criteria  Is converged 
Maximum Force:             0.006661     0.002850  No
RMS Force:                 0.004009     0.001900  No
Maximum Displacement:      0.001341     0.003150  Yes
RMS Displacement:          0.000807     0.002100  Yes

----------------------------------------------------------------------
                         Iteration: 150 [SD]                          


                             Coordinates                              
----------------------------------------------------------------------
0    C               -0.9052              -0.5197               0.4569
1    C                1.3959               0.1340              -0.0285
2    C               -1.2577               0.9512               0.7561
3    C                2.0558              -0.4092               1.2301
4    C                2.3545               0.3770              -1.1792
5    N                0.2638              -0.7138              -0.4068
6    N               -2.0888              -1.1109              -0.1759
7    O               -1.8145               1.5529              -0.3922
8    H               -2.4825               0.9149              -0.6862
9    H                0.0010              -0.5084              -1.3652
10   H               -0.7080              -1.0313               1.4029
11   H                1.0307               1.1319               0.2100
12   H               -2.4424              -1.8989               0.3455
13   H               -1.8711              -1.4448              -1.1055
14   H               -0.3959               1.5525               1.0352
15   H               -1.9422               0.9864               1.6104
16   H                2.8552               0.2575               1.5540
17   H                1.7954               0.6833              -2.0667
18   H                2.4636              -1.4087               1.0706
19   H                1.3335              -0.4703               2.0470
20   H                2.9966               1.2157              -0.9048
21   H                2.9823              -0.4775              -1.4292


Energy:                 -383.642290 Convergence criteria  Is converged 
Maximum Force:             0.006617     0.002850  No
RMS Force:                 0.003982     0.001900  No
Maximum Displacement:      0.001332     0.003150  Yes
RMS Displacement:          0.000802     0.002100  Yes

----------------------------------------------------------------------
                         Iteration: 151 [SD]                          


                             Coordinates                              
----------------------------------------------------------------------
0    C               -0.9054              -0.5196               0.4569
1    C                1.3961               0.1345              -0.0284
2    C               -1.2584               0.9510               0.7562
3    C                2.0561              -0.4091               1.2300
4    C                2.3547               0.3767              -1.1793
5    N                0.2637              -0.7130              -0.4067
6    N               -2.0887              -1.1112              -0.1760
7    O               -1.8147               1.5530              -0.3922
8    H               -2.4829               0.9154              -0.6866
9    H                0.0008              -0.5071              -1.3649
10   H               -0.7081              -1.0310               1.4031
11   H                1.0315               1.1327               0.2101
12   H               -2.4424              -1.8991               0.3457
13   H               -1.8707              -1.4453              -1.1054
14   H               -0.3967               1.5520               1.0360
15   H               -1.9435               0.9857               1.6101
16   H                2.8557               0.2573               1.5540
17   H                1.7958               0.6829              -2.0669
18   H                2.4637              -1.4086               1.0701
19   H                1.3339              -0.4703               2.0470
20   H                2.9975               1.2150              -0.9053
21   H                2.9819              -0.4784              -1.4291


Energy:                 -383.642359 Convergence criteria  Is converged 
Maximum Force:             0.006574     0.002850  No
RMS Force:                 0.003956     0.001900  No
Maximum Displacement:      0.001323     0.003150  Yes
RMS Displacement:          0.000796     0.002100  Yes

----------------------------------------------------------------------
                         Iteration: 152 [SD]                          


                             Coordinates                              
----------------------------------------------------------------------
0    C               -0.9055              -0.5195               0.4570
1    C                1.3962               0.1351              -0.0283
2    C               -1.2591               0.9508               0.7564
3    C                2.0564              -0.4089               1.2299
4    C                2.3550               0.3764              -1.1794
5    N                0.2636              -0.7122              -0.4066
6    N               -2.0886              -1.1115              -0.1761
7    O               -1.8148               1.5531              -0.3921
8    H               -2.4832               0.9159              -0.6869
9    H                0.0006              -0.5058              -1.3647
10   H               -0.7082              -1.0306               1.4033
11   H                1.0322               1.1335               0.2102
12   H               -2.4424              -1.8992               0.3458
13   H               -1.8703              -1.4459              -1.1053
14   H               -0.3974               1.5514               1.0368
15   H               -1.9448               0.9850               1.6098
16   H                2.8562               0.2572               1.5541
17   H                1.7962               0.6826              -2.0671
18   H                2.4637              -1.4084               1.0695
19   H                1.3343              -0.4704               2.0470
20   H                2.9985               1.2143              -0.9059
21   H                2.9815              -0.4793              -1.4290


Energy:                 -383.642428 Convergence criteria  Is converged 
Maximum Force:             0.006531     0.002850  No
RMS Force:                 0.003930     0.001900  No
Maximum Displacement:      0.001315     0.003150  Yes
RMS Displacement:          0.000791     0.002100  Yes

----------------------------------------------------------------------
                         Iteration: 153 [SD]                          


                             Coordinates                              
----------------------------------------------------------------------
0    C               -0.9057              -0.5193               0.4571
1    C                1.3964               0.1356              -0.0282
2    C               -1.2598               0.9506               0.7565
3    C                2.0566              -0.4088               1.2298
4    C                2.3552               0.3761              -1.1795
5    N                0.2636              -0.7114              -0.4065
6    N               -2.0886              -1.1118              -0.1761
7    O               -1.8150               1.5533              -0.3921
8    H               -2.4836               0.9164              -0.6873
9    H                0.0004              -0.5045              -1.3645
10   H               -0.7083              -1.0302               1.4035
11   H                1.0329               1.1344               0.2104
12   H               -2.4423              -1.8994               0.3460
13   H               -1.8700              -1.4465              -1.1051
14   H               -0.3981               1.5509               1.0375
15   H               -1.9461               0.9842               1.6094
16   H                2.8567               0.2570               1.5541
17   H                1.7966               0.6823              -2.0673
18   H                2.4638              -1.4083               1.0690
19   H                1.3347              -0.4704               2.0470
20   H                2.9994               1.2136              -0.9065
21   H                2.9811              -0.4801              -1.4289


Energy:                 -383.642495 Convergence criteria  Is converged 
Maximum Force:             0.006488     0.002850  No
RMS Force:                 0.003905     0.001900  No
Maximum Displacement:      0.001306     0.003150  Yes
RMS Displacement:          0.000786     0.002100  Yes

----------------------------------------------------------------------
                         Iteration: 154 [SD]                          


                             Coordinates                              
----------------------------------------------------------------------
0    C               -0.9059              -0.5192               0.4572
1    C                1.3966               0.1362              -0.0281
2    C               -1.2606               0.9504               0.7566
3    C                2.0569              -0.4086               1.2297
4    C                2.3554               0.3758              -1.1796
5    N                0.2635              -0.7106              -0.4064
6    N               -2.0885              -1.1121              -0.1762
7    O               -1.8152               1.5534              -0.3921
8    H               -2.4839               0.9169              -0.6876
9    H                0.0003              -0.5032              -1.3642
10   H               -0.7084              -1.0299               1.4037
11   H                1.0336               1.1352               0.2105
12   H               -2.4423              -1.8995               0.3461
13   H               -1.8696              -1.4471              -1.1050
14   H               -0.3989               1.5504               1.0383
15   H               -1.9474               0.9835               1.6091
16   H                2.8572               0.2568               1.5541
17   H                1.7970               0.6820              -2.0675
18   H                2.4639              -1.4082               1.0685
19   H                1.3351              -0.4704               2.0471
20   H                3.0003               1.2129              -0.9071
21   H                2.9807              -0.4810              -1.4287


Energy:                 -383.642562 Convergence criteria  Is converged 
Maximum Force:             0.006446     0.002850  No
RMS Force:                 0.003880     0.001900  No
Maximum Displacement:      0.001298     0.003150  Yes
RMS Displacement:          0.000781     0.002100  Yes

----------------------------------------------------------------------
                         Iteration: 155 [SD]                          


                             Coordinates                              
----------------------------------------------------------------------
0    C               -0.9061              -0.5191               0.4572
1    C                1.3968               0.1367              -0.0280
2    C               -1.2613               0.9502               0.7568
3    C                2.0572              -0.4085               1.2296
4    C                2.3556               0.3755              -1.1797
5    N                0.2635              -0.7099              -0.4063
6    N               -2.0884              -1.1124              -0.1762
7    O               -1.8154               1.5536              -0.3920
8    H               -2.4843               0.9174              -0.6880
9    H                0.0001              -0.5020              -1.3640
10   H               -0.7084              -1.0296               1.4039
11   H                1.0343               1.1360               0.2106
12   H               -2.4423              -1.8996               0.3463
13   H               -1.8692              -1.4477              -1.1049
14   H               -0.3996               1.5499               1.0391
15   H               -1.9487               0.9828               1.6088
16   H                2.8577               0.2567               1.5542
17   H                1.7974               0.6817              -2.0677
18   H                2.4639              -1.4080               1.0680
19   H                1.3355              -0.4704               2.0471
20   H                3.0012               1.2122              -0.9076
21   H                2.9803              -0.4818              -1.4286


Energy:                 -383.642628 Convergence criteria  Is converged 
Maximum Force:             0.006404     0.002850  No
RMS Force:                 0.003856     0.001900  No
Maximum Displacement:      0.001289     0.003150  Yes
RMS Displacement:          0.000776     0.002100  Yes

----------------------------------------------------------------------
                         Iteration: 156 [SD]                          


                             Coordinates                              
----------------------------------------------------------------------
0    C               -0.9062              -0.5190               0.4573
1    C                1.3969               0.1373              -0.0278
2    C               -1.2620               0.9500               0.7569
3    C                2.0574              -0.4083               1.2296
4    C                2.3559               0.3751              -1.1798
5    N                0.2634              -0.7091              -0.4062
6    N               -2.0883              -1.1127              -0.1763
7    O               -1.8156               1.5537              -0.3920
8    H               -2.4846               0.9179              -0.6883
9    H               -0.0001              -0.5007              -1.3638
10   H               -0.7085              -1.0292               1.4040
11   H                1.0350               1.1368               0.2107
12   H               -2.4422              -1.8998               0.3464
13   H               -1.8688              -1.4483              -1.1048
14   H               -0.4003               1.5494               1.0399
15   H               -1.9500               0.9821               1.6085
16   H                2.8582               0.2565               1.5542
17   H                1.7977               0.6813              -2.0679
18   H                2.4640              -1.4079               1.0674
19   H                1.3359              -0.4704               2.0471
20   H                3.0021               1.2115              -0.9082
21   H                2.9798              -0.4827              -1.4284


Energy:                 -383.642694 Convergence criteria  Is converged 
Maximum Force:             0.006363     0.002850  No
RMS Force:                 0.003833     0.001900  No
Maximum Displacement:      0.001281     0.003150  Yes
RMS Displacement:          0.000771     0.002100  Yes

----------------------------------------------------------------------
                         Iteration: 157 [SD]                          


                             Coordinates                              
----------------------------------------------------------------------
0    C               -0.9064              -0.5189               0.4574
1    C                1.3971               0.1378              -0.0277
2    C               -1.2627               0.9498               0.7570
3    C                2.0577              -0.4082               1.2295
4    C                2.3561               0.3748              -1.1799
5    N                0.2634              -0.7083              -0.4061
6    N               -2.0882              -1.1130              -0.1764
7    O               -1.8157               1.5538              -0.3919
8    H               -2.4849               0.9184              -0.6886
9    H               -0.0003              -0.4994              -1.3635
10   H               -0.7086              -1.0289               1.4042
11   H                1.0357               1.1376               0.2109
12   H               -2.4422              -1.8999               0.3465
13   H               -1.8684              -1.4489              -1.1047
14   H               -0.4011               1.5490               1.0407
15   H               -1.9512               0.9814               1.6082
16   H                2.8587               0.2564               1.5542
17   H                1.7981               0.6810              -2.0681
18   H                2.4640              -1.4078               1.0669
19   H                1.3363              -0.4704               2.0471
20   H                3.0030               1.2108              -0.9087
21   H                2.9794              -0.4835              -1.4283


Energy:                 -383.642758 Convergence criteria  Is converged 
Maximum Force:             0.006336     0.002850  No
RMS Force:                 0.003810     0.001900  No
Maximum Displacement:      0.001273     0.003150  Yes
RMS Displacement:          0.000767     0.002100  Yes

----------------------------------------------------------------------
                         Iteration: 158 [SD]                          


                             Coordinates                              
----------------------------------------------------------------------
0    C               -0.9066              -0.5187               0.4574
1    C                1.3973               0.1383              -0.0276
2    C               -1.2634               0.9496               0.7572
3    C                2.0579              -0.4080               1.2294
4    C                2.3563               0.3745              -1.1800
5    N                0.2633              -0.7076              -0.4061
6    N               -2.0881              -1.1133              -0.1764
7    O               -1.8159               1.5540              -0.3919
8    H               -2.4852               0.9189              -0.6890
9    H               -0.0004              -0.4982              -1.3633
10   H               -0.7086              -1.0286               1.4043
11   H                1.0364               1.1384               0.2110
12   H               -2.4421              -1.9001               0.3467
13   H               -1.8680              -1.4495              -1.1046
14   H               -0.4018               1.5485               1.0415
15   H               -1.9525               0.9807               1.6079
16   H                2.8591               0.2562               1.5542
17   H                1.7985               0.6807              -2.0683
18   H                2.4641              -1.4076               1.0664
19   H                1.3367              -0.4704               2.0471
20   H                3.0039               1.2101              -0.9093
21   H                2.9790              -0.4844              -1.4282


Energy:                 -383.642822 Convergence criteria  Is converged 
Maximum Force:             0.006318     0.002850  No
RMS Force:                 0.003787     0.001900  No
Maximum Displacement:      0.001267     0.003150  Yes
RMS Displacement:          0.000762     0.002100  Yes

----------------------------------------------------------------------
                         Iteration: 159 [SD]                          


                             Coordinates                              
----------------------------------------------------------------------
0    C               -0.9067              -0.5186               0.4575
1    C                1.3974               0.1388              -0.0275
2    C               -1.2641               0.9494               0.7573
3    C                2.0582              -0.4079               1.2293
4    C                2.3565               0.3742              -1.1801
5    N                0.2632              -0.7068              -0.4060
6    N               -2.0880              -1.1136              -0.1765
7    O               -1.8161               1.5541              -0.3919
8    H               -2.4855               0.9193              -0.6893
9    H               -0.0006              -0.4969              -1.3631
10   H               -0.7087              -1.0283               1.4045
11   H                1.0371               1.1391               0.2111
12   H               -2.4421              -1.9002               0.3468
13   H               -1.8676              -1.4501              -1.1044
14   H               -0.4025               1.5481               1.0423
15   H               -1.9538               0.9801               1.6076
16   H                2.8596               0.2560               1.5542
17   H                1.7989               0.6804              -2.0685
18   H                2.4641              -1.4075               1.0659
19   H                1.3371              -0.4704               2.0471
20   H                3.0048               1.2094              -0.9098
21   H                2.9786              -0.4852              -1.4280


Energy:                 -383.642885 Convergence criteria  Is converged 
Maximum Force:             0.006300     0.002850  No
RMS Force:                 0.003765     0.001900  No
Maximum Displacement:      0.001264     0.003150  Yes
RMS Displacement:          0.000757     0.002100  Yes

----------------------------------------------------------------------
                         Iteration: 160 [SD]                          


                             Coordinates                              
----------------------------------------------------------------------
0    C               -0.9069              -0.5185               0.4575
1    C                1.3976               0.1394              -0.0274
2    C               -1.2647               0.9493               0.7574
3    C                2.0584              -0.4077               1.2292
4    C                2.3567               0.3739              -1.1802
5    N                0.2632              -0.7060              -0.4059
6    N               -2.0879              -1.1139              -0.1766
7    O               -1.8162               1.5543              -0.3918
8    H               -2.4858               0.9198              -0.6896
9    H               -0.0008              -0.4956              -1.3629
10   H               -0.7087              -1.0280               1.4046
11   H                1.0377               1.1399               0.2113
12   H               -2.4420              -1.9004               0.3470
13   H               -1.8672              -1.4507              -1.1043
14   H               -0.4033               1.5477               1.0431
15   H               -1.9550               0.9794               1.6073
16   H                2.8601               0.2559               1.5542
17   H                1.7992               0.6801              -2.0687
18   H                2.4642              -1.4074               1.0654
19   H                1.3374              -0.4704               2.0472
20   H                3.0057               1.2088              -0.9104
21   H                2.9782              -0.4861              -1.4279


Energy:                 -383.642947 Convergence criteria  Is converged 
Maximum Force:             0.006283     0.002850  No
RMS Force:                 0.003743     0.001900  No
Maximum Displacement:      0.001260     0.003150  Yes
RMS Displacement:          0.000753     0.002100  Yes

----------------------------------------------------------------------
                         Iteration: 161 [SD]                          


                             Coordinates                              
----------------------------------------------------------------------
0    C               -0.9070              -0.5184               0.4576
1    C                1.3977               0.1399              -0.0273
2    C               -1.2654               0.9491               0.7576
3    C                2.0587              -0.4076               1.2291
4    C                2.3569               0.3736              -1.1802
5    N                0.2631              -0.7053              -0.4058
6    N               -2.0878              -1.1142              -0.1766
7    O               -1.8164               1.5544              -0.3918
8    H               -2.4861               0.9203              -0.6900
9    H               -0.0010              -0.4944              -1.3627
10   H               -0.7088              -1.0277               1.4048
11   H                1.0384               1.1407               0.2114
12   H               -2.4420              -1.9005               0.3471
13   H               -1.8668              -1.4513              -1.1042
14   H               -0.4040               1.5473               1.0438
15   H               -1.9563               0.9787               1.6069
16   H                2.8605               0.2557               1.5542
17   H                1.7996               0.6798              -2.0689
18   H                2.4642              -1.4072               1.0649
19   H                1.3378              -0.4704               2.0472
20   H                3.0066               1.2081              -0.9109
21   H                2.9778              -0.4869              -1.4277


Energy:                 -383.643008 Convergence criteria  Is converged 
Maximum Force:             0.006265     0.002850  No
RMS Force:                 0.003722     0.001900  No
Maximum Displacement:      0.001257     0.003150  Yes
RMS Displacement:          0.000749     0.002100  Yes

----------------------------------------------------------------------
                         Iteration: 162 [SD]                          


                             Coordinates                              
----------------------------------------------------------------------
0    C               -0.9072              -0.5183               0.4577
1    C                1.3979               0.1404              -0.0272
2    C               -1.2661               0.9489               0.7577
3    C                2.0589              -0.4075               1.2290
4    C                2.3571               0.3733              -1.1803
5    N                0.2631              -0.7046              -0.4058
6    N               -2.0876              -1.1144              -0.1767
7    O               -1.8165               1.5545              -0.3917
8    H               -2.4864               0.9208              -0.6903
9    H               -0.0012              -0.4931              -1.3625
10   H               -0.7088              -1.0274               1.4049
11   H                1.0390               1.1414               0.2115
12   H               -2.4419              -1.9006               0.3472
13   H               -1.8664              -1.4519              -1.1041
14   H               -0.4047               1.5469               1.0446
15   H               -1.9575               0.9781               1.6066
16   H                2.8610               0.2556               1.5542
17   H                1.8000               0.6795              -2.0691
18   H                2.4643              -1.4071               1.0644
19   H                1.3382              -0.4704               2.0472
20   H                3.0074               1.2074              -0.9114
21   H                2.9773              -0.4878              -1.4276


Energy:                 -383.643069 Convergence criteria  Is converged 
Maximum Force:             0.006248     0.002850  No
RMS Force:                 0.003701     0.001900  No
Maximum Displacement:      0.001253     0.003150  Yes
RMS Displacement:          0.000744     0.002100  Yes

----------------------------------------------------------------------
                         Iteration: 163 [SD]                          


                             Coordinates                              
----------------------------------------------------------------------
0    C               -0.9074              -0.5181               0.4577
1    C                1.3981               0.1409              -0.0271
2    C               -1.2668               0.9487               0.7578
3    C                2.0592              -0.4073               1.2290
4    C                2.3573               0.3730              -1.1804
5    N                0.2630              -0.7038              -0.4057
6    N               -2.0875              -1.1147              -0.1768
7    O               -1.8167               1.5547              -0.3917
8    H               -2.4867               0.9212              -0.6906
9    H               -0.0013              -0.4919              -1.3622
10   H               -0.7089              -1.0271               1.4050
11   H                1.0396               1.1422               0.2116
12   H               -2.4419              -1.9008               0.3474
13   H               -1.8659              -1.4525              -1.1040
14   H               -0.4055               1.5465               1.0454
15   H               -1.9587               0.9775               1.6063
16   H                2.8615               0.2554               1.5542
17   H                1.8003               0.6792              -2.0693
18   H                2.4643              -1.4070               1.0638
19   H                1.3386              -0.4704               2.0472
20   H                3.0083               1.2067              -0.9119
21   H                2.9769              -0.4886              -1.4274


Energy:                 -383.643129 Convergence criteria  Is converged 
Maximum Force:             0.006231     0.002850  No
RMS Force:                 0.003680     0.001900  No
Maximum Displacement:      0.001250     0.003150  Yes
RMS Displacement:          0.000740     0.002100  Yes

----------------------------------------------------------------------
                         Iteration: 164 [SD]                          


                             Coordinates                              
----------------------------------------------------------------------
0    C               -0.9075              -0.5180               0.4578
1    C                1.3982               0.1414              -0.0270
2    C               -1.2674               0.9486               0.7580
3    C                2.0594              -0.4072               1.2289
4    C                2.3575               0.3727              -1.1805
5    N                0.2629              -0.7031              -0.4057
6    N               -2.0874              -1.1150              -0.1769
7    O               -1.8168               1.5548              -0.3917
8    H               -2.4870               0.9217              -0.6909
9    H               -0.0015              -0.4906              -1.3620
10   H               -0.7089              -1.0269               1.4052
11   H                1.0402               1.1429               0.2118
12   H               -2.4418              -1.9009               0.3475
13   H               -1.8655              -1.4531              -1.1039
14   H               -0.4062               1.5461               1.0462
15   H               -1.9599               0.9768               1.6061
16   H                2.8619               0.2553               1.5542
17   H                1.8007               0.6789              -2.0694
18   H                2.4644              -1.4069               1.0633
19   H                1.3390              -0.4704               2.0473
20   H                3.0092               1.2060              -0.9125
21   H                2.9765              -0.4894              -1.4273


Energy:                 -383.643189 Convergence criteria  Is converged 
Maximum Force:             0.006213     0.002850  No
RMS Force:                 0.003660     0.001900  No
Maximum Displacement:      0.001246     0.003150  Yes
RMS Displacement:          0.000736     0.002100  Yes

----------------------------------------------------------------------
                         Iteration: 165 [SD]                          


                             Coordinates                              
----------------------------------------------------------------------
0    C               -0.9076              -0.5179               0.4578
1    C                1.3983               0.1419              -0.0269
2    C               -1.2681               0.9484               0.7581
3    C                2.0597              -0.4070               1.2288
4    C                2.3577               0.3724              -1.1806
5    N                0.2629              -0.7023              -0.4056
6    N               -2.0873              -1.1153              -0.1769
7    O               -1.8170               1.5550              -0.3916
8    H               -2.4873               0.9221              -0.6912
9    H               -0.0017              -0.4894              -1.3618
10   H               -0.7089              -1.0266               1.4053
11   H                1.0409               1.1437               0.2119
12   H               -2.4418              -1.9010               0.3476
13   H               -1.8651              -1.4537              -1.1037
14   H               -0.4069               1.5457               1.0469
15   H               -1.9611               0.9762               1.6058
16   H                2.8624               0.2551               1.5542
17   H                1.8010               0.6786              -2.0696
18   H                2.4644              -1.4067               1.0628
19   H                1.3394              -0.4704               2.0473
20   H                3.0100               1.2053              -0.9130
21   H                2.9760              -0.4903              -1.4271


Energy:                 -383.643247 Convergence criteria  Is converged 
Maximum Force:             0.006196     0.002850  No
RMS Force:                 0.003640     0.001900  No
Maximum Displacement:      0.001243     0.003150  Yes
RMS Displacement:          0.000732     0.002100  Yes

----------------------------------------------------------------------
                         Iteration: 166 [SD]                          


                             Coordinates                              
----------------------------------------------------------------------
0    C               -0.9078              -0.5178               0.4579
1    C                1.3985               0.1424              -0.0268
2    C               -1.2687               0.9482               0.7582
3    C                2.0599              -0.4069               1.2287
4    C                2.3579               0.3721              -1.1807
5    N                0.2628              -0.7016              -0.4056
6    N               -2.0872              -1.1156              -0.1770
7    O               -1.8171               1.5551              -0.3916
8    H               -2.4875               0.9226              -0.6916
9    H               -0.0019              -0.4881              -1.3616
10   H               -0.7089              -1.0263               1.4054
11   H                1.0415               1.1444               0.2120
12   H               -2.4417              -1.9012               0.3478
13   H               -1.8647              -1.4543              -1.1036
14   H               -0.4077               1.5454               1.0477
15   H               -1.9623               0.9756               1.6055
16   H                2.8628               0.2550               1.5542
17   H                1.8014               0.6783              -2.0698
18   H                2.4645              -1.4066               1.0623
19   H                1.3398              -0.4705               2.0473
20   H                3.0109               1.2047              -0.9135
21   H                2.9756              -0.4911              -1.4269


Energy:                 -383.643305 Convergence criteria  Is converged 
Maximum Force:             0.006179     0.002850  No
RMS Force:                 0.003620     0.001900  No
Maximum Displacement:      0.001239     0.003150  Yes
RMS Displacement:          0.000728     0.002100  Yes

----------------------------------------------------------------------
                         Iteration: 167 [SD]                          


                             Coordinates                              
----------------------------------------------------------------------
0    C               -0.9079              -0.5177               0.4580
1    C                1.3986               0.1429              -0.0267
2    C               -1.2694               0.9481               0.7584
3    C                2.0601              -0.4068               1.2286
4    C                2.3581               0.3718              -1.1807
5    N                0.2628              -0.7009              -0.4055
6    N               -2.0871              -1.1159              -0.1771
7    O               -1.8173               1.5552              -0.3915
8    H               -2.4878               0.9230              -0.6919
9    H               -0.0020              -0.4869              -1.3614
10   H               -0.7090              -1.0261               1.4055
11   H                1.0420               1.1451               0.2121
12   H               -2.4416              -1.9013               0.3479
13   H               -1.8643              -1.4549              -1.1035
14   H               -0.4084               1.5450               1.0485
15   H               -1.9635               0.9750               1.6052
16   H                2.8633               0.2548               1.5542
17   H                1.8017               0.6780              -2.0700
18   H                2.4645              -1.4065               1.0618
19   H                1.3401              -0.4705               2.0473
20   H                3.0117               1.2040              -0.9140
21   H                2.9752              -0.4919              -1.4268


Energy:                 -383.643363 Convergence criteria  Is converged 
Maximum Force:             0.006162     0.002850  No
RMS Force:                 0.003601     0.001900  No
Maximum Displacement:      0.001236     0.003150  Yes
RMS Displacement:          0.000724     0.002100  Yes

----------------------------------------------------------------------
                         Iteration: 168 [SD]                          


                             Coordinates                              
----------------------------------------------------------------------
0    C               -0.9081              -0.5176               0.4580
1    C                1.3988               0.1434              -0.0266
2    C               -1.2700               0.9479               0.7585
3    C                2.0603              -0.4066               1.2285
4    C                2.3583               0.3715              -1.1808
5    N                0.2627              -0.7002              -0.4055
6    N               -2.0870              -1.1162              -0.1772
7    O               -1.8174               1.5554              -0.3915
8    H               -2.4881               0.9235              -0.6922
9    H               -0.0022              -0.4857              -1.3612
10   H               -0.7090              -1.0258               1.4056
11   H                1.0426               1.1458               0.2123
12   H               -2.4416              -1.9015               0.3480
13   H               -1.8639              -1.4555              -1.1034
14   H               -0.4091               1.5447               1.0492
15   H               -1.9647               0.9744               1.6049
16   H                2.8637               0.2547               1.5542
17   H                1.8021               0.6777              -2.0702
18   H                2.4646              -1.4063               1.0614
19   H                1.3405              -0.4705               2.0473
20   H                3.0126               1.2033              -0.9145
21   H                2.9747              -0.4928              -1.4266


Energy:                 -383.643420 Convergence criteria  Is converged 
Maximum Force:             0.006145     0.002850  No
RMS Force:                 0.003582     0.001900  No
Maximum Displacement:      0.001232     0.003150  Yes
RMS Displacement:          0.000720     0.002100  Yes

----------------------------------------------------------------------
                         Iteration: 169 [SD]                          


                             Coordinates                              
----------------------------------------------------------------------
0    C               -0.9082              -0.5175               0.4581
1    C                1.3989               0.1439              -0.0265
2    C               -1.2707               0.9478               0.7587
3    C                2.0606              -0.4065               1.2285
4    C                2.3585               0.3712              -1.1809
5    N                0.2626              -0.6995              -0.4054
6    N               -2.0869              -1.1165              -0.1772
7    O               -1.8175               1.5555              -0.3914
8    H               -2.4883               0.9239              -0.6925
9    H               -0.0024              -0.4844              -1.3610
10   H               -0.7090              -1.0256               1.4057
11   H                1.0432               1.1465               0.2124
12   H               -2.4415              -1.9016               0.3481
13   H               -1.8634              -1.4562              -1.1033
14   H               -0.4098               1.5444               1.0500
15   H               -1.9659               0.9738               1.6046
16   H                2.8641               0.2545               1.5542
17   H                1.8024               0.6774              -2.0703
18   H                2.4646              -1.4062               1.0609
19   H                1.3409              -0.4705               2.0474
20   H                3.0134               1.2026              -0.9150
21   H                2.9743              -0.4936              -1.4265


Energy:                 -383.643476 Convergence criteria  Is converged 
Maximum Force:             0.006129     0.002850  No
RMS Force:                 0.003563     0.001900  No
Maximum Displacement:      0.001229     0.003150  Yes
RMS Displacement:          0.000716     0.002100  Yes

----------------------------------------------------------------------
                         Iteration: 170 [SD]                          


                             Coordinates                              
----------------------------------------------------------------------
0    C               -0.9083              -0.5174               0.4581
1    C                1.3990               0.1444              -0.0264
2    C               -1.2713               0.9476               0.7588
3    C                2.0608              -0.4064               1.2284
4    C                2.3586               0.3709              -1.1810
5    N                0.2626              -0.6987              -0.4054
6    N               -2.0867              -1.1168              -0.1773
7    O               -1.8177               1.5557              -0.3914
8    H               -2.4886               0.9244              -0.6928
9    H               -0.0026              -0.4832              -1.3609
10   H               -0.7090              -1.0254               1.4058
11   H                1.0438               1.1472               0.2125
12   H               -2.4415              -1.9017               0.3483
13   H               -1.8630              -1.4568              -1.1031
14   H               -0.4106               1.5441               1.0508
15   H               -1.9671               0.9732               1.6043
16   H                2.8646               0.2544               1.5541
17   H                1.8028               0.6771              -2.0705
18   H                2.4646              -1.4061               1.0604
19   H                1.3413              -0.4705               2.0474
20   H                3.0143               1.2019              -0.9155
21   H                2.9738              -0.4944              -1.4263


Energy:                 -383.643532 Convergence criteria  Is converged 
Maximum Force:             0.006112     0.002850  No
RMS Force:                 0.003545     0.001900  No
Maximum Displacement:      0.001226     0.003150  Yes
RMS Displacement:          0.000713     0.002100  Yes

----------------------------------------------------------------------
                         Iteration: 171 [SD]                          


                             Coordinates                              
----------------------------------------------------------------------
0    C               -0.9085              -0.5173               0.4582
1    C                1.3992               0.1449              -0.0263
2    C               -1.2719               0.9475               0.7590
3    C                2.0610              -0.4062               1.2283
4    C                2.3588               0.3706              -1.1810
5    N                0.2625              -0.6980              -0.4053
6    N               -2.0866              -1.1170              -0.1774
7    O               -1.8178               1.5558              -0.3914
8    H               -2.4888               0.9248              -0.6931
9    H               -0.0027              -0.4820              -1.3607
10   H               -0.7090              -1.0251               1.4059
11   H                1.0443               1.1479               0.2127
12   H               -2.4414              -1.9019               0.3484
13   H               -1.8626              -1.4574              -1.1030
14   H               -0.4113               1.5437               1.0515
15   H               -1.9682               0.9726               1.6040
16   H                2.8650               0.2543               1.5541
17   H                1.8031               0.6768              -2.0707
18   H                2.4647              -1.4060               1.0599
19   H                1.3416              -0.4705               2.0474
20   H                3.0151               1.2013              -0.9160
21   H                2.9734              -0.4952              -1.4261


Energy:                 -383.643587 Convergence criteria  Is converged 
Maximum Force:             0.006095     0.002850  No
RMS Force:                 0.003527     0.001900  No
Maximum Displacement:      0.001222     0.003150  Yes
RMS Displacement:          0.000709     0.002100  Yes

----------------------------------------------------------------------
                         Iteration: 172 [SD]                          


                             Coordinates                              
----------------------------------------------------------------------
0    C               -0.9086              -0.5171               0.4582
1    C                1.3993               0.1454              -0.0262
2    C               -1.2726               0.9473               0.7591
3    C                2.0612              -0.4061               1.2282
4    C                2.3590               0.3703              -1.1811
5    N                0.2625              -0.6973              -0.4053
6    N               -2.0865              -1.1173              -0.1775
7    O               -1.8179               1.5559              -0.3913
8    H               -2.4891               0.9252              -0.6934
9    H               -0.0029              -0.4808              -1.3605
10   H               -0.7090              -1.0249               1.4060
11   H                1.0449               1.1486               0.2128
12   H               -2.4413              -1.9020               0.3485
13   H               -1.8622              -1.4580              -1.1029
14   H               -0.4120               1.5434               1.0523
15   H               -1.9694               0.9720               1.6038
16   H                2.8654               0.2541               1.5541
17   H                1.8035               0.6765              -2.0709
18   H                2.4647              -1.4058               1.0594
19   H                1.3420              -0.4705               2.0474
20   H                3.0159               1.2006              -0.9164
21   H                2.9729              -0.4960              -1.4259


Energy:                 -383.643642 Convergence criteria  Is converged 
Maximum Force:             0.006079     0.002850  No
RMS Force:                 0.003509     0.001900  No
Maximum Displacement:      0.001219     0.003150  Yes
RMS Displacement:          0.000705     0.002100  Yes

----------------------------------------------------------------------
                         Iteration: 173 [SD]                          


                             Coordinates                              
----------------------------------------------------------------------
0    C               -0.9087              -0.5170               0.4583
1    C                1.3994               0.1459              -0.0261
2    C               -1.2732               0.9472               0.7592
3    C                2.0615              -0.4060               1.2281
4    C                2.3592               0.3701              -1.1812
5    N                0.2624              -0.6966              -0.4053
6    N               -2.0864              -1.1176              -0.1776
7    O               -1.8181               1.5561              -0.3913
8    H               -2.4893               0.9257              -0.6937
9    H               -0.0031              -0.4796              -1.3603
10   H               -0.7090              -1.0247               1.4061
11   H                1.0454               1.1493               0.2129
12   H               -2.4413              -1.9021               0.3486
13   H               -1.8617              -1.4586              -1.1028
14   H               -0.4128               1.5432               1.0530
15   H               -1.9705               0.9715               1.6035
16   H                2.8659               0.2540               1.5540
17   H                1.8038               0.6763              -2.0710
18   H                2.4647              -1.4057               1.0589
19   H                1.3424              -0.4705               2.0475
20   H                3.0167               1.1999              -0.9169
21   H                2.9725              -0.4969              -1.4258


Energy:                 -383.643696 Convergence criteria  Is converged 
Maximum Force:             0.006062     0.002850  No
RMS Force:                 0.003491     0.001900  No
Maximum Displacement:      0.001216     0.003150  Yes
RMS Displacement:          0.000702     0.002100  Yes

----------------------------------------------------------------------
                         Iteration: 174 [SD]                          


                             Coordinates                              
----------------------------------------------------------------------
0    C               -0.9088              -0.5169               0.4583
1    C                1.3996               0.1464              -0.0260
2    C               -1.2738               0.9470               0.7594
3    C                2.0617              -0.4058               1.2280
4    C                2.3593               0.3698              -1.1812
5    N                0.2623              -0.6959              -0.4052
6    N               -2.0862              -1.1179              -0.1776
7    O               -1.8182               1.5562              -0.3912
8    H               -2.4895               0.9261              -0.6940
9    H               -0.0033              -0.4784              -1.3601
10   H               -0.7090              -1.0245               1.4062
11   H                1.0460               1.1500               0.2130
12   H               -2.4412              -1.9022               0.3488
13   H               -1.8613              -1.4592              -1.1027
14   H               -0.4135               1.5429               1.0538
15   H               -1.9717               0.9709               1.6032
16   H                2.8663               0.2538               1.5540
17   H                1.8041               0.6760              -2.0712
18   H                2.4648              -1.4056               1.0584
19   H                1.3427              -0.4705               2.0475
20   H                3.0175               1.1992              -0.9174
21   H                2.9720              -0.4977              -1.4256


Energy:                 -383.643749 Convergence criteria  Is converged 
Maximum Force:             0.006046     0.002850  No
RMS Force:                 0.003474     0.001900  No
Maximum Displacement:      0.001212     0.003150  Yes
RMS Displacement:          0.000698     0.002100  Yes

----------------------------------------------------------------------
                         Iteration: 175 [SD]                          


                             Coordinates                              
----------------------------------------------------------------------
0    C               -0.9089              -0.5168               0.4584
1    C                1.3997               0.1468              -0.0259
2    C               -1.2744               0.9469               0.7595
3    C                2.0619              -0.4057               1.2279
4    C                2.3595               0.3695              -1.1813
5    N                0.2623              -0.6952              -0.4052
6    N               -2.0861              -1.1182              -0.1777
7    O               -1.8183               1.5563              -0.3912
8    H               -2.4898               0.9265              -0.6943
9    H               -0.0034              -0.4771              -1.3599
10   H               -0.7089              -1.0243               1.4063
11   H                1.0465               1.1506               0.2132
12   H               -2.4411              -1.9024               0.3489
13   H               -1.8609              -1.4598              -1.1026
14   H               -0.4142               1.5426               1.0546
15   H               -1.9728               0.9703               1.6029
16   H                2.8667               0.2537               1.5540
17   H                1.8045               0.6757              -2.0714
18   H                2.4648              -1.4055               1.0579
19   H                1.3431              -0.4705               2.0475
20   H                3.0184               1.1986              -0.9179
21   H                2.9716              -0.4985              -1.4254


Energy:                 -383.643802 Convergence criteria  Is converged 
Maximum Force:             0.006030     0.002850  No
RMS Force:                 0.003457     0.001900  No
Maximum Displacement:      0.001209     0.003150  Yes
RMS Displacement:          0.000695     0.002100  Yes

----------------------------------------------------------------------
                         Iteration: 176 [SD]                          


                             Coordinates                              
----------------------------------------------------------------------
0    C               -0.9091              -0.5167               0.4584
1    C                1.3998               0.1473              -0.0258
2    C               -1.2750               0.9468               0.7597
3    C                2.0621              -0.4056               1.2278
4    C                2.3597               0.3692              -1.1814
5    N                0.2622              -0.6945              -0.4052
6    N               -2.0860              -1.1184              -0.1778
7    O               -1.8184               1.5565              -0.3911
8    H               -2.4900               0.9269              -0.6946
9    H               -0.0036              -0.4759              -1.3598
10   H               -0.7089              -1.0241               1.4064
11   H                1.0470               1.1513               0.2133
12   H               -2.4411              -1.9025               0.3490
13   H               -1.8604              -1.4605              -1.1024
14   H               -0.4149               1.5423               1.0553
15   H               -1.9740               0.9698               1.6027
16   H                2.8671               0.2536               1.5539
17   H                1.8048               0.6754              -2.0715
18   H                2.4648              -1.4054               1.0575
19   H                1.3434              -0.4705               2.0476
20   H                3.0192               1.1979              -0.9183
21   H                2.9711              -0.4993              -1.4253


Energy:                 -383.643855 Convergence criteria  Is converged 
Maximum Force:             0.006014     0.002850  No
RMS Force:                 0.003440     0.001900  No
Maximum Displacement:      0.001206     0.003150  Yes
RMS Displacement:          0.000691     0.002100  Yes

----------------------------------------------------------------------
                         Iteration: 177 [SD]                          


                             Coordinates                              
----------------------------------------------------------------------
0    C               -0.9092              -0.5166               0.4585
1    C                1.3999               0.1478              -0.0257
2    C               -1.2756               0.9466               0.7598
3    C                2.0623              -0.4055               1.2278
4    C                2.3598               0.3689              -1.1814
5    N                0.2622              -0.6939              -0.4051
6    N               -2.0859              -1.1187              -0.1779
7    O               -1.8186               1.5566              -0.3911
8    H               -2.4902               0.9274              -0.6948
9    H               -0.0038              -0.4747              -1.3596
10   H               -0.7089              -1.0239               1.4065
11   H                1.0476               1.1520               0.2134
12   H               -2.4410              -1.9026               0.3491
13   H               -1.8600              -1.4611              -1.1023
14   H               -0.4156               1.5421               1.0561
15   H               -1.9751               0.9692               1.6024
16   H                2.8675               0.2534               1.5539
17   H                1.8051               0.6751              -2.0717
18   H                2.4649              -1.4052               1.0570
19   H                1.3438              -0.4704               2.0476
20   H                3.0200               1.1972              -0.9188
21   H                2.9707              -0.5001              -1.4251


Energy:                 -383.643907 Convergence criteria  Is converged 
Maximum Force:             0.005998     0.002850  No
RMS Force:                 0.003424     0.001900  No
Maximum Displacement:      0.001203     0.003150  Yes
RMS Displacement:          0.000688     0.002100  Yes

----------------------------------------------------------------------
                         Iteration: 178 [SD]                          


                             Coordinates                              
----------------------------------------------------------------------
0    C               -0.9093              -0.5165               0.4585
1    C                1.4001               0.1482              -0.0256
2    C               -1.2762               0.9465               0.7600
3    C                2.0625              -0.4053               1.2277
4    C                2.3600               0.3686              -1.1815
5    N                0.2621              -0.6932              -0.4051
6    N               -2.0857              -1.1190              -0.1780
7    O               -1.8187               1.5567              -0.3910
8    H               -2.4904               0.9278              -0.6951
9    H               -0.0040              -0.4735              -1.3594
10   H               -0.7089              -1.0237               1.4065
11   H                1.0481               1.1526               0.2135
12   H               -2.4409              -1.9027               0.3492
13   H               -1.8595              -1.4617              -1.1022
14   H               -0.4164               1.5418               1.0568
15   H               -1.9762               0.9687               1.6021
16   H                2.8680               0.2533               1.5539
17   H                1.8055               0.6749              -2.0718
18   H                2.4649              -1.4051               1.0565
19   H                1.3442              -0.4704               2.0476
20   H                3.0208               1.1966              -0.9192
21   H                2.9702              -0.5009              -1.4249


Energy:                 -383.643958 Convergence criteria  Is converged 
Maximum Force:             0.005982     0.002850  No
RMS Force:                 0.003407     0.001900  No
Maximum Displacement:      0.001200     0.003150  Yes
RMS Displacement:          0.000685     0.002100  Yes

----------------------------------------------------------------------
                         Iteration: 179 [SD]                          


                             Coordinates                              
----------------------------------------------------------------------
0    C               -0.9094              -0.5164               0.4586
1    C                1.4002               0.1487              -0.0255
2    C               -1.2768               0.9464               0.7601
3    C                2.0627              -0.4052               1.2276
4    C                2.3602               0.3683              -1.1816
5    N                0.2620              -0.6925              -0.4051
6    N               -2.0856              -1.1193              -0.1780
7    O               -1.8188               1.5569              -0.3910
8    H               -2.4907               0.9282              -0.6954
9    H               -0.0042              -0.4723              -1.3592
10   H               -0.7088              -1.0235               1.4066
11   H                1.0486               1.1533               0.2136
12   H               -2.4409              -1.9028               0.3494
13   H               -1.8591              -1.4623              -1.1021
14   H               -0.4171               1.5416               1.0575
15   H               -1.9773               0.9682               1.6019
16   H                2.8684               0.2532               1.5538
17   H                1.8058               0.6746              -2.0720
18   H                2.4649              -1.4050               1.0560
19   H                1.3445              -0.4704               2.0476
20   H                3.0216               1.1959              -0.9197
21   H                2.9698              -0.5017              -1.4247


Energy:                 -383.644009 Convergence criteria  Is converged 
Maximum Force:             0.005966     0.002850  No
RMS Force:                 0.003391     0.001900  No
Maximum Displacement:      0.001196     0.003150  Yes
RMS Displacement:          0.000681     0.002100  Yes

----------------------------------------------------------------------
                         Iteration: 180 [SD]                          


                             Coordinates                              
----------------------------------------------------------------------
0    C               -0.9095              -0.5163               0.4586
1    C                1.4003               0.1492              -0.0254
2    C               -1.2774               0.9462               0.7603
3    C                2.0629              -0.4051               1.2275
4    C                2.3603               0.3681              -1.1816
5    N                0.2620              -0.6918              -0.4051
6    N               -2.0855              -1.1195              -0.1781
7    O               -1.8189               1.5570              -0.3909
8    H               -2.4909               0.9286              -0.6957
9    H               -0.0043              -0.4711              -1.3591
10   H               -0.7088              -1.0233               1.4067
11   H                1.0491               1.1539               0.2138
12   H               -2.4408              -1.9030               0.3495
13   H               -1.8586              -1.4629              -1.1019
14   H               -0.4178               1.5413               1.0583
15   H               -1.9784               0.9676               1.6016
16   H                2.8688               0.2530               1.5538
17   H                1.8061               0.6743              -2.0722
18   H                2.4649              -1.4049               1.0556
19   H                1.3449              -0.4704               2.0477
20   H                3.0223               1.1952              -0.9201
21   H                2.9693              -0.5025              -1.4245


Energy:                 -383.644059 Convergence criteria  Is converged 
Maximum Force:             0.005950     0.002850  No
RMS Force:                 0.003375     0.001900  No
Maximum Displacement:      0.001193     0.003150  Yes
RMS Displacement:          0.000678     0.002100  Yes

----------------------------------------------------------------------
                         Iteration: 181 [SD]                          


                             Coordinates                              
----------------------------------------------------------------------
0    C               -0.9096              -0.5162               0.4587
1    C                1.4004               0.1496              -0.0253
2    C               -1.2780               0.9461               0.7604
3    C                2.0631              -0.4049               1.2274
4    C                2.3605               0.3678              -1.1817
5    N                0.2619              -0.6912              -0.4051
6    N               -2.0854              -1.1198              -0.1782
7    O               -1.8190               1.5571              -0.3909
8    H               -2.4911               0.9290              -0.6960
9    H               -0.0045              -0.4700              -1.3589
10   H               -0.7088              -1.0231               1.4067
11   H                1.0496               1.1545               0.2139
12   H               -2.4407              -1.9031               0.3496
13   H               -1.8582              -1.4635              -1.1018
14   H               -0.4185               1.5411               1.0590
15   H               -1.9795               0.9671               1.6013
16   H                2.8692               0.2529               1.5537
17   H                1.8064               0.6740              -2.0723
18   H                2.4650              -1.4048               1.0551
19   H                1.3452              -0.4704               2.0477
20   H                3.0231               1.1946              -0.9206
21   H                2.9689              -0.5033              -1.4244


Energy:                 -383.644109 Convergence criteria  Is converged 
Maximum Force:             0.005934     0.002850  No
RMS Force:                 0.003359     0.001900  No
Maximum Displacement:      0.001190     0.003150  Yes
RMS Displacement:          0.000675     0.002100  Yes

----------------------------------------------------------------------
                         Iteration: 182 [SD]                          


                             Coordinates                              
----------------------------------------------------------------------
0    C               -0.9097              -0.5161               0.4587
1    C                1.4005               0.1501              -0.0252
2    C               -1.2786               0.9460               0.7606
3    C                2.0633              -0.4048               1.2273
4    C                2.3606               0.3675              -1.1817
5    N                0.2618              -0.6905              -0.4051
6    N               -2.0852              -1.1201              -0.1783
7    O               -1.8191               1.5573              -0.3908
8    H               -2.4913               0.9294              -0.6963
9    H               -0.0047              -0.4688              -1.3587
10   H               -0.7087              -1.0229               1.4068
11   H                1.0501               1.1552               0.2140
12   H               -2.4407              -1.9032               0.3497
13   H               -1.8577              -1.4641              -1.1017
14   H               -0.4192               1.5409               1.0598
15   H               -1.9806               0.9666               1.6011
16   H                2.8696               0.2528               1.5537
17   H                1.8067               0.6738              -2.0725
18   H                2.4650              -1.4046               1.0546
19   H                1.3456              -0.4704               2.0477
20   H                3.0239               1.1939              -0.9210
21   H                2.9684              -0.5040              -1.4242


Energy:                 -383.644159 Convergence criteria  Is converged 
Maximum Force:             0.005918     0.002850  No
RMS Force:                 0.003344     0.001900  No
Maximum Displacement:      0.001187     0.003150  Yes
RMS Displacement:          0.000672     0.002100  Yes

----------------------------------------------------------------------
                         Iteration: 183 [SD]                          


                             Coordinates                              
----------------------------------------------------------------------
0    C               -0.9098              -0.5160               0.4588
1    C                1.4006               0.1505              -0.0251
2    C               -1.2792               0.9458               0.7607
3    C                2.0635              -0.4047               1.2272
4    C                2.3608               0.3672              -1.1818
5    N                0.2618              -0.6898              -0.4050
6    N               -2.0851              -1.1203              -0.1784
7    O               -1.8193               1.5574              -0.3908
8    H               -2.4915               0.9298              -0.6965
9    H               -0.0049              -0.4676              -1.3586
10   H               -0.7087              -1.0228               1.4069
11   H                1.0505               1.1558               0.2141
12   H               -2.4406              -1.9033               0.3498
13   H               -1.8573              -1.4648              -1.1016
14   H               -0.4199               1.5407               1.0605
15   H               -1.9817               0.9660               1.6008
16   H                2.8700               0.2526               1.5536
17   H                1.8071               0.6735              -2.0726
18   H                2.4650              -1.4045               1.0542
19   H                1.3459              -0.4704               2.0478
20   H                3.0247               1.1932              -0.9215
21   H                2.9679              -0.5048              -1.4240


Energy:                 -383.644208 Convergence criteria  Is converged 
Maximum Force:             0.005903     0.002850  No
RMS Force:                 0.003329     0.001900  No
Maximum Displacement:      0.001184     0.003150  Yes
RMS Displacement:          0.000669     0.002100  Yes

----------------------------------------------------------------------
                         Iteration: 184 [SD]                          


                             Coordinates                              
----------------------------------------------------------------------
0    C               -0.9099              -0.5159               0.4588
1    C                1.4007               0.1510              -0.0250
2    C               -1.2798               0.9457               0.7608
3    C                2.0637              -0.4046               1.2271
4    C                2.3609               0.3669              -1.1819
5    N                0.2617              -0.6892              -0.4050
6    N               -2.0850              -1.1206              -0.1785
7    O               -1.8194               1.5575              -0.3907
8    H               -2.4917               0.9302              -0.6968
9    H               -0.0050              -0.4664              -1.3584
10   H               -0.7086              -1.0226               1.4069
11   H                1.0510               1.1564               0.2143
12   H               -2.4405              -1.9034               0.3499
13   H               -1.8568              -1.4654              -1.1014
14   H               -0.4207               1.5404               1.0612
15   H               -1.9828               0.9655               1.6006
16   H                2.8704               0.2525               1.5536
17   H                1.8074               0.6732              -2.0728
18   H                2.4650              -1.4044               1.0537
19   H                1.3463              -0.4704               2.0478
20   H                3.0255               1.1926              -0.9219
21   H                2.9675              -0.5056              -1.4238


Energy:                 -383.644257 Convergence criteria  Is converged 
Maximum Force:             0.005887     0.002850  No
RMS Force:                 0.003313     0.001900  No
Maximum Displacement:      0.001181     0.003150  Yes
RMS Displacement:          0.000666     0.002100  Yes

----------------------------------------------------------------------
                         Iteration: 185 [SD]                          


                             Coordinates                              
----------------------------------------------------------------------
0    C               -0.9100              -0.5158               0.4588
1    C                1.4008               0.1514              -0.0250
2    C               -1.2803               0.9456               0.7610
3    C                2.0639              -0.4045               1.2271
4    C                2.3611               0.3667              -1.1819
5    N                0.2617              -0.6885              -0.4050
6    N               -2.0848              -1.1209              -0.1785
7    O               -1.8195               1.5577              -0.3907
8    H               -2.4919               0.9306              -0.6971
9    H               -0.0052              -0.4652              -1.3582
10   H               -0.7086              -1.0224               1.4070
11   H                1.0515               1.1570               0.2144
12   H               -2.4404              -1.9035               0.3501
13   H               -1.8564              -1.4660              -1.1013
14   H               -0.4214               1.5402               1.0620
15   H               -1.9838               0.9650               1.6003
16   H                2.8707               0.2524               1.5535
17   H                1.8077               0.6730              -2.0729
18   H                2.4651              -1.4043               1.0533
19   H                1.3466              -0.4704               2.0478
20   H                3.0262               1.1919              -0.9223
21   H                2.9670              -0.5064              -1.4236


Energy:                 -383.644305 Convergence criteria  Is converged 
Maximum Force:             0.005872     0.002850  No
RMS Force:                 0.003299     0.001900  No
Maximum Displacement:      0.001177     0.003150  Yes
RMS Displacement:          0.000663     0.002100  Yes

----------------------------------------------------------------------
                         Iteration: 186 [SD]                          


                             Coordinates                              
----------------------------------------------------------------------
0    C               -0.9101              -0.5157               0.4589
1    C                1.4009               0.1519              -0.0249
2    C               -1.2809               0.9455               0.7611
3    C                2.0641              -0.4043               1.2270
4    C                2.3612               0.3664              -1.1820
5    N                0.2616              -0.6878              -0.4050
6    N               -2.0847              -1.1211              -0.1786
7    O               -1.8196               1.5578              -0.3906
8    H               -2.4921               0.9310              -0.6974
9    H               -0.0054              -0.4641              -1.3581
10   H               -0.7085              -1.0222               1.4070
11   H                1.0520               1.1577               0.2145
12   H               -2.4404              -1.9036               0.3502
13   H               -1.8559              -1.4666              -1.1012
14   H               -0.4221               1.5400               1.0627
15   H               -1.9849               0.9645               1.6000
16   H                2.8711               0.2523               1.5534
17   H                1.8080               0.6727              -2.0731
18   H                2.4651              -1.4042               1.0528
19   H                1.3470              -0.4704               2.0479
20   H                3.0270               1.1913              -0.9228
21   H                2.9665              -0.5072              -1.4234


Energy:                 -383.644353 Convergence criteria  Is converged 
Maximum Force:             0.005856     0.002850  No
RMS Force:                 0.003284     0.001900  No
Maximum Displacement:      0.001174     0.003150  Yes
RMS Displacement:          0.000660     0.002100  Yes

----------------------------------------------------------------------
                         Iteration: 187 [SD]                          


                             Coordinates                              
----------------------------------------------------------------------
0    C               -0.9102              -0.5156               0.4589
1    C                1.4010               0.1523              -0.0248
2    C               -1.2815               0.9454               0.7613
3    C                2.0642              -0.4042               1.2269
4    C                2.3614               0.3661              -1.1820
5    N                0.2615              -0.6872              -0.4050
6    N               -2.0846              -1.1214              -0.1787
7    O               -1.8197               1.5579              -0.3906
8    H               -2.4922               0.9314              -0.6977
9    H               -0.0056              -0.4629              -1.3579
10   H               -0.7085              -1.0221               1.4071
11   H                1.0524               1.1583               0.2146
12   H               -2.4403              -1.9037               0.3503
13   H               -1.8555              -1.4672              -1.1011
14   H               -0.4228               1.5398               1.0634
15   H               -1.9860               0.9640               1.5998
16   H                2.8715               0.2521               1.5534
17   H                1.8083               0.6724              -2.0732
18   H                2.4651              -1.4041               1.0523
19   H                1.3473              -0.4704               2.0479
20   H                3.0278               1.1906              -0.9232
21   H                2.9661              -0.5080              -1.4233


Energy:                 -383.644400 Convergence criteria  Is converged 
Maximum Force:             0.005841     0.002850  No
RMS Force:                 0.003269     0.001900  No
Maximum Displacement:      0.001171     0.003150  Yes
RMS Displacement:          0.000657     0.002100  Yes

----------------------------------------------------------------------
                         Iteration: 188 [SD]                          


                             Coordinates                              
----------------------------------------------------------------------
0    C               -0.9103              -0.5155               0.4590
1    C                1.4011               0.1527              -0.0247
2    C               -1.2820               0.9452               0.7614
3    C                2.0644              -0.4041               1.2268
4    C                2.3615               0.3658              -1.1821
5    N                0.2615              -0.6865              -0.4050
6    N               -2.0844              -1.1217              -0.1788
7    O               -1.8198               1.5581              -0.3905
8    H               -2.4924               0.9318              -0.6979
9    H               -0.0058              -0.4617              -1.3578
10   H               -0.7084              -1.0219               1.4071
11   H                1.0529               1.1589               0.2147
12   H               -2.4402              -1.9038               0.3504
13   H               -1.8550              -1.4678              -1.1009
14   H               -0.4235               1.5396               1.0641
15   H               -1.9870               0.9635               1.5995
16   H                2.8719               0.2520               1.5533
17   H                1.8086               0.6722              -2.0734
18   H                2.4651              -1.4039               1.0519
19   H                1.3476              -0.4704               2.0479
20   H                3.0285               1.1900              -0.9236
21   H                2.9656              -0.5087              -1.4231


Energy:                 -383.644447 Convergence criteria  Is converged 
Maximum Force:             0.005826     0.002850  No
RMS Force:                 0.003255     0.001900  No
Maximum Displacement:      0.001168     0.003150  Yes
RMS Displacement:          0.000654     0.002100  Yes

----------------------------------------------------------------------
                         Iteration: 189 [SD]                          


                             Coordinates                              
----------------------------------------------------------------------
0    C               -0.9104              -0.5154               0.4590
1    C                1.4012               0.1532              -0.0246
2    C               -1.2826               0.9451               0.7616
3    C                2.0646              -0.4040               1.2267
4    C                2.3617               0.3656              -1.1821
5    N                0.2614              -0.6859              -0.4050
6    N               -2.0843              -1.1219              -0.1789
7    O               -1.8199               1.5582              -0.3905
8    H               -2.4926               0.9322              -0.6982
9    H               -0.0059              -0.4605              -1.3576
10   H               -0.7084              -1.0218               1.4072
11   H                1.0533               1.1595               0.2149
12   H               -2.4402              -1.9040               0.3505
13   H               -1.8545              -1.4685              -1.1008
14   H               -0.4242               1.5394               1.0648
15   H               -1.9881               0.9630               1.5993
16   H                2.8723               0.2519               1.5532
17   H                1.8089               0.6719              -2.0735
18   H                2.4651              -1.4038               1.0514
19   H                1.3480              -0.4704               2.0480
20   H                3.0293               1.1893              -0.9240
21   H                2.9651              -0.5095              -1.4229


Energy:                 -383.644493 Convergence criteria  Is converged 
Maximum Force:             0.005811     0.002850  No
RMS Force:                 0.003241     0.001900  No
Maximum Displacement:      0.001165     0.003150  Yes
RMS Displacement:          0.000651     0.002100  Yes

----------------------------------------------------------------------
                         Iteration: 190 [SD]                          


                             Coordinates                              
----------------------------------------------------------------------
0    C               -0.9105              -0.5153               0.4590
1    C                1.4013               0.1536              -0.0245
2    C               -1.2832               0.9450               0.7617
3    C                2.0648              -0.4039               1.2266
4    C                2.3618               0.3653              -1.1822
5    N                0.2613              -0.6852              -0.4050
6    N               -2.0841              -1.1222              -0.1790
7    O               -1.8200               1.5583              -0.3904
8    H               -2.4928               0.9325              -0.6985
9    H               -0.0061              -0.4594              -1.3575
10   H               -0.7083              -1.0216               1.4072
11   H                1.0538               1.1601               0.2150
12   H               -2.4401              -1.9041               0.3506
13   H               -1.8541              -1.4691              -1.1007
14   H               -0.4249               1.5393               1.0656
15   H               -1.9891               0.9625               1.5990
16   H                2.8726               0.2518               1.5532
17   H                1.8092               0.6717              -2.0737
18   H                2.4651              -1.4037               1.0510
19   H                1.3483              -0.4704               2.0480
20   H                3.0300               1.1886              -0.9244
21   H                2.9647              -0.5103              -1.4227


Energy:                 -383.644540 Convergence criteria  Is converged 
Maximum Force:             0.005795     0.002850  No
RMS Force:                 0.003226     0.001900  No
Maximum Displacement:      0.001162     0.003150  Yes
RMS Displacement:          0.000648     0.002100  Yes

----------------------------------------------------------------------
                         Iteration: 191 [SD]                          


                             Coordinates                              
----------------------------------------------------------------------
0    C               -0.9106              -0.5152               0.4591
1    C                1.4014               0.1540              -0.0245
2    C               -1.2837               0.9449               0.7619
3    C                2.0650              -0.4037               1.2265
4    C                2.3619               0.3650              -1.1822
5    N                0.2613              -0.6846              -0.4050
6    N               -2.0840              -1.1224              -0.1791
7    O               -1.8201               1.5585              -0.3904
8    H               -2.4929               0.9329              -0.6987
9    H               -0.0063              -0.4582              -1.3573
10   H               -0.7082              -1.0215               1.4073
11   H                1.0542               1.1606               0.2151
12   H               -2.4400              -1.9042               0.3507
13   H               -1.8536              -1.4697              -1.1006
14   H               -0.4256               1.5391               1.0663
15   H               -1.9901               0.9620               1.5988
16   H                2.8730               0.2516               1.5531
17   H                1.8095               0.6714              -2.0738
18   H                2.4651              -1.4036               1.0505
19   H                1.3487              -0.4704               2.0480
20   H                3.0308               1.1880              -0.9248
21   H                2.9642              -0.5110              -1.4225


Energy:                 -383.644585 Convergence criteria  Is converged 
Maximum Force:             0.005780     0.002850  No
RMS Force:                 0.003212     0.001900  No
Maximum Displacement:      0.001159     0.003150  Yes
RMS Displacement:          0.000645     0.002100  Yes

----------------------------------------------------------------------
                         Iteration: 192 [SD]                          


                             Coordinates                              
----------------------------------------------------------------------
0    C               -0.9107              -0.5151               0.4591
1    C                1.4015               0.1545              -0.0244
2    C               -1.2843               0.9448               0.7620
3    C                2.0651              -0.4036               1.2265
4    C                2.3621               0.3648              -1.1823
5    N                0.2612              -0.6840              -0.4050
6    N               -2.0839              -1.1227              -0.1792
7    O               -1.8202               1.5586              -0.3903
8    H               -2.4931               0.9333              -0.6990
9    H               -0.0065              -0.4571              -1.3572
10   H               -0.7081              -1.0213               1.4073
11   H                1.0547               1.1612               0.2152
12   H               -2.4399              -1.9043               0.3508
13   H               -1.8531              -1.4703              -1.1004
14   H               -0.4263               1.5389               1.0670
15   H               -1.9912               0.9616               1.5985
16   H                2.8734               0.2515               1.5530
17   H                1.8098               0.6712              -2.0739
18   H                2.4652              -1.4035               1.0501
19   H                1.3490              -0.4703               2.0481
20   H                3.0315               1.1873              -0.9252
21   H                2.9637              -0.5118              -1.4223


Energy:                 -383.644631 Convergence criteria  Is converged 
Maximum Force:             0.005765     0.002850  No
RMS Force:                 0.003199     0.001900  No
Maximum Displacement:      0.001156     0.003150  Yes
RMS Displacement:          0.000642     0.002100  Yes

----------------------------------------------------------------------
                         Iteration: 193 [SD]                          


                             Coordinates                              
----------------------------------------------------------------------
0    C               -0.9108              -0.5150               0.4592
1    C                1.4016               0.1549              -0.0243
2    C               -1.2848               0.9447               0.7622
3    C                2.0653              -0.4035               1.2264
4    C                2.3622               0.3645              -1.1823
5    N                0.2612              -0.6833              -0.4050
6    N               -2.0837              -1.1229              -0.1793
7    O               -1.8203               1.5587              -0.3903
8    H               -2.4933               0.9337              -0.6993
9    H               -0.0067              -0.4559              -1.3570
10   H               -0.7081              -1.0212               1.4073
11   H                1.0551               1.1618               0.2153
12   H               -2.4399              -1.9043               0.3510
13   H               -1.8527              -1.4709              -1.1003
14   H               -0.4270               1.5387               1.0677
15   H               -1.9922               0.9611               1.5983
16   H                2.8738               0.2514               1.5530
17   H                1.8101               0.6709              -2.0741
18   H                2.4652              -1.4034               1.0497
19   H                1.3493              -0.4703               2.0481
20   H                3.0322               1.1867              -0.9256
21   H                2.9632              -0.5125              -1.4221


Energy:                 -383.644676 Convergence criteria  Is converged 
Maximum Force:             0.005751     0.002850  No
RMS Force:                 0.003185     0.001900  No
Maximum Displacement:      0.001153     0.003150  Yes
RMS Displacement:          0.000640     0.002100  Yes

----------------------------------------------------------------------
                         Iteration: 194 [SD]                          


                             Coordinates                              
----------------------------------------------------------------------
0    C               -0.9109              -0.5149               0.4592
1    C                1.4017               0.1553              -0.0242
2    C               -1.2853               0.9446               0.7623
3    C                2.0655              -0.4034               1.2263
4    C                2.3623               0.3642              -1.1824
5    N                0.2611              -0.6827              -0.4050
6    N               -2.0836              -1.1232              -0.1793
7    O               -1.8204               1.5589              -0.3902
8    H               -2.4934               0.9340              -0.6995
9    H               -0.0068              -0.4548              -1.3569
10   H               -0.7080              -1.0210               1.4074
11   H                1.0555               1.1624               0.2154
12   H               -2.4398              -1.9044               0.3511
13   H               -1.8522              -1.4715              -1.1002
14   H               -0.4277               1.5386               1.0684
15   H               -1.9932               0.9606               1.5981
16   H                2.8741               0.2513               1.5529
17   H                1.8104               0.6707              -2.0742
18   H                2.4652              -1.4033               1.0492
19   H                1.3497              -0.4703               2.0481
20   H                3.0330               1.1860              -0.9260
21   H                2.9628              -0.5133              -1.4219


Energy:                 -383.644720 Convergence criteria  Is converged 
Maximum Force:             0.005736     0.002850  No
RMS Force:                 0.003172     0.001900  No
Maximum Displacement:      0.001150     0.003150  Yes
RMS Displacement:          0.000637     0.002100  Yes

----------------------------------------------------------------------
                         Iteration: 195 [SD]                          


                             Coordinates                              
----------------------------------------------------------------------
0    C               -0.9110              -0.5148               0.4592
1    C                1.4018               0.1557              -0.0241
2    C               -1.2859               0.9445               0.7625
3    C                2.0657              -0.4033               1.2262
4    C                2.3625               0.3640              -1.1824
5    N                0.2610              -0.6821              -0.4051
6    N               -2.0834              -1.1234              -0.1794
7    O               -1.8205               1.5590              -0.3901
8    H               -2.4936               0.9344              -0.6998
9    H               -0.0070              -0.4536              -1.3567
10   H               -0.7079              -1.0209               1.4074
11   H                1.0559               1.1630               0.2155
12   H               -2.4397              -1.9045               0.3512
13   H               -1.8517              -1.4722              -1.1000
14   H               -0.4284               1.5384               1.0691
15   H               -1.9942               0.9601               1.5978
16   H                2.8745               0.2512               1.5528
17   H                1.8107               0.6704              -2.0743
18   H                2.4652              -1.4032               1.0488
19   H                1.3500              -0.4703               2.0482
20   H                3.0337               1.1854              -0.9264
21   H                2.9623              -0.5141              -1.4218


Energy:                 -383.644764 Convergence criteria  Is converged 
Maximum Force:             0.005721     0.002850  No
RMS Force:                 0.003158     0.001900  No
Maximum Displacement:      0.001147     0.003150  Yes
RMS Displacement:          0.000634     0.002100  Yes

----------------------------------------------------------------------
                         Iteration: 196 [SD]                          


                             Coordinates                              
----------------------------------------------------------------------
0    C               -0.9110              -0.5147               0.4593
1    C                1.4019               0.1561              -0.0241
2    C               -1.2864               0.9443               0.7626
3    C                2.0658              -0.4032               1.2261
4    C                2.3626               0.3637              -1.1825
5    N                0.2610              -0.6814              -0.4051
6    N               -2.0833              -1.1237              -0.1795
7    O               -1.8206               1.5591              -0.3901
8    H               -2.4937               0.9348              -0.7001
9    H               -0.0072              -0.4525              -1.3566
10   H               -0.7078              -1.0207               1.4074
11   H                1.0564               1.1635               0.2157
12   H               -2.4396              -1.9046               0.3513
13   H               -1.8512              -1.4728              -1.0999
14   H               -0.4291               1.5382               1.0698
15   H               -1.9952               0.9597               1.5976
16   H                2.8748               0.2510               1.5527
17   H                1.8110               0.6702              -2.0745
18   H                2.4652              -1.4031               1.0483
19   H                1.3503              -0.4703               2.0482
20   H                3.0344               1.1847              -0.9268
21   H                2.9618              -0.5148              -1.4216


Energy:                 -383.644808 Convergence criteria  Is converged 
Maximum Force:             0.005706     0.002850  No
RMS Force:                 0.003145     0.001900  No
Maximum Displacement:      0.001144     0.003150  Yes
RMS Displacement:          0.000632     0.002100  Yes

----------------------------------------------------------------------
                         Iteration: 197 [SD]                          


                             Coordinates                              
----------------------------------------------------------------------
0    C               -0.9111              -0.5146               0.4593
1    C                1.4020               0.1566              -0.0240
2    C               -1.2870               0.9442               0.7627
3    C                2.0660              -0.4031               1.2260
4    C                2.3627               0.3634              -1.1825
5    N                0.2609              -0.6808              -0.4051
6    N               -2.0832              -1.1239              -0.1796
7    O               -1.8206               1.5592              -0.3900
8    H               -2.4939               0.9351              -0.7003
9    H               -0.0074              -0.4513              -1.3564
10   H               -0.7078              -1.0206               1.4075
11   H                1.0568               1.1641               0.2158
12   H               -2.4396              -1.9047               0.3514
13   H               -1.8507              -1.4734              -1.0998
14   H               -0.4298               1.5381               1.0705
15   H               -1.9962               0.9592               1.5973
16   H                2.8752               0.2509               1.5526
17   H                1.8113               0.6699              -2.0746
18   H                2.4652              -1.4029               1.0479
19   H                1.3506              -0.4703               2.0482
20   H                3.0351               1.1841              -0.9272
21   H                2.9614              -0.5156              -1.4214


Energy:                 -383.644851 Convergence criteria  Is converged 
Maximum Force:             0.005691     0.002850  No
RMS Force:                 0.003132     0.001900  No
Maximum Displacement:      0.001141     0.003150  Yes
RMS Displacement:          0.000629     0.002100  Yes

----------------------------------------------------------------------
                         Iteration: 198 [SD]                          


                             Coordinates                              
----------------------------------------------------------------------
0    C               -0.9112              -0.5145               0.4594
1    C                1.4021               0.1570              -0.0239
2    C               -1.2875               0.9441               0.7629
3    C                2.0661              -0.4029               1.2259
4    C                2.3629               0.3632              -1.1826
5    N                0.2608              -0.6802              -0.4051
6    N               -2.0830              -1.1242              -0.1797
7    O               -1.8207               1.5594              -0.3900
8    H               -2.4940               0.9355              -0.7006
9    H               -0.0076              -0.4502              -1.3563
10   H               -0.7077              -1.0205               1.4075
11   H                1.0572               1.1647               0.2159
12   H               -2.4395              -1.9048               0.3515
13   H               -1.8503              -1.4740              -1.0996
14   H               -0.4304               1.5379               1.0712
15   H               -1.9972               0.9587               1.5971
16   H                2.8755               0.2508               1.5526
17   H                1.8115               0.6697              -2.0748
18   H                2.4652              -1.4028               1.0475
19   H                1.3510              -0.4703               2.0483
20   H                3.0359               1.1835              -0.9275
21   H                2.9609              -0.5163              -1.4212


Energy:                 -383.644895 Convergence criteria  Is converged 
Maximum Force:             0.005677     0.002850  No
RMS Force:                 0.003119     0.001900  No
Maximum Displacement:      0.001138     0.003150  Yes
RMS Displacement:          0.000626     0.002100  Yes

----------------------------------------------------------------------
                         Iteration: 199 [SD]                          


                             Coordinates                              
----------------------------------------------------------------------
0    C               -0.9113              -0.5144               0.4594
1    C                1.4022               0.1574              -0.0238
2    C               -1.2880               0.9440               0.7630
3    C                2.0663              -0.4028               1.2258
4    C                2.3630               0.3629              -1.1826
5    N                0.2608              -0.6796              -0.4051
6    N               -2.0829              -1.1244              -0.1798
7    O               -1.8208               1.5595              -0.3899
8    H               -2.4942               0.9358              -0.7008
9    H               -0.0077              -0.4491              -1.3562
10   H               -0.7076              -1.0203               1.4075
11   H                1.0576               1.1652               0.2160
12   H               -2.4394              -1.9049               0.3516
13   H               -1.8498              -1.4746              -1.0995
14   H               -0.4311               1.5378               1.0719
15   H               -1.9982               0.9583               1.5969
16   H                2.8759               0.2507               1.5525
17   H                1.8118               0.6694              -2.0749
18   H                2.4652              -1.4027               1.0470
19   H                1.3513              -0.4703               2.0483
20   H                3.0366               1.1828              -0.9279
21   H                2.9604              -0.5170              -1.4210


Energy:                 -383.644937 Convergence criteria  Is converged 
Maximum Force:             0.005662     0.002850  No
RMS Force:                 0.003106     0.001900  No
Maximum Displacement:      0.001135     0.003150  Yes
RMS Displacement:          0.000624     0.002100  Yes

----------------------------------------------------------------------
                         Iteration: 200 [SD]                          


                             Coordinates                              
----------------------------------------------------------------------
0    C               -0.9114              -0.5143               0.4594
1    C                1.4022               0.1578              -0.0238
2    C               -1.2885               0.9439               0.7632
3    C                2.0665              -0.4027               1.2257
4    C                2.3631               0.3627              -1.1826
5    N                0.2607              -0.6790              -0.4051
6    N               -2.0827              -1.1247              -0.1799
7    O               -1.8209               1.5596              -0.3899
8    H               -2.4943               0.9362              -0.7011
9    H               -0.0079              -0.4479              -1.3560
10   H               -0.7075              -1.0202               1.4075
11   H                1.0580               1.1658               0.2161
12   H               -2.4393              -1.9050               0.3517
13   H               -1.8493              -1.4752              -1.0994
14   H               -0.4318               1.5376               1.0726
15   H               -1.9992               0.9578               1.5966
16   H                2.8762               0.2506               1.5524
17   H                1.8121               0.6692              -2.0750
18   H                2.4652              -1.4026               1.0466
19   H                1.3516              -0.4702               2.0483
20   H                3.0373               1.1822              -0.9283
21   H                2.9599              -0.5178              -1.4208


Energy:                 -383.644980 Convergence criteria  Is converged 
Maximum Force:             0.005648     0.002850  No
RMS Force:                 0.003094     0.001900  No
Maximum Displacement:      0.001132     0.003150  Yes
RMS Displacement:          0.000621     0.002100  Yes

----------------------------------------------------------------------
                         Iteration: 201 [SD]                          


                             Coordinates                              
----------------------------------------------------------------------
0    C               -0.9114              -0.5143               0.4595
1    C                1.4023               0.1582              -0.0237
2    C               -1.2891               0.9438               0.7633
3    C                2.0666              -0.4026               1.2257
4    C                2.3632               0.3624              -1.1827
5    N                0.2606              -0.6784              -0.4052
6    N               -2.0826              -1.1249              -0.1800
7    O               -1.8210               1.5597              -0.3898
8    H               -2.4945               0.9365              -0.7013
9    H               -0.0081              -0.4468              -1.3559
10   H               -0.7074              -1.0201               1.4076
11   H                1.0584               1.1663               0.2162
12   H               -2.4393              -1.9050               0.3518
13   H               -1.8488              -1.4758              -1.0992
14   H               -0.4325               1.5375               1.0733
15   H               -2.0002               0.9574               1.5964
16   H                2.8766               0.2505               1.5523
17   H                1.8124               0.6690              -2.0751
18   H                2.4652              -1.4025               1.0462
19   H                1.3519              -0.4702               2.0484
20   H                3.0380               1.1815              -0.9287
21   H                2.9595              -0.5185              -1.4206


Energy:                 -383.645022 Convergence criteria  Is converged 
Maximum Force:             0.005634     0.002850  No
RMS Force:                 0.003081     0.001900  No
Maximum Displacement:      0.001130     0.003150  Yes
RMS Displacement:          0.000619     0.002100  Yes

----------------------------------------------------------------------
                         Iteration: 202 [SD]                          


                             Coordinates                              
----------------------------------------------------------------------
0    C               -0.9115              -0.5142               0.4595
1    C                1.4024               0.1586              -0.0236
2    C               -1.2896               0.9437               0.7635
3    C                2.0668              -0.4025               1.2256
4    C                2.3634               0.3621              -1.1827
5    N                0.2606              -0.6777              -0.4052
6    N               -2.0824              -1.1252              -0.1801
7    O               -1.8211               1.5599              -0.3898
8    H               -2.4946               0.9369              -0.7016
9    H               -0.0083              -0.4457              -1.3557
10   H               -0.7073              -1.0200               1.4076
11   H                1.0588               1.1669               0.2163
12   H               -2.4392              -1.9051               0.3520
13   H               -1.8483              -1.4765              -1.0991
14   H               -0.4332               1.5374               1.0740
15   H               -2.0011               0.9569               1.5962
16   H                2.8769               0.2504               1.5522
17   H                1.8127               0.6687              -2.0753
18   H                2.4652              -1.4024               1.0458
19   H                1.3522              -0.4702               2.0484
20   H                3.0387               1.1809              -0.9290
21   H                2.9590              -0.5193              -1.4204


Energy:                 -383.645063 Convergence criteria  Is converged 
Maximum Force:             0.005619     0.002850  No
RMS Force:                 0.003069     0.001900  No
Maximum Displacement:      0.001127     0.003150  Yes
RMS Displacement:          0.000616     0.002100  Yes

----------------------------------------------------------------------
                         Iteration: 203 [SD]                          


                             Coordinates                              
----------------------------------------------------------------------
0    C               -0.9116              -0.5141               0.4595
1    C                1.4025               0.1590              -0.0235
2    C               -1.2901               0.9436               0.7636
3    C                2.0669              -0.4024               1.2255
4    C                2.3635               0.3619              -1.1828
5    N                0.2605              -0.6771              -0.4052
6    N               -2.0823              -1.1254              -0.1802
7    O               -1.8212               1.5600              -0.3897
8    H               -2.4947               0.9372              -0.7019
9    H               -0.0085              -0.4445              -1.3556
10   H               -0.7072              -1.0198               1.4076
11   H                1.0592               1.1674               0.2164
12   H               -2.4391              -1.9052               0.3521
13   H               -1.8478              -1.4771              -1.0990
14   H               -0.4338               1.5372               1.0747
15   H               -2.0021               0.9565               1.5959
16   H                2.8773               0.2502               1.5521
17   H                1.8129               0.6685              -2.0754
18   H                2.4652              -1.4023               1.0454
19   H                1.3525              -0.4702               2.0485
20   H                3.0394               1.1803              -0.9294
21   H                2.9585              -0.5200              -1.4202


Energy:                 -383.645105 Convergence criteria  Is converged 
Maximum Force:             0.005605     0.002850  No
RMS Force:                 0.003057     0.001900  No
Maximum Displacement:      0.001124     0.003150  Yes
RMS Displacement:          0.000614     0.002100  Yes

----------------------------------------------------------------------
                         Iteration: 204 [SD]                          


                             Coordinates                              
----------------------------------------------------------------------
0    C               -0.9117              -0.5140               0.4596
1    C                1.4026               0.1594              -0.0235
2    C               -1.2906               0.9435               0.7638
3    C                2.0671              -0.4023               1.2254
4    C                2.3636               0.3616              -1.1828
5    N                0.2604              -0.6765              -0.4052
6    N               -2.0821              -1.1256              -0.1803
7    O               -1.8212               1.5601              -0.3896
8    H               -2.4949               0.9376              -0.7021
9    H               -0.0086              -0.4434              -1.3555
10   H               -0.7071              -1.0197               1.4076
11   H                1.0595               1.1679               0.2166
12   H               -2.4391              -1.9053               0.3522
13   H               -1.8474              -1.4777              -1.0988
14   H               -0.4345               1.5371               1.0754
15   H               -2.0031               0.9560               1.5957
16   H                2.8776               0.2501               1.5520
17   H                1.8132               0.6683              -2.0755
18   H                2.4652              -1.4022               1.0449
19   H                1.3529              -0.4702               2.0485
20   H                3.0401               1.1796              -0.9298
21   H                2.9580              -0.5207              -1.4200


Energy:                 -383.645146 Convergence criteria  Is converged 
Maximum Force:             0.005591     0.002850  No
RMS Force:                 0.003044     0.001900  No
Maximum Displacement:      0.001121     0.003150  Yes
RMS Displacement:          0.000611     0.002100  Yes

----------------------------------------------------------------------
                         Iteration: 205 [SD]                          


                             Coordinates                              
----------------------------------------------------------------------
0    C               -0.9117              -0.5139               0.4596
1    C                1.4026               0.1598              -0.0234
2    C               -1.2911               0.9434               0.7639
3    C                2.0672              -0.4022               1.2253
4    C                2.3637               0.3614              -1.1829
5    N                0.2604              -0.6759              -0.4052
6    N               -2.0820              -1.1259              -0.1804
7    O               -1.8213               1.5602              -0.3896
8    H               -2.4950               0.9379              -0.7024
9    H               -0.0088              -0.4423              -1.3553
10   H               -0.7070              -1.0196               1.4076
11   H                1.0599               1.1685               0.2167
12   H               -2.4390              -1.9053               0.3523
13   H               -1.8469              -1.4783              -1.0987
14   H               -0.4352               1.5370               1.0761
15   H               -2.0040               0.9556               1.5955
16   H                2.8780               0.2500               1.5519
17   H                1.8135               0.6680              -2.0756
18   H                2.4652              -1.4021               1.0445
19   H                1.3532              -0.4702               2.0485
20   H                3.0408               1.1790              -0.9301
21   H                2.9576              -0.5214              -1.4199


Energy:                 -383.645186 Convergence criteria  Is converged 
Maximum Force:             0.005577     0.002850  No
RMS Force:                 0.003032     0.001900  No
Maximum Displacement:      0.001118     0.003150  Yes
RMS Displacement:          0.000609     0.002100  Yes

----------------------------------------------------------------------
                         Iteration: 206 [SD]                          


                             Coordinates                              
----------------------------------------------------------------------
0    C               -0.9118              -0.5138               0.4596
1    C                1.4027               0.1602              -0.0233
2    C               -1.2916               0.9433               0.7641
3    C                2.0674              -0.4021               1.2252
4    C                2.3638               0.3611              -1.1829
5    N                0.2603              -0.6753              -0.4053
6    N               -2.0818              -1.1261              -0.1804
7    O               -1.8214               1.5604              -0.3895
8    H               -2.4951               0.9382              -0.7026
9    H               -0.0090              -0.4412              -1.3552
10   H               -0.7069              -1.0195               1.4076
11   H                1.0603               1.1690               0.2168
12   H               -2.4389              -1.9054               0.3524
13   H               -1.8464              -1.4789              -1.0986
14   H               -0.4359               1.5368               1.0767
15   H               -2.0050               0.9551               1.5952
16   H                2.8783               0.2499               1.5518
17   H                1.8138               0.6678              -2.0758
18   H                2.4652              -1.4020               1.0441
19   H                1.3535              -0.4702               2.0486
20   H                3.0415               1.1783              -0.9305
21   H                2.9571              -0.5222              -1.4197


Energy:                 -383.645227 Convergence criteria  Is converged 
Maximum Force:             0.005562     0.002850  No
RMS Force:                 0.003021     0.001900  No
Maximum Displacement:      0.001115     0.003150  Yes
RMS Displacement:          0.000606     0.002100  Yes

----------------------------------------------------------------------
                         Iteration: 207 [SD]                          


                             Coordinates                              
----------------------------------------------------------------------
0    C               -0.9119              -0.5137               0.4597
1    C                1.4028               0.1606              -0.0233
2    C               -1.2921               0.9432               0.7642
3    C                2.0675              -0.4020               1.2251
4    C                2.3639               0.3609              -1.1829
5    N                0.2602              -0.6747              -0.4053
6    N               -2.0817              -1.1263              -0.1805
7    O               -1.8215               1.5605              -0.3895
8    H               -2.4953               0.9386              -0.7029
9    H               -0.0092              -0.4401              -1.3551
10   H               -0.7068              -1.0194               1.4077
11   H                1.0607               1.1695               0.2169
12   H               -2.4388              -1.9055               0.3525
13   H               -1.8459              -1.4795              -1.0984
14   H               -0.4365               1.5367               1.0774
15   H               -2.0059               0.9547               1.5950
16   H                2.8786               0.2498               1.5517
17   H                1.8140               0.6676              -2.0759
18   H                2.4652              -1.4019               1.0437
19   H                1.3538              -0.4701               2.0486
20   H                3.0421               1.1777              -0.9308
21   H                2.9566              -0.5229              -1.4195


Energy:                 -383.645267 Convergence criteria  Is converged 
Maximum Force:             0.005548     0.002850  No
RMS Force:                 0.003009     0.001900  No
Maximum Displacement:      0.001112     0.003150  Yes
RMS Displacement:          0.000604     0.002100  Yes

----------------------------------------------------------------------
                         Iteration: 208 [SD]                          


                             Coordinates                              
----------------------------------------------------------------------
0    C               -0.9119              -0.5136               0.4597
1    C                1.4029               0.1610              -0.0232
2    C               -1.2926               0.9431               0.7644
3    C                2.0677              -0.4019               1.2251
4    C                2.3641               0.3606              -1.1830
5    N                0.2602              -0.6741              -0.4053
6    N               -2.0816              -1.1266              -0.1806
7    O               -1.8216               1.5606              -0.3894
8    H               -2.4954               0.9389              -0.7031
9    H               -0.0094              -0.4390              -1.3549
10   H               -0.7067              -1.0192               1.4077
11   H                1.0610               1.1701               0.2170
12   H               -2.4388              -1.9056               0.3526
13   H               -1.8454              -1.4801              -1.0983
14   H               -0.4372               1.5366               1.0781
15   H               -2.0069               0.9542               1.5948
16   H                2.8790               0.2497               1.5516
17   H                1.8143               0.6674              -2.0760
18   H                2.4652              -1.4018               1.0433
19   H                1.3541              -0.4701               2.0486
20   H                3.0428               1.1771              -0.9312
21   H                2.9561              -0.5236              -1.4193


Energy:                 -383.645307 Convergence criteria  Is converged 
Maximum Force:             0.005534     0.002850  No
RMS Force:                 0.002997     0.001900  No
Maximum Displacement:      0.001110     0.003150  Yes
RMS Displacement:          0.000602     0.002100  Yes

----------------------------------------------------------------------
                         Iteration: 209 [SD]                          


                             Coordinates                              
----------------------------------------------------------------------
0    C               -0.9120              -0.5135               0.4597
1    C                1.4029               0.1613              -0.0231
2    C               -1.2931               0.9430               0.7645
3    C                2.0678              -0.4018               1.2250
4    C                2.3642               0.3604              -1.1830
5    N                0.2601              -0.6736              -0.4054
6    N               -2.0814              -1.1268              -0.1807
7    O               -1.8217               1.5607              -0.3894
8    H               -2.4955               0.9392              -0.7034
9    H               -0.0096              -0.4379              -1.3548
10   H               -0.7066              -1.0191               1.4077
11   H                1.0614               1.1706               0.2171
12   H               -2.4387              -1.9056               0.3527
13   H               -1.8449              -1.4808              -1.0981
14   H               -0.4379               1.5365               1.0788
15   H               -2.0078               0.9538               1.5946
16   H                2.8793               0.2496               1.5515
17   H                1.8146               0.6671              -2.0761
18   H                2.4651              -1.4017               1.0429
19   H                1.3544              -0.4701               2.0487
20   H                3.0435               1.1765              -0.9315
21   H                2.9556              -0.5243              -1.4191


Energy:                 -383.645346 Convergence criteria  Is converged 
Maximum Force:             0.005520     0.002850  No
RMS Force:                 0.002986     0.001900  No
Maximum Displacement:      0.001107     0.003150  Yes
RMS Displacement:          0.000599     0.002100  Yes

----------------------------------------------------------------------
                         Iteration: 210 [SD]                          


                             Coordinates                              
----------------------------------------------------------------------
0    C               -0.9121              -0.5134               0.4598
1    C                1.4030               0.1617              -0.0230
2    C               -1.2936               0.9429               0.7646
3    C                2.0680              -0.4017               1.2249
4    C                2.3643               0.3601              -1.1830
5    N                0.2600              -0.6730              -0.4054
6    N               -2.0813              -1.1270              -0.1808
7    O               -1.8217               1.5609              -0.3893
8    H               -2.4956               0.9396              -0.7036
9    H               -0.0097              -0.4368              -1.3547
10   H               -0.7065              -1.0190               1.4077
11   H                1.0618               1.1711               0.2172
12   H               -2.4386              -1.9057               0.3528
13   H               -1.8444              -1.4814              -1.0980
14   H               -0.4385               1.5364               1.0794
15   H               -2.0087               0.9534               1.5943
16   H                2.8796               0.2495               1.5514
17   H                1.8148               0.6669              -2.0763
18   H                2.4651              -1.4016               1.0425
19   H                1.3547              -0.4701               2.0487
20   H                3.0442               1.1758              -0.9318
21   H                2.9552              -0.5250              -1.4189


Energy:                 -383.645385 Convergence criteria  Is converged 
Maximum Force:             0.005507     0.002850  No
RMS Force:                 0.002974     0.001900  No
Maximum Displacement:      0.001104     0.003150  Yes
RMS Displacement:          0.000597     0.002100  Yes

----------------------------------------------------------------------
                         Iteration: 211 [SD]                          


                             Coordinates                              
----------------------------------------------------------------------
0    C               -0.9121              -0.5133               0.4598
1    C                1.4031               0.1621              -0.0230
2    C               -1.2941               0.9429               0.7648
3    C                2.0681              -0.4016               1.2248
4    C                2.3644               0.3599              -1.1831
5    N                0.2600              -0.6724              -0.4054
6    N               -2.0811              -1.1273              -0.1809
7    O               -1.8218               1.5610              -0.3892
8    H               -2.4957               0.9399              -0.7039
9    H               -0.0099              -0.4357              -1.3546
10   H               -0.7064              -1.0189               1.4077
11   H                1.0621               1.1716               0.2173
12   H               -2.4385              -1.9057               0.3529
13   H               -1.8439              -1.4820              -1.0979
14   H               -0.4392               1.5362               1.0801
15   H               -2.0097               0.9530               1.5941
16   H                2.8799               0.2494               1.5513
17   H                1.8151               0.6667              -2.0764
18   H                2.4651              -1.4015               1.0421
19   H                1.3550              -0.4701               2.0487
20   H                3.0448               1.1752              -0.9322
21   H                2.9547              -0.5257              -1.4187


Energy:                 -383.645424 Convergence criteria  Is converged 
Maximum Force:             0.005493     0.002850  No
RMS Force:                 0.002963     0.001900  No
Maximum Displacement:      0.001101     0.003150  Yes
RMS Displacement:          0.000595     0.002100  Yes

----------------------------------------------------------------------
                         Iteration: 212 [SD]                          


                             Coordinates                              
----------------------------------------------------------------------
0    C               -0.9122              -0.5132               0.4598
1    C                1.4031               0.1625              -0.0229
2    C               -1.2946               0.9428               0.7649
3    C                2.0683              -0.4014               1.2247
4    C                2.3645               0.3596              -1.1831
5    N                0.2599              -0.6718              -0.4055
6    N               -2.0809              -1.1275              -0.1810
7    O               -1.8219               1.5611              -0.3892
8    H               -2.4958               0.9402              -0.7041
9    H               -0.0101              -0.4346              -1.3544
10   H               -0.7063              -1.0188               1.4077
11   H                1.0625               1.1721               0.2174
12   H               -2.4385              -1.9058               0.3530
13   H               -1.8434              -1.4826              -1.0977
14   H               -0.4398               1.5361               1.0808
15   H               -2.0106               0.9525               1.5939
16   H                2.8802               0.2493               1.5512
17   H                1.8154               0.6665              -2.0765
18   H                2.4651              -1.4014               1.0416
19   H                1.3553              -0.4700               2.0488
20   H                3.0455               1.1746              -0.9325
21   H                2.9542              -0.5264              -1.4185


Energy:                 -383.645463 Convergence criteria  Is converged 
Maximum Force:             0.005479     0.002850  No
RMS Force:                 0.002951     0.001900  No
Maximum Displacement:      0.001099     0.003150  Yes
RMS Displacement:          0.000593     0.002100  Yes

----------------------------------------------------------------------
                         Iteration: 213 [SD]                          


                             Coordinates                              
----------------------------------------------------------------------
0    C               -0.9123              -0.5132               0.4599
1    C                1.4032               0.1629              -0.0228
2    C               -1.2951               0.9427               0.7651
3    C                2.0684              -0.4013               1.2246
4    C                2.3646               0.3594              -1.1831
5    N                0.2598              -0.6712              -0.4055
6    N               -2.0808              -1.1277              -0.1811
7    O               -1.8220               1.5612              -0.3891
8    H               -2.4959               0.9405              -0.7043
9    H               -0.0103              -0.4335              -1.3543
10   H               -0.7061              -1.0187               1.4077
11   H                1.0629               1.1726               0.2175
12   H               -2.4384              -1.9059               0.3531
13   H               -1.8429              -1.4832              -1.0976
14   H               -0.4405               1.5360               1.0814
15   H               -2.0115               0.9521               1.5937
16   H                2.8806               0.2492               1.5511
17   H                1.8156               0.6663              -2.0766
18   H                2.4651              -1.4013               1.0412
19   H                1.3556              -0.4700               2.0488
20   H                3.0462               1.1739              -0.9328
21   H                2.9537              -0.5272              -1.4183


Energy:                 -383.645501 Convergence criteria  Is converged 
Maximum Force:             0.005465     0.002850  No
RMS Force:                 0.002940     0.001900  No
Maximum Displacement:      0.001096     0.003150  Yes
RMS Displacement:          0.000590     0.002100  Yes

----------------------------------------------------------------------
                         Iteration: 214 [SD]                          


                             Coordinates                              
----------------------------------------------------------------------
0    C               -0.9123              -0.5131               0.4599
1    C                1.4033               0.1632              -0.0228
2    C               -1.2956               0.9426               0.7652
3    C                2.0685              -0.4012               1.2245
4    C                2.3647               0.3591              -1.1832
5    N                0.2598              -0.6706              -0.4055
6    N               -2.0806              -1.1279              -0.1812
7    O               -1.8220               1.5613              -0.3891
8    H               -2.4960               0.9408              -0.7046
9    H               -0.0105              -0.4324              -1.3542
10   H               -0.7060              -1.0186               1.4077
11   H                1.0632               1.1731               0.2176
12   H               -2.4383              -1.9059               0.3533
13   H               -1.8424              -1.4838              -1.0974
14   H               -0.4412               1.5359               1.0821
15   H               -2.0124               0.9517               1.5935
16   H                2.8809               0.2490               1.5510
17   H                1.8159               0.6661              -2.0767
18   H                2.4651              -1.4012               1.0408
19   H                1.3559              -0.4700               2.0489
20   H                3.0468               1.1733              -0.9332
21   H                2.9533              -0.5279              -1.4181


Energy:                 -383.645539 Convergence criteria  Is converged 
Maximum Force:             0.005451     0.002850  No
RMS Force:                 0.002929     0.001900  No
Maximum Displacement:      0.001093     0.003150  Yes
RMS Displacement:          0.000588     0.002100  Yes

----------------------------------------------------------------------
                         Iteration: 215 [SD]                          


                             Coordinates                              
----------------------------------------------------------------------
0    C               -0.9124              -0.5130               0.4599
1    C                1.4033               0.1636              -0.0227
2    C               -1.2960               0.9425               0.7654
3    C                2.0687              -0.4011               1.2244
4    C                2.3648               0.3589              -1.1832
5    N                0.2597              -0.6701              -0.4056
6    N               -2.0805              -1.1282              -0.1813
7    O               -1.8221               1.5615              -0.3890
8    H               -2.4961               0.9412              -0.7048
9    H               -0.0107              -0.4313              -1.3541
10   H               -0.7059              -1.0185               1.4077
11   H                1.0636               1.1736               0.2177
12   H               -2.4383              -1.9060               0.3534
13   H               -1.8419              -1.4844              -1.0973
14   H               -0.4418               1.5358               1.0828
15   H               -2.0133               0.9513               1.5933
16   H                2.8812               0.2489               1.5509
17   H                1.8162               0.6658              -2.0768
18   H                2.4651              -1.4011               1.0404
19   H                1.3562              -0.4700               2.0489
20   H                3.0475               1.1727              -0.9335
21   H                2.9528              -0.5286              -1.4180


Energy:                 -383.645577 Convergence criteria  Is converged 
Maximum Force:             0.005438     0.002850  No
RMS Force:                 0.002918     0.001900  No
Maximum Displacement:      0.001090     0.003150  Yes
RMS Displacement:          0.000586     0.002100  Yes

----------------------------------------------------------------------
                         Iteration: 216 [SD]                          


                             Coordinates                              
----------------------------------------------------------------------
0    C               -0.9124              -0.5129               0.4599
1    C                1.4034               0.1640              -0.0227
2    C               -1.2965               0.9424               0.7655
3    C                2.0688              -0.4010               1.2244
4    C                2.3649               0.3586              -1.1832
5    N                0.2596              -0.6695              -0.4056
6    N               -2.0803              -1.1284              -0.1814
7    O               -1.8222               1.5616              -0.3889
8    H               -2.4962               0.9415              -0.7051
9    H               -0.0109              -0.4302              -1.3540
10   H               -0.7058              -1.0184               1.4077
11   H                1.0639               1.1741               0.2178
12   H               -2.4382              -1.9060               0.3535
13   H               -1.8414              -1.4850              -1.0971
14   H               -0.4425               1.5357               1.0834
15   H               -2.0142               0.9508               1.5930
16   H                2.8815               0.2488               1.5508
17   H                1.8164               0.6656              -2.0769
18   H                2.4650              -1.4010               1.0401
19   H                1.3565              -0.4700               2.0489
20   H                3.0481               1.1721              -0.9338
21   H                2.9523              -0.5293              -1.4178


Energy:                 -383.645614 Convergence criteria  Is converged 
Maximum Force:             0.005424     0.002850  No
RMS Force:                 0.002907     0.001900  No
Maximum Displacement:      0.001088     0.003150  Yes
RMS Displacement:          0.000584     0.002100  Yes

----------------------------------------------------------------------
                         Iteration: 217 [SD]                          


                             Coordinates                              
----------------------------------------------------------------------
0    C               -0.9125              -0.5128               0.4600
1    C                1.4035               0.1644              -0.0226
2    C               -1.2970               0.9423               0.7656
3    C                2.0689              -0.4009               1.2243
4    C                2.3650               0.3584              -1.1833
5    N                0.2596              -0.6689              -0.4056
6    N               -2.0802              -1.1286              -0.1815
7    O               -1.8223               1.5617              -0.3889
8    H               -2.4963               0.9418              -0.7053
9    H               -0.0110              -0.4291              -1.3538
10   H               -0.7057              -1.0183               1.4077
11   H                1.0642               1.1746               0.2179
12   H               -2.4381              -1.9061               0.3536
13   H               -1.8409              -1.4857              -1.0970
14   H               -0.4431               1.5356               1.0841
15   H               -2.0151               0.9504               1.5928
16   H                2.8818               0.2487               1.5507
17   H                1.8167               0.6654              -2.0771
18   H                2.4650              -1.4009               1.0397
19   H                1.3568              -0.4699               2.0490
20   H                3.0488               1.1715              -0.9341
21   H                2.9518              -0.5299              -1.4176


Energy:                 -383.645651 Convergence criteria  Is converged 
Maximum Force:             0.005411     0.002850  No
RMS Force:                 0.002897     0.001900  No
Maximum Displacement:      0.001085     0.003150  Yes
RMS Displacement:          0.000581     0.002100  Yes

----------------------------------------------------------------------
                         Iteration: 218 [SD]                          


                             Coordinates                              
----------------------------------------------------------------------
0    C               -0.9126              -0.5127               0.4600
1    C                1.4035               0.1647              -0.0225
2    C               -1.2975               0.9422               0.7658
3    C                2.0691              -0.4008               1.2242
4    C                2.3651               0.3581              -1.1833
5    N                0.2595              -0.6683              -0.4057
6    N               -2.0800              -1.1288              -0.1816
7    O               -1.8223               1.5618              -0.3888
8    H               -2.4964               0.9421              -0.7056
9    H               -0.0112              -0.4280              -1.3537
10   H               -0.7056              -1.0182               1.4077
11   H                1.0646               1.1751               0.2180
12   H               -2.4381              -1.9061               0.3537
13   H               -1.8403              -1.4863              -1.0968
14   H               -0.4437               1.5355               1.0847
15   H               -2.0160               0.9500               1.5926
16   H                2.8821               0.2486               1.5506
17   H                1.8169               0.6652              -2.0772
18   H                2.4650              -1.4008               1.0393
19   H                1.3571              -0.4699               2.0490
20   H                3.0494               1.1708              -0.9345
21   H                2.9514              -0.5306              -1.4174


Energy:                 -383.645688 Convergence criteria  Is converged 
Maximum Force:             0.005397     0.002850  No
RMS Force:                 0.002886     0.001900  No
Maximum Displacement:      0.001082     0.003150  Yes
RMS Displacement:          0.000579     0.002100  Yes

----------------------------------------------------------------------
                         Iteration: 219 [SD]                          


                             Coordinates                              
----------------------------------------------------------------------
0    C               -0.9126              -0.5126               0.4600
1    C                1.4036               0.1651              -0.0225
2    C               -1.2979               0.9421               0.7659
3    C                2.0692              -0.4008               1.2241
4    C                2.3652               0.3579              -1.1833
5    N                0.2594              -0.6678              -0.4057
6    N               -2.0799              -1.1290              -0.1817
7    O               -1.8224               1.5619              -0.3888
8    H               -2.4965               0.9424              -0.7058
9    H               -0.0114              -0.4269              -1.3536
10   H               -0.7054              -1.0181               1.4077
11   H                1.0649               1.1756               0.2181
12   H               -2.4380              -1.9062               0.3538
13   H               -1.8398              -1.4869              -1.0967
14   H               -0.4444               1.5354               1.0854
15   H               -2.0169               0.9496               1.5924
16   H                2.8824               0.2485               1.5505
17   H                1.8172               0.6650              -2.0773
18   H                2.4650              -1.4007               1.0389
19   H                1.3573              -0.4699               2.0490
20   H                3.0501               1.1702              -0.9348
21   H                2.9509              -0.5313              -1.4172


Energy:                 -383.645725 Convergence criteria  Is converged 
Maximum Force:             0.005384     0.002850  No
RMS Force:                 0.002876     0.001900  No
Maximum Displacement:      0.001079     0.003150  Yes
RMS Displacement:          0.000577     0.002100  Yes

----------------------------------------------------------------------
                         Iteration: 220 [SD]                          


                             Coordinates                              
----------------------------------------------------------------------
0    C               -0.9127              -0.5125               0.4600
1    C                1.4037               0.1655              -0.0224
2    C               -1.2984               0.9421               0.7661
3    C                2.0693              -0.4007               1.2240
4    C                2.3653               0.3577              -1.1834
5    N                0.2593              -0.6672              -0.4058
6    N               -2.0797              -1.1293              -0.1818
7    O               -1.8225               1.5621              -0.3887
8    H               -2.4966               0.9427              -0.7060
9    H               -0.0116              -0.4259              -1.3535
10   H               -0.7053              -1.0180               1.4077
11   H                1.0652               1.1761               0.2182
12   H               -2.4379              -1.9062               0.3539
13   H               -1.8393              -1.4875              -1.0966
14   H               -0.4450               1.5353               1.0860
15   H               -2.0178               0.9492               1.5922
16   H                2.8827               0.2484               1.5504
17   H                1.8174               0.6648              -2.0774
18   H                2.4650              -1.4006               1.0385
19   H                1.3576              -0.4699               2.0491
20   H                3.0507               1.1696              -0.9351
21   H                2.9504              -0.5320              -1.4170


Energy:                 -383.645761 Convergence criteria  Is converged 
Maximum Force:             0.005370     0.002850  No
RMS Force:                 0.002865     0.001900  No
Maximum Displacement:      0.001077     0.003150  Yes
RMS Displacement:          0.000575     0.002100  Yes

----------------------------------------------------------------------
                         Iteration: 221 [SD]                          


                             Coordinates                              
----------------------------------------------------------------------
0    C               -0.9127              -0.5124               0.4601
1    C                1.4037               0.1658              -0.0224
2    C               -1.2989               0.9420               0.7662
3    C                2.0694              -0.4006               1.2239
4    C                2.3654               0.3574              -1.1834
5    N                0.2593              -0.6666              -0.4058
6    N               -2.0796              -1.1295              -0.1819
7    O               -1.8225               1.5622              -0.3886
8    H               -2.4967               0.9430              -0.7063
9    H               -0.0118              -0.4248              -1.3534
10   H               -0.7052              -1.0179               1.4077
11   H                1.0656               1.1765               0.2183
12   H               -2.4379              -1.9063               0.3540
13   H               -1.8388              -1.4881              -1.0964
14   H               -0.4457               1.5352               1.0867
15   H               -2.0187               0.9488               1.5920
16   H                2.8830               0.2483               1.5503
17   H                1.8177               0.6646              -2.0775
18   H                2.4649              -1.4006               1.0381
19   H                1.3579              -0.4698               2.0491
20   H                3.0514               1.1690              -0.9354
21   H                2.9499              -0.5327              -1.4168


Energy:                 -383.645797 Convergence criteria  Is converged 
Maximum Force:             0.005357     0.002850  No
RMS Force:                 0.002855     0.001900  No
Maximum Displacement:      0.001074     0.003150  Yes
RMS Displacement:          0.000573     0.002100  Yes

----------------------------------------------------------------------
                         Iteration: 222 [SD]                          


                             Coordinates                              
----------------------------------------------------------------------
0    C               -0.9128              -0.5124               0.4601
1    C                1.4038               0.1662              -0.0223
2    C               -1.2993               0.9419               0.7664
3    C                2.0696              -0.4005               1.2238
4    C                2.3655               0.3572              -1.1834
5    N                0.2592              -0.6661              -0.4059
6    N               -2.0794              -1.1297              -0.1820
7    O               -1.8226               1.5623              -0.3886
8    H               -2.4968               0.9433              -0.7065
9    H               -0.0120              -0.4237              -1.3533
10   H               -0.7050              -1.0178               1.4077
11   H                1.0659               1.1770               0.2184
12   H               -2.4378              -1.9063               0.3541
13   H               -1.8383              -1.4887              -1.0963
14   H               -0.4463               1.5352               1.0873
15   H               -2.0195               0.9484               1.5918
16   H                2.8833               0.2482               1.5501
17   H                1.8179               0.6644              -2.0776
18   H                2.4649              -1.4005               1.0377
19   H                1.3582              -0.4698               2.0492
20   H                3.0520               1.1684              -0.9357
21   H                2.9494              -0.5334              -1.4167


Energy:                 -383.645833 Convergence criteria  Is converged 
Maximum Force:             0.005344     0.002850  No
RMS Force:                 0.002844     0.001900  No
Maximum Displacement:      0.001071     0.003150  Yes
RMS Displacement:          0.000571     0.002100  Yes

----------------------------------------------------------------------
                         Iteration: 223 [SD]                          


                             Coordinates                              
----------------------------------------------------------------------
0    C               -0.9128              -0.5123               0.4601
1    C                1.4038               0.1665              -0.0222
2    C               -1.2998               0.9418               0.7665
3    C                2.0697              -0.4004               1.2237
4    C                2.3656               0.3569              -1.1835
5    N                0.2591              -0.6655              -0.4059
6    N               -2.0793              -1.1299              -0.1821
7    O               -1.8227               1.5624              -0.3885
8    H               -2.4969               0.9436              -0.7068
9    H               -0.0122              -0.4227              -1.3531
10   H               -0.7049              -1.0177               1.4077
11   H                1.0662               1.1775               0.2185
12   H               -2.4377              -1.9063               0.3542
13   H               -1.8378              -1.4893              -1.0961
14   H               -0.4469               1.5351               1.0879
15   H               -2.0204               0.9480               1.5916
16   H                2.8836               0.2481               1.5500
17   H                1.8182               0.6642              -2.0777
18   H                2.4649              -1.4004               1.0373
19   H                1.3585              -0.4698               2.0492
20   H                3.0526               1.1678              -0.9360
21   H                2.9490              -0.5340              -1.4165


Energy:                 -383.645868 Convergence criteria  Is converged 
Maximum Force:             0.005330     0.002850  No
RMS Force:                 0.002834     0.001900  No
Maximum Displacement:      0.001069     0.003150  Yes
RMS Displacement:          0.000569     0.002100  Yes

----------------------------------------------------------------------
                         Iteration: 224 [SD]                          


                             Coordinates                              
----------------------------------------------------------------------
0    C               -0.9129              -0.5122               0.4602
1    C                1.4039               0.1669              -0.0222
2    C               -1.3003               0.9417               0.7666
3    C                2.0698              -0.4003               1.2237
4    C                2.3657               0.3567              -1.1835
5    N                0.2591              -0.6650              -0.4060
6    N               -2.0791              -1.1301              -0.1822
7    O               -1.8228               1.5625              -0.3884
8    H               -2.4970               0.9439              -0.7070
9    H               -0.0123              -0.4216              -1.3530
10   H               -0.7048              -1.0176               1.4077
11   H                1.0666               1.1780               0.2186
12   H               -2.4377              -1.9064               0.3543
13   H               -1.8373              -1.4899              -1.0960
14   H               -0.4476               1.5350               1.0886
15   H               -2.0213               0.9476               1.5914
16   H                2.8839               0.2480               1.5499
17   H                1.8184               0.6640              -2.0778
18   H                2.4649              -1.4003               1.0370
19   H                1.3588              -0.4698               2.0492
20   H                3.0533               1.1672              -0.9363
21   H                2.9485              -0.5347              -1.4163


Energy:                 -383.645903 Convergence criteria  Is converged 
Maximum Force:             0.005317     0.002850  No
RMS Force:                 0.002824     0.001900  No
Maximum Displacement:      0.001066     0.003150  Yes
RMS Displacement:          0.000567     0.002100  Yes

----------------------------------------------------------------------
                         Iteration: 225 [SD]                          


                             Coordinates                              
----------------------------------------------------------------------
0    C               -0.9129              -0.5121               0.4602
1    C                1.4040               0.1672              -0.0221
2    C               -1.3007               0.9416               0.7668
3    C                2.0699              -0.4002               1.2236
4    C                2.3658               0.3565              -1.1835
5    N                0.2590              -0.6644              -0.4060
6    N               -2.0790              -1.1303              -0.1823
7    O               -1.8228               1.5626              -0.3884
8    H               -2.4970               0.9442              -0.7072
9    H               -0.0125              -0.4205              -1.3529
10   H               -0.7047              -1.0175               1.4077
11   H                1.0669               1.1784               0.2187
12   H               -2.4376              -1.9064               0.3544
13   H               -1.8368              -1.4905              -1.0958
14   H               -0.4482               1.5349               1.0892
15   H               -2.0221               0.9472               1.5911
16   H                2.8842               0.2479               1.5498
17   H                1.8187               0.6638              -2.0779
18   H                2.4648              -1.4002               1.0366
19   H                1.3590              -0.4698               2.0493
20   H                3.0539               1.1666              -0.9366
21   H                2.9480              -0.5354              -1.4161


Energy:                 -383.645939 Convergence criteria  Is converged 
Maximum Force:             0.005304     0.002850  No
RMS Force:                 0.002814     0.001900  No
Maximum Displacement:      0.001063     0.003150  Yes
RMS Displacement:          0.000565     0.002100  Yes

----------------------------------------------------------------------
                         Iteration: 226 [SD]                          


                             Coordinates                              
----------------------------------------------------------------------
0    C               -0.9130              -0.5120               0.4602
1    C                1.4040               0.1676              -0.0221
2    C               -1.3012               0.9415               0.7669
3    C                2.0701              -0.4001               1.2235
4    C                2.3659               0.3562              -1.1835
5    N                0.2589              -0.6638              -0.4061
6    N               -2.0788              -1.1305              -0.1824
7    O               -1.8229               1.5628              -0.3883
8    H               -2.4971               0.9445              -0.7075
9    H               -0.0127              -0.4195              -1.3528
10   H               -0.7045              -1.0174               1.4077
11   H                1.0672               1.1789               0.2188
12   H               -2.4376              -1.9064               0.3545
13   H               -1.8362              -1.4912              -1.0957
14   H               -0.4488               1.5348               1.0899
15   H               -2.0230               0.9468               1.5909
16   H                2.8845               0.2478               1.5497
17   H                1.8189               0.6636              -2.0780
18   H                2.4648              -1.4001               1.0362
19   H                1.3593              -0.4697               2.0493
20   H                3.0545               1.1659              -0.9369
21   H                2.9475              -0.5361              -1.4159


Energy:                 -383.645973 Convergence criteria  Is converged 
Maximum Force:             0.005291     0.002850  No
RMS Force:                 0.002804     0.001900  No
Maximum Displacement:      0.001061     0.003150  Yes
RMS Displacement:          0.000563     0.002100  Yes

----------------------------------------------------------------------
                         Iteration: 227 [SD]                          


                             Coordinates                              
----------------------------------------------------------------------
0    C               -0.9130              -0.5119               0.4602
1    C                1.4041               0.1680              -0.0220
2    C               -1.3016               0.9415               0.7671
3    C                2.0702              -0.4000               1.2234
4    C                2.3660               0.3560              -1.1836
5    N                0.2589              -0.6633              -0.4061
6    N               -2.0786              -1.1308              -0.1825
7    O               -1.8230               1.5629              -0.3883
8    H               -2.4972               0.9447              -0.7077
9    H               -0.0129              -0.4184              -1.3527
10   H               -0.7044              -1.0173               1.4077
11   H                1.0675               1.1794               0.2189
12   H               -2.4375              -1.9065               0.3547
13   H               -1.8357              -1.4918              -1.0955
14   H               -0.4495               1.5347               1.0905
15   H               -2.0238               0.9464               1.5907
16   H                2.8848               0.2477               1.5496
17   H                1.8192               0.6634              -2.0781
18   H                2.4648              -1.4000               1.0358
19   H                1.3596              -0.4697               2.0493
20   H                3.0551               1.1653              -0.9372
21   H                2.9471              -0.5367              -1.4157


Energy:                 -383.646008 Convergence criteria  Is converged 
Maximum Force:             0.005278     0.002850  No
RMS Force:                 0.002794     0.001900  No
Maximum Displacement:      0.001058     0.003150  Yes
RMS Displacement:          0.000561     0.002100  Yes

----------------------------------------------------------------------
                         Iteration: 228 [SD]                          


                             Coordinates                              
----------------------------------------------------------------------
0    C               -0.9131              -0.5118               0.4603
1    C                1.4041               0.1683              -0.0219
2    C               -1.3021               0.9414               0.7672
3    C                2.0703              -0.3999               1.2233
4    C                2.3661               0.3558              -1.1836
5    N                0.2588              -0.6627              -0.4062
6    N               -2.0785              -1.1310              -0.1826
7    O               -1.8230               1.5630              -0.3882
8    H               -2.4973               0.9450              -0.7079
9    H               -0.0131              -0.4174              -1.3526
10   H               -0.7042              -1.0172               1.4077
11   H                1.0678               1.1798               0.2190
12   H               -2.4374              -1.9065               0.3548
13   H               -1.8352              -1.4924              -1.0953
14   H               -0.4501               1.5346               1.0911
15   H               -2.0247               0.9460               1.5905
16   H                2.8851               0.2476               1.5494
17   H                1.8194               0.6632              -2.0782
18   H                2.4648              -1.3999               1.0355
19   H                1.3599              -0.4697               2.0494
20   H                3.0557               1.1647              -0.9375
21   H                2.9466              -0.5374              -1.4155


Energy:                 -383.646042 Convergence criteria  Is converged 
Maximum Force:             0.005265     0.002850  No
RMS Force:                 0.002784     0.001900  No
Maximum Displacement:      0.001056     0.003150  Yes
RMS Displacement:          0.000559     0.002100  Yes

----------------------------------------------------------------------
                         Iteration: 229 [SD]                          


                             Coordinates                              
----------------------------------------------------------------------
0    C               -0.9131              -0.5117               0.4603
1    C                1.4042               0.1686              -0.0219
2    C               -1.3025               0.9413               0.7673
3    C                2.0704              -0.3998               1.2232
4    C                2.3662               0.3555              -1.1836
5    N                0.2587              -0.6622              -0.4062
6    N               -2.0783              -1.1312              -0.1827
7    O               -1.8231               1.5631              -0.3881
8    H               -2.4973               0.9453              -0.7082
9    H               -0.0133              -0.4163              -1.3525
10   H               -0.7041              -1.0171               1.4076
11   H                1.0681               1.1803               0.2191
12   H               -2.4374              -1.9065               0.3549
13   H               -1.8347              -1.4930              -1.0952
14   H               -0.4507               1.5346               1.0917
15   H               -2.0255               0.9456               1.5903
16   H                2.8854               0.2475               1.5493
17   H                1.8197               0.6631              -2.0783
18   H                2.4647              -1.3998               1.0351
19   H                1.3601              -0.4696               2.0494
20   H                3.0564               1.1641              -0.9377
21   H                2.9461              -0.5381              -1.4154


Energy:                 -383.646076 Convergence criteria  Is converged 
Maximum Force:             0.005252     0.002850  No
RMS Force:                 0.002775     0.001900  No
Maximum Displacement:      0.001053     0.003150  Yes
RMS Displacement:          0.000557     0.002100  Yes

----------------------------------------------------------------------
                         Iteration: 230 [SD]                          


                             Coordinates                              
----------------------------------------------------------------------
0    C               -0.9132              -0.5117               0.4603
1    C                1.4042               0.1690              -0.0218
2    C               -1.3030               0.9412               0.7675
3    C                2.0705              -0.3997               1.2231
4    C                2.3663               0.3553              -1.1837
5    N                0.2586              -0.6616              -0.4063
6    N               -2.0782              -1.1314              -0.1828
7    O               -1.8232               1.5632              -0.3881
8    H               -2.4974               0.9456              -0.7084
9    H               -0.0135              -0.4153              -1.3524
10   H               -0.7040              -1.0171               1.4076
11   H                1.0684               1.1807               0.2191
12   H               -2.4373              -1.9065               0.3550
13   H               -1.8342              -1.4936              -1.0950
14   H               -0.4513               1.5345               1.0924
15   H               -2.0264               0.9452               1.5901
16   H                2.8856               0.2474               1.5492
17   H                1.8199               0.6629              -2.0784
18   H                2.4647              -1.3998               1.0347
19   H                1.3604              -0.4696               2.0494
20   H                3.0570               1.1635              -0.9380
21   H                2.9457              -0.5387              -1.4152


Energy:                 -383.646110 Convergence criteria  Is converged 
Maximum Force:             0.005239     0.002850  No
RMS Force:                 0.002765     0.001900  No
Maximum Displacement:      0.001050     0.003150  Yes
RMS Displacement:          0.000555     0.002100  Yes

----------------------------------------------------------------------
                         Iteration: 231 [SD]                          


                             Coordinates                              
----------------------------------------------------------------------
0    C               -0.9132              -0.5116               0.4603
1    C                1.4043               0.1693              -0.0218
2    C               -1.3034               0.9411               0.7676
3    C                2.0706              -0.3996               1.2231
4    C                2.3664               0.3551              -1.1837
5    N                0.2586              -0.6611              -0.4063
6    N               -2.0780              -1.1316              -0.1829
7    O               -1.8232               1.5633              -0.3880
8    H               -2.4975               0.9459              -0.7086
9    H               -0.0137              -0.4142              -1.3523
10   H               -0.7038              -1.0170               1.4076
11   H                1.0687               1.1812               0.2192
12   H               -2.4373              -1.9066               0.3551
13   H               -1.8336              -1.4942              -1.0949
14   H               -0.4519               1.5344               1.0930
15   H               -2.0272               0.9448               1.5899
16   H                2.8859               0.2473               1.5491
17   H                1.8201               0.6627              -2.0785
18   H                2.4647              -1.3997               1.0343
19   H                1.3607              -0.4696               2.0495
20   H                3.0576               1.1629              -0.9383
21   H                2.9452              -0.5394              -1.4150


Energy:                 -383.646144 Convergence criteria  Is converged 
Maximum Force:             0.005226     0.002850  No
RMS Force:                 0.002756     0.001900  No
Maximum Displacement:      0.001048     0.003150  Yes
RMS Displacement:          0.000553     0.002100  Yes

----------------------------------------------------------------------
                         Iteration: 232 [SD]                          


                             Coordinates                              
----------------------------------------------------------------------
0    C               -0.9133              -0.5115               0.4603
1    C                1.4043               0.1697              -0.0217
2    C               -1.3038               0.9411               0.7678
3    C                2.0707              -0.3995               1.2230
4    C                2.3665               0.3548              -1.1837
5    N                0.2585              -0.6606              -0.4064
6    N               -2.0779              -1.1318              -0.1830
7    O               -1.8233               1.5634              -0.3879
8    H               -2.4975               0.9461              -0.7089
9    H               -0.0138              -0.4132              -1.3521
10   H               -0.7037              -1.0169               1.4076
11   H                1.0691               1.1817               0.2193
12   H               -2.4372              -1.9066               0.3552
13   H               -1.8331              -1.4948              -1.0947
14   H               -0.4526               1.5343               1.0936
15   H               -2.0280               0.9444               1.5897
16   H                2.8862               0.2472               1.5489
17   H                1.8204               0.6625              -2.0786
18   H                2.4646              -1.3996               1.0340
19   H                1.3609              -0.4696               2.0495
20   H                3.0582               1.1623              -0.9386
21   H                2.9447              -0.5400              -1.4148


Energy:                 -383.646177 Convergence criteria  Is converged 
Maximum Force:             0.005213     0.002850  No
RMS Force:                 0.002746     0.001900  No
Maximum Displacement:      0.001045     0.003150  Yes
RMS Displacement:          0.000551     0.002100  Yes

----------------------------------------------------------------------
                         Iteration: 233 [SD]                          


                             Coordinates                              
----------------------------------------------------------------------
0    C               -0.9133              -0.5114               0.4604
1    C                1.4044               0.1700              -0.0217
2    C               -1.3043               0.9410               0.7679
3    C                2.0708              -0.3994               1.2229
4    C                2.3665               0.3546              -1.1837
5    N                0.2584              -0.6600              -0.4064
6    N               -2.0777              -1.1320              -0.1831
7    O               -1.8233               1.5636              -0.3879
8    H               -2.4976               0.9464              -0.7091
9    H               -0.0140              -0.4121              -1.3520
10   H               -0.7036              -1.0168               1.4076
11   H                1.0694               1.1821               0.2194
12   H               -2.4372              -1.9066               0.3553
13   H               -1.8326              -1.4954              -1.0946
14   H               -0.4532               1.5343               1.0942
15   H               -2.0289               0.9440               1.5895
16   H                2.8865               0.2472               1.5488
17   H                1.8206               0.6623              -2.0787
18   H                2.4646              -1.3995               1.0336
19   H                1.3612              -0.4695               2.0496
20   H                3.0588               1.1617              -0.9389
21   H                2.9442              -0.5407              -1.4146


Energy:                 -383.646210 Convergence criteria  Is converged 
Maximum Force:             0.005200     0.002850  No
RMS Force:                 0.002737     0.001900  No
Maximum Displacement:      0.001043     0.003150  Yes
RMS Displacement:          0.000549     0.002100  Yes

----------------------------------------------------------------------
                         Iteration: 234 [SD]                          


                             Coordinates                              
----------------------------------------------------------------------
0    C               -0.9133              -0.5113               0.4604
1    C                1.4044               0.1704              -0.0216
2    C               -1.3047               0.9409               0.7680
3    C                2.0710              -0.3993               1.2228
4    C                2.3666               0.3544              -1.1838
5    N                0.2584              -0.6595              -0.4065
6    N               -2.0775              -1.1322              -0.1832
7    O               -1.8234               1.5637              -0.3878
8    H               -2.4977               0.9467              -0.7093
9    H               -0.0142              -0.4111              -1.3519
10   H               -0.7034              -1.0167               1.4076
11   H                1.0697               1.1825               0.2195
12   H               -2.4371              -1.9066               0.3554
13   H               -1.8321              -1.4960              -1.0944
14   H               -0.4538               1.5342               1.0948
15   H               -2.0297               0.9437               1.5893
16   H                2.8868               0.2471               1.5487
17   H                1.8208               0.6621              -2.0788
18   H                2.4646              -1.3994               1.0333
19   H                1.3615              -0.4695               2.0496
20   H                3.0594               1.1611              -0.9391
21   H                2.9438              -0.5413              -1.4145


Energy:                 -383.646243 Convergence criteria  Is converged 
Maximum Force:             0.005188     0.002850  No
RMS Force:                 0.002727     0.001900  No
Maximum Displacement:      0.001040     0.003150  Yes
RMS Displacement:          0.000547     0.002100  Yes

----------------------------------------------------------------------
                         Iteration: 235 [SD]                          


                             Coordinates                              
----------------------------------------------------------------------
0    C               -0.9134              -0.5112               0.4604
1    C                1.4045               0.1707              -0.0216
2    C               -1.3052               0.9408               0.7682
3    C                2.0711              -0.3993               1.2227
4    C                2.3667               0.3542              -1.1838
5    N                0.2583              -0.6590              -0.4065
6    N               -2.0774              -1.1324              -0.1833
7    O               -1.8235               1.5638              -0.3877
8    H               -2.4977               0.9469              -0.7095
9    H               -0.0144              -0.4100              -1.3518
10   H               -0.7033              -1.0166               1.4076
11   H                1.0700               1.1830               0.2196
12   H               -2.4370              -1.9066               0.3555
13   H               -1.8315              -1.4966              -1.0943
14   H               -0.4544               1.5341               1.0955
15   H               -2.0305               0.9433               1.5891
16   H                2.8870               0.2470               1.5486
17   H                1.8211               0.6620              -2.0789
18   H                2.4645              -1.3993               1.0329
19   H                1.3617              -0.4695               2.0496
20   H                3.0600               1.1605              -0.9394
21   H                2.9433              -0.5420              -1.4143


Energy:                 -383.646276 Convergence criteria  Is converged 
Maximum Force:             0.005175     0.002850  No
RMS Force:                 0.002718     0.001900  No
Maximum Displacement:      0.001038     0.003150  Yes
RMS Displacement:          0.000545     0.002100  Yes

----------------------------------------------------------------------
                         Iteration: 236 [SD]                          


                             Coordinates                              
----------------------------------------------------------------------
0    C               -0.9134              -0.5112               0.4604
1    C                1.4045               0.1710              -0.0215
2    C               -1.3056               0.9407               0.7683
3    C                2.0712              -0.3992               1.2226
4    C                2.3668               0.3539              -1.1838
5    N                0.2582              -0.6584              -0.4066
6    N               -2.0772              -1.1326              -0.1834
7    O               -1.8235               1.5639              -0.3877
8    H               -2.4978               0.9472              -0.7098
9    H               -0.0146              -0.4090              -1.3517
10   H               -0.7031              -1.0166               1.4075
11   H                1.0702               1.1834               0.2197
12   H               -2.4370              -1.9067               0.3556
13   H               -1.8310              -1.4972              -1.0941
14   H               -0.4550               1.5341               1.0961
15   H               -2.0313               0.9429               1.5890
16   H                2.8873               0.2469               1.5484
17   H                1.8213               0.6618              -2.0790
18   H                2.4645              -1.3992               1.0325
19   H                1.3620              -0.4694               2.0497
20   H                3.0606               1.1599              -0.9397
21   H                2.9428              -0.5426              -1.4141


Energy:                 -383.646308 Convergence criteria  Is converged 
Maximum Force:             0.005162     0.002850  No
RMS Force:                 0.002709     0.001900  No
Maximum Displacement:      0.001035     0.003150  Yes
RMS Displacement:          0.000544     0.002100  Yes

----------------------------------------------------------------------
                         Iteration: 237 [SD]                          


                             Coordinates                              
----------------------------------------------------------------------
0    C               -0.9135              -0.5111               0.4605
1    C                1.4046               0.1714              -0.0215
2    C               -1.3060               0.9407               0.7684
3    C                2.0713              -0.3991               1.2225
4    C                2.3669               0.3537              -1.1838
5    N                0.2582              -0.6579              -0.4067
6    N               -2.0771              -1.1328              -0.1835
7    O               -1.8236               1.5640              -0.3876
8    H               -2.4978               0.9475              -0.7100
9    H               -0.0148              -0.4080              -1.3516
10   H               -0.7030              -1.0165               1.4075
11   H                1.0705               1.1839               0.2198
12   H               -2.4369              -1.9067               0.3557
13   H               -1.8305              -1.4979              -1.0939
14   H               -0.4556               1.5340               1.0967
15   H               -2.0321               0.9425               1.5888
16   H                2.8876               0.2468               1.5483
17   H                1.8215               0.6616              -2.0791
18   H                2.4645              -1.3992               1.0322
19   H                1.3622              -0.4694               2.0497
20   H                3.0612               1.1593              -0.9399
21   H                2.9423              -0.5433              -1.4139


Energy:                 -383.646340 Convergence criteria  Is converged 
Maximum Force:             0.005150     0.002850  No
RMS Force:                 0.002700     0.001900  No
Maximum Displacement:      0.001032     0.003150  Yes
RMS Displacement:          0.000542     0.002100  Yes

----------------------------------------------------------------------
                         Iteration: 238 [SD]                          


                             Coordinates                              
----------------------------------------------------------------------
0    C               -0.9135              -0.5110               0.4605
1    C                1.4046               0.1717              -0.0214
2    C               -1.3064               0.9406               0.7686
3    C                2.0714              -0.3990               1.2225
4    C                2.3670               0.3535              -1.1839
5    N                0.2581              -0.6574              -0.4067
6    N               -2.0769              -1.1330              -0.1836
7    O               -1.8237               1.5641              -0.3875
8    H               -2.4979               0.9477              -0.7102
9    H               -0.0150              -0.4069              -1.3515
10   H               -0.7028              -1.0164               1.4075
11   H                1.0708               1.1843               0.2198
12   H               -2.4369              -1.9067               0.3558
13   H               -1.8299              -1.4985              -1.0938
14   H               -0.4562               1.5339               1.0973
15   H               -2.0329               0.9421               1.5886
16   H                2.8878               0.2467               1.5482
17   H                1.8218               0.6614              -2.0792
18   H                2.4644              -1.3991               1.0318
19   H                1.3625              -0.4694               2.0497
20   H                3.0618               1.1588              -0.9402
21   H                2.9419              -0.5439              -1.4138


Energy:                 -383.646372 Convergence criteria  Is converged 
Maximum Force:             0.005137     0.002850  No
RMS Force:                 0.002691     0.001900  No
Maximum Displacement:      0.001030     0.003150  Yes
RMS Displacement:          0.000540     0.002100  Yes

----------------------------------------------------------------------
                         Iteration: 239 [SD]                          


                             Coordinates                              
----------------------------------------------------------------------
0    C               -0.9135              -0.5109               0.4605
1    C                1.4047               0.1720              -0.0214
2    C               -1.3069               0.9405               0.7687
3    C                2.0715              -0.3989               1.2224
4    C                2.3671               0.3533              -1.1839
5    N                0.2580              -0.6568              -0.4068
6    N               -2.0767              -1.1332              -0.1837
7    O               -1.8237               1.5642              -0.3875
8    H               -2.4979               0.9480              -0.7104
9    H               -0.0152              -0.4059              -1.3514
10   H               -0.7027              -1.0163               1.4075
11   H                1.0711               1.1847               0.2199
12   H               -2.4368              -1.9067               0.3559
13   H               -1.8294              -1.4991              -1.0936
14   H               -0.4568               1.5339               1.0979
15   H               -2.0337               0.9418               1.5884
16   H                2.8881               0.2466               1.5481
17   H                1.8220               0.6613              -2.0793
18   H                2.4644              -1.3990               1.0315
19   H                1.3628              -0.4693               2.0498
20   H                3.0624               1.1582              -0.9405
21   H                2.9414              -0.5445              -1.4136


Energy:                 -383.646404 Convergence criteria  Is converged 
Maximum Force:             0.005124     0.002850  No
RMS Force:                 0.002682     0.001900  No
Maximum Displacement:      0.001027     0.003150  Yes
RMS Displacement:          0.000538     0.002100  Yes

----------------------------------------------------------------------
                         Iteration: 240 [SD]                          


                             Coordinates                              
----------------------------------------------------------------------
0    C               -0.9136              -0.5108               0.4605
1    C                1.4047               0.1723              -0.0213
2    C               -1.3073               0.9404               0.7688
3    C                2.0716              -0.3988               1.2223
4    C                2.3671               0.3530              -1.1839
5    N                0.2579              -0.6563              -0.4068
6    N               -2.0766              -1.1334              -0.1838
7    O               -1.8238               1.5643              -0.3874
8    H               -2.4980               0.9483              -0.7107
9    H               -0.0154              -0.4049              -1.3513
10   H               -0.7025              -1.0162               1.4075
11   H                1.0714               1.1852               0.2200
12   H               -2.4368              -1.9067               0.3561
13   H               -1.8289              -1.4997              -1.0935
14   H               -0.4574               1.5338               1.0985
15   H               -2.0345               0.9414               1.5882
16   H                2.8884               0.2465               1.5479
17   H                1.8222               0.6611              -2.0794
18   H                2.4643              -1.3989               1.0311
19   H                1.3630              -0.4693               2.0498
20   H                3.0629               1.1576              -0.9407
21   H                2.9409              -0.5452              -1.4134


Energy:                 -383.646436 Convergence criteria  Is converged 
Maximum Force:             0.005112     0.002850  No
RMS Force:                 0.002673     0.001900  No
Maximum Displacement:      0.001025     0.003150  Yes
RMS Displacement:          0.000536     0.002100  Yes

----------------------------------------------------------------------
                         Iteration: 241 [SD]                          


                             Coordinates                              
----------------------------------------------------------------------
0    C               -0.9136              -0.5107               0.4605
1    C                1.4048               0.1727              -0.0213
2    C               -1.3077               0.9404               0.7690
3    C                2.0717              -0.3987               1.2222
4    C                2.3672               0.3528              -1.1839
5    N                0.2579              -0.6558              -0.4069
6    N               -2.0764              -1.1336              -0.1839
7    O               -1.8238               1.5644              -0.3873
8    H               -2.4980               0.9485              -0.7109
9    H               -0.0155              -0.4039              -1.3512
10   H               -0.7024              -1.0162               1.4074
11   H                1.0717               1.1856               0.2201
12   H               -2.4367              -1.9067               0.3562
13   H               -1.8284              -1.5003              -1.0933
14   H               -0.4580               1.5337               1.0991
15   H               -2.0353               0.9410               1.5880
16   H                2.8886               0.2464               1.5478
17   H                1.8225               0.6609              -2.0795
18   H                2.4643              -1.3988               1.0308
19   H                1.3633              -0.4693               2.0498
20   H                3.0635               1.1570              -0.9410
21   H                2.9405              -0.5458              -1.4132


Energy:                 -383.646467 Convergence criteria  Is converged 
Maximum Force:             0.005099     0.002850  No
RMS Force:                 0.002664     0.001900  No
Maximum Displacement:      0.001022     0.003150  Yes
RMS Displacement:          0.000535     0.002100  Yes

----------------------------------------------------------------------
                         Iteration: 242 [SD]                          


                             Coordinates                              
----------------------------------------------------------------------
0    C               -0.9137              -0.5107               0.4606
1    C                1.4048               0.1730              -0.0212
2    C               -1.3081               0.9403               0.7691
3    C                2.0718              -0.3987               1.2221
4    C                2.3673               0.3526              -1.1839
5    N                0.2578              -0.6553              -0.4070
6    N               -2.0763              -1.1338              -0.1840
7    O               -1.8239               1.5645              -0.3873
8    H               -2.4981               0.9488              -0.7111
9    H               -0.0157              -0.4028              -1.3511
10   H               -0.7022              -1.0161               1.4074
11   H                1.0720               1.1860               0.2202
12   H               -2.4367              -1.9067               0.3563
13   H               -1.8278              -1.5009              -1.0931
14   H               -0.4586               1.5337               1.0997
15   H               -2.0361               0.9406               1.5878
16   H                2.8889               0.2463               1.5477
17   H                1.8227               0.6607              -2.0796
18   H                2.4643              -1.3988               1.0304
19   H                1.3635              -0.4692               2.0499
20   H                3.0641               1.1564              -0.9412
21   H                2.9400              -0.5464              -1.4131


Energy:                 -383.646498 Convergence criteria  Is converged 
Maximum Force:             0.005087     0.002850  No
RMS Force:                 0.002656     0.001900  No
Maximum Displacement:      0.001020     0.003150  Yes
RMS Displacement:          0.000533     0.002100  Yes

----------------------------------------------------------------------
                         Iteration: 243 [SD]                          


                             Coordinates                              
----------------------------------------------------------------------
0    C               -0.9137              -0.5106               0.4606
1    C                1.4049               0.1733              -0.0212
2    C               -1.3085               0.9402               0.7693
3    C                2.0719              -0.3986               1.2220
4    C                2.3674               0.3524              -1.1840
5    N                0.2577              -0.6547              -0.4070
6    N               -2.0761              -1.1340              -0.1841
7    O               -1.8240               1.5647              -0.3872
8    H               -2.4981               0.9490              -0.7113
9    H               -0.0159              -0.4018              -1.3510
10   H               -0.7021              -1.0160               1.4074
11   H                1.0723               1.1864               0.2203
12   H               -2.4367              -1.9067               0.3564
13   H               -1.8273              -1.5015              -1.0930
14   H               -0.4592               1.5336               1.1003
15   H               -2.0369               0.9403               1.5876
16   H                2.8892               0.2462               1.5475
17   H                1.8229               0.6606              -2.0797
18   H                2.4642              -1.3987               1.0301
19   H                1.3638              -0.4692               2.0499
20   H                3.0647               1.1558              -0.9415
21   H                2.9395              -0.5470              -1.4129


Energy:                 -383.646529 Convergence criteria  Is converged 
Maximum Force:             0.005075     0.002850  No
RMS Force:                 0.002647     0.001900  No
Maximum Displacement:      0.001017     0.003150  Yes
RMS Displacement:          0.000531     0.002100  Yes

----------------------------------------------------------------------
                         Iteration: 244 [SD]                          


                             Coordinates                              
----------------------------------------------------------------------
0    C               -0.9137              -0.5105               0.4606
1    C                1.4049               0.1736              -0.0211
2    C               -1.3090               0.9401               0.7694
3    C                2.0720              -0.3985               1.2219
4    C                2.3675               0.3522              -1.1840
5    N                0.2577              -0.6542              -0.4071
6    N               -2.0759              -1.1342              -0.1842
7    O               -1.8240               1.5648              -0.3871
8    H               -2.4982               0.9493              -0.7116
9    H               -0.0161              -0.4008              -1.3509
10   H               -0.7019              -1.0159               1.4074
11   H                1.0725               1.1869               0.2203
12   H               -2.4366              -1.9067               0.3565
13   H               -1.8268              -1.5021              -1.0928
14   H               -0.4598               1.5335               1.1009
15   H               -2.0377               0.9399               1.5874
16   H                2.8894               0.2461               1.5474
17   H                1.8231               0.6604              -2.0797
18   H                2.4642              -1.3986               1.0297
19   H                1.3640              -0.4692               2.0499
20   H                3.0653               1.1552              -0.9417
21   H                2.9391              -0.5477              -1.4127


Energy:                 -383.646560 Convergence criteria  Is converged 
Maximum Force:             0.005062     0.002850  No
RMS Force:                 0.002638     0.001900  No
Maximum Displacement:      0.001015     0.003150  Yes
RMS Displacement:          0.000529     0.002100  Yes

----------------------------------------------------------------------
                         Iteration: 245 [SD]                          


                             Coordinates                              
----------------------------------------------------------------------
0    C               -0.9138              -0.5104               0.4606
1    C                1.4050               0.1740              -0.0211
2    C               -1.3094               0.9401               0.7695
3    C                2.0721              -0.3984               1.2219
4    C                2.3675               0.3519              -1.1840
5    N                0.2576              -0.6537              -0.4072
6    N               -2.0758              -1.1344              -0.1843
7    O               -1.8241               1.5649              -0.3871
8    H               -2.4982               0.9495              -0.7118
9    H               -0.0163              -0.3998              -1.3508
10   H               -0.7018              -1.0159               1.4074
11   H                1.0728               1.1873               0.2204
12   H               -2.4366              -1.9067               0.3566
13   H               -1.8262              -1.5027              -1.0926
14   H               -0.4604               1.5335               1.1015
15   H               -2.0385               0.9395               1.5872
16   H                2.8897               0.2460               1.5473
17   H                1.8234               0.6602              -2.0798
18   H                2.4641              -1.3985               1.0294
19   H                1.3643              -0.4691               2.0500
20   H                3.0658               1.1546              -0.9420
21   H                2.9386              -0.5483              -1.4125


Energy:                 -383.646591 Convergence criteria  Is converged 
Maximum Force:             0.005050     0.002850  No
RMS Force:                 0.002630     0.001900  No
Maximum Displacement:      0.001012     0.003150  Yes
RMS Displacement:          0.000528     0.002100  Yes

----------------------------------------------------------------------
                         Iteration: 246 [SD]                          


                             Coordinates                              
----------------------------------------------------------------------
0    C               -0.9138              -0.5103               0.4606
1    C                1.4050               0.1743              -0.0211
2    C               -1.3098               0.9400               0.7697
3    C                2.0722              -0.3983               1.2218
4    C                2.3676               0.3517              -1.1840
5    N                0.2575              -0.6532              -0.4072
6    N               -2.0756              -1.1345              -0.1844
7    O               -1.8241               1.5650              -0.3870
8    H               -2.4982               0.9498              -0.7120
9    H               -0.0165              -0.3988              -1.3507
10   H               -0.7016              -1.0158               1.4073
11   H                1.0731               1.1877               0.2205
12   H               -2.4365              -1.9067               0.3567
13   H               -1.8257              -1.5033              -1.0925
14   H               -0.4610               1.5334               1.1021
15   H               -2.0392               0.9392               1.5871
16   H                2.8899               0.2459               1.5471
17   H                1.8236               0.6601              -2.0799
18   H                2.4641              -1.3985               1.0290
19   H                1.3645              -0.4691               2.0500
20   H                3.0664               1.1541              -0.9422
21   H                2.9381              -0.5489              -1.4124


Energy:                 -383.646621 Convergence criteria  Is converged 
Maximum Force:             0.005038     0.002850  No
RMS Force:                 0.002621     0.001900  No
Maximum Displacement:      0.001010     0.003150  Yes
RMS Displacement:          0.000526     0.002100  Yes

----------------------------------------------------------------------
                         Iteration: 247 [SD]                          


                             Coordinates                              
----------------------------------------------------------------------
0    C               -0.9138              -0.5103               0.4607
1    C                1.4050               0.1746              -0.0210
2    C               -1.3102               0.9399               0.7698
3    C                2.0722              -0.3982               1.2217
4    C                2.3677               0.3515              -1.1841
5    N                0.2574              -0.6527              -0.4073
6    N               -2.0755              -1.1347              -0.1845
7    O               -1.8242               1.5651              -0.3869
8    H               -2.4983               0.9500              -0.7122
9    H               -0.0167              -0.3978              -1.3506
10   H               -0.7015              -1.0157               1.4073
11   H                1.0734               1.1881               0.2206
12   H               -2.4365              -1.9067               0.3568
13   H               -1.8252              -1.5039              -1.0923
14   H               -0.4616               1.5334               1.1027
15   H               -2.0400               0.9388               1.5869
16   H                2.8902               0.2458               1.5470
17   H                1.8238               0.6599              -2.0800
18   H                2.4640              -1.3984               1.0287
19   H                1.3647              -0.4691               2.0501
20   H                3.0670               1.1535              -0.9425
21   H                2.9377              -0.5495              -1.4122


Energy:                 -383.646651 Convergence criteria  Is converged 
Maximum Force:             0.005025     0.002850  No
RMS Force:                 0.002613     0.001900  No
Maximum Displacement:      0.001008     0.003150  Yes
RMS Displacement:          0.000524     0.002100  Yes

----------------------------------------------------------------------
                         Iteration: 248 [SD]                          


                             Coordinates                              
----------------------------------------------------------------------
0    C               -0.9139              -0.5102               0.4607
1    C                1.4051               0.1749              -0.0210
2    C               -1.3106               0.9398               0.7699
3    C                2.0723              -0.3981               1.2216
4    C                2.3678               0.3513              -1.1841
5    N                0.2574              -0.6522              -0.4074
6    N               -2.0753              -1.1349              -0.1846
7    O               -1.8242               1.5652              -0.3869
8    H               -2.4983               0.9503              -0.7125
9    H               -0.0169              -0.3968              -1.3505
10   H               -0.7013              -1.0156               1.4073
11   H                1.0736               1.1885               0.2207
12   H               -2.4364              -1.9067               0.3569
13   H               -1.8246              -1.5045              -1.0921
14   H               -0.4621               1.5333               1.1032
15   H               -2.0408               0.9384               1.5867
16   H                2.8904               0.2458               1.5469
17   H                1.8240               0.6598              -2.0801
18   H                2.4640              -1.3983               1.0284
19   H                1.3650              -0.4690               2.0501
20   H                3.0675               1.1529              -0.9427
21   H                2.9372              -0.5501              -1.4120


Energy:                 -383.646681 Convergence criteria  Is converged 
Maximum Force:             0.005013     0.002850  No
RMS Force:                 0.002605     0.001900  No
Maximum Displacement:      0.001005     0.003150  Yes
RMS Displacement:          0.000523     0.002100  Yes

----------------------------------------------------------------------
                         Iteration: 249 [SD]                          


                             Coordinates                              
----------------------------------------------------------------------
0    C               -0.9139              -0.5101               0.4607
1    C                1.4051               0.1752              -0.0209
2    C               -1.3110               0.9398               0.7701
3    C                2.0724              -0.3981               1.2215
4    C                2.3679               0.3511              -1.1841
5    N                0.2573              -0.6516              -0.4074
6    N               -2.0751              -1.1351              -0.1847
7    O               -1.8243               1.5653              -0.3868
8    H               -2.4984               0.9505              -0.7127
9    H               -0.0171              -0.3958              -1.3504
10   H               -0.7011              -1.0156               1.4073
11   H                1.0739               1.1889               0.2207
12   H               -2.4364              -1.9067               0.3570
13   H               -1.8241              -1.5052              -1.0920
14   H               -0.4627               1.5332               1.1038
15   H               -2.0415               0.9381               1.5865
16   H                2.8907               0.2457               1.5467
17   H                1.8243               0.6596              -2.0802
18   H                2.4639              -1.3982               1.0280
19   H                1.3652              -0.4690               2.0501
20   H                3.0681               1.1523              -0.9429
21   H                2.9367              -0.5507              -1.4119


Energy:                 -383.646711 Convergence criteria  Is converged 
Maximum Force:             0.005001     0.002850  No
RMS Force:                 0.002596     0.001900  No
Maximum Displacement:      0.001003     0.003150  Yes
RMS Displacement:          0.000521     0.002100  Yes

----------------------------------------------------------------------
                         Iteration: 250 [SD]                          


                             Coordinates                              
----------------------------------------------------------------------
0    C               -0.9139              -0.5100               0.4607
1    C                1.4052               0.1755              -0.0209
2    C               -1.3114               0.9397               0.7702
3    C                2.0725              -0.3980               1.2214
4    C                2.3679               0.3509              -1.1841
5    N                0.2572              -0.6511              -0.4075
6    N               -2.0750              -1.1353              -0.1849
7    O               -1.8244               1.5654              -0.3867
8    H               -2.4984               0.9507              -0.7129
9    H               -0.0172              -0.3948              -1.3503
10   H               -0.7010              -1.0155               1.4072
11   H                1.0742               1.1893               0.2208
12   H               -2.4364              -1.9066               0.3571
13   H               -1.8235              -1.5058              -1.0918
14   H               -0.4633               1.5332               1.1044
15   H               -2.0423               0.9377               1.5863
16   H                2.8909               0.2456               1.5466
17   H                1.8245               0.6595              -2.0803
18   H                2.4639              -1.3982               1.0277
19   H                1.3655              -0.4690               2.0502
20   H                3.0686               1.1518              -0.9432
21   H                2.9363              -0.5514              -1.4117


Energy:                 -383.646741 Convergence criteria  Is converged 
Maximum Force:             0.004989     0.002850  No
RMS Force:                 0.002588     0.001900  No
Maximum Displacement:      0.001000     0.003150  Yes
RMS Displacement:          0.000519     0.002100  Yes

----------------------------------------------------------------------
                         Iteration: 251 [SD]                          


                             Coordinates                              
----------------------------------------------------------------------
0    C               -0.9140              -0.5099               0.4607
1    C                1.4052               0.1758              -0.0208
2    C               -1.3118               0.9396               0.7703
3    C                2.0726              -0.3979               1.2214
4    C                2.3680               0.3506              -1.1841
5    N                0.2572              -0.6506              -0.4076
6    N               -2.0748              -1.1355              -0.1850
7    O               -1.8244               1.5655              -0.3867
8    H               -2.4984               0.9510              -0.7131
9    H               -0.0174              -0.3938              -1.3502
10   H               -0.7008              -1.0154               1.4072
11   H                1.0744               1.1897               0.2209
12   H               -2.4363              -1.9066               0.3572
13   H               -1.8230              -1.5064              -1.0916
14   H               -0.4639               1.5331               1.1050
15   H               -2.0431               0.9374               1.5861
16   H                2.8912               0.2455               1.5465
17   H                1.8247               0.6593              -2.0804
18   H                2.4638              -1.3981               1.0274
19   H                1.3657              -0.4689               2.0502
20   H                3.0692               1.1512              -0.9434
21   H                2.9358              -0.5520              -1.4115


Energy:                 -383.646770 Convergence criteria  Is converged 
Maximum Force:             0.004977     0.002850  No
RMS Force:                 0.002580     0.001900  No
Maximum Displacement:      0.000998     0.003150  Yes
RMS Displacement:          0.000518     0.002100  Yes

----------------------------------------------------------------------
                         Iteration: 252 [SD]                          


                             Coordinates                              
----------------------------------------------------------------------
0    C               -0.9140              -0.5099               0.4607
1    C                1.4053               0.1761              -0.0208
2    C               -1.3122               0.9395               0.7705
3    C                2.0727              -0.3978               1.2213
4    C                2.3681               0.3504              -1.1842
5    N                0.2571              -0.6501              -0.4076
6    N               -2.0746              -1.1357              -0.1851
7    O               -1.8245               1.5656              -0.3866
8    H               -2.4984               0.9512              -0.7133
9    H               -0.0176              -0.3928              -1.3501
10   H               -0.7007              -1.0153               1.4072
11   H                1.0747               1.1901               0.2210
12   H               -2.4363              -1.9066               0.3574
13   H               -1.8225              -1.5070              -1.0915
14   H               -0.4645               1.5331               1.1056
15   H               -2.0438               0.9370               1.5860
16   H                2.8914               0.2454               1.5463
17   H                1.8249               0.6591              -2.0804
18   H                2.4638              -1.3980               1.0270
19   H                1.3659              -0.4689               2.0502
20   H                3.0698               1.1506              -0.9436
21   H                2.9354              -0.5526              -1.4114


Energy:                 -383.646799 Convergence criteria  Is converged 
Maximum Force:             0.004965     0.002850  No
RMS Force:                 0.002572     0.001900  No
Maximum Displacement:      0.000995     0.003150  Yes
RMS Displacement:          0.000516     0.002100  Yes

----------------------------------------------------------------------
                         Iteration: 253 [SD]                          


                             Coordinates                              
----------------------------------------------------------------------
0    C               -0.9140              -0.5098               0.4608
1    C                1.4053               0.1765              -0.0208
2    C               -1.3126               0.9395               0.7706
3    C                2.0728              -0.3977               1.2212
4    C                2.3682               0.3502              -1.1842
5    N                0.2570              -0.6496              -0.4077
6    N               -2.0745              -1.1359              -0.1852
7    O               -1.8245               1.5657              -0.3865
8    H               -2.4985               0.9514              -0.7136
9    H               -0.0178              -0.3918              -1.3501
10   H               -0.7005              -1.0153               1.4072
11   H                1.0750               1.1906               0.2211
12   H               -2.4363              -1.9066               0.3575
13   H               -1.8219              -1.5076              -1.0913
14   H               -0.4650               1.5330               1.1061
15   H               -2.0446               0.9366               1.5858
16   H                2.8917               0.2453               1.5462
17   H                1.8251               0.6590              -2.0805
18   H                2.4637              -1.3979               1.0267
19   H                1.3662              -0.4688               2.0503
20   H                3.0703               1.1500              -0.9439
21   H                2.9349              -0.5532              -1.4112


Energy:                 -383.646828 Convergence criteria  Is converged 
Maximum Force:             0.004953     0.002850  No
RMS Force:                 0.002564     0.001900  No
Maximum Displacement:      0.000993     0.003150  Yes
RMS Displacement:          0.000514     0.002100  Yes

----------------------------------------------------------------------
                         Iteration: 254 [SD]                          


                             Coordinates                              
----------------------------------------------------------------------
0    C               -0.9141              -0.5097               0.4608
1    C                1.4053               0.1768              -0.0207
2    C               -1.3130               0.9394               0.7707
3    C                2.0729              -0.3977               1.2211
4    C                2.3682               0.3500              -1.1842
5    N                0.2569              -0.6491              -0.4078
6    N               -2.0743              -1.1360              -0.1853
7    O               -1.8246               1.5658              -0.3865
8    H               -2.4985               0.9517              -0.7138
9    H               -0.0180              -0.3908              -1.3500
10   H               -0.7004              -1.0152               1.4071
11   H                1.0752               1.1910               0.2211
12   H               -2.4362              -1.9066               0.3576
13   H               -1.8214              -1.5082              -1.0911
14   H               -0.4656               1.5330               1.1067
15   H               -2.0453               0.9363               1.5856
16   H                2.8919               0.2452               1.5461
17   H                1.8254               0.6588              -2.0806
18   H                2.4637              -1.3979               1.0264
19   H                1.3664              -0.4688               2.0503
20   H                3.0709               1.1495              -0.9441
21   H                2.9344              -0.5538              -1.4110


Energy:                 -383.646857 Convergence criteria  Is converged 
Maximum Force:             0.004941     0.002850  No
RMS Force:                 0.002556     0.001900  No
Maximum Displacement:      0.000991     0.003150  Yes
RMS Displacement:          0.000513     0.002100  Yes

----------------------------------------------------------------------
                         Iteration: 255 [SD]                          


                             Coordinates                              
----------------------------------------------------------------------
0    C               -0.9141              -0.5096               0.4608
1    C                1.4054               0.1771              -0.0207
2    C               -1.3134               0.9393               0.7709
3    C                2.0729              -0.3976               1.2210
4    C                2.3683               0.3498              -1.1842
5    N                0.2569              -0.6486              -0.4078
6    N               -2.0742              -1.1362              -0.1854
7    O               -1.8246               1.5659              -0.3864
8    H               -2.4985               0.9519              -0.7140
9    H               -0.0182              -0.3898              -1.3499
10   H               -0.7002              -1.0151               1.4071
11   H                1.0755               1.1913               0.2212
12   H               -2.4362              -1.9066               0.3577
13   H               -1.8208              -1.5088              -1.0910
14   H               -0.4662               1.5329               1.1073
15   H               -2.0460               0.9359               1.5854
16   H                2.8922               0.2451               1.5459
17   H                1.8256               0.6587              -2.0807
18   H                2.4636              -1.3978               1.0261
19   H                1.3666              -0.4688               2.0503
20   H                3.0714               1.1489              -0.9443
21   H                2.9340              -0.5544              -1.4109


Energy:                 -383.646886 Convergence criteria  Is converged 
Maximum Force:             0.004929     0.002850  No
RMS Force:                 0.002548     0.001900  No
Maximum Displacement:      0.000988     0.003150  Yes
RMS Displacement:          0.000511     0.002100  Yes

----------------------------------------------------------------------
                         Iteration: 256 [SD]                          


                             Coordinates                              
----------------------------------------------------------------------
0    C               -0.9141              -0.5095               0.4608
1    C                1.4054               0.1774              -0.0206
2    C               -1.3138               0.9393               0.7710
3    C                2.0730              -0.3975               1.2209
4    C                2.3684               0.3496              -1.1842
5    N                0.2568              -0.6481              -0.4079
6    N               -2.0740              -1.1364              -0.1855
7    O               -1.8247               1.5660              -0.3863
8    H               -2.4985               0.9521              -0.7142
9    H               -0.0184              -0.3888              -1.3498
10   H               -0.7000              -1.0151               1.4071
11   H                1.0758               1.1917               0.2213
12   H               -2.4362              -1.9065               0.3578
13   H               -1.8203              -1.5094              -1.0908
14   H               -0.4667               1.5328               1.1079
15   H               -2.0468               0.9356               1.5853
16   H                2.8924               0.2450               1.5458
17   H                1.8258               0.6586              -2.0808
18   H                2.4636              -1.3977               1.0257
19   H                1.3669              -0.4687               2.0504
20   H                3.0720               1.1483              -0.9445
21   H                2.9335              -0.5549              -1.4107


Energy:                 -383.646914 Convergence criteria  Is converged 
Maximum Force:             0.004917     0.002850  No
RMS Force:                 0.002540     0.001900  No
Maximum Displacement:      0.000986     0.003150  Yes
RMS Displacement:          0.000510     0.002100  Yes

----------------------------------------------------------------------
                         Iteration: 256 [SD]                          


                             Coordinates                              
----------------------------------------------------------------------
0    C               -0.9141              -0.5095               0.4608
1    C                1.4054               0.1774              -0.0206
2    C               -1.3138               0.9393               0.7710
3    C                2.0730              -0.3975               1.2209
4    C                2.3684               0.3496              -1.1842
5    N                0.2568              -0.6481              -0.4079
6    N               -2.0740              -1.1364              -0.1855
7    O               -1.8247               1.5660              -0.3863
8    H               -2.4985               0.9521              -0.7142
9    H               -0.0184              -0.3888              -1.3498
10   H               -0.7000              -1.0151               1.4071
11   H                1.0758               1.1917               0.2213
12   H               -2.4362              -1.9065               0.3578
13   H               -1.8203              -1.5094              -1.0908
14   H               -0.4667               1.5328               1.1079
15   H               -2.0468               0.9356               1.5853
16   H                2.8924               0.2450               1.5458
17   H                1.8258               0.6586              -2.0808
18   H                2.4636              -1.3977               1.0257
19   H                1.3669              -0.4687               2.0504
20   H                3.0720               1.1483              -0.9445
21   H                2.9335              -0.5549              -1.4107


Energy:                 -383.646914 Convergence criteria  Is converged 
Maximum Force:             0.004917     0.002850  No
RMS Force:                 0.002540     0.001900  No
Maximum Displacement:      0.000986     0.003150  Yes
RMS Displacement:          0.000510     0.002100  Yes

SDCG did NOT converge after 256 iterations (final phase: SD). Final frame written to /home/user/software/MAPLE/examples/opt/sd/inp_nodiis_opt.xyz
Complete trajectory written to /home/user/software/MAPLE/examples/opt/sd/inp_nodiis_traj.xyz



Program started: 2026-02-03 13:16:40

======================================================================
                      TIMING SUMMARY
======================================================================
Input Reading (×19).................................   0.224 s  (   1.5 %)
  Settings Parsing (×19)..............................   0.191 s  (  84.9 %)
  Coordinate Section Parsing (×19)....................   0.004 s  (   1.9 %)
  Post-Processing Expansion (×19).....................   0.000 s  (   0.0 %)
MLP Initialization (×19)............................  13.462 s  (  91.2 %)
Job Dispatching (×19)............................... 430.150 s  (2913.2 %)
  Frequency Calculation (×6)..........................   1.983 s  (   0.5 %)
  IRC Calculation (×4)................................  18.715 s  (   4.4 %)
  Single Point Energy Calculation.....................   1.246 s  (   0.3 %)
  Optimization (×8)................................... 408.195 s  (  94.9 %)
======================================================================
Total wall time: 14.765 s
Total CPU time: 301.972 s
======================================================================

Program ended: 2026-02-03 13:16:55
TOTAL RUN TIME: 0 days 0 hours 0 minutes 14 seconds 765 msec
