
**********************************************************************
*                                                                    *
*                        M   A   P   L   E                           *
*                                                                    *
*      MAchine-learning Potential for Landscape Exploration          *
*                                                                    *
*                                                                    *
*      © 2025 University of Pittsburgh. All rights reserved.         *
*      Licensed under CC BY 4.0 for academic use.                    *
*                                                                    *
*      Principal Developer:  Xujian Wang                             *
*                                                                    *
**********************************************************************


Parsing # commands...
Global parameter: model = aimnet2nse
Task set to 'scan'
Global parameter: device = gpu0
Parsed configuration:
----------------------------------------
Task: scan
model          : aimnet2nse
method         : lbfgs
mode           : relaxed
device         : gpu0

                             Coordinates                              
**********************************************************************

Group 1 (inline)
--------------------
1    C              0.000000             0.000000             0.000000
2    C              1.520000             0.000000             0.000000
3    O              2.070000             1.210000             0.000000
4    H              2.940000             1.200000             0.000000
5    H             -0.540000             0.940000             0.000000
6    H             -0.540000            -0.470000             0.814000
7    H             -0.540000            -0.470000            -0.814000
8    H              1.920000            -0.520000             0.890000
9    H              1.920000            -0.520000            -0.890000

======================================================================
                  Constraints and Restraints Summary                  
======================================================================
Scan coordinates: 1
======================================================================

----------------------------------------------------------------------
            Scanning combination 1/73: [180.00]

======================================================================
LBFGS Parameters
======================================================================
memory:     5
curvature:  70.0
max_step:   0.2
max_iter:   256
verbose:    0
======================================================================


                             Coordinates                              
----------------------------------------------------------------------
0    C               -0.0436              -0.0042               0.0000
1    C                1.4831              -0.0410              -0.0000
2    O                1.9847               1.2934               0.0000
3    H                2.9407               1.2473               0.0000
4    H               -0.3921               1.0251              -0.0000
5    H               -0.4482              -0.5032               0.8781
6    H               -0.4482              -0.5032              -0.8781
7    H                1.8368              -0.5721               0.8862
8    H                1.8368              -0.5721              -0.8862


Energy:                 -155.134260 Convergence criteria  Is converged 
Maximum Force:             0.002010     0.002850  Yes
RMS Force:                 0.001078     0.001900  Yes
Maximum Displacement:      0.002015     0.003150  Yes
RMS Displacement:          0.000876     0.002100  Yes

LBFGS converged at iteration 12.

----------------------------------------------------------------------
            Scanning combination 2/73: [185.00]

======================================================================
LBFGS Parameters
======================================================================
memory:     5
curvature:  70.0
max_step:   0.2
max_iter:   256
verbose:    0
======================================================================


                             Coordinates                              
----------------------------------------------------------------------
0    C               -0.0439              -0.0046              -0.0010
1    C                1.4833              -0.0417               0.0014
2    O                1.9856               1.2923               0.0059
3    H                2.9386               1.2489              -0.0720
4    H               -0.3910               1.0251              -0.0003
5    H               -0.4492              -0.5019               0.8770
6    H               -0.4499              -0.5031              -0.8797
7    H                1.8385              -0.5732               0.8864
8    H                1.8380              -0.5718              -0.8837


Energy:                 -155.134259 Convergence criteria  Is converged 
Maximum Force:             0.001934     0.002850  Yes
RMS Force:                 0.000977     0.001900  Yes
Maximum Displacement:      0.002639     0.003150  Yes
RMS Displacement:          0.001307     0.002100  Yes

LBFGS converged at iteration 3.

----------------------------------------------------------------------
            Scanning combination 3/73: [190.00]

======================================================================
LBFGS Parameters
======================================================================
memory:     5
curvature:  70.0
max_step:   0.2
max_iter:   256
verbose:    0
======================================================================


                             Coordinates                              
----------------------------------------------------------------------
0    C               -0.0440              -0.0049              -0.0023
1    C                1.4836              -0.0422               0.0032
2    O                1.9870               1.2915               0.0113
3    H                2.9306               1.2524              -0.1434
4    H               -0.3900               1.0252              -0.0008
5    H               -0.4503              -0.5010               0.8761
6    H               -0.4512              -0.5028              -0.8810
7    H                1.8399              -0.5744               0.8870
8    H                1.8391              -0.5716              -0.8819


Energy:                 -155.134217 Convergence criteria  Is converged 
Maximum Force:             0.001852     0.002850  Yes
RMS Force:                 0.000901     0.001900  Yes
Maximum Displacement:      0.002427     0.003150  Yes
RMS Displacement:          0.001139     0.002100  Yes

LBFGS converged at iteration 3.

----------------------------------------------------------------------
            Scanning combination 4/73: [195.00]

======================================================================
LBFGS Parameters
======================================================================
memory:     5
curvature:  70.0
max_step:   0.2
max_iter:   256
verbose:    0
======================================================================


                             Coordinates                              
----------------------------------------------------------------------
0    C               -0.0441              -0.0051              -0.0033
1    C                1.4839              -0.0427               0.0049
2    O                1.9887               1.2907               0.0166
3    H                2.9169               1.2580              -0.2140
4    H               -0.3891               1.0253              -0.0014
5    H               -0.4513              -0.5001               0.8751
6    H               -0.4522              -0.5025              -0.8821
7    H                1.8412              -0.5756               0.8877
8    H                1.8401              -0.5714              -0.8802


Energy:                 -155.134140 Convergence criteria  Is converged 
Maximum Force:             0.001851     0.002850  Yes
RMS Force:                 0.000848     0.001900  Yes
Maximum Displacement:      0.002566     0.003150  Yes
RMS Displacement:          0.001127     0.002100  Yes

LBFGS converged at iteration 3.

----------------------------------------------------------------------
            Scanning combination 5/73: [200.00]

======================================================================
LBFGS Parameters
======================================================================
memory:     5
curvature:  70.0
max_step:   0.2
max_iter:   256
verbose:    0
======================================================================


                             Coordinates                              
----------------------------------------------------------------------
0    C               -0.0442              -0.0052              -0.0043
1    C                1.4842              -0.0431               0.0066
2    O                1.9910               1.2897               0.0217
3    H                2.8976               1.2656              -0.2830
4    H               -0.3882               1.0255              -0.0020
5    H               -0.4524              -0.4994               0.8742
6    H               -0.4530              -0.5022              -0.8832
7    H                1.8424              -0.5767               0.8884
8    H                1.8412              -0.5711              -0.8786


Energy:                 -155.134029 Convergence criteria  Is converged 
Maximum Force:             0.001881     0.002850  Yes
RMS Force:                 0.000811     0.001900  Yes
Maximum Displacement:      0.002654     0.003150  Yes
RMS Displacement:          0.001119     0.002100  Yes

LBFGS converged at iteration 3.

----------------------------------------------------------------------
            Scanning combination 6/73: [205.00]

======================================================================
LBFGS Parameters
======================================================================
memory:     5
curvature:  70.0
max_step:   0.2
max_iter:   256
verbose:    0
======================================================================


                             Coordinates                              
----------------------------------------------------------------------
0    C               -0.0444              -0.0054              -0.0052
1    C                1.4845              -0.0435               0.0081
2    O                1.9938               1.2886               0.0266
3    H                2.8730               1.2752              -0.3501
4    H               -0.3875               1.0257              -0.0026
5    H               -0.4535              -0.4988               0.8732
6    H               -0.4537              -0.5019              -0.8843
7    H                1.8434              -0.5777               0.8891
8    H                1.8422              -0.5707              -0.8770


Energy:                 -155.133889 Convergence criteria  Is converged 
Maximum Force:             0.001942     0.002850  Yes
RMS Force:                 0.000780     0.001900  Yes
Maximum Displacement:      0.002747     0.003150  Yes
RMS Displacement:          0.001124     0.002100  Yes

LBFGS converged at iteration 3.

----------------------------------------------------------------------
            Scanning combination 7/73: [210.00]

======================================================================
LBFGS Parameters
======================================================================
memory:     5
curvature:  70.0
max_step:   0.2
max_iter:   256
verbose:    0
======================================================================


                             Coordinates                              
----------------------------------------------------------------------
0    C               -0.0446              -0.0055              -0.0060
1    C                1.4847              -0.0437               0.0096
2    O                1.9971               1.2874               0.0313
3    H                2.8433               1.2869              -0.4146
4    H               -0.3869               1.0258              -0.0033
5    H               -0.4547              -0.4982               0.8723
6    H               -0.4542              -0.5016              -0.8853
7    H                1.8444              -0.5785               0.8898
8    H                1.8433              -0.5703              -0.8755


Energy:                 -155.133725 Convergence criteria  Is converged 
Maximum Force:             0.002015     0.002850  Yes
RMS Force:                 0.000751     0.001900  Yes
Maximum Displacement:      0.002824     0.003150  Yes
RMS Displacement:          0.001129     0.002100  Yes

LBFGS converged at iteration 3.

----------------------------------------------------------------------
            Scanning combination 8/73: [215.00]

======================================================================
LBFGS Parameters
======================================================================
memory:     5
curvature:  70.0
max_step:   0.2
max_iter:   256
verbose:    0
======================================================================


                             Coordinates                              
----------------------------------------------------------------------
0    C               -0.0449              -0.0056              -0.0067
1    C                1.4850              -0.0439               0.0109
2    O                2.0011               1.2860               0.0357
3    H                2.8087               1.3006              -0.4760
4    H               -0.3865               1.0260              -0.0039
5    H               -0.4560              -0.4977               0.8714
6    H               -0.4546              -0.5014              -0.8863
7    H                1.8452              -0.5792               0.8906
8    H                1.8444              -0.5700              -0.8740


Energy:                 -155.133540 Convergence criteria  Is converged 
Maximum Force:             0.002094     0.002850  Yes
RMS Force:                 0.000724     0.001900  Yes
Maximum Displacement:      0.002906     0.003150  Yes
RMS Displacement:          0.001141     0.002100  Yes

LBFGS converged at iteration 3.

----------------------------------------------------------------------
            Scanning combination 9/73: [220.00]

======================================================================
LBFGS Parameters
======================================================================
memory:     5
curvature:  70.0
max_step:   0.2
max_iter:   256
verbose:    0
======================================================================


                             Coordinates                              
----------------------------------------------------------------------
0    C               -0.0454              -0.0057              -0.0073
1    C                1.4852              -0.0440               0.0120
2    O                2.0056               1.2844               0.0399
3    H                2.7697               1.3162              -0.5340
4    H               -0.3862               1.0262              -0.0046
5    H               -0.4574              -0.4974               0.8706
6    H               -0.4549              -0.5011              -0.8872
7    H                1.8459              -0.5798               0.8912
8    H                1.8454              -0.5698              -0.8726


Energy:                 -155.133344 Convergence criteria  Is converged 
Maximum Force:             0.002159     0.002850  Yes
RMS Force:                 0.000708     0.001900  Yes
Maximum Displacement:      0.002981     0.003150  Yes
RMS Displacement:          0.001162     0.002100  Yes

LBFGS converged at iteration 3.

----------------------------------------------------------------------
            Scanning combination 10/73: [225.00]

======================================================================
LBFGS Parameters
======================================================================
memory:     5
curvature:  70.0
max_step:   0.2
max_iter:   256
verbose:    0
======================================================================


                             Coordinates                              
----------------------------------------------------------------------
0    C               -0.0458              -0.0059              -0.0078
1    C                1.4854              -0.0440               0.0129
2    O                2.0108               1.2827               0.0438
3    H                2.7265               1.3338              -0.5879
4    H               -0.3862               1.0263              -0.0051
5    H               -0.4588              -0.4971               0.8697
6    H               -0.4552              -0.5009              -0.8881
7    H                1.8464              -0.5801               0.8919
8    H                1.8465              -0.5697              -0.8712


Energy:                 -155.133142 Convergence criteria  Is converged 
Maximum Force:             0.002208     0.002850  Yes
RMS Force:                 0.000710     0.001900  Yes
Maximum Displacement:      0.003083     0.003150  Yes
RMS Displacement:          0.001196     0.002100  Yes

LBFGS converged at iteration 3.

----------------------------------------------------------------------
            Scanning combination 11/73: [230.00]

======================================================================
LBFGS Parameters
======================================================================
memory:     5
curvature:  70.0
max_step:   0.2
max_iter:   256
verbose:    0
======================================================================


                             Coordinates                              
----------------------------------------------------------------------
0    C               -0.0464              -0.0060              -0.0077
1    C                1.4859              -0.0441               0.0132
2    O                2.0170               1.2806               0.0473
3    H                2.6792               1.3535              -0.6376
4    H               -0.3866               1.0264              -0.0058
5    H               -0.4614              -0.4970               0.8692
6    H               -0.4553              -0.5004              -0.8887
7    H                1.8467              -0.5799               0.8923
8    H                1.8485              -0.5702              -0.8700


Energy:                 -155.132949 Convergence criteria  Is converged 
Maximum Force:             0.001892     0.002850  Yes
RMS Force:                 0.000670     0.001900  Yes
Maximum Displacement:      0.001028     0.003150  Yes
RMS Displacement:          0.000344     0.002100  Yes

LBFGS converged at iteration 4.

----------------------------------------------------------------------
            Scanning combination 12/73: [235.00]

======================================================================
LBFGS Parameters
======================================================================
memory:     5
curvature:  70.0
max_step:   0.2
max_iter:   256
verbose:    0
======================================================================


                             Coordinates                              
----------------------------------------------------------------------
0    C               -0.0470              -0.0061              -0.0078
1    C                1.4862              -0.0440               0.0135
2    O                2.0236               1.2783               0.0505
3    H                2.6287               1.3748              -0.6824
4    H               -0.3873               1.0263              -0.0063
5    H               -0.4637              -0.4970               0.8685
6    H               -0.4554              -0.4999              -0.8893
7    H                1.8468              -0.5795               0.8928
8    H                1.8503              -0.5708              -0.8688


Energy:                 -155.132767 Convergence criteria  Is converged 
Maximum Force:             0.001626     0.002850  Yes
RMS Force:                 0.000617     0.001900  Yes
Maximum Displacement:      0.000915     0.003150  Yes
RMS Displacement:          0.000329     0.002100  Yes

LBFGS converged at iteration 4.

----------------------------------------------------------------------
            Scanning combination 13/73: [240.00]

======================================================================
LBFGS Parameters
======================================================================
memory:     5
curvature:  70.0
max_step:   0.2
max_iter:   256
verbose:    0
======================================================================


                             Coordinates                              
----------------------------------------------------------------------
0    C               -0.0477              -0.0061              -0.0079
1    C                1.4865              -0.0438               0.0135
2    O                2.0307               1.2759               0.0533
3    H                2.5753               1.3977              -0.7219
4    H               -0.3883               1.0262              -0.0066
5    H               -0.4657              -0.4971               0.8678
6    H               -0.4556              -0.4996              -0.8898
7    H                1.8467              -0.5787               0.8933
8    H                1.8518              -0.5717              -0.8676


Energy:                 -155.132608 Convergence criteria  Is converged 
Maximum Force:             0.001394     0.002850  Yes
RMS Force:                 0.000607     0.001900  Yes
Maximum Displacement:      0.000804     0.003150  Yes
RMS Displacement:          0.000329     0.002100  Yes

LBFGS converged at iteration 4.

----------------------------------------------------------------------
            Scanning combination 14/73: [245.00]

======================================================================
LBFGS Parameters
======================================================================
memory:     5
curvature:  70.0
max_step:   0.2
max_iter:   256
verbose:    0
======================================================================


                             Coordinates                              
----------------------------------------------------------------------
0    C               -0.0482              -0.0060              -0.0081
1    C                1.4868              -0.0436               0.0133
2    O                2.0382               1.2732               0.0557
3    H                2.5191               1.4218              -0.7560
4    H               -0.3893               1.0262              -0.0068
5    H               -0.4675              -0.4972               0.8670
6    H               -0.4558              -0.4994              -0.8903
7    H                1.8464              -0.5775               0.8938
8    H                1.8533              -0.5728              -0.8665


Energy:                 -155.132486 Convergence criteria  Is converged 
Maximum Force:             0.001281     0.002850  Yes
RMS Force:                 0.000615     0.001900  Yes
Maximum Displacement:      0.000708     0.003150  Yes
RMS Displacement:          0.000343     0.002100  Yes

LBFGS converged at iteration 4.

----------------------------------------------------------------------
            Scanning combination 15/73: [250.00]

======================================================================
LBFGS Parameters
======================================================================
memory:     5
curvature:  70.0
max_step:   0.2
max_iter:   256
verbose:    0
======================================================================


                             Coordinates                              
----------------------------------------------------------------------
0    C               -0.0487              -0.0058              -0.0084
1    C                1.4870              -0.0434               0.0129
2    O                2.0458               1.2703               0.0577
3    H                2.4605               1.4470              -0.7842
4    H               -0.3903               1.0262              -0.0071
5    H               -0.4690              -0.4974               0.8662
6    H               -0.4559              -0.4992              -0.8908
7    H                1.8460              -0.5760               0.8943
8    H                1.8546              -0.5742              -0.8654


Energy:                 -155.132417 Convergence criteria  Is converged 
Maximum Force:             0.001393     0.002850  Yes
RMS Force:                 0.000623     0.001900  Yes
Maximum Displacement:      0.000750     0.003150  Yes
RMS Displacement:          0.000359     0.002100  Yes

LBFGS converged at iteration 4.

----------------------------------------------------------------------
            Scanning combination 16/73: [255.00]

======================================================================
LBFGS Parameters
======================================================================
memory:     5
curvature:  70.0
max_step:   0.2
max_iter:   256
verbose:    0
======================================================================


                             Coordinates                              
----------------------------------------------------------------------
0    C               -0.0489              -0.0054              -0.0086
1    C                1.4874              -0.0432               0.0125
2    O                2.0534               1.2672               0.0594
3    H                2.3996               1.4731              -0.8065
4    H               -0.3911               1.0264              -0.0075
5    H               -0.4701              -0.4975               0.8653
6    H               -0.4560              -0.4989              -0.8912
7    H                1.8455              -0.5743               0.8949
8    H                1.8559              -0.5759              -0.8643


Energy:                 -155.132413 Convergence criteria  Is converged 
Maximum Force:             0.001576     0.002850  Yes
RMS Force:                 0.000634     0.001900  Yes
Maximum Displacement:      0.000874     0.003150  Yes
RMS Displacement:          0.000378     0.002100  Yes

LBFGS converged at iteration 4.

----------------------------------------------------------------------
            Scanning combination 17/73: [260.00]

======================================================================
LBFGS Parameters
======================================================================
memory:     5
curvature:  70.0
max_step:   0.2
max_iter:   256
verbose:    0
======================================================================


                             Coordinates                              
----------------------------------------------------------------------
0    C               -0.0489              -0.0048              -0.0090
1    C                1.4878              -0.0433               0.0119
2    O                2.0606               1.2640               0.0606
3    H                2.3367               1.4997              -0.8226
4    H               -0.3916               1.0270              -0.0080
5    H               -0.4710              -0.4975               0.8643
6    H               -0.4559              -0.4985              -0.8916
7    H                1.8451              -0.5724               0.8956
8    H                1.8572              -0.5779              -0.8633


Energy:                 -155.132486 Convergence criteria  Is converged 
Maximum Force:             0.001783     0.002850  Yes
RMS Force:                 0.000667     0.001900  Yes
Maximum Displacement:      0.001023     0.003150  Yes
RMS Displacement:          0.000410     0.002100  Yes

LBFGS converged at iteration 4.

----------------------------------------------------------------------
            Scanning combination 18/73: [265.00]

======================================================================
LBFGS Parameters
======================================================================
memory:     5
curvature:  70.0
max_step:   0.2
max_iter:   256
verbose:    0
======================================================================


                             Coordinates                              
----------------------------------------------------------------------
0    C               -0.0486              -0.0039              -0.0095
1    C                1.4884              -0.0436               0.0113
2    O                2.0673               1.2605               0.0615
3    H                2.2722               1.5267              -0.8325
4    H               -0.3918               1.0278              -0.0087
5    H               -0.4716              -0.4973               0.8632
6    H               -0.4557              -0.4980              -0.8920
7    H                1.8448              -0.5706               0.8963
8    H                1.8585              -0.5804              -0.8623


Energy:                 -155.132639 Convergence criteria  Is converged 
Maximum Force:             0.002022     0.002850  Yes
RMS Force:                 0.000741     0.001900  Yes
Maximum Displacement:      0.001208     0.003150  Yes
RMS Displacement:          0.000467     0.002100  Yes

LBFGS converged at iteration 4.

----------------------------------------------------------------------
            Scanning combination 19/73: [270.00]

======================================================================
LBFGS Parameters
======================================================================
memory:     5
curvature:  70.0
max_step:   0.2
max_iter:   256
verbose:    0
======================================================================


                             Coordinates                              
----------------------------------------------------------------------
0    C               -0.0479              -0.0028              -0.0100
1    C                1.4891              -0.0442               0.0106
2    O                2.0735               1.2568               0.0617
3    H                2.2065               1.5540              -0.8362
4    H               -0.3918               1.0290              -0.0094
5    H               -0.4718              -0.4967               0.8620
6    H               -0.4553              -0.4973              -0.8924
7    H                1.8447              -0.5688               0.8971
8    H                1.8598              -0.5833              -0.8612


Energy:                 -155.132864 Convergence criteria  Is converged 
Maximum Force:             0.002273     0.002850  Yes
RMS Force:                 0.000847     0.001900  Yes
Maximum Displacement:      0.001433     0.003150  Yes
RMS Displacement:          0.000550     0.002100  Yes

LBFGS converged at iteration 4.

----------------------------------------------------------------------
            Scanning combination 20/73: [275.00]

======================================================================
LBFGS Parameters
======================================================================
memory:     5
curvature:  70.0
max_step:   0.2
max_iter:   256
verbose:    0
======================================================================


                             Coordinates                              
----------------------------------------------------------------------
0    C               -0.0469              -0.0016              -0.0107
1    C                1.4900              -0.0450               0.0100
2    O                2.0790               1.2531               0.0614
3    H                2.1402               1.5813              -0.8337
4    H               -0.3915               1.0304              -0.0102
5    H               -0.4719              -0.4957               0.8607
6    H               -0.4546              -0.4963              -0.8929
7    H                1.8448              -0.5673               0.8981
8    H                1.8612              -0.5868              -0.8599


Energy:                 -155.133144 Convergence criteria  Is converged 
Maximum Force:             0.002502     0.002850  Yes
RMS Force:                 0.000953     0.001900  Yes
Maximum Displacement:      0.001725     0.003150  Yes
RMS Displacement:          0.000638     0.002100  Yes

LBFGS converged at iteration 4.

----------------------------------------------------------------------
            Scanning combination 21/73: [280.00]

======================================================================
LBFGS Parameters
======================================================================
memory:     5
curvature:  70.0
max_step:   0.2
max_iter:   256
verbose:    0
======================================================================


                             Coordinates                              
----------------------------------------------------------------------
0    C               -0.0457              -0.0003              -0.0115
1    C                1.4910              -0.0460               0.0095
2    O                2.0839               1.2495               0.0603
3    H                2.0742               1.6085              -0.8252
4    H               -0.3911               1.0318              -0.0110
5    H               -0.4718              -0.4944               0.8594
6    H               -0.4538              -0.4952              -0.8936
7    H                1.8451              -0.5659               0.8990
8    H                1.8625              -0.5907              -0.8586


Energy:                 -155.133447 Convergence criteria  Is converged 
Maximum Force:             0.002660     0.002850  Yes
RMS Force:                 0.001019     0.001900  Yes
Maximum Displacement:      0.001921     0.003150  Yes
RMS Displacement:          0.000697     0.002100  Yes

LBFGS converged at iteration 4.

----------------------------------------------------------------------
            Scanning combination 22/73: [285.00]

======================================================================
LBFGS Parameters
======================================================================
memory:     5
curvature:  70.0
max_step:   0.2
max_iter:   256
verbose:    0
======================================================================


                             Coordinates                              
----------------------------------------------------------------------
0    C               -0.0446               0.0009              -0.0124
1    C                1.4920              -0.0470               0.0093
2    O                2.0886               1.2460               0.0584
3    H                2.0093               1.6354              -0.8109
4    H               -0.3906               1.0330              -0.0116
5    H               -0.4717              -0.4930               0.8581
6    H               -0.4530              -0.4939              -0.8945
7    H                1.8454              -0.5647               0.9000
8    H                1.8638              -0.5947              -0.8570


Energy:                 -155.133736 Convergence criteria  Is converged 
Maximum Force:             0.002740     0.002850  Yes
RMS Force:                 0.001026     0.001900  Yes
Maximum Displacement:      0.001929     0.003150  Yes
RMS Displacement:          0.000699     0.002100  Yes

LBFGS converged at iteration 4.

----------------------------------------------------------------------
            Scanning combination 23/73: [290.00]

======================================================================
LBFGS Parameters
======================================================================
memory:     5
curvature:  70.0
max_step:   0.2
max_iter:   256
verbose:    0
======================================================================


                             Coordinates                              
----------------------------------------------------------------------
0    C               -0.0436               0.0018              -0.0134
1    C                1.4929              -0.0478               0.0092
2    O                2.0932               1.2429               0.0557
3    H                1.9464               1.6618              -0.7912
4    H               -0.3901               1.0339              -0.0120
5    H               -0.4718              -0.4915               0.8570
6    H               -0.4523              -0.4926              -0.8955
7    H                1.8457              -0.5636               0.9010
8    H                1.8648              -0.5986              -0.8553


Energy:                 -155.133975 Convergence criteria  Is converged 
Maximum Force:             0.002748     0.002850  Yes
RMS Force:                 0.000981     0.001900  Yes
Maximum Displacement:      0.001879     0.003150  Yes
RMS Displacement:          0.000650     0.002100  Yes

LBFGS converged at iteration 4.

----------------------------------------------------------------------
            Scanning combination 24/73: [295.00]

======================================================================
LBFGS Parameters
======================================================================
memory:     5
curvature:  70.0
max_step:   0.2
max_iter:   256
verbose:    0
======================================================================


                             Coordinates                              
----------------------------------------------------------------------
0    C               -0.0426               0.0025              -0.0144
1    C                1.4937              -0.0485               0.0094
2    O                2.0979               1.2400               0.0520
3    H                1.8861               1.6875              -0.7662
4    H               -0.3900               1.0346              -0.0121
5    H               -0.4720              -0.4901               0.8559
6    H               -0.4516              -0.4913              -0.8966
7    H                1.8460              -0.5625               0.9021
8    H                1.8657              -0.6023              -0.8534


Energy:                 -155.134137 Convergence criteria  Is converged 
Maximum Force:             0.002722     0.002850  Yes
RMS Force:                 0.000920     0.001900  Yes
Maximum Displacement:      0.001767     0.003150  Yes
RMS Displacement:          0.000586     0.002100  Yes

LBFGS converged at iteration 4.

----------------------------------------------------------------------
            Scanning combination 25/73: [300.00]

======================================================================
LBFGS Parameters
======================================================================
memory:     5
curvature:  70.0
max_step:   0.2
max_iter:   256
verbose:    0
======================================================================


                             Coordinates                              
----------------------------------------------------------------------
0    C               -0.0418               0.0030              -0.0153
1    C                1.4945              -0.0491               0.0097
2    O                2.1025               1.2374               0.0476
3    H                1.8285               1.7121              -0.7361
4    H               -0.3900               1.0351              -0.0122
5    H               -0.4723              -0.4889               0.8549
6    H               -0.4509              -0.4900              -0.8979
7    H                1.8462              -0.5615               0.9032
8    H                1.8664              -0.6057              -0.8515


Energy:                 -155.134210 Convergence criteria  Is converged 
Maximum Force:             0.002678     0.002850  Yes
RMS Force:                 0.000871     0.001900  Yes
Maximum Displacement:      0.001654     0.003150  Yes
RMS Displacement:          0.000536     0.002100  Yes

LBFGS converged at iteration 4.

----------------------------------------------------------------------
            Scanning combination 26/73: [305.00]

======================================================================
LBFGS Parameters
======================================================================
memory:     5
curvature:  70.0
max_step:   0.2
max_iter:   256
verbose:    0
======================================================================


                             Coordinates                              
----------------------------------------------------------------------
0    C               -0.0411               0.0035              -0.0161
1    C                1.4953              -0.0496               0.0100
2    O                2.1070               1.2351               0.0424
3    H                1.7738               1.7355              -0.7013
4    H               -0.3901               1.0355              -0.0122
5    H               -0.4726              -0.4879               0.8538
6    H               -0.4501              -0.4887              -0.8992
7    H                1.8464              -0.5605               0.9046
8    H                1.8669              -0.6089              -0.8496


Energy:                 -155.134199 Convergence criteria  Is converged 
Maximum Force:             0.002625     0.002850  Yes
RMS Force:                 0.000849     0.001900  Yes
Maximum Displacement:      0.001562     0.003150  Yes
RMS Displacement:          0.000508     0.002100  Yes

LBFGS converged at iteration 4.

----------------------------------------------------------------------
            Scanning combination 27/73: [310.00]

======================================================================
LBFGS Parameters
======================================================================
memory:     5
curvature:  70.0
max_step:   0.2
max_iter:   256
verbose:    0
======================================================================


                             Coordinates                              
----------------------------------------------------------------------
0    C               -0.0404               0.0039              -0.0169
1    C                1.4962              -0.0502               0.0104
2    O                2.1111               1.2332               0.0366
3    H                1.7222               1.7574              -0.6620
4    H               -0.3900               1.0359              -0.0123
5    H               -0.4730              -0.4869               0.8529
6    H               -0.4493              -0.4872              -0.9005
7    H                1.8465              -0.5596               0.9061
8    H                1.8673              -0.6119              -0.8476


Energy:                 -155.134116 Convergence criteria  Is converged 
Maximum Force:             0.002572     0.002850  Yes
RMS Force:                 0.000850     0.001900  Yes
Maximum Displacement:      0.001492     0.003150  Yes
RMS Displacement:          0.000497     0.002100  Yes

LBFGS converged at iteration 4.

----------------------------------------------------------------------
            Scanning combination 28/73: [315.00]

======================================================================
LBFGS Parameters
======================================================================
memory:     5
curvature:  70.0
max_step:   0.2
max_iter:   256
verbose:    0
======================================================================


                             Coordinates                              
----------------------------------------------------------------------
0    C               -0.0396               0.0043              -0.0175
1    C                1.4971              -0.0508               0.0109
2    O                2.1147               1.2316               0.0302
3    H                1.6738               1.7778              -0.6184
4    H               -0.3897               1.0363              -0.0125
5    H               -0.4734              -0.4861               0.8519
6    H               -0.4483              -0.4857              -0.9018
7    H                1.8466              -0.5589               0.9077
8    H                1.8677              -0.6147              -0.8457


Energy:                 -155.133978 Convergence criteria  Is converged 
Maximum Force:             0.002535     0.002850  Yes
RMS Force:                 0.000872     0.001900  Yes
Maximum Displacement:      0.001446     0.003150  Yes
RMS Displacement:          0.000501     0.002100  Yes

LBFGS converged at iteration 4.

----------------------------------------------------------------------
            Scanning combination 29/73: [320.00]

======================================================================
LBFGS Parameters
======================================================================
memory:     5
curvature:  70.0
max_step:   0.2
max_iter:   256
verbose:    0
======================================================================


                             Coordinates                              
----------------------------------------------------------------------
0    C               -0.0388               0.0047              -0.0180
1    C                1.4981              -0.0515               0.0115
2    O                2.1177               1.2302               0.0233
3    H                1.6288               1.7965              -0.5710
4    H               -0.3892               1.0368              -0.0127
5    H               -0.4739              -0.4853               0.8509
6    H               -0.4473              -0.4839              -0.9031
7    H                1.8466              -0.5583               0.9095
8    H                1.8681              -0.6174              -0.8437


Energy:                 -155.133802 Convergence criteria  Is converged 
Maximum Force:             0.002523     0.002850  Yes
RMS Force:                 0.000901     0.001900  Yes
Maximum Displacement:      0.001428     0.003150  Yes
RMS Displacement:          0.000513     0.002100  Yes

LBFGS converged at iteration 4.

----------------------------------------------------------------------
            Scanning combination 30/73: [325.00]

======================================================================
LBFGS Parameters
======================================================================
memory:     5
curvature:  70.0
max_step:   0.2
max_iter:   256
verbose:    0
======================================================================


                             Coordinates                              
----------------------------------------------------------------------
0    C               -0.0379               0.0052              -0.0185
1    C                1.4990              -0.0523               0.0120
2    O                2.1201               1.2291               0.0158
3    H                1.5878               1.8136              -0.5201
4    H               -0.3886               1.0373              -0.0130
5    H               -0.4743              -0.4846               0.8500
6    H               -0.4462              -0.4821              -0.9043
7    H                1.8467              -0.5579               0.9114
8    H                1.8685              -0.6201              -0.8418


Energy:                 -155.133600 Convergence criteria  Is converged 
Maximum Force:             0.002532     0.002850  Yes
RMS Force:                 0.000917     0.001900  Yes
Maximum Displacement:      0.001429     0.003150  Yes
RMS Displacement:          0.000519     0.002100  Yes

LBFGS converged at iteration 4.

----------------------------------------------------------------------
            Scanning combination 31/73: [330.00]

======================================================================
LBFGS Parameters
======================================================================
memory:     5
curvature:  70.0
max_step:   0.2
max_iter:   256
verbose:    0
======================================================================


                             Coordinates                              
----------------------------------------------------------------------
0    C               -0.0371               0.0056              -0.0189
1    C                1.5000              -0.0531               0.0126
2    O                2.1219               1.2282               0.0079
3    H                1.5512               1.8292              -0.4660
4    H               -0.3881               1.0378              -0.0133
5    H               -0.4748              -0.4840               0.8491
6    H               -0.4451              -0.4802              -0.9055
7    H                1.8467              -0.5574               0.9134
8    H                1.8689              -0.6229              -0.8399


Energy:                 -155.133382 Convergence criteria  Is converged 
Maximum Force:             0.002547     0.002850  Yes
RMS Force:                 0.000909     0.001900  Yes
Maximum Displacement:      0.001436     0.003150  Yes
RMS Displacement:          0.000514     0.002100  Yes

LBFGS converged at iteration 4.

----------------------------------------------------------------------
            Scanning combination 32/73: [335.00]

======================================================================
LBFGS Parameters
======================================================================
memory:     5
curvature:  70.0
max_step:   0.2
max_iter:   256
verbose:    0
======================================================================


                             Coordinates                              
----------------------------------------------------------------------
0    C               -0.0363               0.0061              -0.0192
1    C                1.5009              -0.0538               0.0132
2    O                2.1232               1.2274              -0.0003
3    H                1.5192               1.8432              -0.4091
4    H               -0.3878               1.0383              -0.0135
5    H               -0.4752              -0.4835               0.8482
6    H               -0.4439              -0.4783              -0.9067
7    H                1.8467              -0.5569               0.9154
8    H                1.8694              -0.6256              -0.8379


Energy:                 -155.133161 Convergence criteria  Is converged 
Maximum Force:             0.002553     0.002850  Yes
RMS Force:                 0.000881     0.001900  Yes
Maximum Displacement:      0.001440     0.003150  Yes
RMS Displacement:          0.000497     0.002100  Yes

LBFGS converged at iteration 4.

----------------------------------------------------------------------
            Scanning combination 33/73: [340.00]

======================================================================
LBFGS Parameters
======================================================================
memory:     5
curvature:  70.0
max_step:   0.2
max_iter:   256
verbose:    0
======================================================================


                             Coordinates                              
----------------------------------------------------------------------
0    C               -0.0356               0.0065              -0.0195
1    C                1.5016              -0.0544               0.0138
2    O                2.1241               1.2268              -0.0089
3    H                1.4923               1.8557              -0.3499
4    H               -0.3878               1.0386              -0.0137
5    H               -0.4755              -0.4833               0.8473
6    H               -0.4428              -0.4764              -0.9078
7    H                1.8467              -0.5563               0.9174
8    H                1.8699              -0.6283              -0.8359


Energy:                 -155.132948 Convergence criteria  Is converged 
Maximum Force:             0.002532     0.002850  Yes
RMS Force:                 0.000842     0.001900  Yes
Maximum Displacement:      0.001428     0.003150  Yes
RMS Displacement:          0.000476     0.002100  Yes

LBFGS converged at iteration 4.

----------------------------------------------------------------------
            Scanning combination 34/73: [345.00]

======================================================================
LBFGS Parameters
======================================================================
memory:     5
curvature:  70.0
max_step:   0.2
max_iter:   256
verbose:    0
======================================================================


                             Coordinates                              
----------------------------------------------------------------------
0    C               -0.0350               0.0069              -0.0196
1    C                1.5022              -0.0549               0.0142
2    O                2.1245               1.2264              -0.0177
3    H                1.4707               1.8665              -0.2885
4    H               -0.3880               1.0388              -0.0140
5    H               -0.4759              -0.4834               0.8464
6    H               -0.4417              -0.4747              -0.9088
7    H                1.8465              -0.5556               0.9193
8    H                1.8705              -0.6310              -0.8338


Energy:                 -155.132760 Convergence criteria  Is converged 
Maximum Force:             0.002472     0.002850  Yes
RMS Force:                 0.000807     0.001900  Yes
Maximum Displacement:      0.001394     0.003150  Yes
RMS Displacement:          0.000456     0.002100  Yes

LBFGS converged at iteration 4.

----------------------------------------------------------------------
            Scanning combination 35/73: [350.00]

======================================================================
LBFGS Parameters
======================================================================
memory:     5
curvature:  70.0
max_step:   0.2
max_iter:   256
verbose:    0
======================================================================


                             Coordinates                              
----------------------------------------------------------------------
0    C               -0.0346               0.0071              -0.0197
1    C                1.5027              -0.0552               0.0146
2    O                2.1245               1.2261              -0.0267
3    H                1.4544               1.8755              -0.2256
4    H               -0.3884               1.0389              -0.0142
5    H               -0.4763              -0.4837               0.8456
6    H               -0.4407              -0.4731              -0.9098
7    H                1.8462              -0.5547               0.9212
8    H                1.8712              -0.6335              -0.8317


Energy:                 -155.132611 Convergence criteria  Is converged 
Maximum Force:             0.002362     0.002850  Yes
RMS Force:                 0.000775     0.001900  Yes
Maximum Displacement:      0.001328     0.003150  Yes
RMS Displacement:          0.000440     0.002100  Yes

LBFGS converged at iteration 4.

----------------------------------------------------------------------
            Scanning combination 36/73: [355.00]

======================================================================
LBFGS Parameters
======================================================================
memory:     5
curvature:  70.0
max_step:   0.2
max_iter:   256
verbose:    0
======================================================================


                             Coordinates                              
----------------------------------------------------------------------
0    C               -0.0343               0.0073              -0.0198
1    C                1.5029              -0.0553               0.0150
2    O                2.1242               1.2260              -0.0357
3    H                1.4435               1.8827              -0.1614
4    H               -0.3889               1.0389              -0.0145
5    H               -0.4767              -0.4842               0.8448
6    H               -0.4397              -0.4717              -0.9107
7    H                1.8459              -0.5536               0.9229
8    H                1.8719              -0.6358              -0.8296


Energy:                 -155.132512 Convergence criteria  Is converged 
Maximum Force:             0.002203     0.002850  Yes
RMS Force:                 0.000749     0.001900  Yes
Maximum Displacement:      0.001230     0.003150  Yes
RMS Displacement:          0.000425     0.002100  Yes

LBFGS converged at iteration 4.

----------------------------------------------------------------------
            Scanning combination 37/73: [360.00]

======================================================================
LBFGS Parameters
======================================================================
memory:     5
curvature:  70.0
max_step:   0.2
max_iter:   256
verbose:    0
======================================================================


                             Coordinates                              
----------------------------------------------------------------------
0    C               -0.0341               0.0074              -0.0198
1    C                1.5030              -0.0553               0.0153
2    O                2.1235               1.2260              -0.0448
3    H                1.4380               1.8878              -0.0964
4    H               -0.3894               1.0389              -0.0149
5    H               -0.4771              -0.4848               0.8440
6    H               -0.4389              -0.4705              -0.9116
7    H                1.8454              -0.5522               0.9247
8    H                1.8726              -0.6377              -0.8274


Energy:                 -155.132474 Convergence criteria  Is converged 
Maximum Force:             0.002006     0.002850  Yes
RMS Force:                 0.000729     0.001900  Yes
Maximum Displacement:      0.001109     0.003150  Yes
RMS Displacement:          0.000413     0.002100  Yes

LBFGS converged at iteration 4.

----------------------------------------------------------------------
            Scanning combination 38/73: [365.00]

======================================================================
LBFGS Parameters
======================================================================
memory:     5
curvature:  70.0
max_step:   0.2
max_iter:   256
verbose:    0
======================================================================


                             Coordinates                              
----------------------------------------------------------------------
0    C               -0.0341               0.0073              -0.0198
1    C                1.5029              -0.0551               0.0156
2    O                2.1223               1.2261              -0.0538
3    H                1.4378               1.8906              -0.0310
4    H               -0.3896               1.0387              -0.0154
5    H               -0.4776              -0.4856               0.8434
6    H               -0.4381              -0.4694              -0.9124
7    H                1.8450              -0.5506               0.9263
8    H                1.8733              -0.6393              -0.8253


Energy:                 -155.132500 Convergence criteria  Is converged 
Maximum Force:             0.001796     0.002850  Yes
RMS Force:                 0.000714     0.001900  Yes
Maximum Displacement:      0.000975     0.003150  Yes
RMS Displacement:          0.000404     0.002100  Yes

LBFGS converged at iteration 4.

----------------------------------------------------------------------
            Scanning combination 39/73: [370.00]

======================================================================
LBFGS Parameters
======================================================================
memory:     5
curvature:  70.0
max_step:   0.2
max_iter:   256
verbose:    0
======================================================================


                             Coordinates                              
----------------------------------------------------------------------
0    C               -0.0342               0.0072              -0.0198
1    C                1.5026              -0.0549               0.0159
2    O                2.1207               1.2264              -0.0626
3    H                1.4427               1.8912               0.0343
4    H               -0.3897               1.0386              -0.0159
5    H               -0.4781              -0.4864               0.8427
6    H               -0.4374              -0.4685              -0.9132
7    H                1.8445              -0.5487               0.9280
8    H                1.8741              -0.6404              -0.8232


Energy:                 -155.132589 Convergence criteria  Is converged 
Maximum Force:             0.001869     0.002850  Yes
RMS Force:                 0.000709     0.001900  Yes
Maximum Displacement:      0.001016     0.003150  Yes
RMS Displacement:          0.000402     0.002100  Yes

LBFGS converged at iteration 4.

----------------------------------------------------------------------
            Scanning combination 40/73: [375.00]

======================================================================
LBFGS Parameters
======================================================================
memory:     5
curvature:  70.0
max_step:   0.2
max_iter:   256
verbose:    0
======================================================================


                             Coordinates                              
----------------------------------------------------------------------
0    C               -0.0344               0.0069              -0.0198
1    C                1.5022              -0.0545               0.0162
2    O                2.1186               1.2268              -0.0713
3    H                1.4528               1.8894               0.0991
4    H               -0.3893               1.0385              -0.0164
5    H               -0.4787              -0.4874               0.8421
6    H               -0.4369              -0.4678              -0.9141
7    H                1.8440              -0.5466               0.9296
8    H                1.8749              -0.6413              -0.8211


Energy:                 -155.132736 Convergence criteria  Is converged 
Maximum Force:             0.002008     0.002850  Yes
RMS Force:                 0.000713     0.001900  Yes
Maximum Displacement:      0.001106     0.003150  Yes
RMS Displacement:          0.000405     0.002100  Yes

LBFGS converged at iteration 4.

----------------------------------------------------------------------
            Scanning combination 41/73: [380.00]

======================================================================
LBFGS Parameters
======================================================================
memory:     5
curvature:  70.0
max_step:   0.2
max_iter:   256
verbose:    0
======================================================================


                             Coordinates                              
----------------------------------------------------------------------
0    C               -0.0347               0.0066              -0.0198
1    C                1.5017              -0.0541               0.0165
2    O                2.1159               1.2274              -0.0797
3    H                1.4679               1.8853               0.1630
4    H               -0.3887               1.0384              -0.0169
5    H               -0.4793              -0.4883               0.8415
6    H               -0.4364              -0.4671              -0.9149
7    H                1.8435              -0.5442               0.9313
8    H                1.8758              -0.6419              -0.8191


Energy:                 -155.132930 Convergence criteria  Is converged 
Maximum Force:             0.002142     0.002850  Yes
RMS Force:                 0.000725     0.001900  Yes
Maximum Displacement:      0.001194     0.003150  Yes
RMS Displacement:          0.000413     0.002100  Yes

LBFGS converged at iteration 4.

----------------------------------------------------------------------
            Scanning combination 42/73: [385.00]

======================================================================
LBFGS Parameters
======================================================================
memory:     5
curvature:  70.0
max_step:   0.2
max_iter:   256
verbose:    0
======================================================================


                             Coordinates                              
----------------------------------------------------------------------
0    C               -0.0351               0.0061              -0.0199
1    C                1.5010              -0.0536               0.0169
2    O                2.1127               1.2281              -0.0878
3    H                1.4879               1.8789               0.2255
4    H               -0.3876               1.0383              -0.0174
5    H               -0.4801              -0.4893               0.8409
6    H               -0.4360              -0.4666              -0.9158
7    H                1.8431              -0.5417               0.9330
8    H                1.8766              -0.6422              -0.8170


Energy:                 -155.133158 Convergence criteria  Is converged 
Maximum Force:             0.002258     0.002850  Yes
RMS Force:                 0.000741     0.001900  Yes
Maximum Displacement:      0.001272     0.003150  Yes
RMS Displacement:          0.000423     0.002100  Yes

LBFGS converged at iteration 4.

----------------------------------------------------------------------
            Scanning combination 43/73: [390.00]

======================================================================
LBFGS Parameters
======================================================================
memory:     5
curvature:  70.0
max_step:   0.2
max_iter:   256
verbose:    0
======================================================================


                             Coordinates                              
----------------------------------------------------------------------
0    C               -0.0355               0.0056              -0.0201
1    C                1.5003              -0.0531               0.0173
2    O                2.1090               1.2290              -0.0956
3    H                1.5129               1.8705               0.2863
4    H               -0.3863               1.0382              -0.0178
5    H               -0.4809              -0.4904               0.8403
6    H               -0.4357              -0.4661              -0.9167
7    H                1.8428              -0.5389               0.9347
8    H                1.8775              -0.6424              -0.8150


Energy:                 -155.133401 Convergence criteria  Is converged 
Maximum Force:             0.002344     0.002850  Yes
RMS Force:                 0.000753     0.001900  Yes
Maximum Displacement:      0.001327     0.003150  Yes
RMS Displacement:          0.000429     0.002100  Yes

LBFGS converged at iteration 4.

----------------------------------------------------------------------
            Scanning combination 44/73: [395.00]

======================================================================
LBFGS Parameters
======================================================================
memory:     5
curvature:  70.0
max_step:   0.2
max_iter:   256
verbose:    0
======================================================================


                             Coordinates                              
----------------------------------------------------------------------
0    C               -0.0360               0.0050              -0.0204
1    C                1.4994              -0.0525               0.0179
2    O                2.1047               1.2301              -0.1030
3    H                1.5427               1.8601               0.3447
4    H               -0.3848               1.0381              -0.0181
5    H               -0.4818              -0.4916               0.8396
6    H               -0.4355              -0.4657              -0.9177
7    H                1.8426              -0.5361               0.9364
8    H                1.8784              -0.6425              -0.8130


Energy:                 -155.133641 Convergence criteria  Is converged 
Maximum Force:             0.002396     0.002850  Yes
RMS Force:                 0.000758     0.001900  Yes
Maximum Displacement:      0.001352     0.003150  Yes
RMS Displacement:          0.000430     0.002100  Yes

LBFGS converged at iteration 4.

----------------------------------------------------------------------
            Scanning combination 45/73: [400.00]

======================================================================
LBFGS Parameters
======================================================================
memory:     5
curvature:  70.0
max_step:   0.2
max_iter:   256
verbose:    0
======================================================================


                             Coordinates                              
----------------------------------------------------------------------
0    C               -0.0366               0.0043              -0.0207
1    C                1.4985              -0.0519               0.0185
2    O                2.1000               1.2315              -0.1099
3    H                1.5772               1.8480               0.4004
4    H               -0.3832               1.0379              -0.0183
5    H               -0.4828              -0.4928               0.8388
6    H               -0.4353              -0.4655              -0.9187
7    H                1.8425              -0.5333               0.9381
8    H                1.8792              -0.6425              -0.8110


Energy:                 -155.133861 Convergence criteria  Is converged 
Maximum Force:             0.002417     0.002850  Yes
RMS Force:                 0.000756     0.001900  Yes
Maximum Displacement:      0.001351     0.003150  Yes
RMS Displacement:          0.000425     0.002100  Yes

LBFGS converged at iteration 4.

----------------------------------------------------------------------
            Scanning combination 46/73: [405.00]

======================================================================
LBFGS Parameters
======================================================================
memory:     5
curvature:  70.0
max_step:   0.2
max_iter:   256
verbose:    0
======================================================================


                             Coordinates                              
----------------------------------------------------------------------
0    C               -0.0372               0.0036              -0.0211
1    C                1.4976              -0.0513               0.0192
2    O                2.0950               1.2330              -0.1161
3    H                1.6165               1.8342               0.4530
4    H               -0.3819               1.0377              -0.0183
5    H               -0.4838              -0.4942               0.8379
6    H               -0.4352              -0.4654              -0.9197
7    H                1.8424              -0.5306               0.9398
8    H                1.8799              -0.6424              -0.8091


Energy:                 -155.134043 Convergence criteria  Is converged 
Maximum Force:             0.002419     0.002850  Yes
RMS Force:                 0.000753     0.001900  Yes
Maximum Displacement:      0.001328     0.003150  Yes
RMS Displacement:          0.000417     0.002100  Yes

LBFGS converged at iteration 4.

----------------------------------------------------------------------
            Scanning combination 47/73: [410.00]

======================================================================
LBFGS Parameters
======================================================================
memory:     5
curvature:  70.0
max_step:   0.2
max_iter:   256
verbose:    0
======================================================================


                             Coordinates                              
----------------------------------------------------------------------
0    C               -0.0378               0.0028              -0.0215
1    C                1.4966              -0.0508               0.0199
2    O                2.0896               1.2348              -0.1217
3    H                1.6603               1.8189               0.5022
4    H               -0.3808               1.0374              -0.0184
5    H               -0.4849              -0.4956               0.8368
6    H               -0.4350              -0.4655              -0.9207
7    H                1.8424              -0.5279               0.9416
8    H                1.8806              -0.6423              -0.8072


Energy:                 -155.134177 Convergence criteria  Is converged 
Maximum Force:             0.002418     0.002850  Yes
RMS Force:                 0.000761     0.001900  Yes
Maximum Displacement:      0.001303     0.003150  Yes
RMS Displacement:          0.000414     0.002100  Yes

LBFGS converged at iteration 4.

----------------------------------------------------------------------
            Scanning combination 48/73: [415.00]

======================================================================
LBFGS Parameters
======================================================================
memory:     5
curvature:  70.0
max_step:   0.2
max_iter:   256
verbose:    0
======================================================================


                             Coordinates                              
----------------------------------------------------------------------
0    C               -0.0386               0.0021              -0.0220
1    C                1.4956              -0.0502               0.0207
2    O                2.0839               1.2368              -0.1266
3    H                1.7084               1.8021               0.5474
4    H               -0.3800               1.0370              -0.0184
5    H               -0.4861              -0.4972               0.8357
6    H               -0.4348              -0.4657              -0.9218
7    H                1.8423              -0.5252               0.9434
8    H                1.8812              -0.6421              -0.8054


Energy:                 -155.134255 Convergence criteria  Is converged 
Maximum Force:             0.002431     0.002850  Yes
RMS Force:                 0.000790     0.001900  Yes
Maximum Displacement:      0.001290     0.003150  Yes
RMS Displacement:          0.000422     0.002100  Yes

LBFGS converged at iteration 4.

----------------------------------------------------------------------
            Scanning combination 49/73: [420.00]

======================================================================
LBFGS Parameters
======================================================================
memory:     5
curvature:  70.0
max_step:   0.2
max_iter:   256
verbose:    0
======================================================================


                             Coordinates                              
----------------------------------------------------------------------
0    C               -0.0394               0.0014              -0.0225
1    C                1.4946              -0.0497               0.0214
2    O                2.0781               1.2391              -0.1307
3    H                1.7605               1.7839               0.5885
4    H               -0.3796               1.0365              -0.0183
5    H               -0.4872              -0.4988               0.8344
6    H               -0.4345              -0.4661              -0.9228
7    H                1.8421              -0.5224               0.9451
8    H                1.8818              -0.6420              -0.8038


Energy:                 -155.134270 Convergence criteria  Is converged 
Maximum Force:             0.002466     0.002850  Yes
RMS Force:                 0.000832     0.001900  Yes
Maximum Displacement:      0.001295     0.003150  Yes
RMS Displacement:          0.000438     0.002100  Yes

LBFGS converged at iteration 4.

----------------------------------------------------------------------
            Scanning combination 50/73: [425.00]

======================================================================
LBFGS Parameters
======================================================================
memory:     5
curvature:  70.0
max_step:   0.2
max_iter:   256
verbose:    0
======================================================================


                             Coordinates                              
----------------------------------------------------------------------
0    C               -0.0402               0.0007              -0.0230
1    C                1.4936              -0.0493               0.0221
2    O                2.0722               1.2416              -0.1339
3    H                1.8159               1.7642               0.6250
4    H               -0.3793               1.0359              -0.0182
5    H               -0.4884              -0.5005               0.8331
6    H               -0.4341              -0.4667              -0.9240
7    H                1.8418              -0.5196               0.9469
8    H                1.8823              -0.6420              -0.8022


Energy:                 -155.134213 Convergence criteria  Is converged 
Maximum Force:             0.002522     0.002850  Yes
RMS Force:                 0.000870     0.001900  Yes
Maximum Displacement:      0.001310     0.003150  Yes
RMS Displacement:          0.000451     0.002100  Yes

LBFGS converged at iteration 4.

----------------------------------------------------------------------
            Scanning combination 51/73: [430.00]

======================================================================
LBFGS Parameters
======================================================================
memory:     5
curvature:  70.0
max_step:   0.2
max_iter:   256
verbose:    0
======================================================================


                             Coordinates                              
----------------------------------------------------------------------
0    C               -0.0411               0.0000              -0.0236
1    C                1.4926              -0.0489               0.0228
2    O                2.0661               1.2444              -0.1363
3    H                1.8743               1.7430               0.6567
4    H               -0.3790               1.0354              -0.0179
5    H               -0.4896              -0.5022               0.8318
6    H               -0.4337              -0.4673              -0.9251
7    H                1.8414              -0.5167               0.9486
8    H                1.8826              -0.6421              -0.8008


Energy:                 -155.134078 Convergence criteria  Is converged 
Maximum Force:             0.002598     0.002850  Yes
RMS Force:                 0.000897     0.001900  Yes
Maximum Displacement:      0.001335     0.003150  Yes
RMS Displacement:          0.000460     0.002100  Yes

LBFGS converged at iteration 4.

----------------------------------------------------------------------
            Scanning combination 52/73: [435.00]

======================================================================
LBFGS Parameters
======================================================================
memory:     5
curvature:  70.0
max_step:   0.2
max_iter:   256
verbose:    0
======================================================================


                             Coordinates                              
----------------------------------------------------------------------
0    C               -0.0419              -0.0008              -0.0242
1    C                1.4917              -0.0485               0.0233
2    O                2.0599               1.2475              -0.1380
3    H                1.9351               1.7204               0.6832
4    H               -0.3784               1.0348              -0.0175
5    H               -0.4907              -0.5039               0.8304
6    H               -0.4333              -0.4680              -0.9263
7    H                1.8408              -0.5137               0.9503
8    H                1.8829              -0.6424              -0.7995


Energy:                 -155.133866 Convergence criteria  Is converged 
Maximum Force:             0.002690     0.002850  Yes
RMS Force:                 0.000925     0.001900  Yes
Maximum Displacement:      0.001370     0.003150  Yes
RMS Displacement:          0.000469     0.002100  Yes

LBFGS converged at iteration 4.

----------------------------------------------------------------------
            Scanning combination 53/73: [440.00]

======================================================================
LBFGS Parameters
======================================================================
memory:     5
curvature:  70.0
max_step:   0.2
max_iter:   256
verbose:    0
======================================================================


                             Coordinates                              
----------------------------------------------------------------------
0    C               -0.0429              -0.0017              -0.0248
1    C                1.4907              -0.0482               0.0237
2    O                2.0537               1.2508              -0.1388
3    H                1.9980               1.6968               0.7043
4    H               -0.3778               1.0342              -0.0169
5    H               -0.4918              -0.5056               0.8291
6    H               -0.4329              -0.4686              -0.9276
7    H                1.8401              -0.5105               0.9520
8    H                1.8831              -0.6429              -0.7982


Energy:                 -155.133592 Convergence criteria  Is converged 
Maximum Force:             0.002781     0.002850  Yes
RMS Force:                 0.000969     0.001900  Yes
Maximum Displacement:      0.001423     0.003150  Yes
RMS Displacement:          0.000490     0.002100  Yes

LBFGS converged at iteration 4.

----------------------------------------------------------------------
            Scanning combination 54/73: [445.00]

======================================================================
LBFGS Parameters
======================================================================
memory:     5
curvature:  70.0
max_step:   0.2
max_iter:   256
verbose:    0
======================================================================


                             Coordinates                              
----------------------------------------------------------------------
0    C               -0.0439              -0.0028              -0.0255
1    C                1.4897              -0.0477               0.0240
2    O                2.0477               1.2543              -0.1387
3    H                2.0627               1.6722               0.7197
4    H               -0.3771               1.0335              -0.0164
5    H               -0.4929              -0.5075               0.8277
6    H               -0.4325              -0.4693              -0.9291
7    H                1.8392              -0.5071               0.9536
8    H                1.8833              -0.6435              -0.7970


Energy:                 -155.133286 Convergence criteria  Is converged 
Maximum Force:             0.002846     0.002850  Yes
RMS Force:                 0.001031     0.001900  Yes
Maximum Displacement:      0.001490     0.003150  Yes
RMS Displacement:          0.000526     0.002100  Yes

LBFGS converged at iteration 4.

----------------------------------------------------------------------
            Scanning combination 55/73: [450.00]

======================================================================
LBFGS Parameters
======================================================================
memory:     5
curvature:  70.0
max_step:   0.2
max_iter:   256
verbose:    0
======================================================================


                             Coordinates                              
----------------------------------------------------------------------
0    C               -0.0480              -0.0064              -0.0252
1    C                1.4863              -0.0436               0.0214
2    O                2.0493               1.2584              -0.1381
3    H                2.1407               1.6471               0.7295
4    H               -0.3787               1.0298              -0.0112
5    H               -0.4987              -0.5201               0.8240
6    H               -0.4324              -0.4691              -0.9318
7    H                1.8311              -0.4900               0.9556
8    H                1.8834              -0.6469              -0.7952


Energy:                 -155.133048 Convergence criteria  Is converged 
Maximum Force:             0.001890     0.002850  Yes
RMS Force:                 0.000768     0.001900  Yes
Maximum Displacement:      0.002762     0.003150  Yes
RMS Displacement:          0.001352     0.002100  Yes

LBFGS converged at iteration 7.

----------------------------------------------------------------------
            Scanning combination 56/73: [455.00]

======================================================================
LBFGS Parameters
======================================================================
memory:     5
curvature:  70.0
max_step:   0.2
max_iter:   256
verbose:    0
======================================================================


                             Coordinates                              
----------------------------------------------------------------------
0    C               -0.0480              -0.0067              -0.0265
1    C                1.4867              -0.0434               0.0229
2    O                2.0434               1.2614              -0.1377
3    H                2.2047               1.6205               0.7324
4    H               -0.3797               1.0291              -0.0105
5    H               -0.4979              -0.5205               0.8219
6    H               -0.4327              -0.4691              -0.9335
7    H                1.8312              -0.4899               0.9582
8    H                1.8829              -0.6465              -0.7930


Energy:                 -155.132801 Convergence criteria  Is converged 
Maximum Force:             0.001074     0.002850  Yes
RMS Force:                 0.000522     0.001900  Yes
Maximum Displacement:      0.000421     0.003150  Yes
RMS Displacement:          0.000206     0.002100  Yes

LBFGS converged at iteration 4.

----------------------------------------------------------------------
            Scanning combination 57/73: [460.00]

======================================================================
LBFGS Parameters
======================================================================
memory:     5
curvature:  70.0
max_step:   0.2
max_iter:   256
verbose:    0
======================================================================


                             Coordinates                              
----------------------------------------------------------------------
0    C               -0.0482              -0.0072              -0.0275
1    C                1.4863              -0.0430               0.0237
2    O                2.0377               1.2645              -0.1357
3    H                2.2701               1.5941               0.7295
4    H               -0.3806               1.0281              -0.0100
5    H               -0.4978              -0.5214               0.8204
6    H               -0.4326              -0.4691              -0.9352
7    H                1.8307              -0.4888               0.9601
8    H                1.8828              -0.6469              -0.7913


Energy:                 -155.132614 Convergence criteria  Is converged 
Maximum Force:             0.001535     0.002850  Yes
RMS Force:                 0.000725     0.001900  Yes
Maximum Displacement:      0.000882     0.003150  Yes
RMS Displacement:          0.000315     0.002100  Yes

LBFGS converged at iteration 4.

----------------------------------------------------------------------
            Scanning combination 58/73: [465.00]

======================================================================
LBFGS Parameters
======================================================================
memory:     5
curvature:  70.0
max_step:   0.2
max_iter:   256
verbose:    0
======================================================================


                             Coordinates                              
----------------------------------------------------------------------
0    C               -0.0486              -0.0079              -0.0281
1    C                1.4858              -0.0425               0.0241
2    O                2.0323               1.2676              -0.1328
3    H                2.3360               1.5675               0.7208
4    H               -0.3815               1.0270              -0.0097
5    H               -0.4981              -0.5228               0.8190
6    H               -0.4323              -0.4690              -0.9367
7    H                1.8295              -0.4871               0.9616
8    H                1.8828              -0.6476              -0.7898


Energy:                 -155.132512 Convergence criteria  Is converged 
Maximum Force:             0.001786     0.002850  Yes
RMS Force:                 0.000871     0.001900  Yes
Maximum Displacement:      0.001159     0.003150  Yes
RMS Displacement:          0.000413     0.002100  Yes

LBFGS converged at iteration 4.

----------------------------------------------------------------------
            Scanning combination 59/73: [470.00]

======================================================================
LBFGS Parameters
======================================================================
memory:     5
curvature:  70.0
max_step:   0.2
max_iter:   256
verbose:    0
======================================================================


                             Coordinates                              
----------------------------------------------------------------------
0    C               -0.0488              -0.0085              -0.0285
1    C                1.4854              -0.0420               0.0243
2    O                2.0273               1.2707              -0.1293
3    H                2.4011               1.5408               0.7063
4    H               -0.3827               1.0259              -0.0096
5    H               -0.4985              -0.5244               0.8178
6    H               -0.4317              -0.4688              -0.9381
7    H                1.8280              -0.4852               0.9628
8    H                1.8829              -0.6486              -0.7883


Energy:                 -155.132502 Convergence criteria  Is converged 
Maximum Force:             0.001801     0.002850  Yes
RMS Force:                 0.000909     0.001900  Yes
Maximum Displacement:      0.001190     0.003150  Yes
RMS Displacement:          0.000446     0.002100  Yes

LBFGS converged at iteration 4.

----------------------------------------------------------------------
            Scanning combination 60/73: [475.00]

======================================================================
LBFGS Parameters
======================================================================
memory:     5
curvature:  70.0
max_step:   0.2
max_iter:   256
verbose:    0
======================================================================


                             Coordinates                              
----------------------------------------------------------------------
0    C               -0.0487              -0.0088              -0.0289
1    C                1.4852              -0.0414               0.0244
2    O                2.0225               1.2736              -0.1256
3    H                2.4644               1.5137               0.6859
4    H               -0.3840               1.0250              -0.0095
5    H               -0.4987              -0.5259               0.8166
6    H               -0.4310              -0.4684              -0.9393
7    H                1.8262              -0.4834               0.9640
8    H                1.8832              -0.6495              -0.7870


Energy:                 -155.132573 Convergence criteria  Is converged 
Maximum Force:             0.001741     0.002850  Yes
RMS Force:                 0.000868     0.001900  Yes
Maximum Displacement:      0.001012     0.003150  Yes
RMS Displacement:          0.000424     0.002100  Yes

LBFGS converged at iteration 4.

----------------------------------------------------------------------
            Scanning combination 61/73: [480.00]

======================================================================
LBFGS Parameters
======================================================================
memory:     5
curvature:  70.0
max_step:   0.2
max_iter:   256
verbose:    0
======================================================================


                             Coordinates                              
----------------------------------------------------------------------
0    C               -0.0484              -0.0090              -0.0293
1    C                1.4852              -0.0409               0.0247
2    O                2.0177               1.2764              -0.1216
3    H                2.5252               1.4866               0.6596
4    H               -0.3853               1.0243              -0.0093
5    H               -0.4987              -0.5272               0.8155
6    H               -0.4301              -0.4680              -0.9403
7    H                1.8244              -0.4817               0.9652
8    H                1.8836              -0.6504              -0.7857


Energy:                 -155.132707 Convergence criteria  Is converged 
Maximum Force:             0.001746     0.002850  Yes
RMS Force:                 0.000795     0.001900  Yes
Maximum Displacement:      0.000819     0.003150  Yes
RMS Displacement:          0.000378     0.002100  Yes

LBFGS converged at iteration 4.

----------------------------------------------------------------------
            Scanning combination 62/73: [485.00]

======================================================================
LBFGS Parameters
======================================================================
memory:     5
curvature:  70.0
max_step:   0.2
max_iter:   256
verbose:    0
======================================================================


                             Coordinates                              
----------------------------------------------------------------------
0    C               -0.0479              -0.0089              -0.0297
1    C                1.4853              -0.0405               0.0249
2    O                2.0129               1.2791              -0.1174
3    H                2.5830               1.4597               0.6275
4    H               -0.3862               1.0238              -0.0091
5    H               -0.4984              -0.5283               0.8143
6    H               -0.4291              -0.4675              -0.9412
7    H                1.8226              -0.4802               0.9664
8    H                1.8842              -0.6512              -0.7845


Energy:                 -155.132884 Convergence criteria  Is converged 
Maximum Force:             0.001719     0.002850  Yes
RMS Force:                 0.000729     0.001900  Yes
Maximum Displacement:      0.000790     0.003150  Yes
RMS Displacement:          0.000338     0.002100  Yes

LBFGS converged at iteration 4.

----------------------------------------------------------------------
            Scanning combination 63/73: [490.00]

======================================================================
LBFGS Parameters
======================================================================
memory:     5
curvature:  70.0
max_step:   0.2
max_iter:   256
verbose:    0
======================================================================


                             Coordinates                              
----------------------------------------------------------------------
0    C               -0.0473              -0.0087              -0.0301
1    C                1.4854              -0.0403               0.0253
2    O                2.0080               1.2816              -0.1130
3    H                2.6374               1.4332               0.5899
4    H               -0.3867               1.0236              -0.0087
5    H               -0.4979              -0.5293               0.8132
6    H               -0.4279              -0.4670              -0.9421
7    H                1.8208              -0.4790               0.9677
8    H                1.8849              -0.6520              -0.7833


Energy:                 -155.133088 Convergence criteria  Is converged 
Maximum Force:             0.001676     0.002850  Yes
RMS Force:                 0.000693     0.001900  Yes
Maximum Displacement:      0.000759     0.003150  Yes
RMS Displacement:          0.000314     0.002100  Yes

LBFGS converged at iteration 4.

----------------------------------------------------------------------
            Scanning combination 64/73: [495.00]

======================================================================
LBFGS Parameters
======================================================================
memory:     5
curvature:  70.0
max_step:   0.2
max_iter:   256
verbose:    0
======================================================================


                             Coordinates                              
----------------------------------------------------------------------
0    C               -0.0465              -0.0085              -0.0306
1    C                1.4854              -0.0401               0.0257
2    O                2.0032               1.2839              -0.1083
3    H                2.6880               1.4077               0.5469
4    H               -0.3868               1.0235              -0.0083
5    H               -0.4973              -0.5301               0.8120
6    H               -0.4267              -0.4663              -0.9430
7    H                1.8191              -0.4779               0.9691
8    H                1.8857              -0.6527              -0.7821


Energy:                 -155.133305 Convergence criteria  Is converged 
Maximum Force:             0.001622     0.002850  Yes
RMS Force:                 0.000684     0.001900  Yes
Maximum Displacement:      0.000730     0.003150  Yes
RMS Displacement:          0.000306     0.002100  Yes

LBFGS converged at iteration 4.

----------------------------------------------------------------------
            Scanning combination 65/73: [500.00]

======================================================================
LBFGS Parameters
======================================================================
memory:     5
curvature:  70.0
max_step:   0.2
max_iter:   256
verbose:    0
======================================================================


                             Coordinates                              
----------------------------------------------------------------------
0    C               -0.0458              -0.0084              -0.0314
1    C                1.4857              -0.0401               0.0267
2    O                1.9990               1.2859              -0.1035
3    H                2.7348               1.3837               0.4993
4    H               -0.3866               1.0234              -0.0080
5    H               -0.4967              -0.5304               0.8110
6    H               -0.4259              -0.4660              -0.9441
7    H                1.8182              -0.4775               0.9705
8    H                1.8861              -0.6528              -0.7809


Energy:                 -155.133520 Convergence criteria  Is converged 
Maximum Force:             0.001706     0.002850  Yes
RMS Force:                 0.000716     0.001900  Yes
Maximum Displacement:      0.003115     0.003150  Yes
RMS Displacement:          0.001191     0.002100  Yes

LBFGS converged at iteration 3.

----------------------------------------------------------------------
            Scanning combination 66/73: [505.00]

======================================================================
LBFGS Parameters
======================================================================
memory:     5
curvature:  70.0
max_step:   0.2
max_iter:   256
verbose:    0
======================================================================


                             Coordinates                              
----------------------------------------------------------------------
0    C               -0.0451              -0.0082              -0.0322
1    C                1.4858              -0.0400               0.0276
2    O                1.9951               1.2876              -0.0983
3    H                2.7775               1.3611               0.4469
4    H               -0.3861               1.0234              -0.0078
5    H               -0.4961              -0.5306               0.8098
6    H               -0.4251              -0.4656              -0.9451
7    H                1.8172              -0.4772               0.9719
8    H                1.8866              -0.6530              -0.7798


Energy:                 -155.133729 Convergence criteria  Is converged 
Maximum Force:             0.001785     0.002850  Yes
RMS Force:                 0.000775     0.001900  Yes
Maximum Displacement:      0.003060     0.003150  Yes
RMS Displacement:          0.001223     0.002100  Yes

LBFGS converged at iteration 3.

----------------------------------------------------------------------
            Scanning combination 67/73: [510.00]

======================================================================
LBFGS Parameters
======================================================================
memory:     5
curvature:  70.0
max_step:   0.2
max_iter:   256
verbose:    0
======================================================================


                             Coordinates                              
----------------------------------------------------------------------
0    C               -0.0444              -0.0080              -0.0329
1    C                1.4858              -0.0401               0.0286
2    O                1.9916               1.2891              -0.0929
3    H                2.8157               1.3402               0.3903
4    H               -0.3855               1.0234              -0.0076
5    H               -0.4955              -0.5309               0.8087
6    H               -0.4241              -0.4652              -0.9462
7    H                1.8161              -0.4771               0.9733
8    H                1.8871              -0.6531              -0.7788


Energy:                 -155.133925 Convergence criteria  Is converged 
Maximum Force:             0.001819     0.002850  Yes
RMS Force:                 0.000808     0.001900  Yes
Maximum Displacement:      0.002905     0.003150  Yes
RMS Displacement:          0.001214     0.002100  Yes

LBFGS converged at iteration 3.

----------------------------------------------------------------------
            Scanning combination 68/73: [515.00]

======================================================================
LBFGS Parameters
======================================================================
memory:     5
curvature:  70.0
max_step:   0.2
max_iter:   256
verbose:    0
======================================================================


                             Coordinates                              
----------------------------------------------------------------------
0    C               -0.0436              -0.0078              -0.0336
1    C                1.4859              -0.0402               0.0298
2    O                1.9886               1.2903              -0.0873
3    H                2.8491               1.3212               0.3299
4    H               -0.3848               1.0235              -0.0074
5    H               -0.4950              -0.5311               0.8075
6    H               -0.4230              -0.4646              -0.9472
7    H                1.8150              -0.4772               0.9748
8    H                1.8875              -0.6532              -0.7778


Energy:                 -155.134101 Convergence criteria  Is converged 
Maximum Force:             0.001821     0.002850  Yes
RMS Force:                 0.000825     0.001900  Yes
Maximum Displacement:      0.002853     0.003150  Yes
RMS Displacement:          0.001193     0.002100  Yes

LBFGS converged at iteration 3.

----------------------------------------------------------------------
            Scanning combination 69/73: [520.00]

======================================================================
LBFGS Parameters
======================================================================
memory:     5
curvature:  70.0
max_step:   0.2
max_iter:   256
verbose:    0
======================================================================


                             Coordinates                              
----------------------------------------------------------------------
0    C               -0.0430              -0.0077              -0.0343
1    C                1.4860              -0.0403               0.0311
2    O                1.9862               1.2912              -0.0818
3    H                2.8776               1.3044               0.2661
4    H               -0.3840               1.0237              -0.0072
5    H               -0.4944              -0.5313               0.8064
6    H               -0.4220              -0.4641              -0.9483
7    H                1.8139              -0.4775               0.9763
8    H                1.8878              -0.6532              -0.7768


Energy:                 -155.134251 Convergence criteria  Is converged 
Maximum Force:             0.001808     0.002850  Yes
RMS Force:                 0.000837     0.001900  Yes
Maximum Displacement:      0.002843     0.003150  Yes
RMS Displacement:          0.001174     0.002100  Yes

LBFGS converged at iteration 3.

----------------------------------------------------------------------
            Scanning combination 70/73: [525.00]

======================================================================
LBFGS Parameters
======================================================================
memory:     5
curvature:  70.0
max_step:   0.2
max_iter:   256
verbose:    0
======================================================================


                             Coordinates                              
----------------------------------------------------------------------
0    C               -0.0423              -0.0075              -0.0351
1    C                1.4860              -0.0405               0.0326
2    O                1.9843               1.2918              -0.0762
3    H                2.9009               1.2897               0.1995
4    H               -0.3831               1.0238              -0.0071
5    H               -0.4939              -0.5316               0.8052
6    H               -0.4209              -0.4635              -0.9494
7    H                1.8128              -0.4781               0.9780
8    H                1.8880              -0.6531              -0.7758


Energy:                 -155.134372 Convergence criteria  Is converged 
Maximum Force:             0.001826     0.002850  Yes
RMS Force:                 0.000850     0.001900  Yes
Maximum Displacement:      0.002835     0.003150  Yes
RMS Displacement:          0.001160     0.002100  Yes

LBFGS converged at iteration 3.

----------------------------------------------------------------------
            Scanning combination 71/73: [530.00]

======================================================================
LBFGS Parameters
======================================================================
memory:     5
curvature:  70.0
max_step:   0.2
max_iter:   256
verbose:    0
======================================================================


                             Coordinates                              
----------------------------------------------------------------------
0    C               -0.0418              -0.0073              -0.0359
1    C                1.4861              -0.0406               0.0343
2    O                1.9831               1.2922              -0.0707
3    H                2.9188               1.2773               0.1306
4    H               -0.3823               1.0240              -0.0070
5    H               -0.4934              -0.5318               0.8040
6    H               -0.4199              -0.4629              -0.9506
7    H                1.8117              -0.4789               0.9796
8    H                1.8881              -0.6529              -0.7747


Energy:                 -155.134460 Convergence criteria  Is converged 
Maximum Force:             0.001828     0.002850  Yes
RMS Force:                 0.000867     0.001900  Yes
Maximum Displacement:      0.002837     0.003150  Yes
RMS Displacement:          0.001155     0.002100  Yes

LBFGS converged at iteration 3.

----------------------------------------------------------------------
            Scanning combination 72/73: [535.00]

======================================================================
LBFGS Parameters
======================================================================
memory:     5
curvature:  70.0
max_step:   0.2
max_iter:   256
verbose:    0
======================================================================


                             Coordinates                              
----------------------------------------------------------------------
0    C               -0.0413              -0.0071              -0.0366
1    C                1.4862              -0.0409               0.0360
2    O                1.9825               1.2924              -0.0653
3    H                2.9312               1.2672               0.0600
4    H               -0.3815               1.0242              -0.0069
5    H               -0.4930              -0.5321               0.8027
6    H               -0.4188              -0.4622              -0.9519
7    H                1.8107              -0.4799               0.9813
8    H                1.8881              -0.6527              -0.7735


Energy:                 -155.134515 Convergence criteria  Is converged 
Maximum Force:             0.001816     0.002850  Yes
RMS Force:                 0.000880     0.001900  Yes
Maximum Displacement:      0.002840     0.003150  Yes
RMS Displacement:          0.001150     0.002100  Yes

LBFGS converged at iteration 3.

----------------------------------------------------------------------
            Scanning combination 73/73: [540.00]

======================================================================
LBFGS Parameters
======================================================================
memory:     5
curvature:  70.0
max_step:   0.2
max_iter:   256
verbose:    0
======================================================================


                             Coordinates                              
----------------------------------------------------------------------
0    C               -0.0409              -0.0069              -0.0374
1    C                1.4863              -0.0411               0.0379
2    O                1.9825               1.2924              -0.0600
3    H                2.9379               1.2593              -0.0118
4    H               -0.3807               1.0245              -0.0069
5    H               -0.4927              -0.5324               0.8015
6    H               -0.4178              -0.4616              -0.9531
7    H                1.8098              -0.4809               0.9830
8    H                1.8880              -0.6523              -0.7723


Energy:                 -155.134536 Convergence criteria  Is converged 
Maximum Force:             0.001789     0.002850  Yes
RMS Force:                 0.000881     0.001900  Yes
Maximum Displacement:      0.002837     0.003150  Yes
RMS Displacement:          0.001143     0.002100  Yes

LBFGS converged at iteration 3.

======================================================================
Scan completed! Total points: 73Results saved to: /home/axie/MAPLE/MAPLE-fork/examples/scan/lbfgs/ethanol_torsion_scan_final.xyz
Energy range: -155.134536 to -155.132413 Hartree



Program started: 2026-05-15 21:46:38

======================================================================
                      TIMING SUMMARY
======================================================================
Input Reading.......................................   0.070 s  (   0.8 %)
  Settings Parsing....................................   0.069 s  (  98.3 %)
  Coordinate Section Parsing..........................   0.000 s  (   0.5 %)
  Post-Processing Expansion...........................   0.000 s  (   0.1 %)
MLP Initialization..................................   0.201 s  (   2.4 %)
Job Dispatching.....................................   8.049 s  (  96.7 %)
  Scan................................................   8.043 s  (  99.9 %)
    Optimization (×73)..................................   8.017 s  (  99.7 %)
======================================================================
Total wall time: 8.321 s
Total CPU time: 6.702 s
======================================================================

Program ended: 2026-05-15 21:46:46
TOTAL RUN TIME: 0 days 0 hours 0 minutes 8 seconds 320 msec
