
**********************************************************************
*                                                                    *
*                        M   A   P   L   E                           *
*                                                                    *
*      MAchine-learning Potential for Landscape Exploration          *
*                                                                    *
*                                                                    *
*      © 2025 University of Pittsburgh. All rights reserved.         *
*      Licensed under CC BY 4.0 for academic use.                    *
*                                                                    *
*      Principal Developer:  Xujian Wang                             *
*                                                                    *
**********************************************************************


Parsing # commands...
Global parameter: model = aimnet2nse
Task set to 'scan'
Global parameter: device = gpu0
Parsed configuration:
----------------------------------------
Task: scan
model          : aimnet2nse
mode           : rigid
device         : gpu0

                             Coordinates                              
**********************************************************************

Group 1 (inline)
--------------------
1    C             -0.610000             3.642300             3.000000
2    C             -1.874000             3.182300             3.000000
3    C             -2.808500             2.398100             3.000000
4    C             -3.481100             1.233200             3.000000
5    C             -3.692900             0.031800             3.000000
6    C             -3.459400            -1.292900             3.000000
7    C             -2.849400            -2.349400             3.000000
8    C             -1.819000            -3.214000             3.000000
9    C             -0.672500            -3.631300             3.000000
10   C              0.672500            -3.631300             3.000000
11   C              1.819000            -3.214000             3.000000
12   C              2.849400            -2.349400             3.000000
13   C              3.459400            -1.292900             3.000000
14   C              3.692900             0.031800             3.000000
15   C              3.481100             1.233200             3.000000
16   C              2.808500             2.398100             3.000000
17   C              1.874000             3.182300             3.000000
18   C              0.610000             3.642300             3.000000
19   C             -1.819000             3.214000             0.000000
20   C             -2.849400             2.349400             0.000000
21   C             -3.459400             1.292900             0.000000
22   C             -3.692900            -0.031800             0.000000
23   C             -3.481100            -1.233200             0.000000
24   C             -2.808500            -2.398100             0.000000
25   C             -1.874000            -3.182300             0.000000
26   C             -0.610000            -3.642300             0.000000
27   C              0.610000            -3.642300             0.000000
28   C              1.874000            -3.182300             0.000000
29   C              2.808500            -2.398100             0.000000
30   C              3.481100            -1.233200             0.000000
31   C              3.692900            -0.031800             0.000000
32   C              3.459400             1.292900             0.000000
33   C              2.849400             2.349400             0.000000
34   C              1.819000             3.214000             0.000000
35   C              0.672500             3.631300             0.000000
36   C             -0.672500             3.631300             0.000000

======================================================================
                  Constraints and Restraints Summary                  
======================================================================
Scan coordinates: 1
======================================================================

----------------------------------------------------------------------
            Scanning combination 1/51: [3.00]

                             Coordinates                              
----------------------------------------------------------------------
0    C               -0.6100               3.6423               3.0000
1    C               -1.8740               3.1823               3.0000
2    C               -2.8085               2.3981               3.0000
3    C               -3.4811               1.2332               3.0000
4    C               -3.6929               0.0318               3.0000
5    C               -3.4594              -1.2929               3.0000
6    C               -2.8494              -2.3494               3.0000
7    C               -1.8190              -3.2140               3.0000
8    C               -0.6725              -3.6313               3.0000
9    C                0.6725              -3.6313               3.0000
10   C                1.8190              -3.2140               3.0000
11   C                2.8494              -2.3494               3.0000
12   C                3.4594              -1.2929               3.0000
13   C                3.6929               0.0318               3.0000
14   C                3.4811               1.2332               3.0000
15   C                2.8085               2.3981               3.0000
16   C                1.8740               3.1823               3.0000
17   C                0.6100               3.6423               3.0000
18   C               -1.8190               3.2140               0.0000
19   C               -2.8494               2.3494               0.0000
20   C               -3.4594               1.2929               0.0000
21   C               -3.6929              -0.0318               0.0000
22   C               -3.4811              -1.2332               0.0000
23   C               -2.8085              -2.3981               0.0000
24   C               -1.8740              -3.1823               0.0000
25   C               -0.6100              -3.6423               0.0000
26   C                0.6100              -3.6423               0.0000
27   C                1.8740              -3.1823               0.0000
28   C                2.8085              -2.3981               0.0000
29   C                3.4811              -1.2332               0.0000
30   C                3.6929              -0.0318               0.0000
31   C                3.4594               1.2929               0.0000
32   C                2.8494               2.3494               0.0000
33   C                1.8190               3.2140               0.0000
34   C                0.6725               3.6313               0.0000
35   C               -0.6725               3.6313               0.0000


Energy:                -1371.492113

----------------------------------------------------------------------
            Scanning combination 2/51: [3.10]

                             Coordinates                              
----------------------------------------------------------------------
0    C               -0.6100               3.6423               3.0000
1    C               -1.8740               3.1823               3.0000
2    C               -2.8085               2.3981               3.0000
3    C               -3.4811               1.2332               3.0000
4    C               -3.6929               0.0318               3.0000
5    C               -3.4594              -1.2929               3.0000
6    C               -2.8494              -2.3494               3.0000
7    C               -1.8190              -3.2140               3.0000
8    C               -0.6725              -3.6313               3.0000
9    C                0.6725              -3.6313               3.0000
10   C                1.8190              -3.2140               3.0000
11   C                2.8494              -2.3494               3.0000
12   C                3.4594              -1.2929               3.0000
13   C                3.6929               0.0318               3.0000
14   C                3.4811               1.2332               3.0000
15   C                2.8085               2.3981               3.0000
16   C                1.8740               3.1823               3.0000
17   C                0.6100               3.6423               3.0000
18   C               -1.8211               3.2136              -0.1000
19   C               -2.8515               2.3490              -0.1000
20   C               -3.4615               1.2925              -0.1000
21   C               -3.6950              -0.0322              -0.1000
22   C               -3.4832              -1.2336              -0.1000
23   C               -2.8106              -2.3985              -0.1000
24   C               -1.8761              -3.1827              -0.1000
25   C               -0.6121              -3.6427              -0.1000
26   C                0.6079              -3.6427              -0.1000
27   C                1.8719              -3.1827              -0.1000
28   C                2.8064              -2.3985              -0.1000
29   C                3.4790              -1.2336              -0.1000
30   C                3.6908              -0.0322              -0.1000
31   C                3.4573               1.2925              -0.1000
32   C                2.8473               2.3490              -0.1000
33   C                1.8169               3.2136              -0.1000
34   C                0.6704               3.6309              -0.1000
35   C               -0.6746               3.6309              -0.1000


Energy:                -1371.495720

----------------------------------------------------------------------
            Scanning combination 3/51: [3.20]

                             Coordinates                              
----------------------------------------------------------------------
0    C               -0.6100               3.6423               3.0000
1    C               -1.8740               3.1823               3.0000
2    C               -2.8085               2.3981               3.0000
3    C               -3.4811               1.2332               3.0000
4    C               -3.6929               0.0318               3.0000
5    C               -3.4594              -1.2929               3.0000
6    C               -2.8494              -2.3494               3.0000
7    C               -1.8190              -3.2140               3.0000
8    C               -0.6725              -3.6313               3.0000
9    C                0.6725              -3.6313               3.0000
10   C                1.8190              -3.2140               3.0000
11   C                2.8494              -2.3494               3.0000
12   C                3.4594              -1.2929               3.0000
13   C                3.6929               0.0318               3.0000
14   C                3.4811               1.2332               3.0000
15   C                2.8085               2.3981               3.0000
16   C                1.8740               3.1823               3.0000
17   C                0.6100               3.6423               3.0000
18   C               -1.8232               3.2133              -0.2000
19   C               -2.8536               2.3487              -0.2000
20   C               -3.4636               1.2922              -0.2000
21   C               -3.6971              -0.0325              -0.2000
22   C               -3.4853              -1.2339              -0.2000
23   C               -2.8127              -2.3988              -0.2000
24   C               -1.8782              -3.1830              -0.2000
25   C               -0.6142              -3.6430              -0.2000
26   C                0.6058              -3.6430              -0.2000
27   C                1.8698              -3.1830              -0.2000
28   C                2.8043              -2.3988              -0.2000
29   C                3.4769              -1.2339              -0.2000
30   C                3.6887              -0.0325              -0.2000
31   C                3.4552               1.2922              -0.2000
32   C                2.8452               2.3487              -0.2000
33   C                1.8148               3.2133              -0.2000
34   C                0.6683               3.6306              -0.2000
35   C               -0.6767               3.6306              -0.2000


Energy:                -1371.504634

----------------------------------------------------------------------
            Scanning combination 4/51: [3.30]

                             Coordinates                              
----------------------------------------------------------------------
0    C               -0.6100               3.6423               3.0000
1    C               -1.8740               3.1823               3.0000
2    C               -2.8085               2.3981               3.0000
3    C               -3.4811               1.2332               3.0000
4    C               -3.6929               0.0318               3.0000
5    C               -3.4594              -1.2929               3.0000
6    C               -2.8494              -2.3494               3.0000
7    C               -1.8190              -3.2140               3.0000
8    C               -0.6725              -3.6313               3.0000
9    C                0.6725              -3.6313               3.0000
10   C                1.8190              -3.2140               3.0000
11   C                2.8494              -2.3494               3.0000
12   C                3.4594              -1.2929               3.0000
13   C                3.6929               0.0318               3.0000
14   C                3.4811               1.2332               3.0000
15   C                2.8085               2.3981               3.0000
16   C                1.8740               3.1823               3.0000
17   C                0.6100               3.6423               3.0000
18   C               -1.8252               3.2129              -0.2999
19   C               -2.8556               2.3483              -0.2999
20   C               -3.4656               1.2918              -0.2999
21   C               -3.6991              -0.0329              -0.2999
22   C               -3.4873              -1.2343              -0.2999
23   C               -2.8147              -2.3992              -0.2999
24   C               -1.8802              -3.1834              -0.2999
25   C               -0.6162              -3.6434              -0.2999
26   C                0.6038              -3.6434              -0.2999
27   C                1.8678              -3.1834              -0.2999
28   C                2.8023              -2.3992              -0.2999
29   C                3.4749              -1.2343              -0.2999
30   C                3.6867              -0.0329              -0.2999
31   C                3.4532               1.2918              -0.2999
32   C                2.8432               2.3483              -0.2999
33   C                1.8128               3.2129              -0.2999
34   C                0.6663               3.6302              -0.2999
35   C               -0.6787               3.6302              -0.2999


Energy:                -1371.515768

----------------------------------------------------------------------
            Scanning combination 5/51: [3.40]

                             Coordinates                              
----------------------------------------------------------------------
0    C               -0.6100               3.6423               3.0000
1    C               -1.8740               3.1823               3.0000
2    C               -2.8085               2.3981               3.0000
3    C               -3.4811               1.2332               3.0000
4    C               -3.6929               0.0318               3.0000
5    C               -3.4594              -1.2929               3.0000
6    C               -2.8494              -2.3494               3.0000
7    C               -1.8190              -3.2140               3.0000
8    C               -0.6725              -3.6313               3.0000
9    C                0.6725              -3.6313               3.0000
10   C                1.8190              -3.2140               3.0000
11   C                2.8494              -2.3494               3.0000
12   C                3.4594              -1.2929               3.0000
13   C                3.6929               0.0318               3.0000
14   C                3.4811               1.2332               3.0000
15   C                2.8085               2.3981               3.0000
16   C                1.8740               3.1823               3.0000
17   C                0.6100               3.6423               3.0000
18   C               -1.8273               3.2125              -0.3999
19   C               -2.8577               2.3479              -0.3999
20   C               -3.4677               1.2914              -0.3999
21   C               -3.7012              -0.0333              -0.3999
22   C               -3.4894              -1.2347              -0.3999
23   C               -2.8168              -2.3996              -0.3999
24   C               -1.8823              -3.1838              -0.3999
25   C               -0.6183              -3.6438              -0.3999
26   C                0.6017              -3.6438              -0.3999
27   C                1.8657              -3.1838              -0.3999
28   C                2.8002              -2.3996              -0.3999
29   C                3.4728              -1.2347              -0.3999
30   C                3.6846              -0.0333              -0.3999
31   C                3.4511               1.2914              -0.3999
32   C                2.8411               2.3479              -0.3999
33   C                1.8107               3.2125              -0.3999
34   C                0.6642               3.6298              -0.3999
35   C               -0.6808               3.6298              -0.3999


Energy:                -1371.523306

----------------------------------------------------------------------
            Scanning combination 6/51: [3.50]

                             Coordinates                              
----------------------------------------------------------------------
0    C               -0.6100               3.6423               3.0000
1    C               -1.8740               3.1823               3.0000
2    C               -2.8085               2.3981               3.0000
3    C               -3.4811               1.2332               3.0000
4    C               -3.6929               0.0318               3.0000
5    C               -3.4594              -1.2929               3.0000
6    C               -2.8494              -2.3494               3.0000
7    C               -1.8190              -3.2140               3.0000
8    C               -0.6725              -3.6313               3.0000
9    C                0.6725              -3.6313               3.0000
10   C                1.8190              -3.2140               3.0000
11   C                2.8494              -2.3494               3.0000
12   C                3.4594              -1.2929               3.0000
13   C                3.6929               0.0318               3.0000
14   C                3.4811               1.2332               3.0000
15   C                2.8085               2.3981               3.0000
16   C                1.8740               3.1823               3.0000
17   C                0.6100               3.6423               3.0000
18   C               -1.8294               3.2122              -0.4999
19   C               -2.8598               2.3476              -0.4999
20   C               -3.4698               1.2911              -0.4999
21   C               -3.7033              -0.0336              -0.4999
22   C               -3.4915              -1.2350              -0.4999
23   C               -2.8189              -2.3999              -0.4999
24   C               -1.8844              -3.1841              -0.4999
25   C               -0.6204              -3.6441              -0.4999
26   C                0.5996              -3.6441              -0.4999
27   C                1.8636              -3.1841              -0.4999
28   C                2.7981              -2.3999              -0.4999
29   C                3.4707              -1.2350              -0.4999
30   C                3.6825              -0.0336              -0.4999
31   C                3.4490               1.2911              -0.4999
32   C                2.8390               2.3476              -0.4999
33   C                1.8086               3.2122              -0.4999
34   C                0.6621               3.6295              -0.4999
35   C               -0.6829               3.6295              -0.4999


Energy:                -1371.532423

----------------------------------------------------------------------
            Scanning combination 7/51: [3.60]

                             Coordinates                              
----------------------------------------------------------------------
0    C               -0.6100               3.6423               3.0000
1    C               -1.8740               3.1823               3.0000
2    C               -2.8085               2.3981               3.0000
3    C               -3.4811               1.2332               3.0000
4    C               -3.6929               0.0318               3.0000
5    C               -3.4594              -1.2929               3.0000
6    C               -2.8494              -2.3494               3.0000
7    C               -1.8190              -3.2140               3.0000
8    C               -0.6725              -3.6313               3.0000
9    C                0.6725              -3.6313               3.0000
10   C                1.8190              -3.2140               3.0000
11   C                2.8494              -2.3494               3.0000
12   C                3.4594              -1.2929               3.0000
13   C                3.6929               0.0318               3.0000
14   C                3.4811               1.2332               3.0000
15   C                2.8085               2.3981               3.0000
16   C                1.8740               3.1823               3.0000
17   C                0.6100               3.6423               3.0000
18   C               -1.8315               3.2118              -0.5999
19   C               -2.8619               2.3472              -0.5999
20   C               -3.4719               1.2907              -0.5999
21   C               -3.7054              -0.0340              -0.5999
22   C               -3.4936              -1.2354              -0.5999
23   C               -2.8210              -2.4003              -0.5999
24   C               -1.8865              -3.1845              -0.5999
25   C               -0.6225              -3.6445              -0.5999
26   C                0.5975              -3.6445              -0.5999
27   C                1.8615              -3.1845              -0.5999
28   C                2.7960              -2.4003              -0.5999
29   C                3.4686              -1.2354              -0.5999
30   C                3.6804              -0.0340              -0.5999
31   C                3.4469               1.2907              -0.5999
32   C                2.8369               2.3472              -0.5999
33   C                1.8065               3.2118              -0.5999
34   C                0.6600               3.6291              -0.5999
35   C               -0.6850               3.6291              -0.5999


Energy:                -1371.544281

----------------------------------------------------------------------
            Scanning combination 8/51: [3.70]

                             Coordinates                              
----------------------------------------------------------------------
0    C               -0.6100               3.6423               3.0000
1    C               -1.8740               3.1823               3.0000
2    C               -2.8085               2.3981               3.0000
3    C               -3.4811               1.2332               3.0000
4    C               -3.6929               0.0318               3.0000
5    C               -3.4594              -1.2929               3.0000
6    C               -2.8494              -2.3494               3.0000
7    C               -1.8190              -3.2140               3.0000
8    C               -0.6725              -3.6313               3.0000
9    C                0.6725              -3.6313               3.0000
10   C                1.8190              -3.2140               3.0000
11   C                2.8494              -2.3494               3.0000
12   C                3.4594              -1.2929               3.0000
13   C                3.6929               0.0318               3.0000
14   C                3.4811               1.2332               3.0000
15   C                2.8085               2.3981               3.0000
16   C                1.8740               3.1823               3.0000
17   C                0.6100               3.6423               3.0000
18   C               -1.8336               3.2114              -0.6998
19   C               -2.8640               2.3468              -0.6998
20   C               -3.4740               1.2903              -0.6998
21   C               -3.7075              -0.0344              -0.6998
22   C               -3.4957              -1.2358              -0.6998
23   C               -2.8231              -2.4007              -0.6998
24   C               -1.8886              -3.1849              -0.6998
25   C               -0.6246              -3.6449              -0.6998
26   C                0.5954              -3.6449              -0.6998
27   C                1.8594              -3.1849              -0.6998
28   C                2.7939              -2.4007              -0.6998
29   C                3.4665              -1.2358              -0.6998
30   C                3.6783              -0.0344              -0.6998
31   C                3.4448               1.2903              -0.6998
32   C                2.8348               2.3468              -0.6998
33   C                1.8044               3.2114              -0.6998
34   C                0.6579               3.6287              -0.6998
35   C               -0.6871               3.6287              -0.6998


Energy:                -1371.554495

----------------------------------------------------------------------
            Scanning combination 9/51: [3.80]

                             Coordinates                              
----------------------------------------------------------------------
0    C               -0.6100               3.6423               3.0000
1    C               -1.8740               3.1823               3.0000
2    C               -2.8085               2.3981               3.0000
3    C               -3.4811               1.2332               3.0000
4    C               -3.6929               0.0318               3.0000
5    C               -3.4594              -1.2929               3.0000
6    C               -2.8494              -2.3494               3.0000
7    C               -1.8190              -3.2140               3.0000
8    C               -0.6725              -3.6313               3.0000
9    C                0.6725              -3.6313               3.0000
10   C                1.8190              -3.2140               3.0000
11   C                2.8494              -2.3494               3.0000
12   C                3.4594              -1.2929               3.0000
13   C                3.6929               0.0318               3.0000
14   C                3.4811               1.2332               3.0000
15   C                2.8085               2.3981               3.0000
16   C                1.8740               3.1823               3.0000
17   C                0.6100               3.6423               3.0000
18   C               -1.8357               3.2111              -0.7998
19   C               -2.8661               2.3465              -0.7998
20   C               -3.4761               1.2900              -0.7998
21   C               -3.7096              -0.0347              -0.7998
22   C               -3.4978              -1.2361              -0.7998
23   C               -2.8252              -2.4010              -0.7998
24   C               -1.8907              -3.1852              -0.7998
25   C               -0.6267              -3.6452              -0.7998
26   C                0.5933              -3.6452              -0.7998
27   C                1.8573              -3.1852              -0.7998
28   C                2.7918              -2.4010              -0.7998
29   C                3.4644              -1.2361              -0.7998
30   C                3.6762              -0.0347              -0.7998
31   C                3.4427               1.2900              -0.7998
32   C                2.8327               2.3465              -0.7998
33   C                1.8023               3.2111              -0.7998
34   C                0.6558               3.6284              -0.7998
35   C               -0.6892               3.6284              -0.7998


Energy:                -1371.556785

----------------------------------------------------------------------
            Scanning combination 10/51: [3.90]

                             Coordinates                              
----------------------------------------------------------------------
0    C               -0.6100               3.6423               3.0000
1    C               -1.8740               3.1823               3.0000
2    C               -2.8085               2.3981               3.0000
3    C               -3.4811               1.2332               3.0000
4    C               -3.6929               0.0318               3.0000
5    C               -3.4594              -1.2929               3.0000
6    C               -2.8494              -2.3494               3.0000
7    C               -1.8190              -3.2140               3.0000
8    C               -0.6725              -3.6313               3.0000
9    C                0.6725              -3.6313               3.0000
10   C                1.8190              -3.2140               3.0000
11   C                2.8494              -2.3494               3.0000
12   C                3.4594              -1.2929               3.0000
13   C                3.6929               0.0318               3.0000
14   C                3.4811               1.2332               3.0000
15   C                2.8085               2.3981               3.0000
16   C                1.8740               3.1823               3.0000
17   C                0.6100               3.6423               3.0000
18   C               -1.8377               3.2107              -0.8998
19   C               -2.8681               2.3461              -0.8998
20   C               -3.4781               1.2896              -0.8998
21   C               -3.7116              -0.0351              -0.8998
22   C               -3.4998              -1.2365              -0.8998
23   C               -2.8272              -2.4014              -0.8998
24   C               -1.8927              -3.1856              -0.8998
25   C               -0.6287              -3.6456              -0.8998
26   C                0.5913              -3.6456              -0.8998
27   C                1.8553              -3.1856              -0.8998
28   C                2.7898              -2.4014              -0.8998
29   C                3.4624              -1.2365              -0.8998
30   C                3.6742              -0.0351              -0.8998
31   C                3.4407               1.2896              -0.8998
32   C                2.8307               2.3461              -0.8998
33   C                1.8003               3.2107              -0.8998
34   C                0.6538               3.6280              -0.8998
35   C               -0.6912               3.6280              -0.8998


Energy:                -1371.554078

----------------------------------------------------------------------
            Scanning combination 11/51: [4.00]

                             Coordinates                              
----------------------------------------------------------------------
0    C               -0.6100               3.6423               3.0000
1    C               -1.8740               3.1823               3.0000
2    C               -2.8085               2.3981               3.0000
3    C               -3.4811               1.2332               3.0000
4    C               -3.6929               0.0318               3.0000
5    C               -3.4594              -1.2929               3.0000
6    C               -2.8494              -2.3494               3.0000
7    C               -1.8190              -3.2140               3.0000
8    C               -0.6725              -3.6313               3.0000
9    C                0.6725              -3.6313               3.0000
10   C                1.8190              -3.2140               3.0000
11   C                2.8494              -2.3494               3.0000
12   C                3.4594              -1.2929               3.0000
13   C                3.6929               0.0318               3.0000
14   C                3.4811               1.2332               3.0000
15   C                2.8085               2.3981               3.0000
16   C                1.8740               3.1823               3.0000
17   C                0.6100               3.6423               3.0000
18   C               -1.8398               3.2103              -0.9998
19   C               -2.8702               2.3457              -0.9998
20   C               -3.4802               1.2892              -0.9998
21   C               -3.7137              -0.0355              -0.9998
22   C               -3.5019              -1.2369              -0.9998
23   C               -2.8293              -2.4018              -0.9998
24   C               -1.8948              -3.1860              -0.9998
25   C               -0.6308              -3.6460              -0.9998
26   C                0.5892              -3.6460              -0.9998
27   C                1.8532              -3.1860              -0.9998
28   C                2.7877              -2.4018              -0.9998
29   C                3.4603              -1.2369              -0.9998
30   C                3.6721              -0.0355              -0.9998
31   C                3.4386               1.2892              -0.9998
32   C                2.8286               2.3457              -0.9998
33   C                1.7982               3.2103              -0.9998
34   C                0.6517               3.6276              -0.9998
35   C               -0.6933               3.6276              -0.9998


Energy:                -1371.552581

----------------------------------------------------------------------
            Scanning combination 12/51: [4.10]

                             Coordinates                              
----------------------------------------------------------------------
0    C               -0.6100               3.6423               3.0000
1    C               -1.8740               3.1823               3.0000
2    C               -2.8085               2.3981               3.0000
3    C               -3.4811               1.2332               3.0000
4    C               -3.6929               0.0318               3.0000
5    C               -3.4594              -1.2929               3.0000
6    C               -2.8494              -2.3494               3.0000
7    C               -1.8190              -3.2140               3.0000
8    C               -0.6725              -3.6313               3.0000
9    C                0.6725              -3.6313               3.0000
10   C                1.8190              -3.2140               3.0000
11   C                2.8494              -2.3494               3.0000
12   C                3.4594              -1.2929               3.0000
13   C                3.6929               0.0318               3.0000
14   C                3.4811               1.2332               3.0000
15   C                2.8085               2.3981               3.0000
16   C                1.8740               3.1823               3.0000
17   C                0.6100               3.6423               3.0000
18   C               -1.8419               3.2100              -1.0998
19   C               -2.8723               2.3454              -1.0998
20   C               -3.4823               1.2889              -1.0998
21   C               -3.7158              -0.0358              -1.0998
22   C               -3.5040              -1.2372              -1.0998
23   C               -2.8314              -2.4021              -1.0998
24   C               -1.8969              -3.1863              -1.0998
25   C               -0.6329              -3.6463              -1.0998
26   C                0.5871              -3.6463              -1.0998
27   C                1.8511              -3.1863              -1.0998
28   C                2.7856              -2.4021              -1.0998
29   C                3.4582              -1.2372              -1.0998
30   C                3.6700              -0.0358              -1.0998
31   C                3.4365               1.2889              -1.0998
32   C                2.8265               2.3454              -1.0998
33   C                1.7961               3.2100              -1.0998
34   C                0.6496               3.6273              -1.0998
35   C               -0.6954               3.6273              -1.0998


Energy:                -1371.551313

----------------------------------------------------------------------
            Scanning combination 13/51: [4.20]

                             Coordinates                              
----------------------------------------------------------------------
0    C               -0.6100               3.6423               3.0000
1    C               -1.8740               3.1823               3.0000
2    C               -2.8085               2.3981               3.0000
3    C               -3.4811               1.2332               3.0000
4    C               -3.6929               0.0318               3.0000
5    C               -3.4594              -1.2929               3.0000
6    C               -2.8494              -2.3494               3.0000
7    C               -1.8190              -3.2140               3.0000
8    C               -0.6725              -3.6313               3.0000
9    C                0.6725              -3.6313               3.0000
10   C                1.8190              -3.2140               3.0000
11   C                2.8494              -2.3494               3.0000
12   C                3.4594              -1.2929               3.0000
13   C                3.6929               0.0318               3.0000
14   C                3.4811               1.2332               3.0000
15   C                2.8085               2.3981               3.0000
16   C                1.8740               3.1823               3.0000
17   C                0.6100               3.6423               3.0000
18   C               -1.8440               3.2096              -1.1997
19   C               -2.8744               2.3450              -1.1997
20   C               -3.4844               1.2885              -1.1997
21   C               -3.7179              -0.0362              -1.1997
22   C               -3.5061              -1.2376              -1.1997
23   C               -2.8335              -2.4025              -1.1997
24   C               -1.8990              -3.1867              -1.1997
25   C               -0.6350              -3.6467              -1.1997
26   C                0.5850              -3.6467              -1.1997
27   C                1.8490              -3.1867              -1.1997
28   C                2.7835              -2.4025              -1.1997
29   C                3.4561              -1.2376              -1.1997
30   C                3.6679              -0.0362              -1.1997
31   C                3.4344               1.2885              -1.1997
32   C                2.8244               2.3450              -1.1997
33   C                1.7940               3.2096              -1.1997
34   C                0.6475               3.6269              -1.1997
35   C               -0.6975               3.6269              -1.1997


Energy:                -1371.547120

----------------------------------------------------------------------
            Scanning combination 14/51: [4.30]

                             Coordinates                              
----------------------------------------------------------------------
0    C               -0.6100               3.6423               3.0000
1    C               -1.8740               3.1823               3.0000
2    C               -2.8085               2.3981               3.0000
3    C               -3.4811               1.2332               3.0000
4    C               -3.6929               0.0318               3.0000
5    C               -3.4594              -1.2929               3.0000
6    C               -2.8494              -2.3494               3.0000
7    C               -1.8190              -3.2140               3.0000
8    C               -0.6725              -3.6313               3.0000
9    C                0.6725              -3.6313               3.0000
10   C                1.8190              -3.2140               3.0000
11   C                2.8494              -2.3494               3.0000
12   C                3.4594              -1.2929               3.0000
13   C                3.6929               0.0318               3.0000
14   C                3.4811               1.2332               3.0000
15   C                2.8085               2.3981               3.0000
16   C                1.8740               3.1823               3.0000
17   C                0.6100               3.6423               3.0000
18   C               -1.8461               3.2092              -1.2997
19   C               -2.8765               2.3446              -1.2997
20   C               -3.4865               1.2881              -1.2997
21   C               -3.7200              -0.0366              -1.2997
22   C               -3.5082              -1.2380              -1.2997
23   C               -2.8356              -2.4029              -1.2997
24   C               -1.9011              -3.1871              -1.2997
25   C               -0.6371              -3.6471              -1.2997
26   C                0.5829              -3.6471              -1.2997
27   C                1.8469              -3.1871              -1.2997
28   C                2.7814              -2.4029              -1.2997
29   C                3.4540              -1.2380              -1.2997
30   C                3.6658              -0.0366              -1.2997
31   C                3.4323               1.2881              -1.2997
32   C                2.8223               2.3446              -1.2997
33   C                1.7919               3.2092              -1.2997
34   C                0.6454               3.6265              -1.2997
35   C               -0.6996               3.6265              -1.2997


Energy:                -1371.538084

----------------------------------------------------------------------
            Scanning combination 15/51: [4.40]

                             Coordinates                              
----------------------------------------------------------------------
0    C               -0.6100               3.6423               3.0000
1    C               -1.8740               3.1823               3.0000
2    C               -2.8085               2.3981               3.0000
3    C               -3.4811               1.2332               3.0000
4    C               -3.6929               0.0318               3.0000
5    C               -3.4594              -1.2929               3.0000
6    C               -2.8494              -2.3494               3.0000
7    C               -1.8190              -3.2140               3.0000
8    C               -0.6725              -3.6313               3.0000
9    C                0.6725              -3.6313               3.0000
10   C                1.8190              -3.2140               3.0000
11   C                2.8494              -2.3494               3.0000
12   C                3.4594              -1.2929               3.0000
13   C                3.6929               0.0318               3.0000
14   C                3.4811               1.2332               3.0000
15   C                2.8085               2.3981               3.0000
16   C                1.8740               3.1823               3.0000
17   C                0.6100               3.6423               3.0000
18   C               -1.8482               3.2089              -1.3997
19   C               -2.8786               2.3443              -1.3997
20   C               -3.4886               1.2878              -1.3997
21   C               -3.7221              -0.0369              -1.3997
22   C               -3.5103              -1.2383              -1.3997
23   C               -2.8377              -2.4032              -1.3997
24   C               -1.9032              -3.1874              -1.3997
25   C               -0.6392              -3.6474              -1.3997
26   C                0.5808              -3.6474              -1.3997
27   C                1.8448              -3.1874              -1.3997
28   C                2.7793              -2.4032              -1.3997
29   C                3.4519              -1.2383              -1.3997
30   C                3.6637              -0.0369              -1.3997
31   C                3.4302               1.2878              -1.3997
32   C                2.8202               2.3443              -1.3997
33   C                1.7898               3.2089              -1.3997
34   C                0.6433               3.6262              -1.3997
35   C               -0.7017               3.6262              -1.3997


Energy:                -1371.525650

----------------------------------------------------------------------
            Scanning combination 16/51: [4.50]

                             Coordinates                              
----------------------------------------------------------------------
0    C               -0.6100               3.6423               3.0000
1    C               -1.8740               3.1823               3.0000
2    C               -2.8085               2.3981               3.0000
3    C               -3.4811               1.2332               3.0000
4    C               -3.6929               0.0318               3.0000
5    C               -3.4594              -1.2929               3.0000
6    C               -2.8494              -2.3494               3.0000
7    C               -1.8190              -3.2140               3.0000
8    C               -0.6725              -3.6313               3.0000
9    C                0.6725              -3.6313               3.0000
10   C                1.8190              -3.2140               3.0000
11   C                2.8494              -2.3494               3.0000
12   C                3.4594              -1.2929               3.0000
13   C                3.6929               0.0318               3.0000
14   C                3.4811               1.2332               3.0000
15   C                2.8085               2.3981               3.0000
16   C                1.8740               3.1823               3.0000
17   C                0.6100               3.6423               3.0000
18   C               -1.8502               3.2085              -1.4997
19   C               -2.8806               2.3439              -1.4997
20   C               -3.4906               1.2874              -1.4997
21   C               -3.7241              -0.0373              -1.4997
22   C               -3.5123              -1.2387              -1.4997
23   C               -2.8397              -2.4036              -1.4997
24   C               -1.9052              -3.1878              -1.4997
25   C               -0.6412              -3.6478              -1.4997
26   C                0.5788              -3.6478              -1.4997
27   C                1.8428              -3.1878              -1.4997
28   C                2.7773              -2.4036              -1.4997
29   C                3.4499              -1.2387              -1.4997
30   C                3.6617              -0.0373              -1.4997
31   C                3.4282               1.2874              -1.4997
32   C                2.8182               2.3439              -1.4997
33   C                1.7878               3.2085              -1.4997
34   C                0.6413               3.6258              -1.4997
35   C               -0.7037               3.6258              -1.4997


Energy:                -1371.513462

----------------------------------------------------------------------
            Scanning combination 17/51: [4.60]

                             Coordinates                              
----------------------------------------------------------------------
0    C               -0.6100               3.6423               3.0000
1    C               -1.8740               3.1823               3.0000
2    C               -2.8085               2.3981               3.0000
3    C               -3.4811               1.2332               3.0000
4    C               -3.6929               0.0318               3.0000
5    C               -3.4594              -1.2929               3.0000
6    C               -2.8494              -2.3494               3.0000
7    C               -1.8190              -3.2140               3.0000
8    C               -0.6725              -3.6313               3.0000
9    C                0.6725              -3.6313               3.0000
10   C                1.8190              -3.2140               3.0000
11   C                2.8494              -2.3494               3.0000
12   C                3.4594              -1.2929               3.0000
13   C                3.6929               0.0318               3.0000
14   C                3.4811               1.2332               3.0000
15   C                2.8085               2.3981               3.0000
16   C                1.8740               3.1823               3.0000
17   C                0.6100               3.6423               3.0000
18   C               -1.8523               3.2081              -1.5996
19   C               -2.8827               2.3435              -1.5996
20   C               -3.4927               1.2870              -1.5996
21   C               -3.7262              -0.0377              -1.5996
22   C               -3.5144              -1.2391              -1.5996
23   C               -2.8418              -2.4040              -1.5996
24   C               -1.9073              -3.1882              -1.5996
25   C               -0.6433              -3.6482              -1.5996
26   C                0.5767              -3.6482              -1.5996
27   C                1.8407              -3.1882              -1.5996
28   C                2.7752              -2.4040              -1.5996
29   C                3.4478              -1.2391              -1.5996
30   C                3.6596              -0.0377              -1.5996
31   C                3.4261               1.2870              -1.5996
32   C                2.8161               2.3435              -1.5996
33   C                1.7857               3.2081              -1.5996
34   C                0.6392               3.6254              -1.5996
35   C               -0.7058               3.6254              -1.5996


Energy:                -1371.504134

----------------------------------------------------------------------
            Scanning combination 18/51: [4.70]

                             Coordinates                              
----------------------------------------------------------------------
0    C               -0.6100               3.6423               3.0000
1    C               -1.8740               3.1823               3.0000
2    C               -2.8085               2.3981               3.0000
3    C               -3.4811               1.2332               3.0000
4    C               -3.6929               0.0318               3.0000
5    C               -3.4594              -1.2929               3.0000
6    C               -2.8494              -2.3494               3.0000
7    C               -1.8190              -3.2140               3.0000
8    C               -0.6725              -3.6313               3.0000
9    C                0.6725              -3.6313               3.0000
10   C                1.8190              -3.2140               3.0000
11   C                2.8494              -2.3494               3.0000
12   C                3.4594              -1.2929               3.0000
13   C                3.6929               0.0318               3.0000
14   C                3.4811               1.2332               3.0000
15   C                2.8085               2.3981               3.0000
16   C                1.8740               3.1823               3.0000
17   C                0.6100               3.6423               3.0000
18   C               -1.8544               3.2078              -1.6996
19   C               -2.8848               2.3432              -1.6996
20   C               -3.4948               1.2867              -1.6996
21   C               -3.7283              -0.0380              -1.6996
22   C               -3.5165              -1.2394              -1.6996
23   C               -2.8439              -2.4043              -1.6996
24   C               -1.9094              -3.1885              -1.6996
25   C               -0.6454              -3.6485              -1.6996
26   C                0.5746              -3.6485              -1.6996
27   C                1.8386              -3.1885              -1.6996
28   C                2.7731              -2.4043              -1.6996
29   C                3.4457              -1.2394              -1.6996
30   C                3.6575              -0.0380              -1.6996
31   C                3.4240               1.2867              -1.6996
32   C                2.8140               2.3432              -1.6996
33   C                1.7836               3.2078              -1.6996
34   C                0.6371               3.6251              -1.6996
35   C               -0.7079               3.6251              -1.6996


Energy:                -1371.498797

----------------------------------------------------------------------
            Scanning combination 19/51: [4.80]

                             Coordinates                              
----------------------------------------------------------------------
0    C               -0.6100               3.6423               3.0000
1    C               -1.8740               3.1823               3.0000
2    C               -2.8085               2.3981               3.0000
3    C               -3.4811               1.2332               3.0000
4    C               -3.6929               0.0318               3.0000
5    C               -3.4594              -1.2929               3.0000
6    C               -2.8494              -2.3494               3.0000
7    C               -1.8190              -3.2140               3.0000
8    C               -0.6725              -3.6313               3.0000
9    C                0.6725              -3.6313               3.0000
10   C                1.8190              -3.2140               3.0000
11   C                2.8494              -2.3494               3.0000
12   C                3.4594              -1.2929               3.0000
13   C                3.6929               0.0318               3.0000
14   C                3.4811               1.2332               3.0000
15   C                2.8085               2.3981               3.0000
16   C                1.8740               3.1823               3.0000
17   C                0.6100               3.6423               3.0000
18   C               -1.8565               3.2074              -1.7996
19   C               -2.8869               2.3428              -1.7996
20   C               -3.4969               1.2863              -1.7996
21   C               -3.7304              -0.0384              -1.7996
22   C               -3.5186              -1.2398              -1.7996
23   C               -2.8460              -2.4047              -1.7996
24   C               -1.9115              -3.1889              -1.7996
25   C               -0.6475              -3.6489              -1.7996
26   C                0.5725              -3.6489              -1.7996
27   C                1.8365              -3.1889              -1.7996
28   C                2.7710              -2.4047              -1.7996
29   C                3.4436              -1.2398              -1.7996
30   C                3.6554              -0.0384              -1.7996
31   C                3.4219               1.2863              -1.7996
32   C                2.8119               2.3428              -1.7996
33   C                1.7815               3.2074              -1.7996
34   C                0.6350               3.6247              -1.7996
35   C               -0.7100               3.6247              -1.7996


Energy:                -1371.496443

----------------------------------------------------------------------
            Scanning combination 20/51: [4.90]

                             Coordinates                              
----------------------------------------------------------------------
0    C               -0.6100               3.6423               3.0000
1    C               -1.8740               3.1823               3.0000
2    C               -2.8085               2.3981               3.0000
3    C               -3.4811               1.2332               3.0000
4    C               -3.6929               0.0318               3.0000
5    C               -3.4594              -1.2929               3.0000
6    C               -2.8494              -2.3494               3.0000
7    C               -1.8190              -3.2140               3.0000
8    C               -0.6725              -3.6313               3.0000
9    C                0.6725              -3.6313               3.0000
10   C                1.8190              -3.2140               3.0000
11   C                2.8494              -2.3494               3.0000
12   C                3.4594              -1.2929               3.0000
13   C                3.6929               0.0318               3.0000
14   C                3.4811               1.2332               3.0000
15   C                2.8085               2.3981               3.0000
16   C                1.8740               3.1823               3.0000
17   C                0.6100               3.6423               3.0000
18   C               -1.8586               3.2070              -1.8996
19   C               -2.8890               2.3424              -1.8996
20   C               -3.4990               1.2859              -1.8996
21   C               -3.7325              -0.0388              -1.8996
22   C               -3.5207              -1.2402              -1.8996
23   C               -2.8481              -2.4051              -1.8996
24   C               -1.9136              -3.1893              -1.8996
25   C               -0.6496              -3.6493              -1.8996
26   C                0.5704              -3.6493              -1.8996
27   C                1.8344              -3.1893              -1.8996
28   C                2.7689              -2.4051              -1.8996
29   C                3.4415              -1.2402              -1.8996
30   C                3.6533              -0.0388              -1.8996
31   C                3.4198               1.2859              -1.8996
32   C                2.8098               2.3424              -1.8996
33   C                1.7794               3.2070              -1.8996
34   C                0.6329               3.6243              -1.8996
35   C               -0.7121               3.6243              -1.8996


Energy:                -1371.494135

----------------------------------------------------------------------
            Scanning combination 21/51: [5.00]

                             Coordinates                              
----------------------------------------------------------------------
0    C               -0.6100               3.6423               3.0000
1    C               -1.8740               3.1823               3.0000
2    C               -2.8085               2.3981               3.0000
3    C               -3.4811               1.2332               3.0000
4    C               -3.6929               0.0318               3.0000
5    C               -3.4594              -1.2929               3.0000
6    C               -2.8494              -2.3494               3.0000
7    C               -1.8190              -3.2140               3.0000
8    C               -0.6725              -3.6313               3.0000
9    C                0.6725              -3.6313               3.0000
10   C                1.8190              -3.2140               3.0000
11   C                2.8494              -2.3494               3.0000
12   C                3.4594              -1.2929               3.0000
13   C                3.6929               0.0318               3.0000
14   C                3.4811               1.2332               3.0000
15   C                2.8085               2.3981               3.0000
16   C                1.8740               3.1823               3.0000
17   C                0.6100               3.6423               3.0000
18   C               -1.8607               3.2067              -1.9996
19   C               -2.8911               2.3421              -1.9996
20   C               -3.5011               1.2856              -1.9996
21   C               -3.7346              -0.0391              -1.9996
22   C               -3.5228              -1.2405              -1.9996
23   C               -2.8502              -2.4054              -1.9996
24   C               -1.9157              -3.1896              -1.9996
25   C               -0.6517              -3.6496              -1.9996
26   C                0.5683              -3.6496              -1.9996
27   C                1.8323              -3.1896              -1.9996
28   C                2.7668              -2.4054              -1.9996
29   C                3.4394              -1.2405              -1.9996
30   C                3.6512              -0.0391              -1.9996
31   C                3.4177               1.2856              -1.9996
32   C                2.8077               2.3421              -1.9996
33   C                1.7773               3.2067              -1.9996
34   C                0.6308               3.6240              -1.9996
35   C               -0.7142               3.6240              -1.9996


Energy:                -1371.493515

----------------------------------------------------------------------
            Scanning combination 22/51: [5.10]

                             Coordinates                              
----------------------------------------------------------------------
0    C               -0.6100               3.6423               3.0000
1    C               -1.8740               3.1823               3.0000
2    C               -2.8085               2.3981               3.0000
3    C               -3.4811               1.2332               3.0000
4    C               -3.6929               0.0318               3.0000
5    C               -3.4594              -1.2929               3.0000
6    C               -2.8494              -2.3494               3.0000
7    C               -1.8190              -3.2140               3.0000
8    C               -0.6725              -3.6313               3.0000
9    C                0.6725              -3.6313               3.0000
10   C                1.8190              -3.2140               3.0000
11   C                2.8494              -2.3494               3.0000
12   C                3.4594              -1.2929               3.0000
13   C                3.6929               0.0318               3.0000
14   C                3.4811               1.2332               3.0000
15   C                2.8085               2.3981               3.0000
16   C                1.8740               3.1823               3.0000
17   C                0.6100               3.6423               3.0000
18   C               -1.8627               3.2063              -2.0995
19   C               -2.8931               2.3417              -2.0995
20   C               -3.5031               1.2852              -2.0995
21   C               -3.7366              -0.0395              -2.0995
22   C               -3.5248              -1.2409              -2.0995
23   C               -2.8522              -2.4058              -2.0995
24   C               -1.9177              -3.1900              -2.0995
25   C               -0.6537              -3.6500              -2.0995
26   C                0.5663              -3.6500              -2.0995
27   C                1.8303              -3.1900              -2.0995
28   C                2.7648              -2.4058              -2.0995
29   C                3.4374              -1.2409              -2.0995
30   C                3.6492              -0.0395              -2.0995
31   C                3.4157               1.2852              -2.0995
32   C                2.8057               2.3417              -2.0995
33   C                1.7753               3.2063              -2.0995
34   C                0.6288               3.6236              -2.0995
35   C               -0.7162               3.6236              -2.0995


Energy:                -1371.493168

----------------------------------------------------------------------
            Scanning combination 23/51: [5.20]

                             Coordinates                              
----------------------------------------------------------------------
0    C               -0.6100               3.6423               3.0000
1    C               -1.8740               3.1823               3.0000
2    C               -2.8085               2.3981               3.0000
3    C               -3.4811               1.2332               3.0000
4    C               -3.6929               0.0318               3.0000
5    C               -3.4594              -1.2929               3.0000
6    C               -2.8494              -2.3494               3.0000
7    C               -1.8190              -3.2140               3.0000
8    C               -0.6725              -3.6313               3.0000
9    C                0.6725              -3.6313               3.0000
10   C                1.8190              -3.2140               3.0000
11   C                2.8494              -2.3494               3.0000
12   C                3.4594              -1.2929               3.0000
13   C                3.6929               0.0318               3.0000
14   C                3.4811               1.2332               3.0000
15   C                2.8085               2.3981               3.0000
16   C                1.8740               3.1823               3.0000
17   C                0.6100               3.6423               3.0000
18   C               -1.8648               3.2059              -2.1995
19   C               -2.8952               2.3413              -2.1995
20   C               -3.5052               1.2848              -2.1995
21   C               -3.7387              -0.0399              -2.1995
22   C               -3.5269              -1.2413              -2.1995
23   C               -2.8543              -2.4062              -2.1995
24   C               -1.9198              -3.1904              -2.1995
25   C               -0.6558              -3.6504              -2.1995
26   C                0.5642              -3.6504              -2.1995
27   C                1.8282              -3.1904              -2.1995
28   C                2.7627              -2.4062              -2.1995
29   C                3.4353              -1.2413              -2.1995
30   C                3.6471              -0.0399              -2.1995
31   C                3.4136               1.2848              -2.1995
32   C                2.8036               2.3413              -2.1995
33   C                1.7732               3.2059              -2.1995
34   C                0.6267               3.6232              -2.1995
35   C               -0.7183               3.6232              -2.1995


Energy:                -1371.493168

----------------------------------------------------------------------
            Scanning combination 24/51: [5.30]

                             Coordinates                              
----------------------------------------------------------------------
0    C               -0.6100               3.6423               3.0000
1    C               -1.8740               3.1823               3.0000
2    C               -2.8085               2.3981               3.0000
3    C               -3.4811               1.2332               3.0000
4    C               -3.6929               0.0318               3.0000
5    C               -3.4594              -1.2929               3.0000
6    C               -2.8494              -2.3494               3.0000
7    C               -1.8190              -3.2140               3.0000
8    C               -0.6725              -3.6313               3.0000
9    C                0.6725              -3.6313               3.0000
10   C                1.8190              -3.2140               3.0000
11   C                2.8494              -2.3494               3.0000
12   C                3.4594              -1.2929               3.0000
13   C                3.6929               0.0318               3.0000
14   C                3.4811               1.2332               3.0000
15   C                2.8085               2.3981               3.0000
16   C                1.8740               3.1823               3.0000
17   C                0.6100               3.6423               3.0000
18   C               -1.8669               3.2056              -2.2995
19   C               -2.8973               2.3410              -2.2995
20   C               -3.5073               1.2845              -2.2995
21   C               -3.7408              -0.0402              -2.2995
22   C               -3.5290              -1.2416              -2.2995
23   C               -2.8564              -2.4065              -2.2995
24   C               -1.9219              -3.1907              -2.2995
25   C               -0.6579              -3.6507              -2.2995
26   C                0.5621              -3.6507              -2.2995
27   C                1.8261              -3.1907              -2.2995
28   C                2.7606              -2.4065              -2.2995
29   C                3.4332              -1.2416              -2.2995
30   C                3.6450              -0.0402              -2.2995
31   C                3.4115               1.2845              -2.2995
32   C                2.8015               2.3410              -2.2995
33   C                1.7711               3.2056              -2.2995
34   C                0.6246               3.6229              -2.2995
35   C               -0.7204               3.6229              -2.2995


Energy:                -1371.493168

----------------------------------------------------------------------
            Scanning combination 25/51: [5.40]

                             Coordinates                              
----------------------------------------------------------------------
0    C               -0.6100               3.6423               3.0000
1    C               -1.8740               3.1823               3.0000
2    C               -2.8085               2.3981               3.0000
3    C               -3.4811               1.2332               3.0000
4    C               -3.6929               0.0318               3.0000
5    C               -3.4594              -1.2929               3.0000
6    C               -2.8494              -2.3494               3.0000
7    C               -1.8190              -3.2140               3.0000
8    C               -0.6725              -3.6313               3.0000
9    C                0.6725              -3.6313               3.0000
10   C                1.8190              -3.2140               3.0000
11   C                2.8494              -2.3494               3.0000
12   C                3.4594              -1.2929               3.0000
13   C                3.6929               0.0318               3.0000
14   C                3.4811               1.2332               3.0000
15   C                2.8085               2.3981               3.0000
16   C                1.8740               3.1823               3.0000
17   C                0.6100               3.6423               3.0000
18   C               -1.8690               3.2052              -2.3995
19   C               -2.8994               2.3406              -2.3995
20   C               -3.5094               1.2841              -2.3995
21   C               -3.7429              -0.0406              -2.3995
22   C               -3.5311              -1.2420              -2.3995
23   C               -2.8585              -2.4069              -2.3995
24   C               -1.9240              -3.1911              -2.3995
25   C               -0.6600              -3.6511              -2.3995
26   C                0.5600              -3.6511              -2.3995
27   C                1.8240              -3.1911              -2.3995
28   C                2.7585              -2.4069              -2.3995
29   C                3.4311              -1.2420              -2.3995
30   C                3.6429              -0.0406              -2.3995
31   C                3.4094               1.2841              -2.3995
32   C                2.7994               2.3406              -2.3995
33   C                1.7690               3.2052              -2.3995
34   C                0.6225               3.6225              -2.3995
35   C               -0.7225               3.6225              -2.3995


Energy:                -1371.493168

----------------------------------------------------------------------
            Scanning combination 26/51: [5.50]

                             Coordinates                              
----------------------------------------------------------------------
0    C               -0.6100               3.6423               3.0000
1    C               -1.8740               3.1823               3.0000
2    C               -2.8085               2.3981               3.0000
3    C               -3.4811               1.2332               3.0000
4    C               -3.6929               0.0318               3.0000
5    C               -3.4594              -1.2929               3.0000
6    C               -2.8494              -2.3494               3.0000
7    C               -1.8190              -3.2140               3.0000
8    C               -0.6725              -3.6313               3.0000
9    C                0.6725              -3.6313               3.0000
10   C                1.8190              -3.2140               3.0000
11   C                2.8494              -2.3494               3.0000
12   C                3.4594              -1.2929               3.0000
13   C                3.6929               0.0318               3.0000
14   C                3.4811               1.2332               3.0000
15   C                2.8085               2.3981               3.0000
16   C                1.8740               3.1823               3.0000
17   C                0.6100               3.6423               3.0000
18   C               -1.8711               3.2048              -2.4994
19   C               -2.9015               2.3402              -2.4994
20   C               -3.5115               1.2837              -2.4994
21   C               -3.7450              -0.0410              -2.4994
22   C               -3.5332              -1.2424              -2.4994
23   C               -2.8606              -2.4073              -2.4994
24   C               -1.9261              -3.1915              -2.4994
25   C               -0.6621              -3.6515              -2.4994
26   C                0.5579              -3.6515              -2.4994
27   C                1.8219              -3.1915              -2.4994
28   C                2.7564              -2.4073              -2.4994
29   C                3.4290              -1.2424              -2.4994
30   C                3.6408              -0.0410              -2.4994
31   C                3.4073               1.2837              -2.4994
32   C                2.7973               2.3402              -2.4994
33   C                1.7669               3.2048              -2.4994
34   C                0.6204               3.6221              -2.4994
35   C               -0.7246               3.6221              -2.4994


Energy:                -1371.493168

----------------------------------------------------------------------
            Scanning combination 27/51: [5.60]

                             Coordinates                              
----------------------------------------------------------------------
0    C               -0.6100               3.6423               3.0000
1    C               -1.8740               3.1823               3.0000
2    C               -2.8085               2.3981               3.0000
3    C               -3.4811               1.2332               3.0000
4    C               -3.6929               0.0318               3.0000
5    C               -3.4594              -1.2929               3.0000
6    C               -2.8494              -2.3494               3.0000
7    C               -1.8190              -3.2140               3.0000
8    C               -0.6725              -3.6313               3.0000
9    C                0.6725              -3.6313               3.0000
10   C                1.8190              -3.2140               3.0000
11   C                2.8494              -2.3494               3.0000
12   C                3.4594              -1.2929               3.0000
13   C                3.6929               0.0318               3.0000
14   C                3.4811               1.2332               3.0000
15   C                2.8085               2.3981               3.0000
16   C                1.8740               3.1823               3.0000
17   C                0.6100               3.6423               3.0000
18   C               -1.8732               3.2045              -2.5994
19   C               -2.9036               2.3399              -2.5994
20   C               -3.5136               1.2834              -2.5994
21   C               -3.7471              -0.0413              -2.5994
22   C               -3.5353              -1.2427              -2.5994
23   C               -2.8627              -2.4076              -2.5994
24   C               -1.9282              -3.1918              -2.5994
25   C               -0.6642              -3.6518              -2.5994
26   C                0.5558              -3.6518              -2.5994
27   C                1.8198              -3.1918              -2.5994
28   C                2.7543              -2.4076              -2.5994
29   C                3.4269              -1.2427              -2.5994
30   C                3.6387              -0.0413              -2.5994
31   C                3.4052               1.2834              -2.5994
32   C                2.7952               2.3399              -2.5994
33   C                1.7648               3.2045              -2.5994
34   C                0.6183               3.6218              -2.5994
35   C               -0.7267               3.6218              -2.5994


Energy:                -1371.493168

----------------------------------------------------------------------
            Scanning combination 28/51: [5.70]

                             Coordinates                              
----------------------------------------------------------------------
0    C               -0.6100               3.6423               3.0000
1    C               -1.8740               3.1823               3.0000
2    C               -2.8085               2.3981               3.0000
3    C               -3.4811               1.2332               3.0000
4    C               -3.6929               0.0318               3.0000
5    C               -3.4594              -1.2929               3.0000
6    C               -2.8494              -2.3494               3.0000
7    C               -1.8190              -3.2140               3.0000
8    C               -0.6725              -3.6313               3.0000
9    C                0.6725              -3.6313               3.0000
10   C                1.8190              -3.2140               3.0000
11   C                2.8494              -2.3494               3.0000
12   C                3.4594              -1.2929               3.0000
13   C                3.6929               0.0318               3.0000
14   C                3.4811               1.2332               3.0000
15   C                2.8085               2.3981               3.0000
16   C                1.8740               3.1823               3.0000
17   C                0.6100               3.6423               3.0000
18   C               -1.8752               3.2041              -2.6994
19   C               -2.9056               2.3395              -2.6994
20   C               -3.5156               1.2830              -2.6994
21   C               -3.7491              -0.0417              -2.6994
22   C               -3.5373              -1.2431              -2.6994
23   C               -2.8647              -2.4080              -2.6994
24   C               -1.9302              -3.1922              -2.6994
25   C               -0.6662              -3.6522              -2.6994
26   C                0.5538              -3.6522              -2.6994
27   C                1.8178              -3.1922              -2.6994
28   C                2.7523              -2.4080              -2.6994
29   C                3.4249              -1.2431              -2.6994
30   C                3.6367              -0.0417              -2.6994
31   C                3.4032               1.2830              -2.6994
32   C                2.7932               2.3395              -2.6994
33   C                1.7628               3.2041              -2.6994
34   C                0.6163               3.6214              -2.6994
35   C               -0.7287               3.6214              -2.6994


Energy:                -1371.493168

----------------------------------------------------------------------
            Scanning combination 29/51: [5.80]

                             Coordinates                              
----------------------------------------------------------------------
0    C               -0.6100               3.6423               3.0000
1    C               -1.8740               3.1823               3.0000
2    C               -2.8085               2.3981               3.0000
3    C               -3.4811               1.2332               3.0000
4    C               -3.6929               0.0318               3.0000
5    C               -3.4594              -1.2929               3.0000
6    C               -2.8494              -2.3494               3.0000
7    C               -1.8190              -3.2140               3.0000
8    C               -0.6725              -3.6313               3.0000
9    C                0.6725              -3.6313               3.0000
10   C                1.8190              -3.2140               3.0000
11   C                2.8494              -2.3494               3.0000
12   C                3.4594              -1.2929               3.0000
13   C                3.6929               0.0318               3.0000
14   C                3.4811               1.2332               3.0000
15   C                2.8085               2.3981               3.0000
16   C                1.8740               3.1823               3.0000
17   C                0.6100               3.6423               3.0000
18   C               -1.8773               3.2037              -2.7994
19   C               -2.9077               2.3391              -2.7994
20   C               -3.5177               1.2826              -2.7994
21   C               -3.7512              -0.0421              -2.7994
22   C               -3.5394              -1.2435              -2.7994
23   C               -2.8668              -2.4084              -2.7994
24   C               -1.9323              -3.1926              -2.7994
25   C               -0.6683              -3.6526              -2.7994
26   C                0.5517              -3.6526              -2.7994
27   C                1.8157              -3.1926              -2.7994
28   C                2.7502              -2.4084              -2.7994
29   C                3.4228              -1.2435              -2.7994
30   C                3.6346              -0.0421              -2.7994
31   C                3.4011               1.2826              -2.7994
32   C                2.7911               2.3391              -2.7994
33   C                1.7607               3.2037              -2.7994
34   C                0.6142               3.6210              -2.7994
35   C               -0.7308               3.6210              -2.7994


Energy:                -1371.493168

----------------------------------------------------------------------
            Scanning combination 30/51: [5.90]

                             Coordinates                              
----------------------------------------------------------------------
0    C               -0.6100               3.6423               3.0000
1    C               -1.8740               3.1823               3.0000
2    C               -2.8085               2.3981               3.0000
3    C               -3.4811               1.2332               3.0000
4    C               -3.6929               0.0318               3.0000
5    C               -3.4594              -1.2929               3.0000
6    C               -2.8494              -2.3494               3.0000
7    C               -1.8190              -3.2140               3.0000
8    C               -0.6725              -3.6313               3.0000
9    C                0.6725              -3.6313               3.0000
10   C                1.8190              -3.2140               3.0000
11   C                2.8494              -2.3494               3.0000
12   C                3.4594              -1.2929               3.0000
13   C                3.6929               0.0318               3.0000
14   C                3.4811               1.2332               3.0000
15   C                2.8085               2.3981               3.0000
16   C                1.8740               3.1823               3.0000
17   C                0.6100               3.6423               3.0000
18   C               -1.8794               3.2034              -2.8994
19   C               -2.9098               2.3388              -2.8994
20   C               -3.5198               1.2823              -2.8994
21   C               -3.7533              -0.0424              -2.8994
22   C               -3.5415              -1.2438              -2.8994
23   C               -2.8689              -2.4087              -2.8994
24   C               -1.9344              -3.1929              -2.8994
25   C               -0.6704              -3.6529              -2.8994
26   C                0.5496              -3.6529              -2.8994
27   C                1.8136              -3.1929              -2.8994
28   C                2.7481              -2.4087              -2.8994
29   C                3.4207              -1.2438              -2.8994
30   C                3.6325              -0.0424              -2.8994
31   C                3.3990               1.2823              -2.8994
32   C                2.7890               2.3388              -2.8994
33   C                1.7586               3.2034              -2.8994
34   C                0.6121               3.6207              -2.8994
35   C               -0.7329               3.6207              -2.8994


Energy:                -1371.493168

----------------------------------------------------------------------
            Scanning combination 31/51: [6.00]

                             Coordinates                              
----------------------------------------------------------------------
0    C               -0.6100               3.6423               3.0000
1    C               -1.8740               3.1823               3.0000
2    C               -2.8085               2.3981               3.0000
3    C               -3.4811               1.2332               3.0000
4    C               -3.6929               0.0318               3.0000
5    C               -3.4594              -1.2929               3.0000
6    C               -2.8494              -2.3494               3.0000
7    C               -1.8190              -3.2140               3.0000
8    C               -0.6725              -3.6313               3.0000
9    C                0.6725              -3.6313               3.0000
10   C                1.8190              -3.2140               3.0000
11   C                2.8494              -2.3494               3.0000
12   C                3.4594              -1.2929               3.0000
13   C                3.6929               0.0318               3.0000
14   C                3.4811               1.2332               3.0000
15   C                2.8085               2.3981               3.0000
16   C                1.8740               3.1823               3.0000
17   C                0.6100               3.6423               3.0000
18   C               -1.8815               3.2030              -2.9993
19   C               -2.9119               2.3384              -2.9993
20   C               -3.5219               1.2819              -2.9993
21   C               -3.7554              -0.0428              -2.9993
22   C               -3.5436              -1.2442              -2.9993
23   C               -2.8710              -2.4091              -2.9993
24   C               -1.9365              -3.1933              -2.9993
25   C               -0.6725              -3.6533              -2.9993
26   C                0.5475              -3.6533              -2.9993
27   C                1.8115              -3.1933              -2.9993
28   C                2.7460              -2.4091              -2.9993
29   C                3.4186              -1.2442              -2.9993
30   C                3.6304              -0.0428              -2.9993
31   C                3.3969               1.2819              -2.9993
32   C                2.7869               2.3384              -2.9993
33   C                1.7565               3.2030              -2.9993
34   C                0.6100               3.6203              -2.9993
35   C               -0.7350               3.6203              -2.9993


Energy:                -1371.493168

----------------------------------------------------------------------
            Scanning combination 32/51: [6.10]

                             Coordinates                              
----------------------------------------------------------------------
0    C               -0.6100               3.6423               3.0000
1    C               -1.8740               3.1823               3.0000
2    C               -2.8085               2.3981               3.0000
3    C               -3.4811               1.2332               3.0000
4    C               -3.6929               0.0318               3.0000
5    C               -3.4594              -1.2929               3.0000
6    C               -2.8494              -2.3494               3.0000
7    C               -1.8190              -3.2140               3.0000
8    C               -0.6725              -3.6313               3.0000
9    C                0.6725              -3.6313               3.0000
10   C                1.8190              -3.2140               3.0000
11   C                2.8494              -2.3494               3.0000
12   C                3.4594              -1.2929               3.0000
13   C                3.6929               0.0318               3.0000
14   C                3.4811               1.2332               3.0000
15   C                2.8085               2.3981               3.0000
16   C                1.8740               3.1823               3.0000
17   C                0.6100               3.6423               3.0000
18   C               -1.8836               3.2026              -3.0993
19   C               -2.9140               2.3380              -3.0993
20   C               -3.5240               1.2815              -3.0993
21   C               -3.7575              -0.0432              -3.0993
22   C               -3.5457              -1.2446              -3.0993
23   C               -2.8731              -2.4095              -3.0993
24   C               -1.9386              -3.1937              -3.0993
25   C               -0.6746              -3.6537              -3.0993
26   C                0.5454              -3.6537              -3.0993
27   C                1.8094              -3.1937              -3.0993
28   C                2.7439              -2.4095              -3.0993
29   C                3.4165              -1.2446              -3.0993
30   C                3.6283              -0.0432              -3.0993
31   C                3.3948               1.2815              -3.0993
32   C                2.7848               2.3380              -3.0993
33   C                1.7544               3.2026              -3.0993
34   C                0.6079               3.6199              -3.0993
35   C               -0.7371               3.6199              -3.0993


Energy:                -1371.493168

----------------------------------------------------------------------
            Scanning combination 33/51: [6.20]

                             Coordinates                              
----------------------------------------------------------------------
0    C               -0.6100               3.6423               3.0000
1    C               -1.8740               3.1823               3.0000
2    C               -2.8085               2.3981               3.0000
3    C               -3.4811               1.2332               3.0000
4    C               -3.6929               0.0318               3.0000
5    C               -3.4594              -1.2929               3.0000
6    C               -2.8494              -2.3494               3.0000
7    C               -1.8190              -3.2140               3.0000
8    C               -0.6725              -3.6313               3.0000
9    C                0.6725              -3.6313               3.0000
10   C                1.8190              -3.2140               3.0000
11   C                2.8494              -2.3494               3.0000
12   C                3.4594              -1.2929               3.0000
13   C                3.6929               0.0318               3.0000
14   C                3.4811               1.2332               3.0000
15   C                2.8085               2.3981               3.0000
16   C                1.8740               3.1823               3.0000
17   C                0.6100               3.6423               3.0000
18   C               -1.8857               3.2023              -3.1993
19   C               -2.9161               2.3377              -3.1993
20   C               -3.5261               1.2812              -3.1993
21   C               -3.7596              -0.0435              -3.1993
22   C               -3.5478              -1.2449              -3.1993
23   C               -2.8752              -2.4098              -3.1993
24   C               -1.9407              -3.1940              -3.1993
25   C               -0.6767              -3.6540              -3.1993
26   C                0.5433              -3.6540              -3.1993
27   C                1.8073              -3.1940              -3.1993
28   C                2.7418              -2.4098              -3.1993
29   C                3.4144              -1.2449              -3.1993
30   C                3.6262              -0.0435              -3.1993
31   C                3.3927               1.2812              -3.1993
32   C                2.7827               2.3377              -3.1993
33   C                1.7523               3.2023              -3.1993
34   C                0.6058               3.6196              -3.1993
35   C               -0.7392               3.6196              -3.1993


Energy:                -1371.493168

----------------------------------------------------------------------
            Scanning combination 34/51: [6.30]

                             Coordinates                              
----------------------------------------------------------------------
0    C               -0.6100               3.6423               3.0000
1    C               -1.8740               3.1823               3.0000
2    C               -2.8085               2.3981               3.0000
3    C               -3.4811               1.2332               3.0000
4    C               -3.6929               0.0318               3.0000
5    C               -3.4594              -1.2929               3.0000
6    C               -2.8494              -2.3494               3.0000
7    C               -1.8190              -3.2140               3.0000
8    C               -0.6725              -3.6313               3.0000
9    C                0.6725              -3.6313               3.0000
10   C                1.8190              -3.2140               3.0000
11   C                2.8494              -2.3494               3.0000
12   C                3.4594              -1.2929               3.0000
13   C                3.6929               0.0318               3.0000
14   C                3.4811               1.2332               3.0000
15   C                2.8085               2.3981               3.0000
16   C                1.8740               3.1823               3.0000
17   C                0.6100               3.6423               3.0000
18   C               -1.8877               3.2019              -3.2993
19   C               -2.9181               2.3373              -3.2993
20   C               -3.5281               1.2808              -3.2993
21   C               -3.7616              -0.0439              -3.2993
22   C               -3.5498              -1.2453              -3.2993
23   C               -2.8772              -2.4102              -3.2993
24   C               -1.9427              -3.1944              -3.2993
25   C               -0.6787              -3.6544              -3.2993
26   C                0.5413              -3.6544              -3.2993
27   C                1.8053              -3.1944              -3.2993
28   C                2.7398              -2.4102              -3.2993
29   C                3.4124              -1.2453              -3.2993
30   C                3.6242              -0.0439              -3.2993
31   C                3.3907               1.2808              -3.2993
32   C                2.7807               2.3373              -3.2993
33   C                1.7503               3.2019              -3.2993
34   C                0.6038               3.6192              -3.2993
35   C               -0.7412               3.6192              -3.2993


Energy:                -1371.493168

----------------------------------------------------------------------
            Scanning combination 35/51: [6.40]

                             Coordinates                              
----------------------------------------------------------------------
0    C               -0.6100               3.6423               3.0000
1    C               -1.8740               3.1823               3.0000
2    C               -2.8085               2.3981               3.0000
3    C               -3.4811               1.2332               3.0000
4    C               -3.6929               0.0318               3.0000
5    C               -3.4594              -1.2929               3.0000
6    C               -2.8494              -2.3494               3.0000
7    C               -1.8190              -3.2140               3.0000
8    C               -0.6725              -3.6313               3.0000
9    C                0.6725              -3.6313               3.0000
10   C                1.8190              -3.2140               3.0000
11   C                2.8494              -2.3494               3.0000
12   C                3.4594              -1.2929               3.0000
13   C                3.6929               0.0318               3.0000
14   C                3.4811               1.2332               3.0000
15   C                2.8085               2.3981               3.0000
16   C                1.8740               3.1823               3.0000
17   C                0.6100               3.6423               3.0000
18   C               -1.8898               3.2015              -3.3992
19   C               -2.9202               2.3369              -3.3992
20   C               -3.5302               1.2804              -3.3992
21   C               -3.7637              -0.0443              -3.3992
22   C               -3.5519              -1.2457              -3.3992
23   C               -2.8793              -2.4106              -3.3992
24   C               -1.9448              -3.1948              -3.3992
25   C               -0.6808              -3.6548              -3.3992
26   C                0.5392              -3.6548              -3.3992
27   C                1.8032              -3.1948              -3.3992
28   C                2.7377              -2.4106              -3.3992
29   C                3.4103              -1.2457              -3.3992
30   C                3.6221              -0.0443              -3.3992
31   C                3.3886               1.2804              -3.3992
32   C                2.7786               2.3369              -3.3992
33   C                1.7482               3.2015              -3.3992
34   C                0.6017               3.6188              -3.3992
35   C               -0.7433               3.6188              -3.3992


Energy:                -1371.493168

----------------------------------------------------------------------
            Scanning combination 36/51: [6.50]

                             Coordinates                              
----------------------------------------------------------------------
0    C               -0.6100               3.6423               3.0000
1    C               -1.8740               3.1823               3.0000
2    C               -2.8085               2.3981               3.0000
3    C               -3.4811               1.2332               3.0000
4    C               -3.6929               0.0318               3.0000
5    C               -3.4594              -1.2929               3.0000
6    C               -2.8494              -2.3494               3.0000
7    C               -1.8190              -3.2140               3.0000
8    C               -0.6725              -3.6313               3.0000
9    C                0.6725              -3.6313               3.0000
10   C                1.8190              -3.2140               3.0000
11   C                2.8494              -2.3494               3.0000
12   C                3.4594              -1.2929               3.0000
13   C                3.6929               0.0318               3.0000
14   C                3.4811               1.2332               3.0000
15   C                2.8085               2.3981               3.0000
16   C                1.8740               3.1823               3.0000
17   C                0.6100               3.6423               3.0000
18   C               -1.8919               3.2012              -3.4992
19   C               -2.9223               2.3366              -3.4992
20   C               -3.5323               1.2801              -3.4992
21   C               -3.7658              -0.0446              -3.4992
22   C               -3.5540              -1.2460              -3.4992
23   C               -2.8814              -2.4109              -3.4992
24   C               -1.9469              -3.1951              -3.4992
25   C               -0.6829              -3.6551              -3.4992
26   C                0.5371              -3.6551              -3.4992
27   C                1.8011              -3.1951              -3.4992
28   C                2.7356              -2.4109              -3.4992
29   C                3.4082              -1.2460              -3.4992
30   C                3.6200              -0.0446              -3.4992
31   C                3.3865               1.2801              -3.4992
32   C                2.7765               2.3366              -3.4992
33   C                1.7461               3.2012              -3.4992
34   C                0.5996               3.6185              -3.4992
35   C               -0.7454               3.6185              -3.4992


Energy:                -1371.493168

----------------------------------------------------------------------
            Scanning combination 37/51: [6.60]

                             Coordinates                              
----------------------------------------------------------------------
0    C               -0.6100               3.6423               3.0000
1    C               -1.8740               3.1823               3.0000
2    C               -2.8085               2.3981               3.0000
3    C               -3.4811               1.2332               3.0000
4    C               -3.6929               0.0318               3.0000
5    C               -3.4594              -1.2929               3.0000
6    C               -2.8494              -2.3494               3.0000
7    C               -1.8190              -3.2140               3.0000
8    C               -0.6725              -3.6313               3.0000
9    C                0.6725              -3.6313               3.0000
10   C                1.8190              -3.2140               3.0000
11   C                2.8494              -2.3494               3.0000
12   C                3.4594              -1.2929               3.0000
13   C                3.6929               0.0318               3.0000
14   C                3.4811               1.2332               3.0000
15   C                2.8085               2.3981               3.0000
16   C                1.8740               3.1823               3.0000
17   C                0.6100               3.6423               3.0000
18   C               -1.8940               3.2008              -3.5992
19   C               -2.9244               2.3362              -3.5992
20   C               -3.5344               1.2797              -3.5992
21   C               -3.7679              -0.0450              -3.5992
22   C               -3.5561              -1.2464              -3.5992
23   C               -2.8835              -2.4113              -3.5992
24   C               -1.9490              -3.1955              -3.5992
25   C               -0.6850              -3.6555              -3.5992
26   C                0.5350              -3.6555              -3.5992
27   C                1.7990              -3.1955              -3.5992
28   C                2.7335              -2.4113              -3.5992
29   C                3.4061              -1.2464              -3.5992
30   C                3.6179              -0.0450              -3.5992
31   C                3.3844               1.2797              -3.5992
32   C                2.7744               2.3362              -3.5992
33   C                1.7440               3.2008              -3.5992
34   C                0.5975               3.6181              -3.5992
35   C               -0.7475               3.6181              -3.5992


Energy:                -1371.493168

----------------------------------------------------------------------
            Scanning combination 38/51: [6.70]

                             Coordinates                              
----------------------------------------------------------------------
0    C               -0.6100               3.6423               3.0000
1    C               -1.8740               3.1823               3.0000
2    C               -2.8085               2.3981               3.0000
3    C               -3.4811               1.2332               3.0000
4    C               -3.6929               0.0318               3.0000
5    C               -3.4594              -1.2929               3.0000
6    C               -2.8494              -2.3494               3.0000
7    C               -1.8190              -3.2140               3.0000
8    C               -0.6725              -3.6313               3.0000
9    C                0.6725              -3.6313               3.0000
10   C                1.8190              -3.2140               3.0000
11   C                2.8494              -2.3494               3.0000
12   C                3.4594              -1.2929               3.0000
13   C                3.6929               0.0318               3.0000
14   C                3.4811               1.2332               3.0000
15   C                2.8085               2.3981               3.0000
16   C                1.8740               3.1823               3.0000
17   C                0.6100               3.6423               3.0000
18   C               -1.8961               3.2004              -3.6992
19   C               -2.9265               2.3358              -3.6992
20   C               -3.5365               1.2793              -3.6992
21   C               -3.7700              -0.0454              -3.6992
22   C               -3.5582              -1.2468              -3.6992
23   C               -2.8856              -2.4117              -3.6992
24   C               -1.9511              -3.1959              -3.6992
25   C               -0.6871              -3.6559              -3.6992
26   C                0.5329              -3.6559              -3.6992
27   C                1.7969              -3.1959              -3.6992
28   C                2.7314              -2.4117              -3.6992
29   C                3.4040              -1.2468              -3.6992
30   C                3.6158              -0.0454              -3.6992
31   C                3.3823               1.2793              -3.6992
32   C                2.7723               2.3358              -3.6992
33   C                1.7419               3.2004              -3.6992
34   C                0.5954               3.6177              -3.6992
35   C               -0.7496               3.6177              -3.6992


Energy:                -1371.493168

----------------------------------------------------------------------
            Scanning combination 39/51: [6.80]

                             Coordinates                              
----------------------------------------------------------------------
0    C               -0.6100               3.6423               3.0000
1    C               -1.8740               3.1823               3.0000
2    C               -2.8085               2.3981               3.0000
3    C               -3.4811               1.2332               3.0000
4    C               -3.6929               0.0318               3.0000
5    C               -3.4594              -1.2929               3.0000
6    C               -2.8494              -2.3494               3.0000
7    C               -1.8190              -3.2140               3.0000
8    C               -0.6725              -3.6313               3.0000
9    C                0.6725              -3.6313               3.0000
10   C                1.8190              -3.2140               3.0000
11   C                2.8494              -2.3494               3.0000
12   C                3.4594              -1.2929               3.0000
13   C                3.6929               0.0318               3.0000
14   C                3.4811               1.2332               3.0000
15   C                2.8085               2.3981               3.0000
16   C                1.8740               3.1823               3.0000
17   C                0.6100               3.6423               3.0000
18   C               -1.8981               3.2001              -3.7992
19   C               -2.9285               2.3355              -3.7992
20   C               -3.5385               1.2790              -3.7992
21   C               -3.7720              -0.0457              -3.7992
22   C               -3.5602              -1.2471              -3.7992
23   C               -2.8876              -2.4120              -3.7992
24   C               -1.9531              -3.1962              -3.7992
25   C               -0.6891              -3.6562              -3.7992
26   C                0.5309              -3.6562              -3.7992
27   C                1.7949              -3.1962              -3.7992
28   C                2.7294              -2.4120              -3.7992
29   C                3.4020              -1.2471              -3.7992
30   C                3.6138              -0.0457              -3.7992
31   C                3.3803               1.2790              -3.7992
32   C                2.7703               2.3355              -3.7992
33   C                1.7399               3.2001              -3.7992
34   C                0.5934               3.6174              -3.7992
35   C               -0.7516               3.6174              -3.7992


Energy:                -1371.493168

----------------------------------------------------------------------
            Scanning combination 40/51: [6.90]

                             Coordinates                              
----------------------------------------------------------------------
0    C               -0.6100               3.6423               3.0000
1    C               -1.8740               3.1823               3.0000
2    C               -2.8085               2.3981               3.0000
3    C               -3.4811               1.2332               3.0000
4    C               -3.6929               0.0318               3.0000
5    C               -3.4594              -1.2929               3.0000
6    C               -2.8494              -2.3494               3.0000
7    C               -1.8190              -3.2140               3.0000
8    C               -0.6725              -3.6313               3.0000
9    C                0.6725              -3.6313               3.0000
10   C                1.8190              -3.2140               3.0000
11   C                2.8494              -2.3494               3.0000
12   C                3.4594              -1.2929               3.0000
13   C                3.6929               0.0318               3.0000
14   C                3.4811               1.2332               3.0000
15   C                2.8085               2.3981               3.0000
16   C                1.8740               3.1823               3.0000
17   C                0.6100               3.6423               3.0000
18   C               -1.9002               3.1997              -3.8991
19   C               -2.9306               2.3351              -3.8991
20   C               -3.5406               1.2786              -3.8991
21   C               -3.7741              -0.0461              -3.8991
22   C               -3.5623              -1.2475              -3.8991
23   C               -2.8897              -2.4124              -3.8991
24   C               -1.9552              -3.1966              -3.8991
25   C               -0.6912              -3.6566              -3.8991
26   C                0.5288              -3.6566              -3.8991
27   C                1.7928              -3.1966              -3.8991
28   C                2.7273              -2.4124              -3.8991
29   C                3.3999              -1.2475              -3.8991
30   C                3.6117              -0.0461              -3.8991
31   C                3.3782               1.2786              -3.8991
32   C                2.7682               2.3351              -3.8991
33   C                1.7378               3.1997              -3.8991
34   C                0.5913               3.6170              -3.8991
35   C               -0.7537               3.6170              -3.8991


Energy:                -1371.493168

----------------------------------------------------------------------
            Scanning combination 41/51: [7.00]

                             Coordinates                              
----------------------------------------------------------------------
0    C               -0.6100               3.6423               3.0000
1    C               -1.8740               3.1823               3.0000
2    C               -2.8085               2.3981               3.0000
3    C               -3.4811               1.2332               3.0000
4    C               -3.6929               0.0318               3.0000
5    C               -3.4594              -1.2929               3.0000
6    C               -2.8494              -2.3494               3.0000
7    C               -1.8190              -3.2140               3.0000
8    C               -0.6725              -3.6313               3.0000
9    C                0.6725              -3.6313               3.0000
10   C                1.8190              -3.2140               3.0000
11   C                2.8494              -2.3494               3.0000
12   C                3.4594              -1.2929               3.0000
13   C                3.6929               0.0318               3.0000
14   C                3.4811               1.2332               3.0000
15   C                2.8085               2.3981               3.0000
16   C                1.8740               3.1823               3.0000
17   C                0.6100               3.6423               3.0000
18   C               -1.9023               3.1993              -3.9991
19   C               -2.9327               2.3347              -3.9991
20   C               -3.5427               1.2782              -3.9991
21   C               -3.7762              -0.0465              -3.9991
22   C               -3.5644              -1.2479              -3.9991
23   C               -2.8918              -2.4128              -3.9991
24   C               -1.9573              -3.1970              -3.9991
25   C               -0.6933              -3.6570              -3.9991
26   C                0.5267              -3.6570              -3.9991
27   C                1.7907              -3.1970              -3.9991
28   C                2.7252              -2.4128              -3.9991
29   C                3.3978              -1.2479              -3.9991
30   C                3.6096              -0.0465              -3.9991
31   C                3.3761               1.2782              -3.9991
32   C                2.7661               2.3347              -3.9991
33   C                1.7357               3.1993              -3.9991
34   C                0.5892               3.6166              -3.9991
35   C               -0.7558               3.6166              -3.9991


Energy:                -1371.493168

----------------------------------------------------------------------
            Scanning combination 42/51: [7.10]

                             Coordinates                              
----------------------------------------------------------------------
0    C               -0.6100               3.6423               3.0000
1    C               -1.8740               3.1823               3.0000
2    C               -2.8085               2.3981               3.0000
3    C               -3.4811               1.2332               3.0000
4    C               -3.6929               0.0318               3.0000
5    C               -3.4594              -1.2929               3.0000
6    C               -2.8494              -2.3494               3.0000
7    C               -1.8190              -3.2140               3.0000
8    C               -0.6725              -3.6313               3.0000
9    C                0.6725              -3.6313               3.0000
10   C                1.8190              -3.2140               3.0000
11   C                2.8494              -2.3494               3.0000
12   C                3.4594              -1.2929               3.0000
13   C                3.6929               0.0318               3.0000
14   C                3.4811               1.2332               3.0000
15   C                2.8085               2.3981               3.0000
16   C                1.8740               3.1823               3.0000
17   C                0.6100               3.6423               3.0000
18   C               -1.9044               3.1990              -4.0991
19   C               -2.9348               2.3344              -4.0991
20   C               -3.5448               1.2779              -4.0991
21   C               -3.7783              -0.0468              -4.0991
22   C               -3.5665              -1.2482              -4.0991
23   C               -2.8939              -2.4131              -4.0991
24   C               -1.9594              -3.1973              -4.0991
25   C               -0.6954              -3.6573              -4.0991
26   C                0.5246              -3.6573              -4.0991
27   C                1.7886              -3.1973              -4.0991
28   C                2.7231              -2.4131              -4.0991
29   C                3.3957              -1.2482              -4.0991
30   C                3.6075              -0.0468              -4.0991
31   C                3.3740               1.2779              -4.0991
32   C                2.7640               2.3344              -4.0991
33   C                1.7336               3.1990              -4.0991
34   C                0.5871               3.6163              -4.0991
35   C               -0.7579               3.6163              -4.0991


Energy:                -1371.493168

----------------------------------------------------------------------
            Scanning combination 43/51: [7.20]

                             Coordinates                              
----------------------------------------------------------------------
0    C               -0.6100               3.6423               3.0000
1    C               -1.8740               3.1823               3.0000
2    C               -2.8085               2.3981               3.0000
3    C               -3.4811               1.2332               3.0000
4    C               -3.6929               0.0318               3.0000
5    C               -3.4594              -1.2929               3.0000
6    C               -2.8494              -2.3494               3.0000
7    C               -1.8190              -3.2140               3.0000
8    C               -0.6725              -3.6313               3.0000
9    C                0.6725              -3.6313               3.0000
10   C                1.8190              -3.2140               3.0000
11   C                2.8494              -2.3494               3.0000
12   C                3.4594              -1.2929               3.0000
13   C                3.6929               0.0318               3.0000
14   C                3.4811               1.2332               3.0000
15   C                2.8085               2.3981               3.0000
16   C                1.8740               3.1823               3.0000
17   C                0.6100               3.6423               3.0000
18   C               -1.9065               3.1986              -4.1991
19   C               -2.9369               2.3340              -4.1991
20   C               -3.5469               1.2775              -4.1991
21   C               -3.7804              -0.0472              -4.1991
22   C               -3.5686              -1.2486              -4.1991
23   C               -2.8960              -2.4135              -4.1991
24   C               -1.9615              -3.1977              -4.1991
25   C               -0.6975              -3.6577              -4.1991
26   C                0.5225              -3.6577              -4.1991
27   C                1.7865              -3.1977              -4.1991
28   C                2.7210              -2.4135              -4.1991
29   C                3.3936              -1.2486              -4.1991
30   C                3.6054              -0.0472              -4.1991
31   C                3.3719               1.2775              -4.1991
32   C                2.7619               2.3340              -4.1991
33   C                1.7315               3.1986              -4.1991
34   C                0.5850               3.6159              -4.1991
35   C               -0.7600               3.6159              -4.1991


Energy:                -1371.493168

----------------------------------------------------------------------
            Scanning combination 44/51: [7.30]

                             Coordinates                              
----------------------------------------------------------------------
0    C               -0.6100               3.6423               3.0000
1    C               -1.8740               3.1823               3.0000
2    C               -2.8085               2.3981               3.0000
3    C               -3.4811               1.2332               3.0000
4    C               -3.6929               0.0318               3.0000
5    C               -3.4594              -1.2929               3.0000
6    C               -2.8494              -2.3494               3.0000
7    C               -1.8190              -3.2140               3.0000
8    C               -0.6725              -3.6313               3.0000
9    C                0.6725              -3.6313               3.0000
10   C                1.8190              -3.2140               3.0000
11   C                2.8494              -2.3494               3.0000
12   C                3.4594              -1.2929               3.0000
13   C                3.6929               0.0318               3.0000
14   C                3.4811               1.2332               3.0000
15   C                2.8085               2.3981               3.0000
16   C                1.8740               3.1823               3.0000
17   C                0.6100               3.6423               3.0000
18   C               -1.9086               3.1982              -4.2990
19   C               -2.9390               2.3336              -4.2990
20   C               -3.5490               1.2771              -4.2990
21   C               -3.7825              -0.0476              -4.2990
22   C               -3.5707              -1.2490              -4.2990
23   C               -2.8981              -2.4139              -4.2990
24   C               -1.9636              -3.1981              -4.2990
25   C               -0.6996              -3.6581              -4.2990
26   C                0.5204              -3.6581              -4.2990
27   C                1.7844              -3.1981              -4.2990
28   C                2.7189              -2.4139              -4.2990
29   C                3.3915              -1.2490              -4.2990
30   C                3.6033              -0.0476              -4.2990
31   C                3.3698               1.2771              -4.2990
32   C                2.7598               2.3336              -4.2990
33   C                1.7294               3.1982              -4.2990
34   C                0.5829               3.6155              -4.2990
35   C               -0.7621               3.6155              -4.2990


Energy:                -1371.493168

----------------------------------------------------------------------
            Scanning combination 45/51: [7.40]

                             Coordinates                              
----------------------------------------------------------------------
0    C               -0.6100               3.6423               3.0000
1    C               -1.8740               3.1823               3.0000
2    C               -2.8085               2.3981               3.0000
3    C               -3.4811               1.2332               3.0000
4    C               -3.6929               0.0318               3.0000
5    C               -3.4594              -1.2929               3.0000
6    C               -2.8494              -2.3494               3.0000
7    C               -1.8190              -3.2140               3.0000
8    C               -0.6725              -3.6313               3.0000
9    C                0.6725              -3.6313               3.0000
10   C                1.8190              -3.2140               3.0000
11   C                2.8494              -2.3494               3.0000
12   C                3.4594              -1.2929               3.0000
13   C                3.6929               0.0318               3.0000
14   C                3.4811               1.2332               3.0000
15   C                2.8085               2.3981               3.0000
16   C                1.8740               3.1823               3.0000
17   C                0.6100               3.6423               3.0000
18   C               -1.9106               3.1979              -4.3990
19   C               -2.9410               2.3333              -4.3990
20   C               -3.5510               1.2768              -4.3990
21   C               -3.7845              -0.0479              -4.3990
22   C               -3.5727              -1.2493              -4.3990
23   C               -2.9001              -2.4142              -4.3990
24   C               -1.9656              -3.1984              -4.3990
25   C               -0.7016              -3.6584              -4.3990
26   C                0.5184              -3.6584              -4.3990
27   C                1.7824              -3.1984              -4.3990
28   C                2.7169              -2.4142              -4.3990
29   C                3.3895              -1.2493              -4.3990
30   C                3.6013              -0.0479              -4.3990
31   C                3.3678               1.2768              -4.3990
32   C                2.7578               2.3333              -4.3990
33   C                1.7274               3.1979              -4.3990
34   C                0.5809               3.6152              -4.3990
35   C               -0.7641               3.6152              -4.3990


Energy:                -1371.493168

----------------------------------------------------------------------
            Scanning combination 46/51: [7.50]

                             Coordinates                              
----------------------------------------------------------------------
0    C               -0.6100               3.6423               3.0000
1    C               -1.8740               3.1823               3.0000
2    C               -2.8085               2.3981               3.0000
3    C               -3.4811               1.2332               3.0000
4    C               -3.6929               0.0318               3.0000
5    C               -3.4594              -1.2929               3.0000
6    C               -2.8494              -2.3494               3.0000
7    C               -1.8190              -3.2140               3.0000
8    C               -0.6725              -3.6313               3.0000
9    C                0.6725              -3.6313               3.0000
10   C                1.8190              -3.2140               3.0000
11   C                2.8494              -2.3494               3.0000
12   C                3.4594              -1.2929               3.0000
13   C                3.6929               0.0318               3.0000
14   C                3.4811               1.2332               3.0000
15   C                2.8085               2.3981               3.0000
16   C                1.8740               3.1823               3.0000
17   C                0.6100               3.6423               3.0000
18   C               -1.9127               3.1975              -4.4990
19   C               -2.9431               2.3329              -4.4990
20   C               -3.5531               1.2764              -4.4990
21   C               -3.7866              -0.0483              -4.4990
22   C               -3.5748              -1.2497              -4.4990
23   C               -2.9022              -2.4146              -4.4990
24   C               -1.9677              -3.1988              -4.4990
25   C               -0.7037              -3.6588              -4.4990
26   C                0.5163              -3.6588              -4.4990
27   C                1.7803              -3.1988              -4.4990
28   C                2.7148              -2.4146              -4.4990
29   C                3.3874              -1.2497              -4.4990
30   C                3.5992              -0.0483              -4.4990
31   C                3.3657               1.2764              -4.4990
32   C                2.7557               2.3329              -4.4990
33   C                1.7253               3.1975              -4.4990
34   C                0.5788               3.6148              -4.4990
35   C               -0.7662               3.6148              -4.4990


Energy:                -1371.493168

----------------------------------------------------------------------
            Scanning combination 47/51: [7.60]

                             Coordinates                              
----------------------------------------------------------------------
0    C               -0.6100               3.6423               3.0000
1    C               -1.8740               3.1823               3.0000
2    C               -2.8085               2.3981               3.0000
3    C               -3.4811               1.2332               3.0000
4    C               -3.6929               0.0318               3.0000
5    C               -3.4594              -1.2929               3.0000
6    C               -2.8494              -2.3494               3.0000
7    C               -1.8190              -3.2140               3.0000
8    C               -0.6725              -3.6313               3.0000
9    C                0.6725              -3.6313               3.0000
10   C                1.8190              -3.2140               3.0000
11   C                2.8494              -2.3494               3.0000
12   C                3.4594              -1.2929               3.0000
13   C                3.6929               0.0318               3.0000
14   C                3.4811               1.2332               3.0000
15   C                2.8085               2.3981               3.0000
16   C                1.8740               3.1823               3.0000
17   C                0.6100               3.6423               3.0000
18   C               -1.9148               3.1971              -4.5990
19   C               -2.9452               2.3325              -4.5990
20   C               -3.5552               1.2760              -4.5990
21   C               -3.7887              -0.0487              -4.5990
22   C               -3.5769              -1.2501              -4.5990
23   C               -2.9043              -2.4150              -4.5990
24   C               -1.9698              -3.1992              -4.5990
25   C               -0.7058              -3.6592              -4.5990
26   C                0.5142              -3.6592              -4.5990
27   C                1.7782              -3.1992              -4.5990
28   C                2.7127              -2.4150              -4.5990
29   C                3.3853              -1.2501              -4.5990
30   C                3.5971              -0.0487              -4.5990
31   C                3.3636               1.2760              -4.5990
32   C                2.7536               2.3325              -4.5990
33   C                1.7232               3.1971              -4.5990
34   C                0.5767               3.6144              -4.5990
35   C               -0.7683               3.6144              -4.5990


Energy:                -1371.493168

----------------------------------------------------------------------
            Scanning combination 48/51: [7.70]

                             Coordinates                              
----------------------------------------------------------------------
0    C               -0.6100               3.6423               3.0000
1    C               -1.8740               3.1823               3.0000
2    C               -2.8085               2.3981               3.0000
3    C               -3.4811               1.2332               3.0000
4    C               -3.6929               0.0318               3.0000
5    C               -3.4594              -1.2929               3.0000
6    C               -2.8494              -2.3494               3.0000
7    C               -1.8190              -3.2140               3.0000
8    C               -0.6725              -3.6313               3.0000
9    C                0.6725              -3.6313               3.0000
10   C                1.8190              -3.2140               3.0000
11   C                2.8494              -2.3494               3.0000
12   C                3.4594              -1.2929               3.0000
13   C                3.6929               0.0318               3.0000
14   C                3.4811               1.2332               3.0000
15   C                2.8085               2.3981               3.0000
16   C                1.8740               3.1823               3.0000
17   C                0.6100               3.6423               3.0000
18   C               -1.9169               3.1968              -4.6989
19   C               -2.9473               2.3322              -4.6989
20   C               -3.5573               1.2757              -4.6989
21   C               -3.7908              -0.0490              -4.6989
22   C               -3.5790              -1.2504              -4.6989
23   C               -2.9064              -2.4153              -4.6989
24   C               -1.9719              -3.1995              -4.6989
25   C               -0.7079              -3.6595              -4.6989
26   C                0.5121              -3.6595              -4.6989
27   C                1.7761              -3.1995              -4.6989
28   C                2.7106              -2.4153              -4.6989
29   C                3.3832              -1.2504              -4.6989
30   C                3.5950              -0.0490              -4.6989
31   C                3.3615               1.2757              -4.6989
32   C                2.7515               2.3322              -4.6989
33   C                1.7211               3.1968              -4.6989
34   C                0.5746               3.6141              -4.6989
35   C               -0.7704               3.6141              -4.6989


Energy:                -1371.493168

----------------------------------------------------------------------
            Scanning combination 49/51: [7.80]

                             Coordinates                              
----------------------------------------------------------------------
0    C               -0.6100               3.6423               3.0000
1    C               -1.8740               3.1823               3.0000
2    C               -2.8085               2.3981               3.0000
3    C               -3.4811               1.2332               3.0000
4    C               -3.6929               0.0318               3.0000
5    C               -3.4594              -1.2929               3.0000
6    C               -2.8494              -2.3494               3.0000
7    C               -1.8190              -3.2140               3.0000
8    C               -0.6725              -3.6313               3.0000
9    C                0.6725              -3.6313               3.0000
10   C                1.8190              -3.2140               3.0000
11   C                2.8494              -2.3494               3.0000
12   C                3.4594              -1.2929               3.0000
13   C                3.6929               0.0318               3.0000
14   C                3.4811               1.2332               3.0000
15   C                2.8085               2.3981               3.0000
16   C                1.8740               3.1823               3.0000
17   C                0.6100               3.6423               3.0000
18   C               -1.9190               3.1964              -4.7989
19   C               -2.9494               2.3318              -4.7989
20   C               -3.5594               1.2753              -4.7989
21   C               -3.7929              -0.0494              -4.7989
22   C               -3.5811              -1.2508              -4.7989
23   C               -2.9085              -2.4157              -4.7989
24   C               -1.9740              -3.1999              -4.7989
25   C               -0.7100              -3.6599              -4.7989
26   C                0.5100              -3.6599              -4.7989
27   C                1.7740              -3.1999              -4.7989
28   C                2.7085              -2.4157              -4.7989
29   C                3.3811              -1.2508              -4.7989
30   C                3.5929              -0.0494              -4.7989
31   C                3.3594               1.2753              -4.7989
32   C                2.7494               2.3318              -4.7989
33   C                1.7190               3.1964              -4.7989
34   C                0.5725               3.6137              -4.7989
35   C               -0.7725               3.6137              -4.7989


Energy:                -1371.493168

----------------------------------------------------------------------
            Scanning combination 50/51: [7.90]

                             Coordinates                              
----------------------------------------------------------------------
0    C               -0.6100               3.6423               3.0000
1    C               -1.8740               3.1823               3.0000
2    C               -2.8085               2.3981               3.0000
3    C               -3.4811               1.2332               3.0000
4    C               -3.6929               0.0318               3.0000
5    C               -3.4594              -1.2929               3.0000
6    C               -2.8494              -2.3494               3.0000
7    C               -1.8190              -3.2140               3.0000
8    C               -0.6725              -3.6313               3.0000
9    C                0.6725              -3.6313               3.0000
10   C                1.8190              -3.2140               3.0000
11   C                2.8494              -2.3494               3.0000
12   C                3.4594              -1.2929               3.0000
13   C                3.6929               0.0318               3.0000
14   C                3.4811               1.2332               3.0000
15   C                2.8085               2.3981               3.0000
16   C                1.8740               3.1823               3.0000
17   C                0.6100               3.6423               3.0000
18   C               -1.9211               3.1960              -4.8989
19   C               -2.9515               2.3314              -4.8989
20   C               -3.5615               1.2749              -4.8989
21   C               -3.7950              -0.0498              -4.8989
22   C               -3.5832              -1.2512              -4.8989
23   C               -2.9106              -2.4161              -4.8989
24   C               -1.9761              -3.2003              -4.8989
25   C               -0.7121              -3.6603              -4.8989
26   C                0.5079              -3.6603              -4.8989
27   C                1.7719              -3.2003              -4.8989
28   C                2.7064              -2.4161              -4.8989
29   C                3.3790              -1.2512              -4.8989
30   C                3.5908              -0.0498              -4.8989
31   C                3.3573               1.2749              -4.8989
32   C                2.7473               2.3314              -4.8989
33   C                1.7169               3.1960              -4.8989
34   C                0.5704               3.6133              -4.8989
35   C               -0.7746               3.6133              -4.8989


Energy:                -1371.493168

----------------------------------------------------------------------
            Scanning combination 51/51: [8.00]

                             Coordinates                              
----------------------------------------------------------------------
0    C               -0.6100               3.6423               3.0000
1    C               -1.8740               3.1823               3.0000
2    C               -2.8085               2.3981               3.0000
3    C               -3.4811               1.2332               3.0000
4    C               -3.6929               0.0318               3.0000
5    C               -3.4594              -1.2929               3.0000
6    C               -2.8494              -2.3494               3.0000
7    C               -1.8190              -3.2140               3.0000
8    C               -0.6725              -3.6313               3.0000
9    C                0.6725              -3.6313               3.0000
10   C                1.8190              -3.2140               3.0000
11   C                2.8494              -2.3494               3.0000
12   C                3.4594              -1.2929               3.0000
13   C                3.6929               0.0318               3.0000
14   C                3.4811               1.2332               3.0000
15   C                2.8085               2.3981               3.0000
16   C                1.8740               3.1823               3.0000
17   C                0.6100               3.6423               3.0000
18   C               -1.9231               3.1957              -4.9989
19   C               -2.9535               2.3311              -4.9989
20   C               -3.5635               1.2746              -4.9989
21   C               -3.7970              -0.0501              -4.9989
22   C               -3.5852              -1.2515              -4.9989
23   C               -2.9126              -2.4164              -4.9989
24   C               -1.9781              -3.2006              -4.9989
25   C               -0.7141              -3.6606              -4.9989
26   C                0.5059              -3.6606              -4.9989
27   C                1.7699              -3.2006              -4.9989
28   C                2.7044              -2.4164              -4.9989
29   C                3.3770              -1.2515              -4.9989
30   C                3.5888              -0.0501              -4.9989
31   C                3.3553               1.2746              -4.9989
32   C                2.7453               2.3311              -4.9989
33   C                1.7149               3.1957              -4.9989
34   C                0.5684               3.6130              -4.9989
35   C               -0.7766               3.6130              -4.9989


Energy:                -1371.493168

======================================================================
Scan completed! Total points: 51Results saved to: /home/user/software/MAPLE/examples/scan/C18_scan_final.xyz
Energy range: -1371.556785 to -1371.492113 Hartree



Program started: 2026-02-03 13:17:03

======================================================================
                      TIMING SUMMARY
======================================================================
Input Reading (×21).................................   0.225 s  (  64.1 %)
  Settings Parsing (×21)..............................   0.191 s  (  84.6 %)
  Coordinate Section Parsing (×21)....................   0.005 s  (   2.0 %)
  Post-Processing Expansion (×21).....................   0.000 s  (   0.0 %)
MLP Initialization (×21)............................  14.815 s  (4214.8 %)
Job Dispatching (×21)............................... 436.965 s  (124310.8 %)
  Frequency Calculation (×6)..........................   1.983 s  (   0.5 %)
  IRC Calculation (×4)................................  18.715 s  (   4.3 %)
  Single Point Energy Calculation.....................   1.246 s  (   0.3 %)
  Optimization (×9)................................... 414.705 s  (  94.9 %)
  Scan................................................   0.301 s  (   0.1 %)
======================================================================
Total wall time: 0.352 s
Total CPU time: 5.057 s
======================================================================

Program ended: 2026-02-03 13:17:03
TOTAL RUN TIME: 0 days 0 hours 0 minutes 0 seconds 351 msec
