
**********************************************************************
*                                                                    *
*                        M   A   P   L   E                           *
*                                                                    *
*      MAchine-learning Potential for Landscape Exploration          *
*                                                                    *
*                                                                    *
*      © 2025 University of Pittsburgh. All rights reserved.         *
*      Licensed under CC BY 4.0 for academic use.                    *
*                                                                    *
*      Principal Developer:  Xujian Wang                             *
*                                                                    *
**********************************************************************


Parsing # commands...
Global parameter: model = uma
Task set to 'opt'
Global parameter: device = gpu0
Parsed configuration:
----------------------------------------
Task: opt
model          : uma
method         : rfo
device         : gpu0

                             Coordinates                              
**********************************************************************

Group 1 (inline)
--------------------
1    C             -0.778126            -1.067561             0.321059
2    C              1.302553             0.052120            -0.028299
3    C             -0.971993             1.456249             0.823657
4    C              1.981229            -0.418433             1.250175
5    C              2.264033             0.435168            -1.133107
6    N              0.291164            -0.876821            -0.500399
7    N             -2.019163            -1.372006            -0.233112
8    O             -1.664734             1.630223            -0.401837
9    H             -2.258632             0.870139            -0.475899
10   H              0.027849            -0.678312            -1.458495
11   H             -0.609759            -1.367856             1.341178
12   H              0.681264             0.918300             0.286941
13   H             -2.573263            -2.057361             0.257412
14   H             -2.052428            -1.504542            -1.233823
15   H             -0.368993             2.351392             0.991747
16   H             -1.639609             1.294215             1.674653
17   H              2.764449             0.291462             1.522846
18   H              1.725114             0.730695            -2.037794
19   H              2.435593            -1.406098             1.134215
20   H              1.273005            -0.447224             2.080579
21   H              2.850345             1.298697            -0.814322
22   H              2.960009            -0.368806            -1.388910

----------------------------------------------------------------------
                             Iteration: 1                             


                             Coordinates                              
----------------------------------------------------------------------
0    C               -0.7809              -1.0347               0.3277
1    C                1.3088               0.0502              -0.0306
2    C               -0.9936               1.4292               0.8266
3    C                1.9827              -0.4206               1.2473
4    C                2.2681               0.4311              -1.1351
5    N                0.2941              -0.8800              -0.5014
6    N               -2.0125              -1.3669              -0.2308
7    O               -1.6656               1.6310              -0.4025
8    H               -2.2657               0.8791              -0.4941
9    H                0.0203              -0.6629              -1.4526
10   H               -0.6067              -1.3726               1.3369
11   H                0.7109               0.9245               0.2661
12   H               -2.5675              -2.0426               0.2681
13   H               -2.0363              -1.5067              -1.2296
14   H               -0.3459               2.2950               0.9893
15   H               -1.6773               1.3269               1.6742
16   H                2.7652               0.2874               1.5233
17   H                1.7265               0.7288              -2.0361
18   H                2.4355              -1.4079               1.1315
19   H                1.2706              -0.4516               2.0739
20   H                2.8566               1.2917              -0.8155
21   H                2.9592              -0.3745              -1.3933


Energy:                 -383.533390 Convergence criteria  Is converged 
Maximum Force:             0.051950     0.002850                No
RMS Force:                 0.010047     0.001900                No
Maximum Displacement:      0.056390     0.003150                No
RMS Displacement:          0.013385     0.002100                No

Model change: -5.244551e-03  Actual change: -5.216882e-03  rho:  0.995
Trust radius (MW):  0.200000  Step norm (MW):  0.200000  On boundary: True

----------------------------------------------------------------------
                             Iteration: 2                             


                             Coordinates                              
----------------------------------------------------------------------
0    C               -0.7839              -1.0017               0.3365
1    C                1.3144               0.0490              -0.0333
2    C               -1.0145               1.4003               0.8277
3    C                1.9845              -0.4227               1.2450
4    C                2.2730               0.4268              -1.1376
5    N                0.2972              -0.8820              -0.5023
6    N               -2.0075              -1.3601              -0.2288
7    O               -1.6665               1.6316              -0.4031
8    H               -2.2748               0.8879              -0.5139
9    H                0.0158              -0.6488              -1.4479
10   H               -0.6045              -1.3699               1.3352
11   H                0.7377               0.9331               0.2506
12   H               -2.5619              -2.0305               0.2770
13   H               -2.0204              -1.5143              -1.2253
14   H               -0.3258               2.2333               0.9919
15   H               -1.7075               1.3393               1.6713
16   H                2.7670               0.2839               1.5246
17   H                1.7290               0.7273              -2.0362
18   H                2.4360              -1.4103               1.1283
19   H                1.2699              -0.4558               2.0691
20   H                2.8648               1.2851              -0.8180
21   H                2.9597              -0.3813              -1.3988


Energy:                 -383.538839 Convergence criteria  Is converged 
Maximum Force:             0.055214     0.002850                No
RMS Force:                 0.010724     0.001900                No
Maximum Displacement:      0.061655     0.003150                No
RMS Displacement:          0.012694     0.002100                No

Model change: -5.474292e-03  Actual change: -5.448954e-03  rho:  0.995
Trust radius (MW):  0.200000  Step norm (MW):  0.200000  On boundary: True

----------------------------------------------------------------------
                             Iteration: 3                             


                             Coordinates                              
----------------------------------------------------------------------
0    C               -0.7871              -0.9688               0.3459
1    C                1.3197               0.0486              -0.0360
2    C               -1.0345               1.3703               0.8271
3    C                1.9867              -0.4247               1.2431
4    C                2.2785               0.4224              -1.1405
5    N                0.3002              -0.8830              -0.5026
6    N               -2.0039              -1.3522              -0.2268
7    O               -1.6675               1.6319              -0.4035
8    H               -2.2841               0.8973              -0.5337
9    H                0.0127              -0.6364              -1.4436
10   H               -0.6032              -1.3622               1.3353
11   H                0.7631               0.9427               0.2375
12   H               -2.5555              -2.0202               0.2845
13   H               -2.0030              -1.5252              -1.2202
14   H               -0.3105               2.1702               0.9985
15   H               -1.7333               1.3365               1.6672
16   H                2.7694               0.2804               1.5260
17   H                1.7327               0.7257              -2.0371
18   H                2.4367              -1.4127               1.1248
19   H                1.2704              -0.4598               2.0655
20   H                2.8743               1.2782              -0.8214
21   H                2.9604              -0.3885              -1.4046


Energy:                 -383.544613 Convergence criteria  Is converged 
Maximum Force:             0.058593     0.002850                No
RMS Force:                 0.011507     0.001900                No
Maximum Displacement:      0.063112     0.003150                No
RMS Displacement:          0.012501     0.002100                No

Model change: -5.781884e-03  Actual change: -5.774018e-03  rho:  0.999
Trust radius (MW):  0.200000  Step norm (MW):  0.200000  On boundary: True

----------------------------------------------------------------------
                             Iteration: 4                             


                             Coordinates                              
----------------------------------------------------------------------
0    C               -0.7905              -0.9363               0.3550
1    C                1.3249               0.0488              -0.0386
2    C               -1.0526               1.3386               0.8251
3    C                1.9890              -0.4265               1.2413
4    C                2.2842               0.4179              -1.1436
5    N                0.3026              -0.8828              -0.5023
6    N               -2.0013              -1.3437              -0.2248
7    O               -1.6684               1.6320              -0.4038
8    H               -2.2932               0.9072              -0.5531
9    H                0.0105              -0.6257              -1.4395
10   H               -0.6030              -1.3500               1.3367
11   H                0.7861               0.9524               0.2261
12   H               -2.5485              -2.0113               0.2915
13   H               -1.9846              -1.5373              -1.2142
14   H               -0.3001               2.1079               1.0076
15   H               -1.7562               1.3242               1.6621
16   H                2.7721               0.2769               1.5274
17   H                1.7369               0.7240              -2.0384
18   H                2.4375              -1.4149               1.1214
19   H                1.2717              -0.4635               2.0625
20   H                2.8842               1.2711              -0.8253
21   H                2.9612              -0.3960              -1.4102


Energy:                 -383.550798 Convergence criteria  Is converged 
Maximum Force:             0.062588     0.002850                No
RMS Force:                 0.012449     0.001900                No
Maximum Displacement:      0.062380     0.003150                No
RMS Displacement:          0.012375     0.002100                No

Model change: -6.184047e-03  Actual change: -6.184448e-03  rho:  1.000
Trust radius (MW):  0.200000  Step norm (MW):  0.200000  On boundary: True

----------------------------------------------------------------------
                             Iteration: 5                             


                             Coordinates                              
----------------------------------------------------------------------
0    C               -0.7941              -0.9040               0.3638
1    C                1.3301               0.0494              -0.0411
2    C               -1.0690               1.3054               0.8220
3    C                1.9914              -0.4280               1.2396
4    C                2.2899               0.4136              -1.1467
5    N                0.3045              -0.8817              -0.5012
6    N               -1.9996              -1.3348              -0.2228
7    O               -1.6693               1.6320              -0.4040
8    H               -2.3017               0.9173              -0.5720
9    H                0.0090              -0.6162              -1.4355
10   H               -0.6036              -1.3346               1.3390
11   H                0.8070               0.9619               0.2160
12   H               -2.5408              -2.0038               0.2980
13   H               -1.9656              -1.5496              -1.2073
14   H               -0.2936               2.0470               1.0178
15   H               -1.7766               1.3052               1.6560
16   H                2.7752               0.2736               1.5287
17   H                1.7415               0.7224              -2.0399
18   H                2.4382              -1.4169               1.1181
19   H                1.2734              -0.4668               2.0601
20   H                2.8944               1.2640              -0.8294
21   H                2.9620              -0.4036              -1.4156


Energy:                 -383.557462 Convergence criteria  Is converged 
Maximum Force:             0.068671     0.002850                No
RMS Force:                 0.013449     0.001900                No
Maximum Displacement:      0.060810     0.003150                No
RMS Displacement:          0.012273     0.002100                No

Model change: -6.670960e-03  Actual change: -6.664310e-03  rho:  0.999
Trust radius (MW):  0.200000  Step norm (MW):  0.200000  On boundary: True

----------------------------------------------------------------------
                             Iteration: 6                             


                             Coordinates                              
----------------------------------------------------------------------
0    C               -0.7980              -0.8721               0.3722
1    C                1.3351               0.0503              -0.0434
2    C               -1.0837               1.2712               0.8178
3    C                1.9940              -0.4292               1.2381
4    C                2.2956               0.4093              -1.1498
5    N                0.3059              -0.8797              -0.4995
6    N               -1.9986              -1.3256              -0.2207
7    O               -1.6701               1.6317              -0.4041
8    H               -2.3096               0.9276              -0.5904
9    H                0.0079              -0.6074              -1.4316
10   H               -0.6049              -1.3170               1.3418
11   H                0.8267               0.9713               0.2069
12   H               -2.5322              -1.9975               0.3042
13   H               -1.9462              -1.5620              -1.1995
14   H               -0.2902               1.9880               1.0285
15   H               -1.7951               1.2810               1.6492
16   H                2.7785               0.2704               1.5300
17   H                1.7463               0.7207              -2.0416
18   H                2.4388              -1.4187               1.1149
19   H                1.2754              -0.4697               2.0579
20   H                2.9046               1.2569              -0.8336
21   H                2.9627              -0.4112              -1.4206


Energy:                 -383.564618 Convergence criteria  Is converged 
Maximum Force:             0.075884     0.002850                No
RMS Force:                 0.014420     0.001900                No
Maximum Displacement:      0.059070     0.003150                No
RMS Displacement:          0.012228     0.002100                No

Model change: -7.166153e-03  Actual change: -7.155636e-03  rho:  0.999
Trust radius (MW):  0.200000  Step norm (MW):  0.200000  On boundary: True

----------------------------------------------------------------------
                             Iteration: 7                             


                             Coordinates                              
----------------------------------------------------------------------
0    C               -0.8023              -0.8405               0.3801
1    C                1.3401               0.0515              -0.0456
2    C               -1.0970               1.2361               0.8128
3    C                1.9966              -0.4302               1.2366
4    C                2.3011               0.4050              -1.1529
5    N                0.3068              -0.8770              -0.4973
6    N               -1.9984              -1.3163              -0.2187
7    O               -1.6706               1.6311              -0.4039
8    H               -2.3171               0.9380              -0.6084
9    H                0.0072              -0.5992              -1.4277
10   H               -0.6067              -1.2978               1.3449
11   H                0.8453               0.9807               0.1986
12   H               -2.5228              -1.9924               0.3103
13   H               -1.9264              -1.5745              -1.1908
14   H               -0.2892               1.9307               1.0392
15   H               -1.8119               1.2526               1.6416
16   H                2.7821               0.2673               1.5311
17   H                1.7512               0.7190              -2.0434
18   H                2.4393              -1.4203               1.1117
19   H                1.2777              -0.4722               2.0559
20   H                2.9149               1.2498              -0.8380
21   H                2.9633              -0.4189              -1.4254


Energy:                 -383.572249 Convergence criteria  Is converged 
Maximum Force:             0.082743     0.002850                No
RMS Force:                 0.015356     0.001900                No
Maximum Displacement:      0.057268     0.003150                No
RMS Displacement:          0.012204     0.002100                No

Model change: -7.639817e-03  Actual change: -7.631163e-03  rho:  0.999
Trust radius (MW):  0.200000  Step norm (MW):  0.200000  On boundary: True

----------------------------------------------------------------------
                             Iteration: 8                             


                             Coordinates                              
----------------------------------------------------------------------
0    C               -0.8068              -0.8092               0.3877
1    C                1.3450               0.0531              -0.0475
2    C               -1.1090               1.2003               0.8070
3    C                1.9993              -0.4310               1.2351
4    C                2.3066               0.4008              -1.1560
5    N                0.3073              -0.8735              -0.4946
6    N               -1.9986              -1.3070              -0.2167
7    O               -1.6710               1.6303              -0.4036
8    H               -2.3239               0.9486              -0.6258
9    H                0.0068              -0.5913              -1.4238
10   H               -0.6089              -1.2772               1.3482
11   H                0.8630               0.9900               0.1913
12   H               -2.5126              -1.9882               0.3164
13   H               -1.9062              -1.5868              -1.1813
14   H               -0.2901               1.8752               1.0498
15   H               -1.8273               1.2213               1.6333
16   H                2.7859               0.2643               1.5321
17   H                1.7561               0.7172              -2.0452
18   H                2.4398              -1.4219               1.1085
19   H                1.2801              -0.4743               2.0541
20   H                2.9251               1.2426              -0.8424
21   H                2.9637              -0.4266              -1.4299


Energy:                 -383.580334 Convergence criteria  Is converged 
Maximum Force:             0.089061     0.002850                No
RMS Force:                 0.016225     0.001900                No
Maximum Displacement:      0.055498     0.003150                No
RMS Displacement:          0.012171     0.002100                No

Model change: -8.096186e-03  Actual change: -8.084624e-03  rho:  0.999
Trust radius (MW):  0.200000  Step norm (MW):  0.200000  On boundary: True

----------------------------------------------------------------------
                             Iteration: 9                             


                             Coordinates                              
----------------------------------------------------------------------
0    C               -0.8117              -0.7783               0.3948
1    C                1.3499               0.0549              -0.0493
2    C               -1.1198               1.1640               0.8005
3    C                2.0022              -0.4316               1.2338
4    C                2.3119               0.3966              -1.1590
5    N                0.3074              -0.8693              -0.4916
6    N               -1.9994              -1.2977              -0.2147
7    O               -1.6712               1.6292              -0.4032
8    H               -2.3302               0.9593              -0.6427
9    H                0.0065              -0.5836              -1.4199
10   H               -0.6114              -1.2555               1.3517
11   H                0.8800               0.9993               0.1847
12   H               -2.5018              -1.9845               0.3227
13   H               -1.8858              -1.5989              -1.1708
14   H               -0.2924               1.8212               1.0601
15   H               -1.8415               1.1878               1.6244
16   H                2.7900               0.2613               1.5331
17   H                1.7611               0.7155              -2.0471
18   H                2.4402              -1.4232               1.1053
19   H                1.2827              -0.4760               2.0524
20   H                2.9353               1.2354              -0.8468
21   H                2.9639              -0.4344              -1.4341


Energy:                 -383.588810 Convergence criteria  Is converged 
Maximum Force:             0.094006     0.002850                No
RMS Force:                 0.016887     0.001900                No
Maximum Displacement:      0.053971     0.003150                No
RMS Displacement:          0.012149     0.002100                No

Model change: -8.499947e-03  Actual change: -8.476038e-03  rho:  0.997
Trust radius (MW):  0.200000  Step norm (MW):  0.200000  On boundary: True

----------------------------------------------------------------------
                            Iteration: 10                             


                             Coordinates                              
----------------------------------------------------------------------
0    C               -0.8169              -0.7480               0.4015
1    C                1.3547               0.0570              -0.0508
2    C               -1.1298               1.1273               0.7935
3    C                2.0051              -0.4321               1.2324
4    C                2.3172               0.3923              -1.1620
5    N                0.3070              -0.8643              -0.4881
6    N               -2.0006              -1.2883              -0.2128
7    O               -1.6711               1.6277              -0.4025
8    H               -2.3360               0.9701              -0.6593
9    H                0.0063              -0.5761              -1.4161
10   H               -0.6143              -1.2326               1.3554
11   H                0.8962               1.0086               0.1789
12   H               -2.4906              -1.9809               0.3293
13   H               -1.8652              -1.6109              -1.1593
14   H               -0.2959               1.7684               1.0701
15   H               -1.8548               1.1526               1.6150
16   H                2.7942               0.2584               1.5339
17   H                1.7661               0.7137              -2.0490
18   H                2.4405              -1.4245               1.1022
19   H                1.2854              -0.4775               2.0508
20   H                2.9457               1.2280              -0.8514
21   H                2.9640              -0.4423              -1.4382


Energy:                 -383.597536 Convergence criteria  Is converged 
Maximum Force:             0.096628     0.002850                No
RMS Force:                 0.017182     0.001900                No
Maximum Displacement:      0.052834     0.003150                No
RMS Displacement:          0.012175     0.002100                No

Model change: -8.762925e-03  Actual change: -8.726786e-03  rho:  0.996
Trust radius (MW):  0.200000  Step norm (MW):  0.200000  On boundary: True

----------------------------------------------------------------------
                            Iteration: 11                             


                             Coordinates                              
----------------------------------------------------------------------
0    C               -0.8224              -0.7185               0.4076
1    C                1.3596               0.0594              -0.0522
2    C               -1.1392               1.0904               0.7861
3    C                2.0082              -0.4325               1.2311
4    C                2.3226               0.3880              -1.1651
5    N                0.3063              -0.8583              -0.4841
6    N               -2.0022              -1.2789              -0.2109
7    O               -1.6708               1.6258              -0.4017
8    H               -2.3414               0.9812              -0.6756
9    H                0.0062              -0.5686              -1.4122
10   H               -0.6176              -1.2085               1.3593
11   H                0.9120               1.0179               0.1739
12   H               -2.4791              -1.9770               0.3365
13   H               -1.8443              -1.6226              -1.1468
14   H               -0.3005               1.7164               1.0799
15   H               -1.8677               1.1159               1.6049
16   H                2.7989               0.2553               1.5347
17   H                1.7713               0.7118              -2.0511
18   H                2.4408              -1.4258               1.0989
19   H                1.2883              -0.4787               2.0492
20   H                2.9563               1.2203              -0.8563
21   H                2.9638              -0.4507              -1.4421


Energy:                 -383.606313 Convergence criteria  Is converged 
Maximum Force:             0.096559     0.002850                No
RMS Force:                 0.017050     0.001900                No
Maximum Displacement:      0.051955     0.003150                No
RMS Displacement:          0.012244     0.002100                No

Model change: -8.816196e-03  Actual change: -8.776712e-03  rho:  0.996
Trust radius (MW):  0.200000  Step norm (MW):  0.200000  On boundary: True

----------------------------------------------------------------------
                            Iteration: 12                             


                             Coordinates                              
----------------------------------------------------------------------
0    C               -0.8283              -0.6898               0.4131
1    C                1.3647               0.0623              -0.0534
2    C               -1.1483               1.0534               0.7783
3    C                2.0115              -0.4327               1.2297
4    C                2.3280               0.3833              -1.1683
5    N                0.3051              -0.8512              -0.4798
6    N               -2.0041              -1.2694              -0.2089
7    O               -1.6701               1.6233              -0.4007
8    H               -2.3462               0.9925              -0.6917
9    H                0.0061              -0.5609              -1.4083
10   H               -0.6212              -1.1835               1.3635
11   H                0.9276               1.0276               0.1697
12   H               -2.4679              -1.9722               0.3444
13   H               -1.8234              -1.6343              -1.1331
14   H               -0.3062               1.6654               1.0897
15   H               -1.8808               1.0778               1.5941
16   H                2.8039               0.2522               1.5355
17   H                1.7768               0.7098              -2.0533
18   H                2.4412              -1.4270               1.0954
19   H                1.2915              -0.4797               2.0476
20   H                2.9676               1.2120              -0.8614
21   H                2.9633              -0.4596              -1.4460


Energy:                 -383.614903 Convergence criteria  Is converged 
Maximum Force:             0.093032     0.002850                No
RMS Force:                 0.016382     0.001900                No
Maximum Displacement:      0.051004     0.003150                No
RMS Displacement:          0.012328     0.002100                No

Model change: -8.641535e-03  Actual change: -8.589723e-03  rho:  0.994
Trust radius (MW):  0.200000  Step norm (MW):  0.200000  On boundary: True

----------------------------------------------------------------------
                            Iteration: 13                             


                             Coordinates                              
----------------------------------------------------------------------
0    C               -0.8345              -0.6625               0.4179
1    C                1.3700               0.0658              -0.0543
2    C               -1.1575               1.0165               0.7704
3    C                2.0153              -0.4329               1.2282
4    C                2.3338               0.3783              -1.1717
5    N                0.3036              -0.8428              -0.4750
6    N               -2.0064              -1.2598              -0.2070
7    O               -1.6691               1.6202              -0.3995
8    H               -2.3505               1.0038              -0.7077
9    H                0.0062              -0.5528              -1.4044
10   H               -0.6250              -1.1578               1.3679
11   H                0.9433               1.0377               0.1664
12   H               -2.4573              -1.9661               0.3533
13   H               -1.8025              -1.6461              -1.1181
14   H               -0.3135               1.6154               1.1000
15   H               -1.8948               1.0385               1.5824
16   H                2.8096               0.2487               1.5361
17   H                1.7828               0.7075              -2.0558
18   H                2.4416              -1.4283               1.0915
19   H                1.2951              -0.4805               2.0459
20   H                2.9798               1.2027              -0.8671
21   H                2.9624              -0.4696              -1.4498


Energy:                 -383.622994 Convergence criteria  Is converged 
Maximum Force:             0.084854     0.002850                No
RMS Force:                 0.015005     0.001900                No
Maximum Displacement:      0.050003     0.003150                No
RMS Displacement:          0.012476     0.002100                No

Model change: -8.158212e-03  Actual change: -8.091463e-03  rho:  0.992
Trust radius (MW):  0.200000  Step norm (MW):  0.200000  On boundary: True

----------------------------------------------------------------------
                            Iteration: 14                             


                             Coordinates                              
----------------------------------------------------------------------
0    C               -0.8411              -0.6372               0.4219
1    C                1.3757               0.0702              -0.0550
2    C               -1.1677               0.9803               0.7627
3    C                2.0197              -0.4331               1.2265
4    C                2.3401               0.3724              -1.1754
5    N                0.3016              -0.8324              -0.4698
6    N               -2.0091              -1.2500              -0.2052
7    O               -1.6675               1.6163              -0.3981
8    H               -2.3538               1.0151              -0.7241
9    H                0.0063              -0.5436              -1.4003
10   H               -0.6289              -1.1322               1.3724
11   H                0.9594               1.0487               0.1642
12   H               -2.4481              -1.9578               0.3635
13   H               -1.7815              -1.6592              -1.1011
14   H               -0.3229               1.5666               1.1117
15   H               -1.9109               0.9979               1.5695
16   H                2.8164               0.2448               1.5366
17   H                1.7897               0.7049              -2.0587
18   H                2.4420              -1.4297               1.0869
19   H                1.2994              -0.4811               2.0442
20   H                2.9938               1.1917              -0.8736
21   H                2.9606              -0.4814              -1.4535


Energy:                 -383.630209 Convergence criteria  Is converged 
Maximum Force:             0.071247     0.002850                No
RMS Force:                 0.012824     0.001900                No
Maximum Displacement:      0.048831     0.003150                No
RMS Displacement:          0.012744     0.002100                No

Model change: -7.292705e-03  Actual change: -7.214419e-03  rho:  0.989
Trust radius (MW):  0.200000  Step norm (MW):  0.200000  On boundary: True

----------------------------------------------------------------------
                            Iteration: 15                             


                             Coordinates                              
----------------------------------------------------------------------
0    C               -0.8478              -0.6154               0.4251
1    C                1.3820               0.0762              -0.0552
2    C               -1.1800               0.9458               0.7558
3    C                2.0252              -0.4331               1.2244
4    C                2.3473               0.3650              -1.1797
5    N                0.2992              -0.8193              -0.4641
6    N               -2.0124              -1.2401              -0.2037
7    O               -1.6652               1.6112              -0.3966
8    H               -2.3557               1.0259              -0.7412
9    H                0.0061              -0.5319              -1.3959
10   H               -0.6325              -1.1081               1.3768
11   H                0.9766               1.0612               0.1635
12   H               -2.4425              -1.9456               0.3755
13   H               -1.7605              -1.6751              -1.0816
14   H               -0.3360               1.5199               1.1261
15   H               -1.9315               0.9562               1.5552
16   H                2.8251               0.2399               1.5368
17   H                1.7983               0.7014              -2.0624
18   H                2.4427              -1.4312               1.0809
19   H                1.3052              -0.4815               2.0423
20   H                3.0111               1.1776              -0.8816
21   H                2.9572              -0.4965              -1.4571


Energy:                 -383.636165 Convergence criteria  Is converged 
Maximum Force:             0.052593     0.002850                No
RMS Force:                 0.009976     0.001900                No
Maximum Displacement:      0.046672     0.003150                No
RMS Displacement:          0.013229     0.002100                No

Model change: -6.032914e-03  Actual change: -5.955898e-03  rho:  0.987
Trust radius (MW):  0.200000  Step norm (MW):  0.200000  On boundary: True

----------------------------------------------------------------------
                            Iteration: 16                             


                             Coordinates                              
----------------------------------------------------------------------
0    C               -0.8543              -0.5994               0.4275
1    C                1.3890               0.0845              -0.0547
2    C               -1.1959               0.9157               0.7513
3    C                2.0325              -0.4331               1.2217
4    C                2.3556               0.3553              -1.1847
5    N                0.2963              -0.8023              -0.4586
6    N               -2.0160              -1.2306              -0.2032
7    O               -1.6620               1.6047              -0.3953
8    H               -2.3546               1.0345              -0.7596
9    H                0.0049              -0.5153              -1.3909
10   H               -0.6350              -1.0890               1.3806
11   H                0.9951               1.0762               0.1648
12   H               -2.4452              -1.9263               0.3896
13   H               -1.7404              -1.6973              -1.0584
14   H               -0.3548               1.4787               1.1451
15   H               -1.9594               0.9155               1.5395
16   H                2.8369               0.2336               1.5362
17   H                1.8094               0.6967              -2.0670
18   H                2.4435              -1.4331               1.0725
19   H                1.3134              -0.4816               2.0404
20   H                3.0334               1.1582              -0.8917
21   H                2.9507              -0.5173              -1.4601


Energy:                 -383.640664 Convergence criteria  Is converged 
Maximum Force:             0.032655     0.002850                No
RMS Force:                 0.007126     0.001900                No
Maximum Displacement:      0.041217     0.003150                No
RMS Displacement:          0.014078     0.002100                No

Model change: -4.548479e-03  Actual change: -4.499367e-03  rho:  0.989
Trust radius (MW):  0.200000  Step norm (MW):  0.200000  On boundary: True

----------------------------------------------------------------------
                            Iteration: 17                             


                             Coordinates                              
----------------------------------------------------------------------
0    C               -0.8597              -0.5909               0.4298
1    C                1.3961               0.0952              -0.0535
2    C               -1.2152               0.8932               0.7512
3    C                2.0415              -0.4329               1.2182
4    C                2.3646               0.3429              -1.1897
5    N                0.2931              -0.7817              -0.4543
6    N               -2.0190              -1.2234              -0.2048
7    O               -1.6580               1.5971              -0.3943
8    H               -2.3482               1.0379              -0.7789
9    H                0.0015              -0.4916              -1.3855
10   H               -0.6353              -1.0794               1.3829
11   H                1.0139               1.0932               0.1682
12   H               -2.4623              -1.8963               0.4052
13   H               -1.7218              -1.7301              -1.0307
14   H               -0.3799               1.4484               1.1690
15   H               -1.9942               0.8809               1.5241
16   H                2.8520               0.2259               1.5335
17   H                1.8229               0.6905              -2.0724
18   H                2.4442              -1.4351               1.0611
19   H                1.3249              -0.4813               2.0391
20   H                3.0610               1.1324              -0.9035
21   H                2.9393              -0.5445              -1.4615


Energy:                 -383.643932 Convergence criteria  Is converged 
Maximum Force:             0.020822     0.002850                No
RMS Force:                 0.005144     0.001900                No
Maximum Displacement:      0.034887     0.003150                No
RMS Displacement:          0.015329     0.002100                No

Model change: -3.282387e-03  Actual change: -3.268446e-03  rho:  0.996
Trust radius (MW):  0.200000  Step norm (MW):  0.200000  On boundary: True

----------------------------------------------------------------------
                            Iteration: 18                             


                             Coordinates                              
----------------------------------------------------------------------
0    C               -0.8638              -0.5875               0.4328
1    C                1.4022               0.1068              -0.0517
2    C               -1.2353               0.8782               0.7551
3    C                2.0508              -0.4326               1.2140
4    C                2.3727               0.3292              -1.1940
5    N                0.2895              -0.7599              -0.4521
6    N               -2.0200              -1.2195              -0.2091
7    O               -1.6539               1.5897              -0.3937
8    H               -2.3356               1.0346              -0.7986
9    H               -0.0045              -0.4623              -1.3799
10   H               -0.6331              -1.0783               1.3838
11   H                1.0314               1.1102               0.1726
12   H               -2.4937              -1.8549               0.4201
13   H               -1.7037              -1.7742              -0.9974
14   H               -0.4079               1.4296               1.1947
15   H               -2.0310               0.8554               1.5107
16   H                2.8687               0.2175               1.5282
17   H                1.8372               0.6839              -2.0775
18   H                2.4443              -1.4371               1.0479
19   H                1.3387              -0.4804               2.0389
20   H                3.0901               1.1023              -0.9149
21   H                2.9233              -0.5749              -1.4611


Energy:                 -383.646467 Convergence criteria  Is converged 
Maximum Force:             0.017805     0.002850                No
RMS Force:                 0.004047     0.001900                No
Maximum Displacement:      0.044092     0.003150                No
RMS Displacement:          0.016650     0.002100                No

Model change: -2.536760e-03  Actual change: -2.534516e-03  rho:  0.999
Trust radius (MW):  0.200000  Step norm (MW):  0.200000  On boundary: True

----------------------------------------------------------------------
                            Iteration: 19                             


                             Coordinates                              
----------------------------------------------------------------------
0    C               -0.8669              -0.5862               0.4363
1    C                1.4070               0.1180              -0.0499
2    C               -1.2544               0.8679               0.7610
3    C                2.0594              -0.4324               1.2096
4    C                2.3793               0.3152              -1.1972
5    N                0.2854              -0.7383              -0.4514
6    N               -2.0183              -1.2180              -0.2154
7    O               -1.6501               1.5828              -0.3930
8    H               -2.3176               1.0257              -0.8186
9    H               -0.0128              -0.4303              -1.3743
10   H               -0.6291              -1.0812               1.3838
11   H                1.0473               1.1262               0.1770
12   H               -2.5337              -1.8029               0.4319
13   H               -1.6854              -1.8269              -0.9569
14   H               -0.4358               1.4178               1.2196
15   H               -2.0657               0.8370               1.4997
16   H                2.8854               0.2089               1.5206
17   H                1.8509               0.6778              -2.0817
18   H                2.4431              -1.4391               1.0347
19   H                1.3531              -0.4787               2.0396
20   H                3.1181               1.0703              -0.9246
21   H                2.9044              -0.6054              -1.4597


Energy:                 -383.648603 Convergence criteria  Is converged 
Maximum Force:             0.015166     0.002850                No
RMS Force:                 0.003408     0.001900                No
Maximum Displacement:      0.052724     0.003150                No
RMS Displacement:          0.017725     0.002100                No

Model change: -2.137424e-03  Actual change: -2.136007e-03  rho:  0.999
Trust radius (MW):  0.200000  Step norm (MW):  0.200000  On boundary: True

----------------------------------------------------------------------
                            Iteration: 20                             


                             Coordinates                              
----------------------------------------------------------------------
0    C               -0.8693              -0.5854               0.4400
1    C                1.4109               0.1282              -0.0484
2    C               -1.2725               0.8600               0.7677
3    C                2.0670              -0.4323               1.2051
4    C                2.3846               0.3014              -1.1998
5    N                0.2811              -0.7173              -0.4514
6    N               -2.0138              -1.2184              -0.2229
7    O               -1.6469               1.5766              -0.3918
8    H               -2.2953               1.0136              -0.8391
9    H               -0.0224              -0.3979              -1.3686
10   H               -0.6240              -1.0852               1.3836
11   H                1.0621               1.1409               0.1809
12   H               -2.5771              -1.7424               0.4383
13   H               -1.6681              -1.8840              -0.9086
14   H               -0.4625               1.4094               1.2432
15   H               -2.0979               0.8226               1.4905
16   H                2.9016               0.2001               1.5113
17   H                1.8637               0.6726              -2.0851
18   H                2.4403              -1.4416               1.0221
19   H                1.3674              -0.4759               2.0409
20   H                3.1441               1.0374              -0.9325
21   H                2.8836              -0.6347              -1.4582


Energy:                 -383.650466 Convergence criteria  Is converged 
Maximum Force:             0.012807     0.002850                No
RMS Force:                 0.002957     0.001900                No
Maximum Displacement:      0.060544     0.003150                No
RMS Displacement:          0.018454     0.002100                No

Model change: -1.863030e-03  Actual change: -1.863395e-03  rho:  1.000
Trust radius (MW):  0.200000  Step norm (MW):  0.200000  On boundary: True

----------------------------------------------------------------------
                            Iteration: 21                             


                             Coordinates                              
----------------------------------------------------------------------
0    C               -0.8711              -0.5845               0.4436
1    C                1.4142               0.1377              -0.0470
2    C               -1.2898               0.8533               0.7744
3    C                2.0736              -0.4325               1.2006
4    C                2.3887               0.2877              -1.2020
5    N                0.2766              -0.6966              -0.4517
6    N               -2.0071              -1.2201              -0.2307
7    O               -1.6444               1.5713              -0.3901
8    H               -2.2699               1.0004              -0.8599
9    H               -0.0324              -0.3666              -1.3630
10   H               -0.6185              -1.0886               1.3834
11   H                1.0765               1.1547               0.1843
12   H               -2.6202              -1.6762               0.4376
13   H               -1.6538              -1.9414              -0.8542
14   H               -0.4885               1.4027               1.2655
15   H               -2.1282               0.8100               1.4822
16   H                2.9175               0.1904               1.5007
17   H                1.8758               0.6685              -2.0878
18   H                2.4353              -1.4448               1.0106
19   H                1.3813              -0.4718               2.0426
20   H                3.1688               1.0035              -0.9391
21   H                2.8609              -0.6631              -1.4573


Energy:                 -383.652075 Convergence criteria  Is converged 
Maximum Force:             0.010527     0.002850                No
RMS Force:                 0.002553     0.001900                No
Maximum Displacement:      0.066194     0.003150                No
RMS Displacement:          0.018825     0.002100                No

Model change: -1.603803e-03  Actual change: -1.608337e-03  rho:  1.003
Trust radius (MW):  0.200000  Step norm (MW):  0.200000  On boundary: True

----------------------------------------------------------------------
                            Iteration: 22                             


                             Coordinates                              
----------------------------------------------------------------------
0    C               -0.8724              -0.5832               0.4468
1    C                1.4176               0.1468              -0.0459
2    C               -1.3072               0.8472               0.7809
3    C                2.0794              -0.4330               1.1962
4    C                2.3922               0.2736              -1.2042
5    N                0.2726              -0.6760              -0.4519
6    N               -1.9984              -1.2232              -0.2384
7    O               -1.6431               1.5671              -0.3878
8    H               -2.2431               0.9880              -0.8805
9    H               -0.0418              -0.3367              -1.3575
10   H               -0.6129              -1.0907               1.3833
11   H                1.0916               1.1681               0.1873
12   H               -2.6596              -1.6085               0.4293
13   H               -1.6439              -1.9955              -0.7967
14   H               -0.5150               1.3969               1.2870
15   H               -2.1578               0.7976               1.4738
16   H                2.9339               0.1789               1.4890
17   H                1.8876               0.6655              -2.0899
18   H                2.4274              -1.4490               1.0003
19   H                1.3948              -0.4657               2.0448
20   H                3.1932               0.9674              -0.9452
21   H                2.8360              -0.6914              -1.4577


Energy:                 -383.653396 Convergence criteria  Is converged 
Maximum Force:             0.008211     0.002850                No
RMS Force:                 0.002122     0.001900                No
Maximum Displacement:      0.067653     0.003150                No
RMS Displacement:          0.018840     0.002100                No

Model change: -1.311410e-03  Actual change: -1.320895e-03  rho:  1.007
Trust radius (MW):  0.200000  Step norm (MW):  0.200000  On boundary: True

----------------------------------------------------------------------
                            Iteration: 23                             


                             Coordinates                              
----------------------------------------------------------------------
0    C               -0.8732              -0.5813               0.4494
1    C                1.4218               0.1557              -0.0448
2    C               -1.3253               0.8414               0.7869
3    C                2.0848              -0.4340               1.1920
4    C                2.3956               0.2584              -1.2067
5    N                0.2693              -0.6547              -0.4516
6    N               -1.9882              -1.2278              -0.2455
7    O               -1.6437               1.5643              -0.3848
8    H               -2.2175               0.9784              -0.9001
9    H               -0.0496              -0.3077              -1.3524
10   H               -0.6071              -1.0908               1.3832
11   H                1.1085               1.1815               0.1899
12   H               -2.6920              -1.5454               0.4140
13   H               -1.6377              -2.0433              -0.7403
14   H               -0.5431               1.3920               1.3080
15   H               -2.1875               0.7841               1.4651
16   H                2.9517               0.1644               1.4762
17   H                1.8998               0.6635              -2.0915
18   H                2.4153              -1.4551               0.9917
19   H                1.4083              -0.4567               2.0475
20   H                3.2186               0.9274              -0.9514
21   H                2.8079              -0.7206              -1.4599


Energy:                 -383.654387 Convergence criteria  Is converged 
Maximum Force:             0.005854     0.002850                No
RMS Force:                 0.001636     0.001900                Yes
Maximum Displacement:      0.063083     0.003150                No
RMS Displacement:          0.018452     0.002100                No

Model change: -9.788523e-04  Actual change: -9.916385e-04  rho:  1.013
Trust radius (MW):  0.200000  Step norm (MW):  0.200000  On boundary: True

----------------------------------------------------------------------
                            Iteration: 24                             


                             Coordinates                              
----------------------------------------------------------------------
0    C               -0.8733              -0.5781               0.4510
1    C                1.4278               0.1641              -0.0438
2    C               -1.3443               0.8366               0.7919
3    C                2.0897              -0.4361               1.1885
4    C                2.3999               0.2412              -1.2097
5    N                0.2672              -0.6325              -0.4513
6    N               -1.9767              -1.2343              -0.2515
7    O               -1.6487               1.5636              -0.3808
8    H               -2.1985               0.9732              -0.9162
9    H               -0.0550              -0.2788              -1.3478
10   H               -0.6005              -1.0879               1.3830
11   H                1.1289               1.1947               0.1918
12   H               -2.7137              -1.4958               0.3950
13   H               -1.6318              -2.0817              -0.6915
14   H               -0.5725               1.3892               1.3270
15   H               -2.2164               0.7695               1.4565
16   H                2.9720               0.1446               1.4622
17   H                1.9138               0.6620              -2.0926
18   H                2.3971              -1.4641               0.9861
19   H                1.4219              -0.4434               2.0512
20   H                3.2463               0.8820              -0.9578
21   H                2.7772              -0.7515              -1.4642


Energy:                 -383.655034 Convergence criteria  Is converged 
Maximum Force:             0.004063     0.002850                No
RMS Force:                 0.001089     0.001900                Yes
Maximum Displacement:      0.049600     0.003150                No
RMS Displacement:          0.017491     0.002100                No

Model change: -6.350614e-04  Actual change: -6.470575e-04  rho:  1.019
Trust radius (MW):  0.200000  Step norm (MW):  0.200000  On boundary: True

----------------------------------------------------------------------
                            Iteration: 25                             


                             Coordinates                              
----------------------------------------------------------------------
0    C               -0.8718              -0.5724               0.4511
1    C                1.4367               0.1705              -0.0433
2    C               -1.3622               0.8343               0.7952
3    C                2.0934              -0.4407               1.1864
4    C                2.4076               0.2221              -1.2123
5    N                0.2667              -0.6098              -0.4523
6    N               -1.9643              -1.2416              -0.2552
7    O               -1.6633               1.5650              -0.3761
8    H               -2.1954               0.9710              -0.9245
9    H               -0.0572              -0.2482              -1.3447
10   H               -0.5915              -1.0804               1.3820
11   H                1.1543               1.2064               0.1928
12   H               -2.7207              -1.4697               0.3795
13   H               -1.6209              -2.1063              -0.6582
14   H               -0.5991               1.3914               1.3386
15   H               -2.2392               0.7557               1.4522
16   H                2.9935               0.1179               1.4485
17   H                1.9324               0.6587              -2.0933
18   H                2.3721              -1.4774               0.9853
19   H                1.4342              -0.4266               2.0556
20   H                3.2758               0.8340              -0.9629
21   H                2.7501              -0.7828              -1.4683


Energy:                 -383.655382 Convergence criteria  Is converged 
Maximum Force:             0.001928     0.002850                Yes
RMS Force:                 0.000571     0.001900                Yes
Maximum Displacement:      0.047971     0.003150                No
RMS Displacement:          0.015646     0.002100                No

Model change: -3.417758e-04  Actual change: -3.481251e-04  rho:  1.019
Trust radius (MW):  0.200000  Step norm (MW):  0.200000  On boundary: True

----------------------------------------------------------------------
                            Iteration: 26                             


                             Coordinates                              
----------------------------------------------------------------------
0    C               -0.8681              -0.5641               0.4497
1    C                1.4474               0.1734              -0.0435
2    C               -1.3746               0.8361               0.7966
3    C                2.0947              -0.4492               1.1857
4    C                2.4197               0.2042              -1.2125
5    N                0.2676              -0.5890              -0.4563
6    N               -1.9531              -1.2464              -0.2552
7    O               -1.6889               1.5653              -0.3723
8    H               -2.2112               0.9649              -0.9227
9    H               -0.0569              -0.2165              -1.3438
10   H               -0.5793              -1.0689               1.3798
11   H                1.1817               1.2139               0.1933
12   H               -2.7143              -1.4666               0.3754
13   H               -1.6052              -2.1148              -0.6441
14   H               -0.6148               1.4009               1.3369
15   H               -2.2480               0.7468               1.4571
16   H                3.0110               0.0863               1.4390
17   H                1.9554               0.6520              -2.0936
18   H                2.3445              -1.4938               0.9876
19   H                1.4421              -0.4131               2.0592
20   H                3.3028               0.7939              -0.9634
21   H                2.7362              -0.8089              -1.4684


Energy:                 -383.655553 Convergence criteria  Is converged 
Maximum Force:             0.001314     0.002850                Yes
RMS Force:                 0.000310     0.001900                Yes
Maximum Displacement:      0.040077     0.003150                No
RMS Displacement:          0.013560     0.002100                No

Model change: -1.686914e-04  Actual change: -1.705995e-04  rho:  1.011
Trust radius (MW):  0.200000  Step norm (MW):  0.200000  On boundary: True

----------------------------------------------------------------------
                            Iteration: 27                             


                             Coordinates                              
----------------------------------------------------------------------
0    C               -0.8630              -0.5547               0.4479
1    C                1.4581               0.1739              -0.0436
2    C               -1.3816               0.8407               0.7965
3    C                2.0945              -0.4610               1.1852
4    C                2.4333               0.1902              -1.2107
5    N                0.2691              -0.5707              -0.4619
6    N               -1.9443              -1.2478              -0.2523
7    O               -1.7193               1.5626              -0.3706
8    H               -2.2361               0.9521              -0.9153
9    H               -0.0554              -0.1850              -1.3437
10   H               -0.5658              -1.0561               1.3769
11   H                1.2075               1.2179               0.1957
12   H               -2.7016              -1.4741               0.3807
13   H               -1.5893              -2.1130              -0.6417
14   H               -0.6210               1.4156               1.3252
15   H               -2.2457               0.7436               1.4682
16   H                3.0244               0.0530               1.4331
17   H                1.9785               0.6457              -2.0927
18   H                2.3187              -1.5117               0.9887
19   H                1.4470              -0.4069               2.0614
20   H                3.3257               0.7647              -0.9595
21   H                2.7326              -0.8279              -1.4662


Energy:                 -383.655656 Convergence criteria  Is converged 
Maximum Force:             0.001022     0.002850                Yes
RMS Force:                 0.000218     0.001900                Yes
Maximum Displacement:      0.033351     0.003150                No
RMS Displacement:          0.012830     0.002100                No

Model change: -1.021848e-04  Actual change: -1.028670e-04  rho:  1.007
Trust radius (MW):  0.200000  Step norm (MW):  0.200000  On boundary: True

----------------------------------------------------------------------
                            Iteration: 28                             


                             Coordinates                              
----------------------------------------------------------------------
0    C               -0.8578              -0.5443               0.4466
1    C                1.4685               0.1730              -0.0424
2    C               -1.3867               0.8473               0.7947
3    C                2.0950              -0.4766               1.1839
4    C                2.4461               0.1806              -1.2077
5    N                0.2708              -0.5537              -0.4671
6    N               -1.9366              -1.2478              -0.2474
7    O               -1.7506               1.5578              -0.3715
8    H               -2.2625               0.9350              -0.9072
9    H               -0.0529              -0.1544              -1.3432
10   H               -0.5527              -1.0416               1.3750
11   H                1.2320               1.2192               0.2024
12   H               -2.6877              -1.4825               0.3900
13   H               -1.5748              -2.1085              -0.6403
14   H               -0.6241               1.4337               1.3081
15   H               -2.2394               0.7449               1.4801
16   H                3.0366               0.0171               1.4286
17   H                1.9990               0.6439              -2.0896
18   H                2.2963              -1.5315               0.9855
19   H                1.4527              -0.4093               2.0629
20   H                3.3453               0.7427              -0.9533
21   H                2.7324              -0.8407              -1.4653


Energy:                 -383.655726 Convergence criteria  Is converged 
Maximum Force:             0.000732     0.002850                Yes
RMS Force:                 0.000170     0.001900                Yes
Maximum Displacement:      0.035832     0.003150                No
RMS Displacement:          0.012649     0.002100                No

Model change: -6.970317e-05  Actual change: -7.007625e-05  rho:  1.005
Trust radius (MW):  0.200000  Step norm (MW):  0.200000  On boundary: True

----------------------------------------------------------------------
                            Iteration: 29                             


                             Coordinates                              
----------------------------------------------------------------------
0    C               -0.8534              -0.5330               0.4465
1    C                1.4784               0.1708              -0.0387
2    C               -1.3921               0.8559               0.7905
3    C                2.0986              -0.4976               1.1809
4    C                2.4560               0.1770              -1.2042
5    N                0.2725              -0.5381              -0.4701
6    N               -1.9295              -1.2478              -0.2403
7    O               -1.7800               1.5520              -0.3767
8    H               -2.2867               0.9161              -0.9022
9    H               -0.0495              -0.1258              -1.3408
10   H               -0.5413              -1.0241               1.3758
11   H                1.2549               1.2176               0.2166
12   H               -2.6746              -1.4894               0.4016
13   H               -1.5611              -2.1047              -0.6351
14   H               -0.6284               1.4545               1.2881
15   H               -2.2342               0.7506               1.4885
16   H                3.0497              -0.0219               1.4244
17   H                2.0141               0.6517              -2.0827
18   H                2.2808              -1.5544               0.9745
19   H                1.4620              -0.4248               2.0634
20   H                3.3614               0.7270              -0.9456
21   H                2.7307              -0.8455              -1.4695


Energy:                 -383.655772 Convergence criteria  Is converged 
Maximum Force:             0.000473     0.002850                Yes
RMS Force:                 0.000134     0.001900                Yes
Maximum Displacement:      0.039010     0.003150                No
RMS Displacement:          0.012707     0.002100                No

Model change: -4.582625e-05  Actual change: -4.613484e-05  rho:  1.007
Trust radius (MW):  0.200000  Step norm (MW):  0.200000  On boundary: True

----------------------------------------------------------------------
                            Iteration: 30                             


                             Coordinates                              
----------------------------------------------------------------------
0    C               -0.8505              -0.5217               0.4486
1    C                1.4869               0.1675              -0.0321
2    C               -1.3984               0.8660               0.7836
3    C                2.1060              -0.5234               1.1758
4    C                2.4611               0.1811              -1.2006
5    N                0.2739              -0.5252              -0.4696
6    N               -1.9234              -1.2486              -0.2308
7    O               -1.8038               1.5459              -0.3870
8    H               -2.3057               0.8979              -0.9026
9    H               -0.0454              -0.1021              -1.3361
10   H               -0.5332              -1.0041               1.3804
11   H                1.2739               1.2126               0.2391
12   H               -2.6637              -1.4942               0.4151
13   H               -1.5489              -2.1032              -0.6245
14   H               -0.6353               1.4763               1.2675
15   H               -2.2330               0.7607               1.4906
16   H                3.0632              -0.0612               1.4204
17   H                2.0209               0.6716              -2.0713
18   H                2.2759              -1.5792               0.9543
19   H                1.4752              -0.4556               2.0627
20   H                3.3722               0.7192              -0.9372
21   H                2.7257              -0.8402              -1.4804


Energy:                 -383.655803 Convergence criteria  Is converged 
Maximum Force:             0.000343     0.002850                Yes
RMS Force:                 0.000108     0.001900                Yes
Maximum Displacement:      0.039294     0.003150                No
RMS Displacement:          0.013193     0.002100                No

Model change: -3.050825e-05  Actual change: -3.084126e-05  rho:  1.011
Trust radius (MW):  0.200000  Step norm (MW):  0.200000  On boundary: True

----------------------------------------------------------------------
                            Iteration: 31                             


                             Coordinates                              
----------------------------------------------------------------------
0    C               -0.8490              -0.5110               0.4521
1    C                1.4937               0.1635              -0.0238
2    C               -1.4047               0.8765               0.7752
3    C                2.1155              -0.5510               1.1690
4    C                2.4621               0.1908              -1.1969
5    N                0.2748              -0.5154              -0.4666
6    N               -1.9187              -1.2498              -0.2196
7    O               -1.8212               1.5401              -0.4008
8    H               -2.3194               0.8819              -0.9069
9    H               -0.0413              -0.0841              -1.3301
10   H               -0.5280              -0.9835               1.3876
11   H                1.2883               1.2052               0.2659
12   H               -2.6555              -1.4969               0.4297
13   H               -1.5388              -2.1036              -0.6099
14   H               -0.6431               1.4974               1.2479
15   H               -2.2348               0.7735               1.4878
16   H                3.0760              -0.0972               1.4167
17   H                2.0213               0.6993              -2.0570
18   H                2.2795              -1.6034               0.9281
19   H                1.4897              -0.4960               2.0603
20   H                3.3783               0.7180              -0.9288
21   H                2.7185              -0.8274              -1.4955


Energy:                 -383.655828 Convergence criteria  Is converged 
Maximum Force:             0.000264     0.002850                Yes
RMS Force:                 0.000100     0.001900                Yes
Maximum Displacement:      0.040345     0.003150                No
RMS Displacement:          0.013701     0.002100                No

Model change: -2.434569e-05  Actual change: -2.469929e-05  rho:  1.015
Trust radius (MW):  0.200000  Step norm (MW):  0.200000  On boundary: True

----------------------------------------------------------------------
                            Iteration: 32                             


                             Coordinates                              
----------------------------------------------------------------------
0    C               -0.8482              -0.5010               0.4563
1    C                1.4992               0.1592              -0.0150
2    C               -1.4107               0.8868               0.7661
3    C                2.1257              -0.5785               1.1612
4    C                2.4611               0.2033              -1.1930
5    N                0.2755              -0.5078              -0.4623
6    N               -1.9148              -1.2513              -0.2076
7    O               -1.8348               1.5346              -0.4161
8    H               -2.3300               0.8672              -0.9131
9    H               -0.0374              -0.0698              -1.3236
10   H               -0.5245              -0.9630               1.3961
11   H                1.2997               1.1965               0.2943
12   H               -2.6489              -1.4984               0.4448
13   H               -1.5304              -2.1051              -0.5932
14   H               -0.6510               1.5173               1.2290
15   H               -2.2379               0.7874               1.4824
16   H                3.0874              -0.1300               1.4137
17   H                2.0183               0.7303              -2.0409
18   H                2.2881              -1.6261               0.8991
19   H                1.5038              -0.5407               2.0562
20   H                3.3817               0.7202              -0.9203
21   H                2.7101              -0.8106              -1.5119


Energy:                 -383.655851 Convergence criteria  Is converged 
Maximum Force:             0.000276     0.002850                Yes
RMS Force:                 0.000101     0.001900                Yes
Maximum Displacement:      0.044780     0.003150                No
RMS Displacement:          0.013965     0.002100                No

Model change: -2.323270e-05  Actual change: -2.360846e-05  rho:  1.016
Trust radius (MW):  0.200000  Step norm (MW):  0.200000  On boundary: True

----------------------------------------------------------------------
                            Iteration: 33                             


                             Coordinates                              
----------------------------------------------------------------------
0    C               -0.8477              -0.4914               0.4609
1    C                1.5040               0.1547              -0.0061
2    C               -1.4163               0.8971               0.7567
3    C                2.1359              -0.6058               1.1528
4    C                2.4592               0.2171              -1.1888
5    N                0.2760              -0.5013              -0.4576
6    N               -1.9115              -1.2528              -0.1951
7    O               -1.8463               1.5290              -0.4320
8    H               -2.3390               0.8531              -0.9200
9    H               -0.0336              -0.0576              -1.3171
10   H               -0.5216              -0.9426               1.4050
11   H                1.3095               1.1869               0.3230
12   H               -2.6432              -1.4989               0.4604
13   H               -1.5228              -2.1070              -0.5754
14   H               -0.6585               1.5364               1.2103
15   H               -2.2414               0.8020               1.4759
16   H                3.0977              -0.1608               1.4113
17   H                2.0142               0.7626              -2.0237
18   H                2.2990              -1.6474               0.8686
19   H                1.5170              -0.5875               2.0505
20   H                3.3840               0.7238              -0.9116
21   H                2.7014              -0.7917              -1.5286


Energy:                 -383.655876 Convergence criteria  Is converged 
Maximum Force:             0.000295     0.002850                Yes
RMS Force:                 0.000105     0.001900                Yes
Maximum Displacement:      0.046805     0.003150                No
RMS Displacement:          0.014095     0.002100                No

Model change: -2.427663e-05  Actual change: -2.469053e-05  rho:  1.017
Trust radius (MW):  0.200000  Step norm (MW):  0.200000  On boundary: True

----------------------------------------------------------------------
                            Iteration: 34                             


                             Coordinates                              
----------------------------------------------------------------------
0    C               -0.8474              -0.4821               0.4654
1    C                1.5084               0.1500               0.0028
2    C               -1.4215               0.9072               0.7470
3    C                2.1458              -0.6328               1.1438
4    C                2.4569               0.2316              -1.1841
5    N                0.2763              -0.4955              -0.4528
6    N               -1.9085              -1.2542              -0.1823
7    O               -1.8566               1.5234              -0.4481
8    H               -2.3472               0.8395              -0.9271
9    H               -0.0300              -0.0464              -1.3107
10   H               -0.5190              -0.9222               1.4139
11   H                1.3184               1.1765               0.3518
12   H               -2.6378              -1.4990               0.4763
13   H               -1.5159              -2.1090              -0.5571
14   H               -0.6655               1.5550               1.1915
15   H               -2.2448               0.8168               1.4689
16   H                3.1070              -0.1906               1.4093
17   H                2.0096               0.7956              -2.0054
18   H                2.3110              -1.6677               0.8370
19   H                1.5292              -0.6357               2.0432
20   H                3.3858               0.7283              -0.9025
21   H                2.6924              -0.7714              -1.5451


Energy:                 -383.655903 Convergence criteria  Is converged 
Maximum Force:             0.000323     0.002850                Yes
RMS Force:                 0.000110     0.001900                Yes
Maximum Displacement:      0.048125     0.003150                No
RMS Displacement:          0.014192     0.002100                No

Model change: -2.645036e-05  Actual change: -2.678896e-05  rho:  1.013
Trust radius (MW):  0.200000  Step norm (MW):  0.200000  On boundary: True

----------------------------------------------------------------------
                            Iteration: 35                             


                             Coordinates                              
----------------------------------------------------------------------
0    C               -0.8470              -0.4728               0.4701
1    C                1.5126               0.1451               0.0116
2    C               -1.4263               0.9172               0.7373
3    C                2.1553              -0.6596               1.1343
4    C                2.4545               0.2466              -1.1790
5    N                0.2766              -0.4900              -0.4480
6    N               -1.9057              -1.2555              -0.1690
7    O               -1.8663               1.5176              -0.4641
8    H               -2.3548               0.8259              -0.9340
9    H               -0.0263              -0.0358              -1.3045
10   H               -0.5164              -0.9017               1.4229
11   H                1.3267               1.1655               0.3804
12   H               -2.6326              -1.4986               0.4928
13   H               -1.5094              -2.1109              -0.5383
14   H               -0.6720               1.5732               1.1725
15   H               -2.2479               0.8320               1.4617
16   H                3.1153              -0.2195               1.4077
17   H                2.0050               0.8290              -1.9862
18   H                2.3238              -1.6869               0.8047
19   H                1.5403              -0.6847               2.0344
20   H                3.3873               0.7333              -0.8929
21   H                2.6835              -0.7500              -1.5612


Energy:                 -383.655932 Convergence criteria  Is converged 
Maximum Force:             0.000353     0.002850                Yes
RMS Force:                 0.000115     0.001900                Yes
Maximum Displacement:      0.048992     0.003150                No
RMS Displacement:          0.014261     0.002100                No

Model change: -2.934621e-05  Actual change: -2.971100e-05  rho:  1.012
Trust radius (MW):  0.200000  Step norm (MW):  0.200000  On boundary: True

----------------------------------------------------------------------
                            Iteration: 36                             


                             Coordinates                              
----------------------------------------------------------------------
0    C               -0.8466              -0.4635               0.4746
1    C                1.5165               0.1402               0.0203
2    C               -1.4308               0.9272               0.7273
3    C                2.1643              -0.6861               1.1242
4    C                2.4520               0.2620              -1.1734
5    N                0.2769              -0.4848              -0.4434
6    N               -1.9030              -1.2566              -0.1555
7    O               -1.8755               1.5117              -0.4802
8    H               -2.3622               0.8124              -0.9408
9    H               -0.0227              -0.0257              -1.2984
10   H               -0.5137              -0.8811               1.4316
11   H                1.3344               1.1540               0.4089
12   H               -2.6275              -1.4979               0.5098
13   H               -1.5033              -2.1128              -0.5192
14   H               -0.6779               1.5910               1.1531
15   H               -2.2507               0.8474               1.4543
16   H                3.1226              -0.2479               1.4066
17   H                2.0007               0.8625              -1.9661
18   H                2.3368              -1.7050               0.7716
19   H                1.5502              -0.7342               2.0240
20   H                3.3887               0.7385              -0.8829
21   H                2.6746              -0.7277              -1.5769


Energy:                 -383.655965 Convergence criteria  Is converged 
Maximum Force:             0.000383     0.002850                Yes
RMS Force:                 0.000120     0.001900                Yes
Maximum Displacement:      0.049522     0.003150                No
RMS Displacement:          0.014314     0.002100                No

Model change: -3.266574e-05  Actual change: -3.300102e-05  rho:  1.010
Trust radius (MW):  0.200000  Step norm (MW):  0.200000  On boundary: True

----------------------------------------------------------------------
                            Iteration: 37                             


                             Coordinates                              
----------------------------------------------------------------------
0    C               -0.8462              -0.4543               0.4792
1    C                1.5202               0.1352               0.0288
2    C               -1.4350               0.9370               0.7174
3    C                2.1729              -0.7124               1.1136
4    C                2.4496               0.2777              -1.1674
5    N                0.2771              -0.4798              -0.4390
6    N               -1.9004              -1.2577              -0.1416
7    O               -1.8843               1.5055              -0.4960
8    H               -2.3693               0.7989              -0.9472
9    H               -0.0192              -0.0159              -1.2925
10   H               -0.5109              -0.8605               1.4402
11   H                1.3416               1.1418               0.4373
12   H               -2.6223              -1.4969               0.5272
13   H               -1.4974              -2.1146              -0.4998
14   H               -0.6834               1.6084               1.1334
15   H               -2.2530               0.8630               1.4469
16   H                3.1291              -0.2760               1.4059
17   H                1.9965               0.8963              -1.9451
18   H                2.3501              -1.7222               0.7380
19   H                1.5590              -0.7842               2.0121
20   H                3.3900               0.7440              -0.8724
21   H                2.6658              -0.7046              -1.5921


Energy:                 -383.656002 Convergence criteria  Is converged 
Maximum Force:             0.000412     0.002850                Yes
RMS Force:                 0.000126     0.001900                Yes
Maximum Displacement:      0.049978     0.003150                No
RMS Displacement:          0.014375     0.002100                No

Model change: -3.613663e-05  Actual change: -3.639619e-05  rho:  1.007
Trust radius (MW):  0.200000  Step norm (MW):  0.200000  On boundary: True

----------------------------------------------------------------------
                            Iteration: 38                             


                             Coordinates                              
----------------------------------------------------------------------
0    C               -0.8456              -0.4452               0.4836
1    C                1.5237               0.1301               0.0372
2    C               -1.4388               0.9467               0.7072
3    C                2.1808              -0.7385               1.1026
4    C                2.4473               0.2937              -1.1608
5    N                0.2773              -0.4749              -0.4348
6    N               -1.8978              -1.2587              -0.1274
7    O               -1.8928               1.4992              -0.5119
8    H               -2.3761               0.7853              -0.9534
9    H               -0.0157              -0.0063              -1.2868
10   H               -0.5078              -0.8398               1.4486
11   H                1.3484               1.1292               0.4653
12   H               -2.6170              -1.4957               0.5451
13   H               -1.4917              -2.1164              -0.4800
14   H               -0.6883               1.6254               1.1133
15   H               -2.2549               0.8787               1.4395
16   H                3.1347              -0.3040               1.4054
17   H                1.9928               0.9299              -1.9232
18   H                2.3631              -1.7384               0.7040
19   H                1.5667              -0.8342               1.9986
20   H                3.3913               0.7496              -0.8614
21   H                2.6572              -0.6806              -1.6066


Energy:                 -383.656042 Convergence criteria  Is converged 
Maximum Force:             0.000436     0.002850                Yes
RMS Force:                 0.000131     0.001900                Yes
Maximum Displacement:      0.050065     0.003150                No
RMS Displacement:          0.014409     0.002100                No

Model change: -3.947825e-05  Actual change: -3.975193e-05  rho:  1.007
Trust radius (MW):  0.200000  Step norm (MW):  0.200000  On boundary: True

----------------------------------------------------------------------
                            Iteration: 39                             


                             Coordinates                              
----------------------------------------------------------------------
0    C               -0.8450              -0.4361               0.4880
1    C                1.5271               0.1250               0.0453
2    C               -1.4423               0.9563               0.6971
3    C                2.1882              -0.7643               1.0911
4    C                2.4451               0.3098              -1.1538
5    N                0.2774              -0.4702              -0.4308
6    N               -1.8953              -1.2596              -0.1128
7    O               -1.9010               1.4926              -0.5276
8    H               -2.3828               0.7716              -0.9593
9    H               -0.0123               0.0031              -1.2813
10   H               -0.5044              -0.8190               1.4568
11   H                1.3549               1.1160               0.4930
12   H               -2.6117              -1.4942               0.5636
13   H               -1.4863              -2.1180              -0.4599
14   H               -0.6928               1.6422               1.0928
15   H               -2.2565               0.8946               1.4320
16   H                3.1395              -0.3320               1.4051
17   H                1.9894               0.9635              -1.9005
18   H                2.3760              -1.7538               0.6697
19   H                1.5734              -0.8842               1.9837
20   H                3.3927               0.7553              -0.8499
21   H                2.6488              -0.6560              -1.6206


Energy:                 -383.656084 Convergence criteria  Is converged 
Maximum Force:             0.000453     0.002850                Yes
RMS Force:                 0.000134     0.001900                Yes
Maximum Displacement:      0.049959     0.003150                No
RMS Displacement:          0.014442     0.002100                No

Model change: -4.241050e-05  Actual change: -4.261701e-05  rho:  1.005
Trust radius (MW):  0.200000  Step norm (MW):  0.200000  On boundary: True

----------------------------------------------------------------------
                            Iteration: 40                             


                             Coordinates                              
----------------------------------------------------------------------
0    C               -0.8442              -0.4270               0.4923
1    C                1.5303               0.1197               0.0533
2    C               -1.4455               0.9658               0.6868
3    C                2.1950              -0.7898               1.0792
4    C                2.4431               0.3260              -1.1463
5    N                0.2775              -0.4655              -0.4271
6    N               -1.8928              -1.2603              -0.0978
7    O               -1.9089               1.4857              -0.5432
8    H               -2.3893               0.7578              -0.9648
9    H               -0.0089               0.0125              -1.2760
10   H               -0.5008              -0.7981               1.4647
11   H                1.3610               1.1023               0.5203
12   H               -2.6061              -1.4924               0.5827
13   H               -1.4809              -2.1196              -0.4396
14   H               -0.6968               1.6586               1.0720
15   H               -2.2577               0.9106               1.4244
16   H                3.1436              -0.3601               1.4049
17   H                1.9863               0.9969              -1.8770
18   H                2.3883              -1.7683               0.6352
19   H                1.5790              -0.9339               1.9674
20   H                3.3940               0.7611              -0.8381
21   H                2.6406              -0.6308              -1.6340


Energy:                 -383.656129 Convergence criteria  Is converged 
Maximum Force:             0.000464     0.002850                Yes
RMS Force:                 0.000137     0.001900                Yes
Maximum Displacement:      0.049673     0.003150                No
RMS Displacement:          0.014465     0.002100                No

Model change: -4.465909e-05  Actual change: -4.483373e-05  rho:  1.004
Trust radius (MW):  0.200000  Step norm (MW):  0.200000  On boundary: True

----------------------------------------------------------------------
                            Iteration: 41                             


                             Coordinates                              
----------------------------------------------------------------------
0    C               -0.8434              -0.4179               0.4965
1    C                1.5333               0.1144               0.0610
2    C               -1.4484               0.9752               0.6764
3    C                2.2012              -0.8151               1.0668
4    C                2.4412               0.3423              -1.1384
5    N                0.2775              -0.4609              -0.4236
6    N               -1.8904              -1.2610              -0.0825
7    O               -1.9167               1.4786              -0.5586
8    H               -2.3957               0.7439              -0.9700
9    H               -0.0057               0.0218              -1.2710
10   H               -0.4968              -0.7771               1.4724
11   H                1.3668               1.0882               0.5472
12   H               -2.6004              -1.4905               0.6023
13   H               -1.4758              -2.1209              -0.4189
14   H               -0.7004               1.6746               1.0508
15   H               -2.2585               0.9268               1.4168
16   H                3.1470              -0.3886               1.4046
17   H                1.9837               1.0300              -1.8527
18   H                2.4000              -1.7821               0.6006
19   H                1.5837              -0.9831               1.9497
20   H                3.3955               0.7669              -0.8257
21   H                2.6327              -0.6049              -1.6467


Energy:                 -383.656175 Convergence criteria  Is converged 
Maximum Force:             0.000463     0.002850                Yes
RMS Force:                 0.000138     0.001900                Yes
Maximum Displacement:      0.049197     0.003150                No
RMS Displacement:          0.014482     0.002100                No

Model change: -4.594221e-05  Actual change: -4.605161e-05  rho:  1.002
Trust radius (MW):  0.200000  Step norm (MW):  0.200000  On boundary: True

----------------------------------------------------------------------
                            Iteration: 42                             


                             Coordinates                              
----------------------------------------------------------------------
0    C               -0.8424              -0.4088               0.5007
1    C                1.5363               0.1090               0.0685
2    C               -1.4511               0.9845               0.6660
3    C                2.2069              -0.8401               1.0540
4    C                2.4396               0.3587              -1.1299
5    N                0.2776              -0.4562              -0.4204
6    N               -1.8879              -1.2615              -0.0668
7    O               -1.9242               1.4713              -0.5739
8    H               -2.4019               0.7299              -0.9748
9    H               -0.0024               0.0312              -1.2661
10   H               -0.4925              -0.7560               1.4798
11   H                1.3724               1.0736               0.5738
12   H               -2.5944              -1.4883               0.6225
13   H               -1.4707              -2.1222              -0.3981
14   H               -0.7037               1.6904               1.0294
15   H               -2.2590               0.9430               1.4091
16   H                3.1498              -0.4174               1.4043
17   H                1.9816               1.0629              -1.8276
18   H                2.4110              -1.7951               0.5660
19   H                1.5874              -1.0317               1.9308
20   H                3.3970               0.7727              -0.8129
21   H                2.6252              -0.5785              -1.6587


Energy:                 -383.656221 Convergence criteria  Is converged 
Maximum Force:             0.000451     0.002850                Yes
RMS Force:                 0.000137     0.001900                Yes
Maximum Displacement:      0.048628     0.003150                No
RMS Displacement:          0.014491     0.002100                No

Model change: -4.600872e-05  Actual change: -4.611294e-05  rho:  1.002
Trust radius (MW):  0.200000  Step norm (MW):  0.200000  On boundary: True

----------------------------------------------------------------------
                            Iteration: 43                             


                             Coordinates                              
----------------------------------------------------------------------
0    C               -0.8413              -0.3997               0.5047
1    C                1.5391               0.1036               0.0758
2    C               -1.4537               0.9936               0.6555
3    C                2.2118              -0.8649               1.0408
4    C                2.4382               0.3750              -1.1209
5    N                0.2775              -0.4515              -0.4174
6    N               -1.8854              -1.2619              -0.0509
7    O               -1.9316               1.4636              -0.5890
8    H               -2.4080               0.7157              -0.9793
9    H                0.0008               0.0407              -1.2613
10   H               -0.4879              -0.7348               1.4868
11   H                1.3778               1.0585               0.5999
12   H               -2.5882              -1.4860               0.6431
13   H               -1.4656              -2.1233              -0.3770
14   H               -0.7067               1.7058               1.0077
15   H               -2.2593               0.9593               1.4014
16   H                3.1522              -0.4468               1.4036
17   H                1.9800               1.0954              -1.8019
18   H                2.4209              -1.8076               0.5314
19   H                1.5902              -1.0795               1.9108
20   H                3.3987               0.7784              -0.7995
21   H                2.6180              -0.5517              -1.6699


Energy:                 -383.656266 Convergence criteria  Is converged 
Maximum Force:             0.000425     0.002850                Yes
RMS Force:                 0.000133     0.001900                Yes
Maximum Displacement:      0.047799     0.003150                No
RMS Displacement:          0.014489     0.002100                No

Model change: -4.461547e-05  Actual change: -4.466287e-05  rho:  1.001
Trust radius (MW):  0.200000  Step norm (MW):  0.200000  On boundary: True

----------------------------------------------------------------------
                            Iteration: 44                             


                             Coordinates                              
----------------------------------------------------------------------
0    C               -0.8401              -0.3905               0.5087
1    C                1.5419               0.0981               0.0829
2    C               -1.4561               1.0026               0.6449
3    C                2.2162              -0.8895               1.0272
4    C                2.4371               0.3913              -1.1116
5    N                0.2774              -0.4467              -0.4147
6    N               -1.8827              -1.2622              -0.0346
7    O               -1.9390               1.4557              -0.6041
8    H               -2.4140               0.7014              -0.9836
9    H                0.0039               0.0504              -1.2568
10   H               -0.4830              -0.7135               1.4936
11   H                1.3830               1.0431               0.6256
12   H               -2.5816              -1.4836               0.6642
13   H               -1.4605              -2.1242              -0.3558
14   H               -0.7096               1.7209               0.9857
15   H               -2.2595               0.9755               1.3935
16   H                3.1541              -0.4767               1.4024
17   H                1.9788               1.1274              -1.7754
18   H                2.4297              -1.8195               0.4970
19   H                1.5923              -1.1262               1.8899
20   H                3.4005               0.7840              -0.7858
21   H                2.6112              -0.5245              -1.6805


Energy:                 -383.656307 Convergence criteria  Is converged 
Maximum Force:             0.000382     0.002850                Yes
RMS Force:                 0.000127     0.001900                Yes
Maximum Displacement:      0.046759     0.003150                No
RMS Displacement:          0.014474     0.002100                No

Model change: -4.156186e-05  Actual change: -4.158751e-05  rho:  1.001
Trust radius (MW):  0.200000  Step norm (MW):  0.200000  On boundary: True

----------------------------------------------------------------------
                            Iteration: 45                             


                             Coordinates                              
----------------------------------------------------------------------
0    C               -0.8388              -0.3813               0.5126
1    C                1.5446               0.0926               0.0897
2    C               -1.4584               1.0115               0.6342
3    C                2.2201              -0.9136               1.0133
4    C                2.4362               0.4074              -1.1018
5    N                0.2773              -0.4418              -0.4122
6    N               -1.8800              -1.2624              -0.0180
7    O               -1.9462               1.4475              -0.6190
8    H               -2.4199               0.6868              -0.9875
9    H                0.0070               0.0602              -1.2523
10   H               -0.4778              -0.6921               1.5002
11   H                1.3882               1.0274               0.6507
12   H               -2.5747              -1.4809               0.6859
13   H               -1.4553              -2.1250              -0.3342
14   H               -0.7124               1.7357               0.9635
15   H               -2.2595               0.9918               1.3854
16   H                3.1558              -0.5071               1.4007
17   H                1.9783               1.1589              -1.7483
18   H                2.4374              -1.8309               0.4629
19   H                1.5937              -1.1718               1.8681
20   H                3.4025               0.7894              -0.7717
21   H                2.6049              -0.4969              -1.6903


Energy:                 -383.656344 Convergence criteria  Is converged 
Maximum Force:             0.000326     0.002850                Yes
RMS Force:                 0.000119     0.001900                Yes
Maximum Displacement:      0.045510     0.003150                No
RMS Displacement:          0.014441     0.002100                No

Model change: -3.668591e-05  Actual change: -3.666342e-05  rho:  0.999
Trust radius (MW):  0.200000  Step norm (MW):  0.200000  On boundary: True

----------------------------------------------------------------------
                            Iteration: 46                             


                             Coordinates                              
----------------------------------------------------------------------
0    C               -0.8373              -0.3719               0.5165
1    C                1.5473               0.0871               0.0963
2    C               -1.4608               1.0203               0.6235
3    C                2.2233              -0.9375               0.9990
4    C                2.4357               0.4232              -1.0916
5    N                0.2772              -0.4366              -0.4099
6    N               -1.8771              -1.2625              -0.0010
7    O               -1.9535               1.4390              -0.6338
8    H               -2.4257               0.6720              -0.9912
9    H                0.0101               0.0705              -1.2480
10   H               -0.4724              -0.6703               1.5064
11   H                1.3934               1.0114               0.6752
12   H               -2.5674              -1.4782               0.7081
13   H               -1.4500              -2.1256              -0.3124
14   H               -0.7152               1.7504               0.9410
15   H               -2.2596               1.0081               1.3772
16   H                3.1571              -0.5381               1.3982
17   H                1.9783               1.1896              -1.7208
18   H                2.4437              -1.8420               0.4290
19   H                1.5944              -1.2159               1.8456
20   H                3.4047               0.7945              -0.7574
21   H                2.5989              -0.4694              -1.6993


Energy:                 -383.656374 Convergence criteria  Is converged 
Maximum Force:             0.000271     0.002850                Yes
RMS Force:                 0.000109     0.001900                Yes
Maximum Displacement:      0.044160     0.003150                No
RMS Displacement:          0.014399     0.002100                No

Model change: -2.986967e-05  Actual change: -2.983366e-05  rho:  0.999
Trust radius (MW):  0.200000  Step norm (MW):  0.200000  On boundary: True

----------------------------------------------------------------------
                            Iteration: 47                             


                             Coordinates                              
----------------------------------------------------------------------
0    C               -0.8358              -0.3624               0.5203
1    C                1.5500               0.0816               0.1027
2    C               -1.4633               1.0291               0.6125
3    C                2.2259              -0.9610               0.9847
4    C                2.4357               0.4386              -1.0810
5    N                0.2771              -0.4311              -0.4078
6    N               -1.8740              -1.2626               0.0163
7    O               -1.9610               1.4300              -0.6487
8    H               -2.4315               0.6567              -0.9947
9    H                0.0132               0.0811              -1.2438
10   H               -0.4667              -0.6483               1.5125
11   H                1.3987               0.9952               0.6991
12   H               -2.5596              -1.4755               0.7308
13   H               -1.4442              -2.1260              -0.2903
14   H               -0.7184               1.7649               0.9182
15   H               -2.2599               1.0243               1.3686
16   H                3.1582              -0.5695               1.3951
17   H                1.9791               1.2194              -1.6929
18   H                2.4484              -1.8527               0.3958
19   H                1.5943              -1.2584               1.8229
20   H                3.4073               0.7990              -0.7426
21   H                2.5935              -0.4420              -1.7074


Energy:                 -383.656395 Convergence criteria  Is converged 
Maximum Force:             0.000255     0.002850                Yes
RMS Force:                 0.000098     0.001900                Yes
Maximum Displacement:      0.042517     0.003150                No
RMS Displacement:          0.014324     0.002100                No

Model change: -2.104437e-05  Actual change: -2.100185e-05  rho:  0.998
Trust radius (MW):  0.200000  Step norm (MW):  0.200000  On boundary: True

----------------------------------------------------------------------
                            Iteration: 48                             


                             Coordinates                              
----------------------------------------------------------------------
0    C               -0.8342              -0.3522               0.5244
1    C                1.5529               0.0763               0.1090
2    C               -1.4660               1.0382               0.6004
3    C                2.2279              -0.9831               0.9715
4    C                2.4364               0.4522              -1.0703
5    N                0.2771              -0.4256              -0.4053
6    N               -1.8705              -1.2625               0.0350
7    O               -1.9684               1.4200              -0.6649
8    H               -2.4370               0.6401              -0.9988
9    H                0.0166               0.0909              -1.2395
10   H               -0.4609              -0.6244               1.5190
11   H                1.4043               0.9797               0.7215
12   H               -2.5513              -1.4720               0.7551
13   H               -1.4379              -2.1265              -0.2660
14   H               -0.7220               1.7802               0.8936
15   H               -2.2605               1.0416               1.3587
16   H                3.1592              -0.6001               1.3921
17   H                1.9812               1.2463              -1.6658
18   H                2.4516              -1.8629               0.3655
19   H                1.5936              -1.2973               1.8016
20   H                3.4106               0.8021              -0.7281
21   H                2.5889              -0.4169              -1.7138


Energy:                 -383.656405 Convergence criteria  Is converged 
Maximum Force:             0.000214     0.002850                Yes
RMS Force:                 0.000084     0.001900                Yes
Maximum Displacement:      0.038849     0.003150                No
RMS Displacement:          0.014019     0.002100                No

Model change: -1.023002e-05  Actual change: -1.014607e-05  rho:  0.992
Trust radius (MW):  0.200000  Step norm (MW):  0.200000  On boundary: True

----------------------------------------------------------------------
                            Iteration: 49                             


                             Coordinates                              
----------------------------------------------------------------------
0    C               -0.8266              -0.3381               0.5339
1    C                1.5612               0.0879               0.1237
2    C               -1.4618               1.0511               0.6022
3    C                2.2350              -0.9750               0.9824
4    C                2.4462               0.4694              -1.0525
5    N                0.2861              -0.4124              -0.3940
6    N               -1.8601              -1.2533               0.0479
7    O               -1.9634               1.4249              -0.6657
8    H               -2.4297               0.6422              -0.9960
9    H                0.0278               0.1044              -1.2287
10   H               -0.4538              -0.6046               1.5301
11   H                1.4112               0.9885               0.7397
12   H               -2.5405              -1.4619               0.7686
13   H               -1.4250              -2.1172              -0.2498
14   H               -0.7197               1.7960               0.8923
15   H               -2.2573               1.0567               1.3593
16   H                3.1649              -0.5936               1.4075
17   H                1.9920               1.2665              -1.6444
18   H                2.4610              -1.8514               0.3727
19   H                1.5984              -1.2938               1.8088
20   H                3.4201               0.8170              -0.7075
21   H                2.5992              -0.3963              -1.7002


Energy:                 -383.656406 Convergence criteria  Is converged 
Maximum Force:             0.000027     0.002850                Yes
RMS Force:                 0.000009     0.001900                Yes
Maximum Displacement:      0.021387     0.003150                No
RMS Displacement:          0.011499     0.002100                No

Model change: -8.645307e-07  Actual change: -9.024573e-07  rho:  1.044
Trust radius (MW):  0.200000  Step norm (MW):  0.200000  On boundary: True

----------------------------------------------------------------------
                            Iteration: 50                             


                             Coordinates                              
----------------------------------------------------------------------
0    C               -0.8266              -0.3379               0.5338
1    C                1.5612               0.0878               0.1236
2    C               -1.4618               1.0513               0.6019
3    C                2.2350              -0.9751               0.9823
4    C                2.4462               0.4692              -1.0526
5    N                0.2861              -0.4124              -0.3940
6    N               -1.8602              -1.2532               0.0481
7    O               -1.9634               1.4249              -0.6661
8    H               -2.4296               0.6421              -0.9962
9    H                0.0278               0.1044              -1.2288
10   H               -0.4538              -0.6042               1.5301
11   H                1.4114               0.9884               0.7396
12   H               -2.5405              -1.4616               0.7688
13   H               -1.4250              -2.1171              -0.2494
14   H               -0.7196               1.7963               0.8918
15   H               -2.2573               1.0571               1.3590
16   H                3.1648              -0.5938               1.4075
17   H                1.9922               1.2665              -1.6444
18   H                2.4610              -1.8515               0.3725
19   H                1.5983              -1.2940               1.8086
20   H                3.4203               0.8167              -0.7077
21   H                2.5991              -0.3964              -1.7004


Energy:                 -383.656406 Convergence criteria  Is converged 
Maximum Force:             0.000000     0.002850                Yes
RMS Force:                 0.000000     0.001900                Yes
Maximum Displacement:      0.000525     0.003150                Yes
RMS Displacement:          0.000180     0.002100                Yes

Model change: -3.060246e-09  Actual change: -1.314254e-08  rho:  4.295
Trust radius (MW):  0.200000  Step norm (MW):  0.002958  On boundary: False

RFO optimization converged at iteration 50.

Final optimized structure written to: /home/user/software/MAPLE/examples/opt/rfo/inp1_opt.xyz



Program started: 2026-02-03 13:10:57

======================================================================
                      TIMING SUMMARY
======================================================================
Input Reading (×17).................................   0.223 s  (   0.1 %)
  Settings Parsing (×17)..............................   0.190 s  (  85.2 %)
  Coordinate Section Parsing (×17)....................   0.004 s  (   1.7 %)
  Post-Processing Expansion (×17).....................   0.000 s  (   0.0 %)
MLP Initialization (×17)............................  10.735 s  (   3.2 %)
Job Dispatching (×17)............................... 410.308 s  ( 122.2 %)
  Frequency Calculation (×6)..........................   1.983 s  (   0.5 %)
  IRC Calculation (×4)................................  18.715 s  (   4.6 %)
  Single Point Energy Calculation.....................   1.246 s  (   0.3 %)
  Optimization (×6)................................... 388.354 s  (  94.6 %)
======================================================================
Total wall time: 335.819 s
Total CPU time: 7349.293 s
======================================================================

Program ended: 2026-02-03 13:16:33
TOTAL RUN TIME: 0 days 0 hours 5 minutes 35 seconds 819 msec
