
**********************************************************************
*                                                                    *
*                        M   A   P   L   E                           *
*                                                                    *
*      MAchine-learning Potential for Landscape Exploration          *
*                                                                    *
*                                                                    *
*      © 2025 University of Pittsburgh. All rights reserved.         *
*      Licensed under CC BY 4.0 for academic use.                    *
*                                                                    *
*      Principal Developer:  Xujian Wang                             *
*                                                                    *
**********************************************************************


Parsing # commands...
Global parameter: model = uma
Task set to 'opt'
Global parameter: device = gpu0
Parsed configuration:
----------------------------------------
Task: opt
model          : uma
method         : cg
device         : gpu0

                             Coordinates                              
**********************************************************************

Group 1 (inline)
--------------------
1    C             -0.778126            -1.067561             0.321059
2    C              1.302553             0.052120            -0.028299
3    C             -0.971993             1.456249             0.823657
4    C              1.981229            -0.418433             1.250175
5    C              2.264033             0.435168            -1.133107
6    N              0.291164            -0.876821            -0.500399
7    N             -2.019163            -1.372006            -0.233112
8    O             -1.664734             1.630223            -0.401837
9    H             -2.258632             0.870139            -0.475899
10   H              0.027849            -0.678312            -1.458495
11   H             -0.609759            -1.367856             1.341178
12   H              0.681264             0.918300             0.286941
13   H             -2.573263            -2.057361             0.257412
14   H             -2.052428            -1.504542            -1.233823
15   H             -0.368993             2.351392             0.991747
16   H             -1.639609             1.294215             1.674653
17   H              2.764449             0.291462             1.522846
18   H              1.725114             0.730695            -2.037794
19   H              2.435593            -1.406098             1.134215
20   H              1.273005            -0.447224             2.080579
21   H              2.850345             1.298697            -0.814322
22   H              2.960009            -0.368806            -1.388910

======================================================================
SDCG Parameters
======================================================================
mode:              CG only
max_step:          0.2
max_iter:          256
sd_enabled:        False
cg_enabled:        True
sd_max_iter:       50
cg_switch_fmax:    0.0
cg_restart_thresh: 0.2
cg_beta_method:    prp+
diis_enabled:      True
diis_store_every:  5
diis_memory:       6
write_traj:        False
traj_every:        1
verbose:           1
======================================================================


----------------------------------------------------------------------
                          Iteration: 1 [CG]                           


                             Coordinates                              
----------------------------------------------------------------------
0    C               -0.7788              -1.0578               0.3220
1    C                1.3046               0.0514              -0.0285
2    C               -0.9796               1.4494               0.8249
3    C                1.9817              -0.4190               1.2489
4    C                2.2650               0.4341              -1.1335
5    N                0.2922              -0.8786              -0.5009
6    N               -2.0170              -1.3711              -0.2321
7    O               -1.6648               1.6300              -0.4014
8    H               -2.2584               0.8708              -0.4762
9    H                0.0276              -0.6779              -1.4580
10   H               -0.6097              -1.3683               1.3410
11   H                0.6825               0.9184               0.2859
12   H               -2.5728              -2.0567               0.2575
13   H               -2.0518              -1.5045              -1.2335
14   H               -0.3685               2.3500               0.9916
15   H               -1.6403               1.2956               1.6743
16   H                2.7643               0.2912               1.5228
17   H                1.7252               0.7306              -2.0375
18   H                2.4355              -1.4060               1.1342
19   H                1.2729              -0.4474               2.0803
20   H                2.8504               1.2983              -0.8144
21   H                2.9598              -0.3688              -1.3889


Energy:                 -383.529243 Convergence criteria  Is converged 
Maximum Force:             0.047339     0.002850  No
RMS Force:                 0.014253     0.001900  No
Maximum Displacement:      0.009717     0.003150  No
RMS Displacement:          0.003254     0.002100  No

----------------------------------------------------------------------
                          Iteration: 2 [CG]                           


                             Coordinates                              
----------------------------------------------------------------------
0    C               -0.7795              -1.0484               0.3238
1    C                1.3061               0.0510              -0.0289
2    C               -0.9843               1.4442               0.8253
3    C                1.9821              -0.4194               1.2482
4    C                2.2658               0.4335              -1.1339
5    N                0.2934              -0.8801              -0.5012
6    N               -2.0154              -1.3702              -0.2316
7    O               -1.6652               1.6298              -0.4011
8    H               -2.2584               0.8712              -0.4768
9    H                0.0273              -0.6776              -1.4577
10   H               -0.6096              -1.3685               1.3404
11   H                0.6841               0.9182               0.2848
12   H               -2.5722              -2.0558               0.2577
13   H               -2.0510              -1.5043              -1.2329
14   H               -0.3690               2.3468               0.9913
15   H               -1.6422               1.2967               1.6750
16   H                2.7642               0.2909               1.5227
17   H                1.7253               0.7304              -2.0372
18   H                2.4355              -1.4061               1.1341
19   H                1.2730              -0.4476               2.0798
20   H                2.8504               1.2980              -0.8144
21   H                2.9598              -0.3690              -1.3890


Energy:                 -383.530119 Convergence criteria  Is converged 
Maximum Force:             0.046188     0.002850  No
RMS Force:                 0.013806     0.001900  No
Maximum Displacement:      0.009468     0.003150  No
RMS Displacement:          0.002851     0.002100  No

----------------------------------------------------------------------
                          Iteration: 3 [CG]                           


                             Coordinates                              
----------------------------------------------------------------------
0    C               -0.7803              -1.0391               0.3257
1    C                1.3072               0.0506              -0.0294
2    C               -0.9879               1.4395               0.8254
3    C                1.9825              -0.4197               1.2476
4    C                2.2665               0.4330              -1.1343
5    N                0.2946              -0.8813              -0.5013
6    N               -2.0140              -1.3693              -0.2311
7    O               -1.6659               1.6296              -0.4007
8    H               -2.2588               0.8714              -0.4776
9    H                0.0271              -0.6771              -1.4573
10   H               -0.6096              -1.3686               1.3398
11   H                0.6858               0.9179               0.2836
12   H               -2.5713              -2.0548               0.2579
13   H               -2.0501              -1.5040              -1.2322
14   H               -0.3697               2.3428               0.9910
15   H               -1.6447               1.2977               1.6760
16   H                2.7642               0.2907               1.5226
17   H                1.7254               0.7302              -2.0370
18   H                2.4355              -1.4062               1.1341
19   H                1.2731              -0.4478               2.0793
20   H                2.8505               1.2976              -0.8145
21   H                2.9599              -0.3694              -1.3892


Energy:                 -383.530952 Convergence criteria  Is converged 
Maximum Force:             0.045056     0.002850  No
RMS Force:                 0.013675     0.001900  No
Maximum Displacement:      0.009238     0.003150  No
RMS Displacement:          0.002761     0.002100  No

----------------------------------------------------------------------
                          Iteration: 4 [CG]                           


                             Coordinates                              
----------------------------------------------------------------------
0    C               -0.7810              -1.0301               0.3277
1    C                1.3081               0.0504              -0.0299
2    C               -0.9909               1.4350               0.8253
3    C                1.9828              -0.4200               1.2472
4    C                2.2672               0.4327              -1.1346
5    N                0.2957              -0.8823              -0.5013
6    N               -2.0128              -1.3682              -0.2306
7    O               -1.6666               1.6295              -0.4004
8    H               -2.2593               0.8715              -0.4786
9    H                0.0269              -0.6767              -1.4569
10   H               -0.6095              -1.3685               1.3391
11   H                0.6876               0.9176               0.2824
12   H               -2.5704              -2.0537               0.2582
13   H               -2.0492              -1.5037              -1.2315
14   H               -0.3706               2.3384               0.9906
15   H               -1.6473               1.2985               1.6771
16   H                2.7641               0.2904               1.5225
17   H                1.7255               0.7300              -2.0368
18   H                2.4356              -1.4065               1.1340
19   H                1.2732              -0.4480               2.0787
20   H                2.8507               1.2972              -0.8146
21   H                2.9601              -0.3698              -1.3894


Energy:                 -383.531773 Convergence criteria  Is converged 
Maximum Force:             0.043947     0.002850  No
RMS Force:                 0.013622     0.001900  No
Maximum Displacement:      0.009011     0.003150  No
RMS Displacement:          0.002735     0.002100  No

----------------------------------------------------------------------
                          Iteration: 5 [CG]                           


                             Coordinates                              
----------------------------------------------------------------------
0    C               -0.7818              -1.0213               0.3298
1    C                1.3090               0.0501              -0.0304
2    C               -0.9937               1.4305               0.8253
3    C                1.9831              -0.4203               1.2469
4    C                2.2678               0.4323              -1.1349
5    N                0.2967              -0.8831              -0.5013
6    N               -2.0118              -1.3669              -0.2301
7    O               -1.6675               1.6295              -0.4000
8    H               -2.2599               0.8716              -0.4796
9    H                0.0267              -0.6763              -1.4565
10   H               -0.6095              -1.3684               1.3385
11   H                0.6895               0.9174               0.2811
12   H               -2.5694              -2.0525               0.2585
13   H               -2.0481              -1.5034              -1.2309
14   H               -0.3714               2.3336               0.9903
15   H               -1.6500               1.2993               1.6782
16   H                2.7642               0.2902               1.5224
17   H                1.7257               0.7298              -2.0366
18   H                2.4357              -1.4068               1.1339
19   H                1.2733              -0.4482               2.0780
20   H                2.8509               1.2969              -0.8147
21   H                2.9604              -0.3703              -1.3896


Energy:                 -383.532589 Convergence criteria  Is converged 
Maximum Force:             0.042870     0.002850  No
RMS Force:                 0.013599     0.001900  No
Maximum Displacement:      0.008789     0.003150  No
RMS Displacement:          0.002724     0.002100  No

----------------------------------------------------------------------
                          Iteration: 6 [CG]                           


                             Coordinates                              
----------------------------------------------------------------------
0    C               -0.7826              -1.0128               0.3318
1    C                1.3098               0.0499              -0.0309
2    C               -0.9964               1.4260               0.8251
3    C                1.9835              -0.4205               1.2465
4    C                2.2685               0.4320              -1.1352
5    N                0.2976              -0.8838              -0.5011
6    N               -2.0108              -1.3655              -0.2296
7    O               -1.6685               1.6294              -0.3997
8    H               -2.2607               0.8716              -0.4807
9    H                0.0266              -0.6759              -1.4561
10   H               -0.6095              -1.3681               1.3379
11   H                0.6915               0.9171               0.2798
12   H               -2.5683              -2.0514               0.2589
13   H               -2.0470              -1.5030              -1.2302
14   H               -0.3721               2.3286               0.9900
15   H               -1.6528               1.3001               1.6792
16   H                2.7642               0.2900               1.5224
17   H                1.7258               0.7296              -2.0364
18   H                2.4359              -1.4071               1.1338
19   H                1.2734              -0.4484               2.0774
20   H                2.8511               1.2966              -0.8148
21   H                2.9607              -0.3708              -1.3898


Energy:                 -383.533402 Convergence criteria  Is converged 
Maximum Force:             0.041832     0.002850  No
RMS Force:                 0.013595     0.001900  No
Maximum Displacement:      0.008574     0.003150  No
RMS Displacement:          0.002720     0.002100  No

----------------------------------------------------------------------
                          Iteration: 7 [CG]                           


                             Coordinates                              
----------------------------------------------------------------------
0    C               -0.7835              -1.0044               0.3338
1    C                1.3105               0.0497              -0.0314
2    C               -0.9991               1.4214               0.8250
3    C                1.9838              -0.4208               1.2462
4    C                2.2691               0.4317              -1.1355
5    N                0.2985              -0.8844              -0.5010
6    N               -2.0100              -1.3639              -0.2291
7    O               -1.6696               1.6293              -0.3992
8    H               -2.2615               0.8716              -0.4820
9    H                0.0265              -0.6755              -1.4556
10   H               -0.6095              -1.3677               1.3373
11   H                0.6936               0.9170               0.2785
12   H               -2.5672              -2.0501               0.2593
13   H               -2.0459              -1.5026              -1.2295
14   H               -0.3727               2.3233               0.9897
15   H               -1.6555               1.3007               1.6801
16   H                2.7643               0.2897               1.5223
17   H                1.7259               0.7294              -2.0363
18   H                2.4360              -1.4073               1.1337
19   H                1.2735              -0.4486               2.0768
20   H                2.8514               1.2963              -0.8149
21   H                2.9610              -0.3713              -1.3901


Energy:                 -383.534215 Convergence criteria  Is converged 
Maximum Force:             0.040846     0.002850  No
RMS Force:                 0.013605     0.001900  No
Maximum Displacement:      0.008366     0.003150  No
RMS Displacement:          0.002719     0.002100  No

----------------------------------------------------------------------
                          Iteration: 8 [CG]                           


                             Coordinates                              
----------------------------------------------------------------------
0    C               -0.7843              -0.9962               0.3358
1    C                1.3113               0.0495              -0.0318
2    C               -1.0018               1.4169               0.8248
3    C                1.9842              -0.4210               1.2459
4    C                2.2698               0.4314              -1.1358
5    N                0.2992              -0.8849              -0.5007
6    N               -2.0092              -1.3622              -0.2285
7    O               -1.6707               1.6292              -0.3988
8    H               -2.2625               0.8716              -0.4833
9    H                0.0265              -0.6750              -1.4551
10   H               -0.6095              -1.3672               1.3368
11   H                0.6958               0.9168               0.2772
12   H               -2.5660              -2.0488               0.2598
13   H               -2.0447              -1.5022              -1.2288
14   H               -0.3733               2.3179               0.9895
15   H               -1.6583               1.3012               1.6810
16   H                2.7645               0.2895               1.5223
17   H                1.7261               0.7292              -2.0362
18   H                2.4362              -1.4077               1.1336
19   H                1.2736              -0.4489               2.0763
20   H                2.8518               1.2961              -0.8150
21   H                2.9613              -0.3717              -1.3904


Energy:                 -383.535030 Convergence criteria  Is converged 
Maximum Force:             0.039920     0.002850  No
RMS Force:                 0.013630     0.001900  No
Maximum Displacement:      0.008169     0.003150  No
RMS Displacement:          0.002721     0.002100  No

----------------------------------------------------------------------
                          Iteration: 9 [CG]                           


                             Coordinates                              
----------------------------------------------------------------------
0    C               -0.7852              -0.9882               0.3378
1    C                1.3120               0.0493              -0.0323
2    C               -1.0046               1.4124               0.8246
3    C                1.9846              -0.4212               1.2456
4    C                2.2704               0.4311              -1.1361
5    N                0.2999              -0.8853              -0.5004
6    N               -2.0086              -1.3603              -0.2280
7    O               -1.6720               1.6291              -0.3983
8    H               -2.2635               0.8715              -0.4847
9    H                0.0264              -0.6746              -1.4546
10   H               -0.6095              -1.3665               1.3363
11   H                0.6981               0.9168               0.2759
12   H               -2.5647              -2.0475               0.2603
13   H               -2.0434              -1.5017              -1.2281
14   H               -0.3738               2.3123               0.9892
15   H               -1.6611               1.3017               1.6818
16   H                2.7646               0.2893               1.5223
17   H                1.7263               0.7290              -2.0361
18   H                2.4363              -1.4080               1.1334
19   H                1.2737              -0.4491               2.0757
20   H                2.8522               1.2958              -0.8151
21   H                2.9616              -0.3722              -1.3907


Energy:                 -383.535849 Convergence criteria  Is converged 
Maximum Force:             0.039064     0.002850  No
RMS Force:                 0.013670     0.001900  No
Maximum Displacement:      0.007984     0.003150  No
RMS Displacement:          0.002726     0.002100  No

----------------------------------------------------------------------
                          Iteration: 10 [CG]                          


                             Coordinates                              
----------------------------------------------------------------------
0    C               -0.7860              -0.9804               0.3397
1    C                1.3128               0.0492              -0.0327
2    C               -1.0073               1.4078               0.8244
3    C                1.9850              -0.4214               1.2454
4    C                2.2711               0.4308              -1.1364
5    N                0.3005              -0.8856              -0.5001
6    N               -2.0081              -1.3582              -0.2274
7    O               -1.6732               1.6289              -0.3978
8    H               -2.2646               0.8715              -0.4861
9    H                0.0264              -0.6741              -1.4540
10   H               -0.6095              -1.3658               1.3358
11   H                0.7004               0.9168               0.2745
12   H               -2.5634              -2.0462               0.2608
13   H               -2.0420              -1.5013              -1.2273
14   H               -0.3742               2.3065               0.9890
15   H               -1.6639               1.3020               1.6825
16   H                2.7648               0.2891               1.5223
17   H                1.7264               0.7288              -2.0361
18   H                2.4365              -1.4083               1.1333
19   H                1.2738              -0.4493               2.0751
20   H                2.8526               1.2955              -0.8153
21   H                2.9620              -0.3727              -1.3910


Energy:                 -383.536673 Convergence criteria  Is converged 
Maximum Force:             0.038286     0.002850  No
RMS Force:                 0.013727     0.001900  No
Maximum Displacement:      0.007813     0.003150  No
RMS Displacement:          0.002734     0.002100  No

----------------------------------------------------------------------
                          Iteration: 11 [CG]                          


                             Coordinates                              
----------------------------------------------------------------------
0    C               -0.7869              -0.9728               0.3417
1    C                1.3135               0.0491              -0.0332
2    C               -1.0101               1.4032               0.8242
3    C                1.9854              -0.4216               1.2451
4    C                2.2717               0.4305              -1.1367
5    N                0.3011              -0.8858              -0.4998
6    N               -2.0077              -1.3561              -0.2269
7    O               -1.6745               1.6287              -0.3973
8    H               -2.2657               0.8714              -0.4877
9    H                0.0264              -0.6737              -1.4535
10   H               -0.6096              -1.3650               1.3353
11   H                0.7028               0.9169               0.2731
12   H               -2.5621              -2.0448               0.2614
13   H               -2.0407              -1.5008              -1.2266
14   H               -0.3745               2.3006               0.9888
15   H               -1.6667               1.3023               1.6831
16   H                2.7650               0.2890               1.5223
17   H                1.7266               0.7286              -2.0360
18   H                2.4366              -1.4086               1.1332
19   H                1.2739              -0.4496               2.0745
20   H                2.8530               1.2953              -0.8154
21   H                2.9623              -0.3732              -1.3913


Energy:                 -383.537504 Convergence criteria  Is converged 
Maximum Force:             0.037591     0.002850  No
RMS Force:                 0.013800     0.001900  No
Maximum Displacement:      0.007657     0.003150  No
RMS Displacement:          0.002745     0.002100  No

----------------------------------------------------------------------
                          Iteration: 12 [CG]                          


                             Coordinates                              
----------------------------------------------------------------------
0    C               -0.7877              -0.9653               0.3436
1    C                1.3143               0.0490              -0.0336
2    C               -1.0129               1.3986               0.8239
3    C                1.9858              -0.4218               1.2448
4    C                2.2724               0.4303              -1.1370
5    N                0.3016              -0.8860              -0.4994
6    N               -2.0074              -1.3537              -0.2263
7    O               -1.6759               1.6285              -0.3968
8    H               -2.2670               0.8713              -0.4892
9    H                0.0265              -0.6733              -1.4529
10   H               -0.6097              -1.3641               1.3349
11   H                0.7053               0.9171               0.2718
12   H               -2.5607              -2.0434               0.2620
13   H               -2.0392              -1.5003              -1.2258
14   H               -0.3748               2.2946               0.9885
15   H               -1.6695               1.3024               1.6837
16   H                2.7653               0.2888               1.5223
17   H                1.7268               0.7284              -2.0360
18   H                2.4368              -1.4089               1.1330
19   H                1.2740              -0.4498               2.0740
20   H                2.8535               1.2951              -0.8156
21   H                2.9627              -0.3737              -1.3916


Energy:                 -383.538344 Convergence criteria  Is converged 
Maximum Force:             0.036984     0.002850  No
RMS Force:                 0.013890     0.001900  No
Maximum Displacement:      0.007518     0.003150  No
RMS Displacement:          0.002760     0.002100  No

----------------------------------------------------------------------
                          Iteration: 13 [CG]                          


                             Coordinates                              
----------------------------------------------------------------------
0    C               -0.7886              -0.9579               0.3456
1    C                1.3150               0.0489              -0.0339
2    C               -1.0158               1.3939               0.8236
3    C                1.9862              -0.4220               1.2446
4    C                2.2731               0.4300              -1.1373
5    N                0.3020              -0.8861              -0.4989
6    N               -2.0072              -1.3513              -0.2257
7    O               -1.6774               1.6282              -0.3963
8    H               -2.2683               0.8712              -0.4909
9    H                0.0265              -0.6728              -1.4524
10   H               -0.6098              -1.3631               1.3345
11   H                0.7078               0.9174               0.2704
12   H               -2.5593              -2.0420               0.2626
13   H               -2.0378              -1.4997              -1.2250
14   H               -0.3749               2.2884               0.9883
15   H               -1.6723               1.3025               1.6843
16   H                2.7655               0.2886               1.5223
17   H                1.7270               0.7282              -2.0360
18   H                2.4370              -1.4091               1.1329
19   H                1.2741              -0.4501               2.0734
20   H                2.8539               1.2948              -0.8157
21   H                2.9630              -0.3741              -1.3919


Energy:                 -383.539196 Convergence criteria  Is converged 
Maximum Force:             0.036467     0.002850  No
RMS Force:                 0.013997     0.001900  No
Maximum Displacement:      0.007397     0.003150  No
RMS Displacement:          0.002778     0.002100  No

----------------------------------------------------------------------
                          Iteration: 14 [CG]                          


                             Coordinates                              
----------------------------------------------------------------------
0    C               -0.7895              -0.9506               0.3475
1    C                1.3157               0.0488              -0.0343
2    C               -1.0186               1.3892               0.8233
3    C                1.9866              -0.4222               1.2444
4    C                2.2737               0.4297              -1.1376
5    N                0.3024              -0.8862              -0.4985
6    N               -2.0071              -1.3488              -0.2250
7    O               -1.6788               1.6279              -0.3958
8    H               -2.2696               0.8710              -0.4925
9    H                0.0265              -0.6723              -1.4518
10   H               -0.6100              -1.3620               1.3341
11   H                0.7104               0.9177               0.2690
12   H               -2.5579              -2.0405               0.2632
13   H               -2.0362              -1.4992              -1.2242
14   H               -0.3751               2.2820               0.9882
15   H               -1.6751               1.3024               1.6848
16   H                2.7658               0.2884               1.5223
17   H                1.7273               0.7280              -2.0360
18   H                2.4372              -1.4094               1.1327
19   H                1.2742              -0.4504               2.0729
20   H                2.8544               1.2946              -0.8159
21   H                2.9634              -0.3746              -1.3922


Energy:                 -383.540062 Convergence criteria  Is converged 
Maximum Force:             0.036041     0.002850  No
RMS Force:                 0.014120     0.001900  No
Maximum Displacement:      0.007293     0.003150  No
RMS Displacement:          0.002799     0.002100  No

----------------------------------------------------------------------
                      Iteration: 15 [CG] (GDIIS)                      


                             Coordinates                              
----------------------------------------------------------------------
0    C               -0.7731              -1.0667               0.3137
1    C                1.3026               0.0480              -0.0294
2    C               -0.9635               1.4790               0.8318
3    C                1.9775              -0.4197               1.2474
4    C                2.2610               0.4340              -1.1317
5    N                0.3024              -0.8931              -0.5111
6    N               -1.9978              -1.4120              -0.2380
7    O               -1.6447               1.6365              -0.4075
8    H               -2.2360               0.8752              -0.4541
9    H                0.0238              -0.6814              -1.4642
10   H               -0.6052              -1.3941               1.3374
11   H                0.6545               0.9033               0.2953
12   H               -2.5888              -2.0712               0.2488
13   H               -2.0701              -1.5113              -1.2414
14   H               -0.3821               2.4167               0.9900
15   H               -1.6227               1.3142               1.6829
16   H                2.7579               0.2912               1.5206
17   H                1.7218               0.7321              -2.0338
18   H                2.4333              -1.4042               1.1363
19   H                1.2718              -0.4449               2.0820
20   H                2.8416               1.2982              -0.8115
21   H                2.9558              -0.3661              -1.3851


Energy:                 -383.525415 Convergence criteria  Is converged 
Maximum Force:             0.029393     0.002850  No
RMS Force:                 0.011852     0.001900  No
Maximum Displacement:      0.134635     0.003150  No
RMS Displacement:          0.054696     0.002100  No

----------------------------------------------------------------------
                          Iteration: 16 [CG]                          


                             Coordinates                              
----------------------------------------------------------------------
0    C               -0.7728              -1.0620               0.3170
1    C                1.3030               0.0477              -0.0300
2    C               -0.9667               1.4776               0.8314
3    C                1.9778              -0.4199               1.2471
4    C                2.2614               0.4340              -1.1318
5    N                0.3016              -0.8931              -0.5099
6    N               -1.9984              -1.4108              -0.2384
7    O               -1.6452               1.6359              -0.4056
8    H               -2.2365               0.8755              -0.4554
9    H                0.0242              -0.6811              -1.4635
10   H               -0.6052              -1.3931               1.3348
11   H                0.6569               0.9031               0.2938
12   H               -2.5870              -2.0699               0.2494
13   H               -2.0687              -1.5108              -1.2405
14   H               -0.3835               2.4108               0.9897
15   H               -1.6245               1.3152               1.6829
16   H                2.7581               0.2912               1.5205
17   H                1.7218               0.7319              -2.0338
18   H                2.4334              -1.4047               1.1363
19   H                1.2717              -0.4451               2.0813
20   H                2.8421               1.2982              -0.8114
21   H                2.9562              -0.3668              -1.3854


Energy:                 -383.526001 Convergence criteria  Is converged 
Maximum Force:             0.027146     0.002850  No
RMS Force:                 0.010960     0.001900  No
Maximum Displacement:      0.005879     0.003150  No
RMS Displacement:          0.002370     0.002100  No

----------------------------------------------------------------------
                          Iteration: 17 [CG]                          


                             Coordinates                              
----------------------------------------------------------------------
0    C               -0.7735              -1.0572               0.3189
1    C                1.3035               0.0473              -0.0304
2    C               -0.9698               1.4756               0.8312
3    C                1.9782              -0.4202               1.2468
4    C                2.2619               0.4339              -1.1320
5    N                0.3013              -0.8931              -0.5090
6    N               -1.9983              -1.4091              -0.2381
7    O               -1.6457               1.6355              -0.4041
8    H               -2.2372               0.8755              -0.4567
9    H                0.0244              -0.6808              -1.4627
10   H               -0.6051              -1.3924               1.3334
11   H                0.6593               0.9030               0.2924
12   H               -2.5854              -2.0688               0.2500
13   H               -2.0673              -1.5103              -1.2400
14   H               -0.3844               2.4054               0.9894
15   H               -1.6264               1.3162               1.6830
16   H                2.7583               0.2911               1.5204
17   H                1.7218               0.7317              -2.0338
18   H                2.4336              -1.4052               1.1362
19   H                1.2717              -0.4454               2.0807
20   H                2.8425               1.2982              -0.8113
21   H                2.9566              -0.3673              -1.3857


Energy:                 -383.526523 Convergence criteria  Is converged 
Maximum Force:             0.025787     0.002850  No
RMS Force:                 0.010754     0.001900  No
Maximum Displacement:      0.005429     0.003150  No
RMS Displacement:          0.002192     0.002100  No

----------------------------------------------------------------------
                          Iteration: 18 [CG]                          


                             Coordinates                              
----------------------------------------------------------------------
0    C               -0.7744              -1.0522               0.3203
1    C                1.3039               0.0469              -0.0308
2    C               -0.9727               1.4731               0.8311
3    C                1.9785              -0.4205               1.2465
4    C                2.2625               0.4337              -1.1322
5    N                0.3011              -0.8929              -0.5082
6    N               -1.9981              -1.4073              -0.2376
7    O               -1.6465               1.6352              -0.4030
8    H               -2.2379               0.8755              -0.4579
9    H                0.0246              -0.6805              -1.4620
10   H               -0.6049              -1.3918               1.3325
11   H                0.6617               0.9030               0.2909
12   H               -2.5839              -2.0678               0.2507
13   H               -2.0659              -1.5099              -1.2395
14   H               -0.3851               2.4002               0.9891
15   H               -1.6285               1.3171               1.6833
16   H                2.7585               0.2910               1.5203
17   H                1.7218               0.7315              -2.0339
18   H                2.4337              -1.4056               1.1361
19   H                1.2716              -0.4457               2.0801
20   H                2.8429               1.2982              -0.8113
21   H                2.9569              -0.3678              -1.3860


Energy:                 -383.527031 Convergence criteria  Is converged 
Maximum Force:             0.025336     0.002850  No
RMS Force:                 0.010725     0.001900  No
Maximum Displacement:      0.005157     0.003150  No
RMS Displacement:          0.002151     0.002100  No

----------------------------------------------------------------------
                          Iteration: 19 [CG]                          


                             Coordinates                              
----------------------------------------------------------------------
0    C               -0.7753              -1.0471               0.3217
1    C                1.3045               0.0466              -0.0311
2    C               -0.9755               1.4703               0.8310
3    C                1.9789              -0.4207               1.2462
4    C                2.2630               0.4335              -1.1325
5    N                0.3010              -0.8928              -0.5076
6    N               -1.9980              -1.4053              -0.2372
7    O               -1.6475               1.6350              -0.4022
8    H               -2.2386               0.8755              -0.4592
9    H                0.0248              -0.6803              -1.4612
10   H               -0.6047              -1.3912               1.3317
11   H                0.6641               0.9031               0.2895
12   H               -2.5824              -2.0667               0.2514
13   H               -2.0644              -1.5095              -1.2390
14   H               -0.3856               2.3952               0.9889
15   H               -1.6308               1.3179               1.6837
16   H                2.7586               0.2909               1.5202
17   H                1.7218               0.7314              -2.0339
18   H                2.4339              -1.4061               1.1360
19   H                1.2716              -0.4460               2.0795
20   H                2.8434               1.2981              -0.8113
21   H                2.9572              -0.3683              -1.3862


Energy:                 -383.527538 Convergence criteria  Is converged 
Maximum Force:             0.025659     0.002850  No
RMS Force:                 0.010785     0.001900  No
Maximum Displacement:      0.005067     0.003150  No
RMS Displacement:          0.002145     0.002100  No

----------------------------------------------------------------------
                      Iteration: 20 [CG] (GDIIS)                      


                             Coordinates                              
----------------------------------------------------------------------
0    C               -0.7494              -1.2384               0.2738
1    C                1.2830               0.0420              -0.0248
2    C               -0.9005               1.6253               0.8451
3    C                1.9653              -0.4184               1.2498
4    C                2.2433               0.4408              -1.1231
5    N                0.2920              -0.8998              -0.5201
6    N               -1.9867              -1.5036              -0.2599
7    O               -1.5913               1.6465              -0.4100
8    H               -2.1832               0.8833              -0.4010
9    H                0.0234              -0.6953              -1.4763
10   H               -0.5946              -1.4411               1.3248
11   H                0.5841               0.8787               0.3250
12   H               -2.6230              -2.1139               0.2323
13   H               -2.1124              -1.5272              -1.2662
14   H               -0.4040               2.5952               0.9908
15   H               -1.5492               1.3470               1.6784
16   H                2.7464               0.2961               1.5162
17   H                1.7116               0.7374              -2.0310
18   H                2.4281              -1.4011               1.1419
19   H                1.2659              -0.4387               2.0908
20   H                2.8246               1.3059              -0.8022
21   H                2.9464              -0.3571              -1.3758


Energy:                 -383.512928 Convergence criteria  Is converged 
Maximum Force:             0.033874     0.002850  No
RMS Force:                 0.015247     0.001900  No
Maximum Displacement:      0.200000     0.003150  No
RMS Displacement:          0.085120     0.002100  No

----------------------------------------------------------------------
                          Iteration: 21 [CG]                          


                             Coordinates                              
----------------------------------------------------------------------
0    C               -0.7473              -1.2344               0.2784
1    C                1.2812               0.0421              -0.0244
2    C               -0.9072               1.6248               0.8428
3    C                1.9657              -0.4188               1.2495
4    C                2.2436               0.4409              -1.1231
5    N                0.2932              -0.9018              -0.5213
6    N               -1.9917              -1.5031              -0.2629
7    O               -1.5893               1.6462              -0.4063
8    H               -2.1826               0.8837              -0.4011
9    H                0.0236              -0.6952              -1.4756
10   H               -0.5944              -1.4415               1.3227
11   H                0.5878               0.8798               0.3239
12   H               -2.6208              -2.1134               0.2321
13   H               -2.1108              -1.5274              -1.2638
14   H               -0.4049               2.5924               0.9903
15   H               -1.5489               1.3484               1.6782
16   H                2.7463               0.2960               1.5159
17   H                1.7115               0.7371              -2.0308
18   H                2.4280              -1.4015               1.1418
19   H                1.2659              -0.4391               2.0901
20   H                2.8247               1.3058              -0.8020
21   H                2.9463              -0.3573              -1.3759


Energy:                 -383.513802 Convergence criteria  Is converged 
Maximum Force:             0.030080     0.002850  No
RMS Force:                 0.012010     0.001900  No
Maximum Displacement:      0.006775     0.003150  No
RMS Displacement:          0.003049     0.002100  No

----------------------------------------------------------------------
                          Iteration: 22 [CG]                          


                             Coordinates                              
----------------------------------------------------------------------
0    C               -0.7480              -1.2308               0.2806
1    C                1.2798               0.0423              -0.0243
2    C               -0.9133               1.6256               0.8410
3    C                1.9659              -0.4192               1.2492
4    C                2.2436               0.4410              -1.1229
5    N                0.2951              -0.9038              -0.5224
6    N               -1.9939              -1.5011              -0.2632
7    O               -1.5878               1.6457              -0.4032
8    H               -2.1820               0.8839              -0.4013
9    H                0.0236              -0.6950              -1.4752
10   H               -0.5939              -1.4422               1.3221
11   H                0.5919               0.8808               0.3226
12   H               -2.6194              -2.1136               0.2321
13   H               -2.1094              -1.5279              -1.2633
14   H               -0.4056               2.5893               0.9898
15   H               -1.5490               1.3493               1.6783
16   H                2.7462               0.2959               1.5156
17   H                1.7113               0.7369              -2.0307
18   H                2.4279              -1.4020               1.1417
19   H                1.2659              -0.4396               2.0895
20   H                2.8248               1.3057              -0.8018
21   H                2.9461              -0.3576              -1.3759


Energy:                 -383.514411 Convergence criteria  Is converged 
Maximum Force:             0.027340     0.002850  No
RMS Force:                 0.011180     0.001900  No
Maximum Displacement:      0.006016     0.003150  No
RMS Displacement:          0.002402     0.002100  No

----------------------------------------------------------------------
                          Iteration: 23 [CG]                          


                             Coordinates                              
----------------------------------------------------------------------
0    C               -0.7492              -1.2274               0.2823
1    C                1.2787               0.0427              -0.0243
2    C               -0.9187               1.6268               0.8398
3    C                1.9661              -0.4195               1.2490
4    C                2.2436               0.4411              -1.1226
5    N                0.2969              -0.9059              -0.5232
6    N               -1.9955              -1.4988              -0.2630
7    O               -1.5867               1.6453              -0.4009
8    H               -2.1814               0.8841              -0.4015
9    H                0.0236              -0.6947              -1.4748
10   H               -0.5935              -1.4431               1.3219
11   H                0.5960               0.8817               0.3212
12   H               -2.6182              -2.1140               0.2321
13   H               -2.1081              -1.5285              -1.2632
14   H               -0.4062               2.5863               0.9892
15   H               -1.5494               1.3499               1.6788
16   H                2.7461               0.2958               1.5154
17   H                1.7112               0.7366              -2.0305
18   H                2.4279              -1.4024               1.1416
19   H                1.2659              -0.4402               2.0889
20   H                2.8249               1.3056              -0.8016
21   H                2.9458              -0.3578              -1.3759


Energy:                 -383.514947 Convergence criteria  Is converged 
Maximum Force:             0.025326     0.002850  No
RMS Force:                 0.010633     0.001900  No
Maximum Displacement:      0.005468     0.003150  No
RMS Displacement:          0.002236     0.002100  No

----------------------------------------------------------------------
                          Iteration: 24 [CG]                          


                             Coordinates                              
----------------------------------------------------------------------
0    C               -0.7503              -1.2240               0.2837
1    C                1.2780               0.0430              -0.0242
2    C               -0.9238               1.6283               0.8390
3    C                1.9662              -0.4198               1.2487
4    C                2.2436               0.4412              -1.1224
5    N                0.2986              -0.9081              -0.5239
6    N               -1.9970              -1.4963              -0.2627
7    O               -1.5861               1.6449              -0.3992
8    H               -2.1810               0.8841              -0.4018
9    H                0.0235              -0.6945              -1.4745
10   H               -0.5930              -1.4440               1.3219
11   H                0.6002               0.8825               0.3198
12   H               -2.6170              -2.1145               0.2321
13   H               -2.1068              -1.5292              -1.2631
14   H               -0.4066               2.5836               0.9887
15   H               -1.5500               1.3503               1.6794
16   H                2.7460               0.2958               1.5151
17   H                1.7111               0.7364              -2.0303
18   H                2.4278              -1.4029               1.1414
19   H                1.2659              -0.4407               2.0883
20   H                2.8250               1.3056              -0.8015
21   H                2.9455              -0.3580              -1.3758


Energy:                 -383.515434 Convergence criteria  Is converged 
Maximum Force:             0.023760     0.002850  No
RMS Force:                 0.010217     0.001900  No
Maximum Displacement:      0.005065     0.003150  No
RMS Displacement:          0.002127     0.002100  No

----------------------------------------------------------------------
                      Iteration: 25 [CG] (GDIIS)                      


                             Coordinates                              
----------------------------------------------------------------------
0    C               -0.7484              -1.2462               0.2718
1    C                1.2821               0.0418              -0.0245
2    C               -0.8973               1.6315               0.8457
3    C                1.9648              -0.4183               1.2499
4    C                2.2425               0.4411              -1.1227
5    N                0.2916              -0.9000              -0.5206
6    N               -1.9862              -1.5076              -0.2608
7    O               -1.5891               1.6470              -0.4104
8    H               -2.1810               0.8836              -0.3987
9    H                0.0234              -0.6959              -1.4769
10   H               -0.5942              -1.4431               1.3245
11   H                0.5808               0.8777               0.3265
12   H               -2.6246              -2.1157               0.2315
13   H               -2.1144              -1.5279              -1.2673
14   H               -0.4047               2.6033               0.9908
15   H               -1.5459               1.3481               1.6782
16   H                2.7460               0.2963               1.5161
17   H                1.7112               0.7376              -2.0309
18   H                2.4278              -1.4009               1.1421
19   H                1.2657              -0.4384               2.0913
20   H                2.8239               1.3062              -0.8019
21   H                2.9460              -0.3566              -1.3754


Energy:                 -383.512402 Convergence criteria  Is converged 
Maximum Force:             0.034979     0.002850  No
RMS Force:                 0.015869     0.001900  No
Maximum Displacement:      0.026512     0.003150  No
RMS Displacement:          0.011651     0.002100  No

----------------------------------------------------------------------
                          Iteration: 26 [CG]                          


                             Coordinates                              
----------------------------------------------------------------------
0    C               -0.7459              -1.2422               0.2766
1    C                1.2803               0.0419              -0.0242
2    C               -0.9043               1.6309               0.8432
3    C                1.9651              -0.4187               1.2496
4    C                2.2428               0.4412              -1.1227
5    N                0.2927              -0.9021              -0.5218
6    N               -1.9915              -1.5071              -0.2640
7    O               -1.5869               1.6467              -0.4065
8    H               -2.1803               0.8840              -0.3987
9    H                0.0235              -0.6958              -1.4762
10   H               -0.5940              -1.4434               1.3223
11   H                0.5846               0.8789               0.3254
12   H               -2.6224              -2.1153               0.2313
13   H               -2.1127              -1.5281              -1.2648
14   H               -0.4056               2.6005               0.9904
15   H               -1.5454               1.3496               1.6779
16   H                2.7458               0.2962               1.5158
17   H                1.7111               0.7373              -2.0307
18   H                2.4278              -1.4013               1.1421
19   H                1.2657              -0.4388               2.0906
20   H                2.8239               1.3061              -0.8017
21   H                2.9458              -0.3568              -1.3755


Energy:                 -383.513339 Convergence criteria  Is converged 
Maximum Force:             0.030934     0.002850  No
RMS Force:                 0.012305     0.001900  No
Maximum Displacement:      0.006996     0.003150  No
RMS Displacement:          0.003174     0.002100  No

----------------------------------------------------------------------
                          Iteration: 27 [CG]                          


                             Coordinates                              
----------------------------------------------------------------------
0    C               -0.7467              -1.2387               0.2789
1    C                1.2787               0.0421              -0.0241
2    C               -0.9105               1.6317               0.8413
3    C                1.9653              -0.4191               1.2494
4    C                2.2428               0.4413              -1.1225
5    N                0.2947              -0.9042              -0.5229
6    N               -1.9937              -1.5051              -0.2643
7    O               -1.5853               1.6462              -0.4033
8    H               -2.1796               0.8843              -0.3989
9    H                0.0235              -0.6956              -1.4758
10   H               -0.5936              -1.4442               1.3217
11   H                0.5887               0.8799               0.3241
12   H               -2.6209              -2.1155               0.2312
13   H               -2.1113              -1.5286              -1.2642
14   H               -0.4064               2.5974               0.9898
15   H               -1.5454               1.3506               1.6780
16   H                2.7457               0.2961               1.5155
17   H                1.7109               0.7371              -2.0305
18   H                2.4277              -1.4018               1.1420
19   H                1.2657              -0.4393               2.0900
20   H                2.8240               1.3060              -0.8015
21   H                2.9456              -0.3571              -1.3755


Energy:                 -383.513978 Convergence criteria  Is converged 
Maximum Force:             0.028035     0.002850  No
RMS Force:                 0.011405     0.001900  No
Maximum Displacement:      0.006187     0.003150  No
RMS Displacement:          0.002461     0.002100  No

----------------------------------------------------------------------
                          Iteration: 28 [CG]                          


                             Coordinates                              
----------------------------------------------------------------------
0    C               -0.7478              -1.2354               0.2805
1    C                1.2776               0.0425              -0.0240
2    C               -0.9161               1.6330               0.8400
3    C                1.9655              -0.4194               1.2491
4    C                2.2427               0.4415              -1.1222
5    N                0.2966              -0.9063              -0.5238
6    N               -1.9954              -1.5028              -0.2641
7    O               -1.5842               1.6458              -0.4009
8    H               -2.1790               0.8845              -0.3991
9    H                0.0235              -0.6954              -1.4754
10   H               -0.5931              -1.4450               1.3215
11   H                0.5929               0.8809               0.3227
12   H               -2.6197              -2.1159               0.2312
13   H               -2.1100              -1.5293              -1.2641
14   H               -0.4071               2.5944               0.9893
15   H               -1.5457               1.3512               1.6784
16   H                2.7456               0.2960               1.5152
17   H                1.7108               0.7369              -2.0304
18   H                2.4276              -1.4022               1.1418
19   H                1.2657              -0.4399               2.0894
20   H                2.8241               1.3060              -0.8013
21   H                2.9454              -0.3573              -1.3754


Energy:                 -383.514534 Convergence criteria  Is converged 
Maximum Force:             0.025912     0.002850  No
RMS Force:                 0.010816     0.001900  No
Maximum Displacement:      0.005607     0.003150  No
RMS Displacement:          0.002281     0.002100  No

----------------------------------------------------------------------
                          Iteration: 29 [CG]                          


                             Coordinates                              
----------------------------------------------------------------------
0    C               -0.7489              -1.2321               0.2819
1    C                1.2767               0.0428              -0.0239
2    C               -0.9212               1.6346               0.8392
3    C                1.9656              -0.4197               1.2489
4    C                2.2427               0.4416              -1.1219
5    N                0.2983              -0.9085              -0.5246
6    N               -1.9969              -1.5002              -0.2638
7    O               -1.5834               1.6454              -0.3991
8    H               -2.1785               0.8845              -0.3993
9    H                0.0235              -0.6951              -1.4752
10   H               -0.5927              -1.4460               1.3215
11   H                0.5972               0.8817               0.3213
12   H               -2.6186              -2.1164               0.2312
13   H               -2.1088              -1.5300              -1.2640
14   H               -0.4075               2.5917               0.9887
15   H               -1.5462               1.3516               1.6790
16   H                2.7455               0.2960               1.5149
17   H                1.7107               0.7366              -2.0302
18   H                2.4275              -1.4026               1.1416
19   H                1.2657              -0.4405               2.0888
20   H                2.8242               1.3059              -0.8011
21   H                2.9450              -0.3575              -1.3753


Energy:                 -383.515038 Convergence criteria  Is converged 
Maximum Force:             0.024272     0.002850  No
RMS Force:                 0.010372     0.001900  No
Maximum Displacement:      0.005182     0.003150  No
RMS Displacement:          0.002163     0.002100  No

----------------------------------------------------------------------
                      Iteration: 30 [CG] (GDIIS)                      


                             Coordinates                              
----------------------------------------------------------------------
0    C               -0.7553              -1.2094               0.2804
1    C                1.2872               0.0421              -0.0261
2    C               -0.9109               1.6109               0.8462
3    C                1.9673              -0.4192               1.2489
4    C                2.2463               0.4396              -1.1246
5    N                0.2939              -0.9003              -0.5187
6    N               -1.9862              -1.4935              -0.2570
7    O               -1.5985               1.6447              -0.4101
8    H               -2.1899               0.8815              -0.4083
9    H                0.0237              -0.6934              -1.4741
10   H               -0.5944              -1.4383               1.3253
11   H                0.5953               0.8797               0.3188
12   H               -2.6176              -2.1086               0.2352
13   H               -2.1063              -1.5251              -1.2640
14   H               -0.4027               2.5721               0.9906
15   H               -1.5630               1.3452               1.6814
16   H                2.7478               0.2953               1.5165
17   H                1.7127               0.7365              -2.0312
18   H                2.4289              -1.4023               1.1412
19   H                1.2664              -0.4397               2.0886
20   H                2.8269               1.3049              -0.8031
21   H                2.9480              -0.3589              -1.3773


Energy:                 -383.514534 Convergence criteria  Is converged 
Maximum Force:             0.035223     0.002850  No
RMS Force:                 0.015167     0.001900  No
Maximum Displacement:      0.023652     0.003150  No
RMS Displacement:          0.012251     0.002100  No

----------------------------------------------------------------------
                          Iteration: 31 [CG]                          


                             Coordinates                              
----------------------------------------------------------------------
0    C               -0.7530              -1.2055               0.2849
1    C                1.2854               0.0422              -0.0257
2    C               -0.9180               1.6096               0.8439
3    C                1.9677              -0.4196               1.2487
4    C                2.2467               0.4397              -1.1246
5    N                0.2949              -0.9021              -0.5198
6    N               -1.9911              -1.4930              -0.2601
7    O               -1.5966               1.6445              -0.4064
8    H               -2.1894               0.8818              -0.4084
9    H                0.0238              -0.6933              -1.4735
10   H               -0.5943              -1.4386               1.3233
11   H                0.5991               0.8808               0.3176
12   H               -2.6155              -2.1080               0.2351
13   H               -2.1046              -1.5252              -1.2616
14   H               -0.4032               2.5697               0.9903
15   H               -1.5628               1.3467               1.6810
16   H                2.7477               0.2951               1.5162
17   H                1.7126               0.7362              -2.0310
18   H                2.4289              -1.4028               1.1411
19   H                1.2663              -0.4401               2.0879
20   H                2.8270               1.3048              -0.8029
21   H                2.9480              -0.3592              -1.3775


Energy:                 -383.515385 Convergence criteria  Is converged 
Maximum Force:             0.029707     0.002850  No
RMS Force:                 0.011586     0.001900  No
Maximum Displacement:      0.007045     0.003150  No
RMS Displacement:          0.003033     0.002100  No

----------------------------------------------------------------------
                          Iteration: 32 [CG]                          


                             Coordinates                              
----------------------------------------------------------------------
0    C               -0.7536              -1.2019               0.2871
1    C                1.2840               0.0424              -0.0256
2    C               -0.9239               1.6097               0.8421
3    C                1.9680              -0.4200               1.2485
4    C                2.2468               0.4397              -1.1245
5    N                0.2966              -0.9038              -0.5206
6    N               -1.9931              -1.4912              -0.2604
7    O               -1.5953               1.6441              -0.4034
8    H               -2.1889               0.8821              -0.4087
9    H                0.0238              -0.6931              -1.4730
10   H               -0.5940              -1.4392               1.3227
11   H                0.6030               0.8817               0.3163
12   H               -2.6141              -2.1081               0.2352
13   H               -2.1033              -1.5256              -1.2610
14   H               -0.4038               2.5668               0.9899
15   H               -1.5631               1.3477               1.6811
16   H                2.7477               0.2950               1.5160
17   H                1.7126               0.7360              -2.0309
18   H                2.4289              -1.4032               1.1410
19   H                1.2663              -0.4406               2.0872
20   H                2.8272               1.3047              -0.8028
21   H                2.9479              -0.3594              -1.3775


Energy:                 -383.515950 Convergence criteria  Is converged 
Maximum Force:             0.026278     0.002850  No
RMS Force:                 0.010700     0.001900  No
Maximum Displacement:      0.005941     0.003150  No
RMS Displacement:          0.002317     0.002100  No

----------------------------------------------------------------------
                          Iteration: 33 [CG]                          


                             Coordinates                              
----------------------------------------------------------------------
0    C               -0.7546              -1.1985               0.2886
1    C                1.2830               0.0427              -0.0256
2    C               -0.9292               1.6106               0.8409
3    C                1.9682              -0.4203               1.2482
4    C                2.2468               0.4398              -1.1243
5    N                0.2982              -0.9057              -0.5213
6    N               -1.9945              -1.4890              -0.2602
7    O               -1.5946               1.6437              -0.4012
8    H               -2.1885               0.8822              -0.4091
9    H                0.0238              -0.6928              -1.4727
10   H               -0.5936              -1.4400               1.3225
11   H                0.6070               0.8826               0.3149
12   H               -2.6129              -2.1084               0.2353
13   H               -2.1020              -1.5261              -1.2609
14   H               -0.4043               2.5638               0.9894
15   H               -1.5637               1.3483               1.6815
16   H                2.7477               0.2950               1.5157
17   H                1.7125               0.7358              -2.0308
18   H                2.4289              -1.4037               1.1409
19   H                1.2664              -0.4411               2.0866
20   H                2.8274               1.3046              -0.8026
21   H                2.9477              -0.3597              -1.3776


Energy:                 -383.516439 Convergence criteria  Is converged 
Maximum Force:             0.024004     0.002850  No
RMS Force:                 0.010159     0.001900  No
Maximum Displacement:      0.005256     0.003150  No
RMS Displacement:          0.002140     0.002100  No

----------------------------------------------------------------------
                          Iteration: 34 [CG]                          


                             Coordinates                              
----------------------------------------------------------------------
0    C               -0.7556              -1.1950               0.2900
1    C                1.2824               0.0429              -0.0255
2    C               -0.9340               1.6116               0.8402
3    C                1.9684              -0.4206               1.2480
4    C                2.2468               0.4399              -1.1241
5    N                0.2997              -0.9076              -0.5219
6    N               -1.9959              -1.4866              -0.2599
7    O               -1.5941               1.6433              -0.3996
8    H               -2.1881               0.8822              -0.4094
9    H                0.0238              -0.6926              -1.4724
10   H               -0.5932              -1.4409               1.3225
11   H                0.6111               0.8835               0.3135
12   H               -2.6118              -2.1087               0.2353
13   H               -2.1007              -1.5267              -1.2607
14   H               -0.4047               2.5610               0.9889
15   H               -1.5646               1.3487               1.6820
16   H                2.7477               0.2949               1.5155
17   H                1.7124               0.7355              -2.0307
18   H                2.4288              -1.4041               1.1407
19   H                1.2664              -0.4417               2.0861
20   H                2.8276               1.3045              -0.8025
21   H                2.9475              -0.3599              -1.3775


Energy:                 -383.516884 Convergence criteria  Is converged 
Maximum Force:             0.022359     0.002850  No
RMS Force:                 0.009762     0.001900  No
Maximum Displacement:      0.004801     0.003150  No
RMS Displacement:          0.002032     0.002100  Yes

----------------------------------------------------------------------
                      Iteration: 35 [CG] (GDIIS)                      


                             Coordinates                              
----------------------------------------------------------------------
0    C               -0.7688              -1.1540               0.2913
1    C                1.2945               0.0387              -0.0295
2    C               -0.9331               1.6227               0.8595
3    C                1.9708              -0.4234               1.2463
4    C                2.2520               0.4364              -1.1276
5    N                0.3035              -0.9124              -0.5217
6    N               -1.9749              -1.5069              -0.2592
7    O               -1.6012               1.6444              -0.4122
8    H               -2.1889               0.8765              -0.4095
9    H                0.0233              -0.6922              -1.4723
10   H               -0.5870              -1.4636               1.3233
11   H                0.6109               0.8692               0.3041
12   H               -2.6144              -2.1102               0.2393
13   H               -2.1028              -1.5255              -1.2678
14   H               -0.4069               2.5824               0.9922
15   H               -1.5936               1.3612               1.6971
16   H                2.7479               0.2929               1.5153
17   H                1.7132               0.7351              -2.0299
18   H                2.4308              -1.4068               1.1411
19   H                1.2654              -0.4412               2.0815
20   H                2.8278               1.3027              -0.8025
21   H                2.9513              -0.3625              -1.3801


Energy:                 -383.515762 Convergence criteria  Is converged 
Maximum Force:             0.040428     0.002850  No
RMS Force:                 0.019377     0.001900  No
Maximum Displacement:      0.041027     0.003150  No
RMS Displacement:          0.017096     0.002100  No

----------------------------------------------------------------------
                          Iteration: 36 [CG]                          


                             Coordinates                              
----------------------------------------------------------------------
0    C               -0.7648              -1.1529               0.2978
1    C                1.2917               0.0386              -0.0292
2    C               -0.9411               1.6215               0.8559
3    C                1.9713              -0.4237               1.2462
4    C                2.2521               0.4368              -1.1275
5    N                0.3035              -0.9135              -0.5221
6    N               -1.9810              -1.5064              -0.2632
7    O               -1.5992               1.6444              -0.4065
8    H               -2.1882               0.8772              -0.4098
9    H                0.0237              -0.6920              -1.4717
10   H               -0.5876              -1.4627               1.3195
11   H                0.6154               0.8710               0.3029
12   H               -2.6118              -2.1091               0.2390
13   H               -2.1009              -1.5255              -1.2644
14   H               -0.4079               2.5785               0.9919
15   H               -1.5924               1.3631               1.6953
16   H                2.7481               0.2928               1.5152
17   H                1.7132               0.7348              -2.0299
18   H                2.4309              -1.4073               1.1410
19   H                1.2654              -0.4417               2.0809
20   H                2.8282               1.3026              -0.8025
21   H                2.9514              -0.3628              -1.3803


Energy:                 -383.517075 Convergence criteria  Is converged 
Maximum Force:             0.032776     0.002850  No
RMS Force:                 0.013037     0.001900  No
Maximum Displacement:      0.008086     0.003150  No
RMS Displacement:          0.003875     0.002100  No

----------------------------------------------------------------------
                          Iteration: 37 [CG]                          


                             Coordinates                              
----------------------------------------------------------------------
0    C               -0.7646              -1.1518               0.3003
1    C                1.2899               0.0386              -0.0292
2    C               -0.9477               1.6218               0.8533
3    C                1.9715              -0.4239               1.2460
4    C                2.2520               0.4370              -1.1272
5    N                0.3042              -0.9147              -0.5222
6    N               -1.9832              -1.5042              -0.2633
7    O               -1.5980               1.6441              -0.4021
8    H               -2.1875               0.8777              -0.4101
9    H                0.0239              -0.6918              -1.4711
10   H               -0.5877              -1.4627               1.3180
11   H                0.6197               0.8727               0.3016
12   H               -2.6102              -2.1089               0.2390
13   H               -2.0994              -1.5258              -1.2635
14   H               -0.4090               2.5742               0.9915
15   H               -1.5920               1.3644               1.6942
16   H                2.7483               0.2927               1.5150
17   H                1.7132               0.7346              -2.0300
18   H                2.4310              -1.4077               1.1408
19   H                1.2654              -0.4423               2.0804
20   H                2.8287               1.3026              -0.8025
21   H                2.9514              -0.3630              -1.3805


Energy:                 -383.517763 Convergence criteria  Is converged 
Maximum Force:             0.027571     0.002850  No
RMS Force:                 0.011170     0.001900  No
Maximum Displacement:      0.006555     0.003150  No
RMS Displacement:          0.002607     0.002100  No

----------------------------------------------------------------------
                          Iteration: 38 [CG]                          


                             Coordinates                              
----------------------------------------------------------------------
0    C               -0.7652              -1.1505               0.3016
1    C                1.2887               0.0386              -0.0292
2    C               -0.9532               1.6226               0.8515
3    C                1.9717              -0.4242               1.2459
4    C                2.2519               0.4371              -1.1269
5    N                0.3050              -0.9159              -0.5223
6    N               -1.9847              -1.5015              -0.2629
7    O               -1.5975               1.6439              -0.3989
8    H               -2.1870               0.8781              -0.4105
9    H                0.0240              -0.6916              -1.4706
10   H               -0.5877              -1.4630               1.3173
11   H                0.6240               0.8744               0.3003
12   H               -2.6089              -2.1089               0.2391
13   H               -2.0980              -1.5263              -1.2631
14   H               -0.4098               2.5702               0.9910
15   H               -1.5920               1.3652               1.6937
16   H                2.7485               0.2927               1.5149
17   H                1.7133               0.7343              -2.0300
18   H                2.4310              -1.4081               1.1406
19   H                1.2655              -0.4429               2.0799
20   H                2.8291               1.3026              -0.8024
21   H                2.9512              -0.3632              -1.3805


Energy:                 -383.518282 Convergence criteria  Is converged 
Maximum Force:             0.024042     0.002850  No
RMS Force:                 0.010078     0.001900  No
Maximum Displacement:      0.005514     0.003150  No
RMS Displacement:          0.002234     0.002100  No

----------------------------------------------------------------------
                          Iteration: 39 [CG]                          


                             Coordinates                              
----------------------------------------------------------------------
0    C               -0.7658              -1.1490               0.3027
1    C                1.2879               0.0387              -0.0291
2    C               -0.9580               1.6236               0.8504
3    C                1.9718              -0.4244               1.2457
4    C                2.2519               0.4372              -1.1267
5    N                0.3057              -0.9172              -0.5224
6    N               -1.9861              -1.4988              -0.2624
7    O               -1.5973               1.6438              -0.3967
8    H               -2.1865               0.8782              -0.4109
9    H                0.0241              -0.6915              -1.4701
10   H               -0.5876              -1.4635               1.3170
11   H                0.6281               0.8761               0.2990
12   H               -2.6077              -2.1091               0.2392
13   H               -2.0966              -1.5268              -1.2628
14   H               -0.4105               2.5665               0.9906
15   H               -1.5925               1.3658               1.6934
16   H                2.7487               0.2926               1.5147
17   H                1.7133               0.7341              -2.0300
18   H                2.4310              -1.4085               1.1404
19   H                1.2655              -0.4435               2.0795
20   H                2.8295               1.3025              -0.8024
21   H                2.9510              -0.3634              -1.3806


Energy:                 -383.518712 Convergence criteria  Is converged 
Maximum Force:             0.021554     0.002850  No
RMS Force:                 0.009361     0.001900  No
Maximum Displacement:      0.004808     0.003150  No
RMS Displacement:          0.002016     0.002100  Yes

----------------------------------------------------------------------
                      Iteration: 40 [CG] (GDIIS)                      


                             Coordinates                              
----------------------------------------------------------------------
0    C               -0.7685              -1.1533               0.2915
1    C                1.2945               0.0388              -0.0296
2    C               -0.9328               1.6206               0.8589
3    C                1.9707              -0.4233               1.2463
4    C                2.2519               0.4365              -1.1276
5    N                0.3036              -0.9123              -0.5217
6    N               -1.9749              -1.5060              -0.2589
7    O               -1.6012               1.6445              -0.4121
8    H               -2.1891               0.8767              -0.4097
9    H                0.0232              -0.6921              -1.4723
10   H               -0.5873              -1.4625               1.3232
11   H                0.6107               0.8695               0.3044
12   H               -2.6143              -2.1098               0.2391
13   H               -2.1027              -1.5254              -1.2674
14   H               -0.4071               2.5805               0.9919
15   H               -1.5930               1.3608               1.6969
16   H                2.7478               0.2929               1.5153
17   H                1.7132               0.7351              -2.0298
18   H                2.4308              -1.4067               1.1410
19   H                1.2655              -0.4412               2.0816
20   H                2.8277               1.3027              -0.8026
21   H                2.9512              -0.3625              -1.3800


Energy:                 -383.515842 Convergence criteria  Is converged 
Maximum Force:             0.039919     0.002850  No
RMS Force:                 0.019103     0.001900  No
Maximum Displacement:      0.025216     0.003150  No
RMS Displacement:          0.009983     0.002100  No

----------------------------------------------------------------------
                          Iteration: 41 [CG]                          


                             Coordinates                              
----------------------------------------------------------------------
0    C               -0.7646              -1.1522               0.2979
1    C                1.2917               0.0387              -0.0293
2    C               -0.9408               1.6195               0.8554
3    C                1.9712              -0.4236               1.2462
4    C                2.2521               0.4369              -1.1274
5    N                0.3035              -0.9134              -0.5220
6    N               -1.9810              -1.5055              -0.2628
7    O               -1.5993               1.6444              -0.4065
8    H               -2.1884               0.8774              -0.4100
9    H                0.0236              -0.6919              -1.4716
10   H               -0.5879              -1.4616               1.3195
11   H                0.6152               0.8712               0.3031
12   H               -2.6117              -2.1087               0.2389
13   H               -2.1008              -1.5254              -1.2641
14   H               -0.4081               2.5766               0.9916
15   H               -1.5919               1.3626               1.6951
16   H                2.7481               0.2928               1.5152
17   H                1.7132               0.7349              -2.0299
18   H                2.4308              -1.4071               1.1409
19   H                1.2655              -0.4417               2.0810
20   H                2.8282               1.3026              -0.8025
21   H                2.9513              -0.3628              -1.3803


Energy:                 -383.517120 Convergence criteria  Is converged 
Maximum Force:             0.032450     0.002850  No
RMS Force:                 0.012894     0.001900  No
Maximum Displacement:      0.007984     0.003150  No
RMS Displacement:          0.003821     0.002100  No

----------------------------------------------------------------------
                          Iteration: 42 [CG]                          


                             Coordinates                              
----------------------------------------------------------------------
0    C               -0.7645              -1.1510               0.3003
1    C                1.2899               0.0387              -0.0292
2    C               -0.9473               1.6199               0.8528
3    C                1.9714              -0.4238               1.2460
4    C                2.2520               0.4371              -1.1272
5    N                0.3043              -0.9145              -0.5221
6    N               -1.9831              -1.5033              -0.2630
7    O               -1.5982               1.6441              -0.4022
8    H               -2.1878               0.8779              -0.4104
9    H                0.0238              -0.6917              -1.4711
10   H               -0.5880              -1.4616               1.3181
11   H                0.6195               0.8729               0.3018
12   H               -2.6101              -2.1085               0.2390
13   H               -2.0993              -1.5257              -1.2632
14   H               -0.4090               2.5724               0.9913
15   H               -1.5916               1.3638               1.6941
16   H                2.7483               0.2928               1.5150
17   H                1.7132               0.7346              -2.0299
18   H                2.4309              -1.4076               1.1408
19   H                1.2655              -0.4423               2.0805
20   H                2.8286               1.3026              -0.8025
21   H                2.9513              -0.3630              -1.3804


Energy:                 -383.517793 Convergence criteria  Is converged 
Maximum Force:             0.027356     0.002850  No
RMS Force:                 0.011080     0.001900  No
Maximum Displacement:      0.006490     0.003150  No
RMS Displacement:          0.002579     0.002100  No

----------------------------------------------------------------------
                          Iteration: 43 [CG]                          


                             Coordinates                              
----------------------------------------------------------------------
0    C               -0.7651              -1.1497               0.3016
1    C                1.2887               0.0388              -0.0292
2    C               -0.9528               1.6207               0.8511
3    C                1.9716              -0.4241               1.2459
4    C                2.2519               0.4371              -1.1269
5    N                0.3050              -0.9157              -0.5222
6    N               -1.9847              -1.5006              -0.2626
7    O               -1.5977               1.6439              -0.3991
8    H               -2.1872               0.8782              -0.4108
9    H                0.0240              -0.6916              -1.4705
10   H               -0.5879              -1.4619               1.3174
11   H                0.6237               0.8746               0.3005
12   H               -2.6088              -2.1085               0.2390
13   H               -2.0978              -1.5261              -1.2628
14   H               -0.4099               2.5683               0.9908
15   H               -1.5917               1.3647               1.6935
16   H                2.7485               0.2927               1.5149
17   H                1.7133               0.7343              -2.0300
18   H                2.4309              -1.4080               1.1406
19   H                1.2655              -0.4429               2.0800
20   H                2.8291               1.3026              -0.8024
21   H                2.9512              -0.3632              -1.3805


Energy:                 -383.518305 Convergence criteria  Is converged 
Maximum Force:             0.023898     0.002850  No
RMS Force:                 0.010021     0.001900  No
Maximum Displacement:      0.005471     0.003150  No
RMS Displacement:          0.002216     0.002100  No

----------------------------------------------------------------------
                          Iteration: 44 [CG]                          


                             Coordinates                              
----------------------------------------------------------------------
0    C               -0.7657              -1.1482               0.3027
1    C                1.2880               0.0388              -0.0292
2    C               -0.9575               1.6216               0.8500
3    C                1.9717              -0.4243               1.2457
4    C                2.2518               0.4372              -1.1267
5    N                0.3057              -0.9170              -0.5224
6    N               -1.9861              -1.4979              -0.2622
7    O               -1.5976               1.6438              -0.3969
8    H               -2.1869               0.8784              -0.4112
9    H                0.0241              -0.6914              -1.4700
10   H               -0.5879              -1.4624               1.3171
11   H                0.6279               0.8763               0.2993
12   H               -2.6076              -2.1087               0.2391
13   H               -2.0964              -1.5266              -1.2625
14   H               -0.4104               2.5647               0.9904
15   H               -1.5921               1.3653               1.6933
16   H                2.7487               0.2926               1.5148
17   H                1.7133               0.7341              -2.0300
18   H                2.4309              -1.4084               1.1404
19   H                1.2656              -0.4435               2.0796
20   H                2.8295               1.3026              -0.8024
21   H                2.9510              -0.3634              -1.3805


Energy:                 -383.518731 Convergence criteria  Is converged 
Maximum Force:             0.021459     0.002850  No
RMS Force:                 0.009325     0.001900  No
Maximum Displacement:      0.004780     0.003150  No
RMS Displacement:          0.002004     0.002100  Yes

----------------------------------------------------------------------
                      Iteration: 45 [CG] (GDIIS)                      


                             Coordinates                              
----------------------------------------------------------------------
0    C               -0.8067              -0.9630               0.3494
1    C                1.3171               0.0371              -0.0384
2    C               -1.0441               1.5564               0.8646
3    C                1.9881              -0.4316               1.2404
4    C                2.2745               0.4269              -1.1381
5    N                0.3174              -0.9236              -0.5128
6    N               -1.9811              -1.4447              -0.2463
7    O               -1.6501               1.6344              -0.3937
8    H               -2.2288               0.8615              -0.4566
9    H                0.0265              -0.6793              -1.4561
10   H               -0.5859              -1.4681               1.3208
11   H                0.7160               0.8874               0.2494
12   H               -2.5753              -2.0791               0.2607
13   H               -2.0556              -1.5151              -1.2517
14   H               -0.3985               2.4417               0.9956
15   H               -1.7024               1.3638               1.7136
16   H                2.7619               0.2847               1.5179
17   H                1.7243               0.7275              -2.0332
18   H                2.4397              -1.4187               1.1354
19   H                1.2684              -0.4520               2.0621
20   H                2.8487               1.2936              -0.8102
21   H                2.9656              -0.3760              -1.3943


Energy:                 -383.524247 Convergence criteria  Is converged 
Maximum Force:             0.041593     0.002850  No
RMS Force:                 0.020569     0.001900  No
Maximum Displacement:      0.185178     0.003150  No
RMS Displacement:          0.069902     0.002100  No

----------------------------------------------------------------------
                          Iteration: 46 [CG]                          


                             Coordinates                              
----------------------------------------------------------------------
0    C               -0.8028              -0.9660               0.3564
1    C                1.3154               0.0338              -0.0399
2    C               -1.0650               1.5559               0.8580
3    C                1.9889              -0.4321               1.2396
4    C                2.2748               0.4271              -1.1375
5    N                0.3161              -0.9250              -0.5091
6    N               -1.9878              -1.4292              -0.2439
7    O               -1.6510               1.6351              -0.3835
8    H               -2.2274               0.8625              -0.4588
9    H                0.0273              -0.6784              -1.4539
10   H               -0.5880              -1.4646               1.3145
11   H                0.7315               0.8983               0.2450
12   H               -2.5698              -2.0788               0.2610
13   H               -2.0489              -1.5169              -1.2489
14   H               -0.4016               2.4234               0.9942
15   H               -1.7045               1.3669               1.7115
16   H                2.7631               0.2841               1.5175
17   H                1.7248               0.7263              -2.0334
18   H                2.4398              -1.4203               1.1343
19   H                1.2688              -0.4548               2.0602
20   H                2.8509               1.2932              -0.8102
21   H                2.9652              -0.3769              -1.3948


Energy:                 -383.526378 Convergence criteria  Is converged 
Maximum Force:             0.030090     0.002850  No
RMS Force:                 0.016051     0.001900  No
Maximum Displacement:      0.020932     0.003150  No
RMS Displacement:          0.009326     0.002100  No

----------------------------------------------------------------------
                          Iteration: 47 [CG]                          


                             Coordinates                              
----------------------------------------------------------------------
0    C               -0.7986              -0.9720               0.3566
1    C                1.3172               0.0319              -0.0407
2    C               -1.0643               1.5520               0.8585
3    C                1.9891              -0.4321               1.2393
4    C                2.2755               0.4264              -1.1380
5    N                0.3128              -0.9216              -0.5060
6    N               -1.9889              -1.4241              -0.2425
7    O               -1.6545               1.6364              -0.3855
8    H               -2.2279               0.8625              -0.4596
9    H                0.0275              -0.6783              -1.4530
10   H               -0.5896              -1.4609               1.3121
11   H                0.7315               0.9023               0.2454
12   H               -2.5686              -2.0779               0.2607
13   H               -2.0473              -1.5172              -1.2473
14   H               -0.4021               2.4191               0.9944
15   H               -1.7065               1.3672               1.7116
16   H                2.7634               0.2838               1.5176
17   H                1.7252               0.7261              -2.0336
18   H                2.4399              -1.4203               1.1341
19   H                1.2690              -0.4553               2.0600
20   H                2.8515               1.2928              -0.8105
21   H                2.9655              -0.3771              -1.3952


Energy:                 -383.527399 Convergence criteria  Is converged 
Maximum Force:             0.024138     0.002850  No
RMS Force:                 0.013250     0.001900  No
Maximum Displacement:      0.006018     0.003150  No
RMS Displacement:          0.003210     0.002100  No

----------------------------------------------------------------------
                          Iteration: 48 [CG]                          


                             Coordinates                              
----------------------------------------------------------------------
0    C               -0.7960              -0.9765               0.3558
1    C                1.3180               0.0314              -0.0408
2    C               -1.0639               1.5479               0.8585
3    C                1.9894              -0.4323               1.2391
4    C                2.2762               0.4257              -1.1386
5    N                0.3106              -0.9186              -0.5041
6    N               -1.9900              -1.4193              -0.2410
7    O               -1.6574               1.6377              -0.3866
8    H               -2.2286               0.8623              -0.4606
9    H                0.0277              -0.6783              -1.4519
10   H               -0.5908              -1.4581               1.3111
11   H                0.7322               0.9051               0.2455
12   H               -2.5673              -2.0770               0.2604
13   H               -2.0457              -1.5173              -1.2457
14   H               -0.4026               2.4152               0.9947
15   H               -1.7085               1.3676               1.7115
16   H                2.7638               0.2835               1.5176
17   H                1.7256               0.7258              -2.0337
18   H                2.4401              -1.4204               1.1339
19   H                1.2692              -0.4558               2.0598
20   H                2.8520               1.2924              -0.8107
21   H                2.9659              -0.3774              -1.3957


Energy:                 -383.528127 Convergence criteria  Is converged 
Maximum Force:             0.022790     0.002850  No
RMS Force:                 0.011881     0.001900  No
Maximum Displacement:      0.004828     0.003150  No
RMS Displacement:          0.002650     0.002100  No

----------------------------------------------------------------------
                          Iteration: 49 [CG]                          


                             Coordinates                              
----------------------------------------------------------------------
0    C               -0.7943              -0.9799               0.3549
1    C                1.3185               0.0316              -0.0408
2    C               -1.0638               1.5436               0.8582
3    C                1.9897              -0.4324               1.2390
4    C                2.2768               0.4250              -1.1391
5    N                0.3092              -0.9159              -0.5027
6    N               -1.9911              -1.4148              -0.2398
7    O               -1.6601               1.6388              -0.3874
8    H               -2.2294               0.8621              -0.4616
9    H                0.0277              -0.6783              -1.4509
10   H               -0.5917              -1.4557               1.3109
11   H                0.7332               0.9074               0.2455
12   H               -2.5660              -2.0759               0.2601
13   H               -2.0440              -1.5175              -1.2442
14   H               -0.4030               2.4113               0.9950
15   H               -1.7105               1.3680               1.7114
16   H                2.7642               0.2832               1.5177
17   H                1.7260               0.7256              -2.0338
18   H                2.4403              -1.4205               1.1336
19   H                1.2694              -0.4562               2.0596
20   H                2.8525               1.2919              -0.8109
21   H                2.9664              -0.3777              -1.3962


Energy:                 -383.528725 Convergence criteria  Is converged 
Maximum Force:             0.021961     0.002850  No
RMS Force:                 0.011081     0.001900  No
Maximum Displacement:      0.004558     0.003150  No
RMS Displacement:          0.002376     0.002100  No

----------------------------------------------------------------------
                      Iteration: 50 [CG] (GDIIS)                      


                             Coordinates                              
----------------------------------------------------------------------
0    C               -0.7759              -1.0972               0.3268
1    C                1.3009               0.0398              -0.0323
2    C               -1.0166               1.5881               0.8468
3    C                1.9815              -0.4264               1.2441
4    C                2.2633               0.4310              -1.1319
5    N                0.3059              -0.9127              -0.5127
6    N               -2.0037              -1.4349              -0.2456
7    O               -1.6369               1.6416              -0.3890
8    H               -2.2140               0.8683              -0.4393
9    H                0.0259              -0.6840              -1.4612
10   H               -0.5966              -1.4517               1.3216
11   H                0.6930               0.9123               0.2742
12   H               -2.5880              -2.0926               0.2474
13   H               -2.0666              -1.5250              -1.2502
14   H               -0.3977               2.4770               0.9951
15   H               -1.6495               1.3513               1.6919
16   H                2.7608               0.2868               1.5188
17   H                1.7237               0.7292              -2.0346
18   H                2.4365              -1.4123               1.1355
19   H                1.2699              -0.4518               2.0728
20   H                2.8453               1.2954              -0.8102
21   H                2.9587              -0.3686              -1.3896


Energy:                 -383.524731 Convergence criteria  Is converged 
Maximum Force:             0.014790     0.002850  No
RMS Force:                 0.007995     0.001900  No
Maximum Displacement:      0.117357     0.003150  No
RMS Displacement:          0.040296     0.002100  No

----------------------------------------------------------------------
                          Iteration: 51 [CG]                          


                             Coordinates                              
----------------------------------------------------------------------
0    C               -0.7762              -1.0943               0.3253
1    C                1.3008               0.0409              -0.0320
2    C               -1.0188               1.5869               0.8479
3    C                1.9818              -0.4266               1.2438
4    C                2.2639               0.4308              -1.1323
5    N                0.3063              -0.9130              -0.5125
6    N               -2.0049              -1.4324              -0.2453
7    O               -1.6380               1.6420              -0.3898
8    H               -2.2142               0.8680              -0.4397
9    H                0.0257              -0.6839              -1.4604
10   H               -0.5962              -1.4526               1.3232
11   H                0.6955               0.9124               0.2731
12   H               -2.5869              -2.0922               0.2470
13   H               -2.0652              -1.5256              -1.2491
14   H               -0.3981               2.4749               0.9948
15   H               -1.6509               1.3515               1.6926
16   H                2.7608               0.2866               1.5187
17   H                1.7238               0.7290              -2.0345
18   H                2.4365              -1.4125               1.1352
19   H                1.2700              -0.4523               2.0725
20   H                2.8456               1.2952              -0.8101
21   H                2.9588              -0.3692              -1.3897


Energy:                 -383.524989 Convergence criteria  Is converged 
Maximum Force:             0.013054     0.002850  No
RMS Force:                 0.007000     0.001900  No
Maximum Displacement:      0.002958     0.003150  Yes
RMS Displacement:          0.001599     0.002100  Yes

----------------------------------------------------------------------
                          Iteration: 52 [CG]                          


                             Coordinates                              
----------------------------------------------------------------------
0    C               -0.7766              -1.0918               0.3253
1    C                1.3011               0.0415              -0.0319
2    C               -1.0207               1.5858               0.8484
3    C                1.9820              -0.4268               1.2436
4    C                2.2643               0.4306              -1.1326
5    N                0.3068              -0.9132              -0.5124
6    N               -2.0059              -1.4298              -0.2451
7    O               -1.6390               1.6424              -0.3904
8    H               -2.2145               0.8677              -0.4402
9    H                0.0256              -0.6837              -1.4597
10   H               -0.5960              -1.4531               1.3237
11   H                0.6978               0.9128               0.2721
12   H               -2.5859              -2.0919               0.2467
13   H               -2.0640              -1.5261              -1.2483
14   H               -0.3985               2.4728               0.9945
15   H               -1.6526               1.3516               1.6935
16   H                2.7608               0.2864               1.5186
17   H                1.7238               0.7288              -2.0345
18   H                2.4365              -1.4128               1.1349
19   H                1.2702              -0.4527               2.0721
20   H                2.8458               1.2950              -0.8101
21   H                2.9589              -0.3697              -1.3898


Energy:                 -383.525200 Convergence criteria  Is converged 
Maximum Force:             0.013142     0.002850  No
RMS Force:                 0.006749     0.001900  No
Maximum Displacement:      0.002611     0.003150  Yes
RMS Displacement:          0.001400     0.002100  Yes

----------------------------------------------------------------------
                          Iteration: 53 [CG]                          


                             Coordinates                              
----------------------------------------------------------------------
0    C               -0.7769              -1.0895               0.3258
1    C                1.3016               0.0418              -0.0320
2    C               -1.0226               1.5847               0.8487
3    C                1.9822              -0.4270               1.2434
4    C                2.2647               0.4303              -1.1328
5    N                0.3072              -0.9133              -0.5122
6    N               -2.0068              -1.4272              -0.2447
7    O               -1.6401               1.6426              -0.3906
8    H               -2.2148               0.8674              -0.4407
9    H                0.0255              -0.6835              -1.4592
10   H               -0.5959              -1.4535               1.3239
11   H                0.6999               0.9134               0.2712
12   H               -2.5848              -2.0915               0.2465
13   H               -2.0627              -1.5267              -1.2477
14   H               -0.3989               2.4707               0.9943
15   H               -1.6544               1.3518               1.6943
16   H                2.7609               0.2862               1.5185
17   H                1.7239               0.7286              -2.0345
18   H                2.4365              -1.4130               1.1346
19   H                1.2704              -0.4531               2.0718
20   H                2.8461               1.2947              -0.8101
21   H                2.9590              -0.3703              -1.3900


Energy:                 -383.525399 Convergence criteria  Is converged 
Maximum Force:             0.013094     0.002850  No
RMS Force:                 0.006636     0.001900  No
Maximum Displacement:      0.002628     0.003150  Yes
RMS Displacement:          0.001350     0.002100  Yes

----------------------------------------------------------------------
                          Iteration: 54 [CG]                          


                             Coordinates                              
----------------------------------------------------------------------
0    C               -0.7772              -1.0873               0.3264
1    C                1.3021               0.0420              -0.0321
2    C               -1.0244               1.5836               0.8489
3    C                1.9824              -0.4271               1.2432
4    C                2.2652               0.4301              -1.1330
5    N                0.3076              -0.9134              -0.5120
6    N               -2.0076              -1.4246              -0.2443
7    O               -1.6411               1.6429              -0.3908
8    H               -2.2151               0.8671              -0.4413
9    H                0.0254              -0.6833              -1.4587
10   H               -0.5959              -1.4538               1.3240
11   H                0.7018               0.9141               0.2704
12   H               -2.5838              -2.0911               0.2463
13   H               -2.0615              -1.5273              -1.2471
14   H               -0.3993               2.4686               0.9941
15   H               -1.6562               1.3519               1.6951
16   H                2.7610               0.2860               1.5184
17   H                1.7239               0.7284              -2.0344
18   H                2.4365              -1.4132               1.1342
19   H                1.2705              -0.4535               2.0715
20   H                2.8465               1.2945              -0.8102
21   H                2.9591              -0.3708              -1.3901


Energy:                 -383.525591 Convergence criteria  Is converged 
Maximum Force:             0.012975     0.002850  No
RMS Force:                 0.006560     0.001900  No
Maximum Displacement:      0.002619     0.003150  Yes
RMS Displacement:          0.001327     0.002100  Yes

----------------------------------------------------------------------
                      Iteration: 55 [CG] (GDIIS)                      


                             Coordinates                              
----------------------------------------------------------------------
0    C               -0.7819              -1.0956               0.3402
1    C                1.3036               0.0422              -0.0334
2    C               -1.0970               1.6746               0.8638
3    C                1.9894              -0.4332               1.2397
4    C                2.2720               0.4239              -1.1358
5    N                0.3205              -0.9362              -0.5161
6    N               -2.0244              -1.4174              -0.2450
7    O               -1.6529               1.6539              -0.3772
8    H               -2.2012               0.8549              -0.4321
9    H                0.0243              -0.6825              -1.4536
10   H               -0.5925              -1.5191               1.3237
11   H                0.7668               0.9408               0.2421
12   H               -2.5796              -2.1079               0.2390
13   H               -2.0475              -1.5486              -1.2458
14   H               -0.4100               2.5104               1.0003
15   H               -1.7043               1.3785               1.7059
16   H                2.7687               0.2777               1.5193
17   H                1.7315               0.7232              -2.0369
18   H                2.4413              -1.4202               1.1289
19   H                1.2732              -0.4652               2.0626
20   H                2.8564               1.2860              -0.8138
21   H                2.9636              -0.3766              -1.3971


Energy:                 -383.526114 Convergence criteria  Is converged 
Maximum Force:             0.017522     0.002850  No
RMS Force:                 0.010019     0.001900  No
Maximum Displacement:      0.090969     0.003150  No
RMS Displacement:          0.038766     0.002100  No

----------------------------------------------------------------------
                          Iteration: 56 [CG]                          


                             Coordinates                              
----------------------------------------------------------------------
0    C               -0.7810              -1.0963               0.3402
1    C                1.3071               0.0401              -0.0347
2    C               -1.0960               1.6742               0.8663
3    C                1.9892              -0.4331               1.2394
4    C                2.2727               0.4232              -1.1362
5    N                0.3183              -0.9344              -0.5136
6    N               -2.0238              -1.4144              -0.2438
7    O               -1.6553               1.6536              -0.3799
8    H               -2.2011               0.8552              -0.4322
9    H                0.0241              -0.6824              -1.4531
10   H               -0.5929              -1.5186               1.3219
11   H                0.7652               0.9426               0.2425
12   H               -2.5788              -2.1074               0.2385
13   H               -2.0463              -1.5495              -1.2455
14   H               -0.4115               2.5088               1.0001
15   H               -1.7054               1.3788               1.7065
16   H                2.7687               0.2775               1.5192
17   H                1.7315               0.7231              -2.0370
18   H                2.4413              -1.4202               1.1282
19   H                1.2734              -0.4656               2.0627
20   H                2.8568               1.2859              -0.8138
21   H                2.9637              -0.3774              -1.3971


Energy:                 -383.526471 Convergence criteria  Is converged 
Maximum Force:             0.012991     0.002850  No
RMS Force:                 0.006764     0.001900  No
Maximum Displacement:      0.003504     0.003150  No
RMS Displacement:          0.002004     0.002100  Yes

----------------------------------------------------------------------
                          Iteration: 57 [CG]                          


                             Coordinates                              
----------------------------------------------------------------------
0    C               -0.7804              -1.0967               0.3403
1    C                1.3089               0.0395              -0.0352
2    C               -1.0959               1.6731               0.8672
3    C                1.9894              -0.4332               1.2391
4    C                2.2735               0.4225              -1.1368
5    N                0.3168              -0.9325              -0.5121
6    N               -2.0237              -1.4118              -0.2432
7    O               -1.6566               1.6538              -0.3812
8    H               -2.2014               0.8550              -0.4324
9    H                0.0240              -0.6824              -1.4522
10   H               -0.5931              -1.5183               1.3206
11   H                0.7644               0.9434               0.2425
12   H               -2.5779              -2.1067               0.2380
13   H               -2.0451              -1.5503              -1.2449
14   H               -0.4126               2.5077               1.0000
15   H               -1.7066               1.3790               1.7071
16   H                2.7688               0.2773               1.5192
17   H                1.7315               0.7229              -2.0370
18   H                2.4412              -1.4203               1.1277
19   H                1.2736              -0.4660               2.0626
20   H                2.8572               1.2857              -0.8139
21   H                2.9639              -0.3783              -1.3972


Energy:                 -383.526655 Convergence criteria  Is converged 
Maximum Force:             0.011951     0.002850  No
RMS Force:                 0.005760     0.001900  No
Maximum Displacement:      0.002598     0.003150  Yes
RMS Displacement:          0.001353     0.002100  Yes

----------------------------------------------------------------------
                          Iteration: 58 [CG]                          


                             Coordinates                              
----------------------------------------------------------------------
0    C               -0.7800              -1.0968               0.3404
1    C                1.3100               0.0394              -0.0354
2    C               -1.0962               1.6719               0.8676
3    C                1.9896              -0.4333               1.2390
4    C                2.2743               0.4220              -1.1374
5    N                0.3158              -0.9307              -0.5109
6    N               -2.0237              -1.4094              -0.2427
7    O               -1.6576               1.6541              -0.3818
8    H               -2.2017               0.8547              -0.4327
9    H                0.0238              -0.6824              -1.4514
10   H               -0.5933              -1.5181               1.3197
11   H                0.7640               0.9437               0.2425
12   H               -2.5769              -2.1060               0.2376
13   H               -2.0439              -1.5510              -1.2442
14   H               -0.4136               2.5068               1.0000
15   H               -1.7078               1.3793               1.7077
16   H                2.7688               0.2772               1.5192
17   H                1.7316               0.7227              -2.0370
18   H                2.4412              -1.4204               1.1272
19   H                1.2737              -0.4663               2.0626
20   H                2.8575               1.2854              -0.8139
21   H                2.9641              -0.3791              -1.3974


Energy:                 -383.526794 Convergence criteria  Is converged 
Maximum Force:             0.011338     0.002850  No
RMS Force:                 0.005317     0.001900  No
Maximum Displacement:      0.002390     0.003150  Yes
RMS Displacement:          0.001152     0.002100  Yes

----------------------------------------------------------------------
                          Iteration: 59 [CG]                          


                             Coordinates                              
----------------------------------------------------------------------
0    C               -0.7797              -1.0968               0.3405
1    C                1.3108               0.0396              -0.0355
2    C               -1.0966               1.6705               0.8677
3    C                1.9899              -0.4335               1.2388
4    C                2.2750               0.4215              -1.1379
5    N                0.3151              -0.9290              -0.5100
6    N               -2.0239              -1.4071              -0.2423
7    O               -1.6586               1.6544              -0.3821
8    H               -2.2021               0.8544              -0.4330
9    H                0.0237              -0.6824              -1.4507
10   H               -0.5934              -1.5181               1.3191
11   H                0.7637               0.9440               0.2424
12   H               -2.5759              -2.1052               0.2371
13   H               -2.0426              -1.5516              -1.2435
14   H               -0.4146               2.5059               1.0000
15   H               -1.7090               1.3796               1.7082
16   H                2.7689               0.2770               1.5192
17   H                1.7316               0.7225              -2.0370
18   H                2.4413              -1.4205               1.1267
19   H                1.2739              -0.4666               2.0624
20   H                2.8578               1.2851              -0.8140
21   H                2.9644              -0.3800              -1.3976


Energy:                 -383.526915 Convergence criteria  Is converged 
Maximum Force:             0.010913     0.002850  No
RMS Force:                 0.005056     0.001900  No
Maximum Displacement:      0.002268     0.003150  Yes
RMS Displacement:          0.001063     0.002100  Yes

----------------------------------------------------------------------
                      Iteration: 60 [CG] (GDIIS)                      


                             Coordinates                              
----------------------------------------------------------------------
0    C               -0.7665              -1.1736               0.3249
1    C                1.3031               0.0413              -0.0326
2    C               -1.0819               1.7302               0.8699
3    C                1.9855              -0.4324               1.2396
4    C                2.2694               0.4224              -1.1353
5    N                0.3139              -0.9311              -0.5143
6    N               -2.0303              -1.4243              -0.2486
7    O               -1.6423               1.6611              -0.3828
8    H               -2.1806               0.8565              -0.4104
9    H                0.0213              -0.6872              -1.4539
10   H               -0.5923              -1.5409               1.3176
11   H                0.7445               0.9467               0.2546
12   H               -2.5871              -2.1219               0.2238
13   H               -2.0533              -1.5662              -1.2473
14   H               -0.4256               2.5744               0.9998
15   H               -1.6804               1.3877               1.7054
16   H                2.7659               0.2772               1.5183
17   H                1.7296               0.7233              -2.0366
18   H                2.4390              -1.4182               1.1253
19   H                1.2742              -0.4675               2.0674
20   H                2.8537               1.2853              -0.8122
21   H                2.9602              -0.3790              -1.3942


Energy:                 -383.525259 Convergence criteria  Is converged 
Maximum Force:             0.019411     0.002850  No
RMS Force:                 0.007689     0.001900  No
Maximum Displacement:      0.076829     0.003150  No
RMS Displacement:          0.029951     0.002100  No

----------------------------------------------------------------------
                          Iteration: 61 [CG]                          


                             Coordinates                              
----------------------------------------------------------------------
0    C               -0.7676              -1.1715               0.3242
1    C                1.3024               0.0426              -0.0320
2    C               -1.0858               1.7276               0.8694
3    C                1.9858              -0.4327               1.2396
4    C                2.2698               0.4222              -1.1355
5    N                0.3143              -0.9306              -0.5142
6    N               -2.0299              -1.4220              -0.2476
7    O               -1.6418               1.6615              -0.3817
8    H               -2.1807               0.8561              -0.4104
9    H                0.0210              -0.6871              -1.4533
10   H               -0.5918              -1.5420               1.3184
11   H                0.7456               0.9456               0.2539
12   H               -2.5865              -2.1216               0.2236
13   H               -2.0522              -1.5671              -1.2478
14   H               -0.4255               2.5753               0.9997
15   H               -1.6804               1.3884               1.7053
16   H                2.7659               0.2771               1.5183
17   H                1.7296               0.7231              -2.0366
18   H                2.4390              -1.4184               1.1248
19   H                1.2744              -0.4678               2.0672
20   H                2.8540               1.2850              -0.8123
21   H                2.9603              -0.3799              -1.3943


Energy:                 -383.525462 Convergence criteria  Is converged 
Maximum Force:             0.009975     0.002850  No
RMS Force:                 0.005000     0.001900  No
Maximum Displacement:      0.003882     0.003150  No
RMS Displacement:          0.001538     0.002100  Yes

----------------------------------------------------------------------
                          Iteration: 62 [CG]                          


                             Coordinates                              
----------------------------------------------------------------------
0    C               -0.7681              -1.1697               0.3245
1    C                1.3022               0.0433              -0.0318
2    C               -1.0878               1.7266               0.8692
3    C                1.9860              -0.4328               1.2395
4    C                2.2701               0.4220              -1.1357
5    N                0.3146              -0.9302              -0.5141
6    N               -2.0300              -1.4200              -0.2474
7    O               -1.6420               1.6613              -0.3812
8    H               -2.1807               0.8559              -0.4105
9    H                0.0208              -0.6870              -1.4529
10   H               -0.5915              -1.5430               1.3185
11   H                0.7464               0.9450               0.2533
12   H               -2.5857              -2.1211               0.2234
13   H               -2.0510              -1.5679              -1.2477
14   H               -0.4262               2.5752               0.9996
15   H               -1.6809               1.3887               1.7057
16   H                2.7660               0.2771               1.5183
17   H                1.7296               0.7228              -2.0366
18   H                2.4390              -1.4186               1.1243
19   H                1.2745              -0.4681               2.0670
20   H                2.8543               1.2847              -0.8124
21   H                2.9603              -0.3807              -1.3943


Energy:                 -383.525565 Convergence criteria  Is converged 
Maximum Force:             0.009171     0.002850  No
RMS Force:                 0.004508     0.001900  No
Maximum Displacement:      0.001995     0.003150  Yes
RMS Displacement:          0.001000     0.002100  Yes

----------------------------------------------------------------------
                          Iteration: 63 [CG]                          


                             Coordinates                              
----------------------------------------------------------------------
0    C               -0.7683              -1.1678               0.3251
1    C                1.3023               0.0436              -0.0317
2    C               -1.0892               1.7260               0.8692
3    C                1.9861              -0.4329               1.2394
4    C                2.2704               0.4218              -1.1358
5    N                0.3147              -0.9298              -0.5139
6    N               -2.0303              -1.4182              -0.2474
7    O               -1.6423               1.6611              -0.3810
8    H               -2.1808               0.8558              -0.4107
9    H                0.0205              -0.6868              -1.4526
10   H               -0.5912              -1.5438               1.3184
11   H                0.7470               0.9447               0.2528
12   H               -2.5849              -2.1205               0.2232
13   H               -2.0499              -1.5686              -1.2475
14   H               -0.4271               2.5748               0.9994
15   H               -1.6815               1.3890               1.7062
16   H                2.7661               0.2770               1.5183
17   H                1.7296               0.7226              -2.0366
18   H                2.4390              -1.4188               1.1237
19   H                1.2746              -0.4685               2.0668
20   H                2.8547               1.2844              -0.8125
21   H                2.9603              -0.3814              -1.3943


Energy:                 -383.525653 Convergence criteria  Is converged 
Maximum Force:             0.008796     0.002850  No
RMS Force:                 0.004352     0.001900  No
Maximum Displacement:      0.001834     0.003150  Yes
RMS Displacement:          0.000902     0.002100  Yes

----------------------------------------------------------------------
                          Iteration: 64 [CG]                          


                             Coordinates                              
----------------------------------------------------------------------
0    C               -0.7685              -1.1661               0.3257
1    C                1.3026               0.0438              -0.0317
2    C               -1.0903               1.7256               0.8693
3    C                1.9863              -0.4330               1.2393
4    C                2.2706               0.4215              -1.1359
5    N                0.3147              -0.9295              -0.5137
6    N               -2.0306              -1.4164              -0.2474
7    O               -1.6428               1.6609              -0.3808
8    H               -2.1810               0.8555              -0.4109
9    H                0.0203              -0.6867              -1.4523
10   H               -0.5909              -1.5446               1.3183
11   H                0.7475               0.9446               0.2524
12   H               -2.5841              -2.1199               0.2230
13   H               -2.0488              -1.5693              -1.2473
14   H               -0.4280               2.5744               0.9993
15   H               -1.6823               1.3892               1.7068
16   H                2.7661               0.2769               1.5183
17   H                1.7297               0.7224              -2.0366
18   H                2.4389              -1.4189               1.1232
19   H                1.2748              -0.4689               2.0666
20   H                2.8551               1.2841              -0.8126
21   H                2.9603              -0.3821              -1.3943


Energy:                 -383.525735 Convergence criteria  Is converged 
Maximum Force:             0.008541     0.002850  No
RMS Force:                 0.004260     0.001900  No
Maximum Displacement:      0.001759     0.003150  Yes
RMS Displacement:          0.000870     0.002100  Yes

----------------------------------------------------------------------
                      Iteration: 65 [CG] (GDIIS)                      


                             Coordinates                              
----------------------------------------------------------------------
0    C               -0.7598              -1.2254               0.3231
1    C                1.3018               0.0442              -0.0318
2    C               -1.1312               1.8316               0.8849
3    C                1.9874              -0.4376               1.2359
4    C                2.2736               0.4151              -1.1374
5    N                0.3193              -0.9396              -0.5147
6    N               -2.0406              -1.4175              -0.2522
7    O               -1.6360               1.6749              -0.3738
8    H               -2.1484               0.8493              -0.3823
9    H                0.0151              -0.6902              -1.4476
10   H               -0.5845              -1.6166               1.3088
11   H                0.7658               0.9575               0.2436
12   H               -2.5847              -2.1414               0.2026
13   H               -2.0411              -1.6038              -1.2493
14   H               -0.4594               2.6688               1.0007
15   H               -1.6905               1.4245               1.7187
16   H                2.7670               0.2710               1.5170
17   H                1.7315               0.7180              -2.0368
18   H                2.4392              -1.4231               1.1137
19   H                1.2774              -0.4799               2.0636
20   H                2.8589               1.2767              -0.8128
21   H                2.9594              -0.3928              -1.3953


Energy:                 -383.525706 Convergence criteria  Is converged 
Maximum Force:             0.010257     0.002850  No
RMS Force:                 0.005031     0.001900  No
Maximum Displacement:      0.105969     0.003150  No
RMS Displacement:          0.042221     0.002100  No

----------------------------------------------------------------------
                          Iteration: 66 [CG]                          


                             Coordinates                              
----------------------------------------------------------------------
0    C               -0.7600              -1.2235               0.3222
1    C                1.3020               0.0441              -0.0317
2    C               -1.1332               1.8300               0.8850
3    C                1.9875              -0.4377               1.2359
4    C                2.2736               0.4148              -1.1374
5    N                0.3185              -0.9391              -0.5139
6    N               -2.0400              -1.4168              -0.2523
7    O               -1.6362               1.6743              -0.3731
8    H               -2.1482               0.8495              -0.3823
9    H                0.0148              -0.6901              -1.4475
10   H               -0.5841              -1.6176               1.3089
11   H                0.7655               0.9573               0.2435
12   H               -2.5841              -2.1403               0.2027
13   H               -2.0399              -1.6041              -1.2491
14   H               -0.4603               2.6690               1.0007
15   H               -1.6900               1.4255               1.7184
16   H                2.7672               0.2710               1.5171
17   H                1.7316               0.7177              -2.0369
18   H                2.4392              -1.4232               1.1131
19   H                1.2775              -0.4802               2.0635
20   H                2.8594               1.2763              -0.8130
21   H                2.9592              -0.3933              -1.3952


Energy:                 -383.525801 Convergence criteria  Is converged 
Maximum Force:             0.007945     0.002850  No
RMS Force:                 0.003951     0.001900  No
Maximum Displacement:      0.002051     0.003150  Yes
RMS Displacement:          0.001006     0.002100  Yes

----------------------------------------------------------------------
                          Iteration: 67 [CG]                          


                             Coordinates                              
----------------------------------------------------------------------
0    C               -0.7602              -1.2219               0.3224
1    C                1.3021               0.0441              -0.0316
2    C               -1.1343               1.8293               0.8850
3    C                1.9877              -0.4377               1.2359
4    C                2.2736               0.4144              -1.1374
5    N                0.3181              -0.9385              -0.5136
6    N               -2.0395              -1.4161              -0.2525
7    O               -1.6365               1.6739              -0.3727
8    H               -2.1482               0.8495              -0.3825
9    H                0.0146              -0.6900              -1.4472
10   H               -0.5838              -1.6184               1.3086
11   H                0.7652               0.9570               0.2433
12   H               -2.5835              -2.1392               0.2029
13   H               -2.0388              -1.6043              -1.2489
14   H               -0.4615               2.6688               1.0006
15   H               -1.6900               1.4261               1.7185
16   H                2.7674               0.2709               1.5172
17   H                1.7318               0.7175              -2.0370
18   H                2.4393              -1.4233               1.1125
19   H                1.2775              -0.4805               2.0634
20   H                2.8598               1.2759              -0.8132
21   H                2.9590              -0.3938              -1.3951


Energy:                 -383.525867 Convergence criteria  Is converged 
Maximum Force:             0.007565     0.002850  No
RMS Force:                 0.003729     0.001900  No
Maximum Displacement:      0.001589     0.003150  Yes
RMS Displacement:          0.000790     0.002100  Yes

----------------------------------------------------------------------
                          Iteration: 68 [CG]                          


                             Coordinates                              
----------------------------------------------------------------------
0    C               -0.7604              -1.2204               0.3227
1    C                1.3022               0.0441              -0.0315
2    C               -1.1351               1.8288               0.8850
3    C                1.9878              -0.4378               1.2359
4    C                2.2737               0.4142              -1.1373
5    N                0.3177              -0.9379              -0.5133
6    N               -2.0390              -1.4153              -0.2528
7    O               -1.6368               1.6736              -0.3725
8    H               -2.1483               0.8493              -0.3826
9    H                0.0144              -0.6898              -1.4470
10   H               -0.5835              -1.6192               1.3082
11   H                0.7650               0.9568               0.2432
12   H               -2.5829              -2.1381               0.2030
13   H               -2.0376              -1.6046              -1.2488
14   H               -0.4627               2.6686               1.0005
15   H               -1.6900               1.4266               1.7188
16   H                2.7676               0.2708               1.5173
17   H                1.7319               0.7172              -2.0370
18   H                2.4393              -1.4234               1.1119
19   H                1.2776              -0.4808               2.0634
20   H                2.8602               1.2755              -0.8134
21   H                2.9588              -0.3944              -1.3951


Energy:                 -383.525928 Convergence criteria  Is converged 
Maximum Force:             0.007416     0.002850  No
RMS Force:                 0.003629     0.001900  No
Maximum Displacement:      0.001513     0.003150  Yes
RMS Displacement:          0.000746     0.002100  Yes

----------------------------------------------------------------------
                          Iteration: 69 [CG]                          


                             Coordinates                              
----------------------------------------------------------------------
0    C               -0.7606              -1.2189               0.3232
1    C                1.3023               0.0441              -0.0314
2    C               -1.1357               1.8283               0.8850
3    C                1.9879              -0.4379               1.2359
4    C                2.2737               0.4139              -1.1373
5    N                0.3174              -0.9374              -0.5131
6    N               -2.0386              -1.4146              -0.2530
7    O               -1.6371               1.6733              -0.3723
8    H               -2.1484               0.8490              -0.3827
9    H                0.0142              -0.6897              -1.4469
10   H               -0.5832              -1.6199               1.3077
11   H                0.7647               0.9566               0.2431
12   H               -2.5823              -2.1370               0.2032
13   H               -2.0365              -1.6049              -1.2488
14   H               -0.4639               2.6683               1.0004
15   H               -1.6902               1.4270               1.7191
16   H                2.7677               0.2707               1.5173
17   H                1.7321               0.7169              -2.0371
18   H                2.4393              -1.4235               1.1113
19   H                1.2777              -0.4811               2.0633
20   H                2.8606               1.2751              -0.8136
21   H                2.9586              -0.3949              -1.3950


Energy:                 -383.525985 Convergence criteria  Is converged 
Maximum Force:             0.007327     0.002850  No
RMS Force:                 0.003561     0.001900  No
Maximum Displacement:      0.001483     0.003150  Yes
RMS Displacement:          0.000726     0.002100  Yes

----------------------------------------------------------------------
                      Iteration: 70 [CG] (GDIIS)                      


                             Coordinates                              
----------------------------------------------------------------------
0    C               -0.7584              -1.2342               0.3221
1    C                1.3014               0.0431              -0.0316
2    C               -1.1429               1.8598               0.8902
3    C                1.9877              -0.4393               1.2350
4    C                2.2738               0.4124              -1.1374
5    N                0.3182              -0.9404              -0.5138
6    N               -2.0374              -1.4230              -0.2564
7    O               -1.6317               1.6766              -0.3704
8    H               -2.1375               0.8479              -0.3731
9    H                0.0129              -0.6911              -1.4463
10   H               -0.5799              -1.6416               1.3031
11   H                0.7638               0.9553               0.2420
12   H               -2.5838              -2.1433               0.1985
13   H               -2.0364              -1.6134              -1.2512
14   H               -0.4744               2.7017               1.0007
15   H               -1.6895               1.4398               1.7234
16   H                2.7670               0.2696               1.5166
17   H                1.7317               0.7160              -2.0367
18   H                2.4392              -1.4247               1.1091
19   H                1.2777              -0.4834               2.0624
20   H                2.8605               1.2736              -0.8131
21   H                2.9579              -0.3976              -1.3947


Energy:                 -383.525898 Convergence criteria  Is converged 
Maximum Force:             0.007682     0.002850  No
RMS Force:                 0.004095     0.001900  No
Maximum Displacement:      0.033361     0.003150  No
RMS Displacement:          0.013057     0.002100  No

----------------------------------------------------------------------
                          Iteration: 71 [CG]                          


                             Coordinates                              
----------------------------------------------------------------------
0    C               -0.7585              -1.2327               0.3220
1    C                1.3014               0.0431              -0.0315
2    C               -1.1442               1.8586               0.8899
3    C                1.9878              -0.4394               1.2350
4    C                2.2738               0.4121              -1.1374
5    N                0.3178              -0.9400              -0.5134
6    N               -2.0369              -1.4220              -0.2562
7    O               -1.6318               1.6764              -0.3698
8    H               -2.1374               0.8478              -0.3731
9    H                0.0127              -0.6910              -1.4462
10   H               -0.5797              -1.6424               1.3028
11   H                0.7636               0.9552               0.2419
12   H               -2.5834              -2.1424               0.1988
13   H               -2.0352              -1.6137              -1.2515
14   H               -0.4756               2.7016               1.0007
15   H               -1.6892               1.4405               1.7234
16   H                2.7672               0.2695               1.5167
17   H                1.7319               0.7157              -2.0368
18   H                2.4392              -1.4248               1.1086
19   H                1.2778              -0.4837               2.0623
20   H                2.8610               1.2731              -0.8133
21   H                2.9577              -0.3980              -1.3946


Energy:                 -383.525966 Convergence criteria  Is converged 
Maximum Force:             0.007068     0.002850  No
RMS Force:                 0.003630     0.001900  No
Maximum Displacement:      0.001536     0.003150  Yes
RMS Displacement:          0.000819     0.002100  Yes

----------------------------------------------------------------------
                          Iteration: 72 [CG]                          


                             Coordinates                              
----------------------------------------------------------------------
0    C               -0.7586              -1.2313               0.3224
1    C                1.3014               0.0431              -0.0314
2    C               -1.1450               1.8579               0.8898
3    C                1.9879              -0.4395               1.2350
4    C                2.2737               0.4118              -1.1373
5    N                0.3175              -0.9396              -0.5133
6    N               -2.0365              -1.4212              -0.2563
7    O               -1.6321               1.6761              -0.3694
8    H               -2.1374               0.8477              -0.3731
9    H                0.0125              -0.6908              -1.4460
10   H               -0.5794              -1.6431               1.3023
11   H                0.7633               0.9552               0.2419
12   H               -2.5829              -2.1415               0.1992
13   H               -2.0340              -1.6139              -1.2516
14   H               -0.4768               2.7014               1.0006
15   H               -1.6892               1.4411               1.7236
16   H                2.7674               0.2694               1.5168
17   H                1.7321               0.7154              -2.0369
18   H                2.4393              -1.4248               1.1081
19   H                1.2779              -0.4841               2.0623
20   H                2.8614               1.2727              -0.8135
21   H                2.9574              -0.3985              -1.3945


Energy:                 -383.526023 Convergence criteria  Is converged 
Maximum Force:             0.006846     0.002850  No
RMS Force:                 0.003499     0.001900  No
Maximum Displacement:      0.001414     0.003150  Yes
RMS Displacement:          0.000726     0.002100  Yes

----------------------------------------------------------------------
                          Iteration: 73 [CG]                          


                             Coordinates                              
----------------------------------------------------------------------
0    C               -0.7586              -1.2299               0.3228
1    C                1.3014               0.0432              -0.0313
2    C               -1.1456               1.8574               0.8897
3    C                1.9880              -0.4396               1.2350
4    C                2.2737               0.4116              -1.1373
5    N                0.3173              -0.9392              -0.5131
6    N               -2.0362              -1.4203              -0.2565
7    O               -1.6324               1.6759              -0.3692
8    H               -2.1375               0.8475              -0.3732
9    H                0.0123              -0.6907              -1.4459
10   H               -0.5792              -1.6439               1.3019
11   H                0.7632               0.9552               0.2419
12   H               -2.5825              -2.1405               0.1995
13   H               -2.0328              -1.6142              -1.2517
14   H               -0.4781               2.7011               1.0005
15   H               -1.6893               1.4416               1.7239
16   H                2.7675               0.2693               1.5168
17   H                1.7323               0.7152              -2.0369
18   H                2.4393              -1.4249               1.1076
19   H                1.2780              -0.4844               2.0623
20   H                2.8618               1.2722              -0.8138
21   H                2.9572              -0.3989              -1.3944


Energy:                 -383.526076 Convergence criteria  Is converged 
Maximum Force:             0.006719     0.002850  No
RMS Force:                 0.003423     0.001900  No
Maximum Displacement:      0.001369     0.003150  Yes
RMS Displacement:          0.000700     0.002100  Yes

----------------------------------------------------------------------
                          Iteration: 74 [CG]                          


                             Coordinates                              
----------------------------------------------------------------------
0    C               -0.7587              -1.2285               0.3232
1    C                1.3014               0.0433              -0.0312
2    C               -1.1461               1.8569               0.8896
3    C                1.9881              -0.4397               1.2350
4    C                2.2738               0.4113              -1.1373
5    N                0.3172              -0.9388              -0.5129
6    N               -2.0359              -1.4196              -0.2566
7    O               -1.6327               1.6757              -0.3691
8    H               -2.1375               0.8472              -0.3733
9    H                0.0121              -0.6905              -1.4457
10   H               -0.5789              -1.6446               1.3014
11   H                0.7630               0.9552               0.2419
12   H               -2.5820              -2.1395               0.1998
13   H               -2.0317              -1.6145              -1.2517
14   H               -0.4792               2.7009               1.0004
15   H               -1.6894               1.4420               1.7243
16   H                2.7677               0.2692               1.5169
17   H                1.7324               0.7149              -2.0370
18   H                2.4394              -1.4250               1.1071
19   H                1.2780              -0.4847               2.0622
20   H                2.8622               1.2718              -0.8140
21   H                2.9570              -0.3994              -1.3944


Energy:                 -383.526128 Convergence criteria  Is converged 
Maximum Force:             0.006618     0.002850  No
RMS Force:                 0.003366     0.001900  No
Maximum Displacement:      0.001344     0.003150  Yes
RMS Displacement:          0.000685     0.002100  Yes

----------------------------------------------------------------------
                      Iteration: 75 [CG] (GDIIS)                      


                             Coordinates                              
----------------------------------------------------------------------
0    C               -0.7547              -1.2486               0.3262
1    C                1.2997               0.0403              -0.0309
2    C               -1.1821               1.9421               0.9041
3    C                1.9896              -0.4455               1.2319
4    C                2.2744               0.4028              -1.1373
5    N                0.3167              -0.9440              -0.5122
6    N               -2.0275              -1.4328              -0.2676
7    O               -1.6230               1.6821              -0.3590
8    H               -2.1067               0.8404              -0.3469
9    H                0.0057              -0.6920              -1.4419
10   H               -0.5655              -1.7212               1.2813
11   H                0.7626               0.9532               0.2359
12   H               -2.5800              -2.1445               0.1920
13   H               -2.0133              -1.6425              -1.2606
14   H               -0.5267               2.7939               1.0008
15   H               -1.6929               1.4883               1.7408
16   H                2.7687               0.2635               1.5160
17   H                1.7347               0.7079              -2.0373
18   H                2.4403              -1.4300               1.0935
19   H                1.2793              -0.4967               2.0583
20   H                2.8685               1.2603              -0.8160
21   H                2.9520              -0.4134              -1.3930


Energy:                 -383.526610 Convergence criteria  Is converged 
Maximum Force:             0.007538     0.002850  No
RMS Force:                 0.003679     0.001900  No
Maximum Displacement:      0.093026     0.003150  No
RMS Displacement:          0.039137     0.002100  No

----------------------------------------------------------------------
                          Iteration: 76 [CG]                          


                             Coordinates                              
----------------------------------------------------------------------
0    C               -0.7547              -1.2479               0.3267
1    C                1.2997               0.0405              -0.0309
2    C               -1.1831               1.9406               0.9035
3    C                1.9895              -0.4455               1.2319
4    C                2.2744               0.4026              -1.1373
5    N                0.3167              -0.9437              -0.5120
6    N               -2.0272              -1.4321              -0.2677
7    O               -1.6231               1.6822              -0.3584
8    H               -2.1066               0.8403              -0.3467
9    H                0.0055              -0.6918              -1.4417
10   H               -0.5654              -1.7215               1.2802
11   H                0.7623               0.9535               0.2362
12   H               -2.5799              -2.1437               0.1923
13   H               -2.0122              -1.6427              -1.2605
14   H               -0.5276               2.7939               1.0006
15   H               -1.6927               1.4890               1.7408
16   H                2.7688               0.2633               1.5161
17   H                1.7349               0.7076              -2.0374
18   H                2.4404              -1.4299               1.0932
19   H                1.2795              -0.4971               2.0584
20   H                2.8689               1.2598              -0.8162
21   H                2.9518              -0.4138              -1.3928


Energy:                 -383.526664 Convergence criteria  Is converged 
Maximum Force:             0.005770     0.002850  No
RMS Force:                 0.003168     0.001900  No
Maximum Displacement:      0.001508     0.003150  Yes
RMS Displacement:          0.000736     0.002100  Yes

----------------------------------------------------------------------
                          Iteration: 77 [CG]                          


                             Coordinates                              
----------------------------------------------------------------------
0    C               -0.7546              -1.2472               0.3270
1    C                1.2997               0.0407              -0.0309
2    C               -1.1836               1.9397               0.9032
3    C                1.9895              -0.4456               1.2318
4    C                2.2743               0.4024              -1.1374
5    N                0.3167              -0.9434              -0.5118
6    N               -2.0269              -1.4315              -0.2677
7    O               -1.6234               1.6821              -0.3582
8    H               -2.1064               0.8403              -0.3466
9    H                0.0053              -0.6915              -1.4416
10   H               -0.5653              -1.7219               1.2794
11   H                0.7621               0.9538               0.2364
12   H               -2.5798              -2.1428               0.1927
13   H               -2.0111              -1.6429              -1.2604
14   H               -0.5288               2.7937               1.0005
15   H               -1.6926               1.4894               1.7410
16   H                2.7688               0.2630               1.5162
17   H                1.7350               0.7073              -2.0375
18   H                2.4405              -1.4299               1.0928
19   H                1.2796              -0.4974               2.0585
20   H                2.8692               1.2594              -0.8164
21   H                2.9515              -0.4142              -1.3927


Energy:                 -383.526707 Convergence criteria  Is converged 
Maximum Force:             0.005790     0.002850  No
RMS Force:                 0.003027     0.001900  No
Maximum Displacement:      0.001154     0.003150  Yes
RMS Displacement:          0.000634     0.002100  Yes

----------------------------------------------------------------------
                          Iteration: 78 [CG]                          


                             Coordinates                              
----------------------------------------------------------------------
0    C               -0.7546              -1.2465               0.3272
1    C                1.2997               0.0409              -0.0308
2    C               -1.1838               1.9390               0.9030
3    C                1.9895              -0.4456               1.2318
4    C                2.2743               0.4023              -1.1374
5    N                0.3166              -0.9431              -0.5116
6    N               -2.0267              -1.4308              -0.2677
7    O               -1.6237               1.6820              -0.3582
8    H               -2.1064               0.8401              -0.3465
9    H                0.0052              -0.6913              -1.4414
10   H               -0.5651              -1.7224               1.2787
11   H                0.7620               0.9541               0.2367
12   H               -2.5796              -2.1419               0.1930
13   H               -2.0099              -1.6432              -1.2602
14   H               -0.5300               2.7935               1.0003
15   H               -1.6926               1.4898               1.7413
16   H                2.7689               0.2628               1.5162
17   H                1.7352               0.7071              -2.0376
18   H                2.4405              -1.4298               1.0925
19   H                1.2797              -0.4978               2.0585
20   H                2.8695               1.2589              -0.8165
21   H                2.9512              -0.4146              -1.3926


Energy:                 -383.526747 Convergence criteria  Is converged 
Maximum Force:             0.005598     0.002850  No
RMS Force:                 0.002948     0.001900  No
Maximum Displacement:      0.001158     0.003150  Yes
RMS Displacement:          0.000605     0.002100  Yes

----------------------------------------------------------------------
                          Iteration: 79 [CG]                          


                             Coordinates                              
----------------------------------------------------------------------
0    C               -0.7546              -1.2457               0.3274
1    C                1.2996               0.0412              -0.0307
2    C               -1.1840               1.9383               0.9029
3    C                1.9895              -0.4457               1.2317
4    C                2.2743               0.4021              -1.1374
5    N                0.3166              -0.9428              -0.5115
6    N               -2.0264              -1.4302              -0.2678
7    O               -1.6241               1.6819              -0.3582
8    H               -2.1064               0.8399              -0.3464
9    H                0.0050              -0.6911              -1.4413
10   H               -0.5649              -1.7228               1.2781
11   H                0.7618               0.9543               0.2369
12   H               -2.5795              -2.1410               0.1932
13   H               -2.0089              -1.6434              -1.2601
14   H               -0.5311               2.7933               1.0001
15   H               -1.6927               1.4901               1.7415
16   H                2.7690               0.2626               1.5163
17   H                1.7353               0.7068              -2.0378
18   H                2.4406              -1.4298               1.0921
19   H                1.2799              -0.4982               2.0586
20   H                2.8699               1.2585              -0.8167
21   H                2.9509              -0.4150              -1.3925


Energy:                 -383.526785 Convergence criteria  Is converged 
Maximum Force:             0.005373     0.002850  No
RMS Force:                 0.002889     0.001900  No
Maximum Displacement:      0.001120     0.003150  Yes
RMS Displacement:          0.000590     0.002100  Yes

----------------------------------------------------------------------
                      Iteration: 80 [CG] (GDIIS)                      


                             Coordinates                              
----------------------------------------------------------------------
0    C               -0.7481              -1.2711               0.3327
1    C                1.2950               0.0410              -0.0289
2    C               -1.2309               2.0424               0.9171
3    C                1.9905              -0.4533               1.2278
4    C                2.2732               0.3895              -1.1369
5    N                0.3158              -0.9464              -0.5104
6    N               -2.0133              -1.4431              -0.2836
7    O               -1.6134               1.6894              -0.3431
8    H               -2.0650               0.8294              -0.3090
9    H               -0.0051              -0.6903              -1.4357
10   H               -0.5456              -1.8273               1.2432
11   H                0.7563               0.9556               0.2346
12   H               -2.5780              -2.1374               0.1879
13   H               -1.9730              -1.6818              -1.2718
14   H               -0.6052               2.9177               0.9987
15   H               -1.6924               1.5538               1.7639
16   H                2.7711               0.2527               1.5161
17   H                1.7402               0.6949              -2.0400
18   H                2.4428              -1.4350               1.0709
19   H                1.2831              -0.5180               2.0555
20   H                2.8820               1.2381              -0.8219
21   H                2.9400              -0.4369              -1.3886


Energy:                 -383.527406 Convergence criteria  Is converged 
Maximum Force:             0.009648     0.002850  No
RMS Force:                 0.003968     0.001900  No
Maximum Displacement:      0.124416     0.003150  No
RMS Displacement:          0.053066     0.002100  No

----------------------------------------------------------------------
                          Iteration: 81 [CG]                          


                             Coordinates                              
----------------------------------------------------------------------
0    C               -0.7478              -1.2711               0.3325
1    C                1.2951               0.0411              -0.0289
2    C               -1.2321               2.0405               0.9165
3    C                1.9904              -0.4534               1.2277
4    C                2.2733               0.3894              -1.1370
5    N                0.3157              -0.9462              -0.5099
6    N               -2.0128              -1.4427              -0.2833
7    O               -1.6134               1.6897              -0.3422
8    H               -2.0647               0.8297              -0.3086
9    H               -0.0052              -0.6899              -1.4355
10   H               -0.5456              -1.8270               1.2421
11   H                0.7564               0.9558               0.2348
12   H               -2.5782              -2.1365               0.1878
13   H               -1.9723              -1.6820              -1.2712
14   H               -0.6062               2.9175               0.9981
15   H               -1.6920               1.5545               1.7636
16   H                2.7710               0.2524               1.5162
17   H                1.7402               0.6947              -2.0402
18   H                2.4428              -1.4349               1.0707
19   H                1.2833              -0.5184               2.0556
20   H                2.8822               1.2379              -0.8219
21   H                2.9396              -0.4374              -1.3884


Energy:                 -383.527466 Convergence criteria  Is converged 
Maximum Force:             0.005958     0.002850  No
RMS Force:                 0.003090     0.001900  No
Maximum Displacement:      0.001930     0.003150  Yes
RMS Displacement:          0.000794     0.002100  Yes

----------------------------------------------------------------------
                          Iteration: 82 [CG]                          


                             Coordinates                              
----------------------------------------------------------------------
0    C               -0.7476              -1.2711               0.3324
1    C                1.2952               0.0413              -0.0288
2    C               -1.2325               2.0394               0.9162
3    C                1.9904              -0.4534               1.2276
4    C                2.2733               0.3894              -1.1371
5    N                0.3156              -0.9459              -0.5096
6    N               -2.0123              -1.4423              -0.2832
7    O               -1.6136               1.6898              -0.3419
8    H               -2.0644               0.8299              -0.3083
9    H               -0.0053              -0.6896              -1.4353
10   H               -0.5455              -1.8269               1.2412
11   H                0.7565               0.9560               0.2351
12   H               -2.5784              -2.1356               0.1878
13   H               -1.9717              -1.6823              -1.2707
14   H               -0.6074               2.9170               0.9976
15   H               -1.6918               1.5549               1.7636
16   H                2.7710               0.2522               1.5162
17   H                1.7402               0.6946              -2.0403
18   H                2.4428              -1.4347               1.0705
19   H                1.2835              -0.5188               2.0557
20   H                2.8825               1.2376              -0.8220
21   H                2.9392              -0.4379              -1.3882


Energy:                 -383.527506 Convergence criteria  Is converged 
Maximum Force:             0.005904     0.002850  No
RMS Force:                 0.002786     0.001900  No
Maximum Displacement:      0.001192     0.003150  Yes
RMS Displacement:          0.000618     0.002100  Yes

----------------------------------------------------------------------
                          Iteration: 83 [CG]                          


                             Coordinates                              
----------------------------------------------------------------------
0    C               -0.7474              -1.2710               0.3322
1    C                1.2952               0.0415              -0.0288
2    C               -1.2327               2.0386               0.9160
3    C                1.9903              -0.4534               1.2276
4    C                2.2733               0.3893              -1.1372
5    N                0.3156              -0.9456              -0.5095
6    N               -2.0119              -1.4419              -0.2830
7    O               -1.6139               1.6899              -0.3417
8    H               -2.0642               0.8300              -0.3080
9    H               -0.0054              -0.6893              -1.4350
10   H               -0.5454              -1.8268               1.2404
11   H                0.7567               0.9561               0.2354
12   H               -2.5785              -2.1347               0.1877
13   H               -1.9711              -1.6825              -1.2702
14   H               -0.6085               2.9166               0.9971
15   H               -1.6917               1.5552               1.7637
16   H                2.7710               0.2520               1.5163
17   H                1.7402               0.6944              -2.0405
18   H                2.4428              -1.4346               1.0703
19   H                1.2837              -0.5192               2.0558
20   H                2.8828               1.2374              -0.8221
21   H                2.9389              -0.4383              -1.3880


Energy:                 -383.527539 Convergence criteria  Is converged 
Maximum Force:             0.005611     0.002850  No
RMS Force:                 0.002611     0.001900  No
Maximum Displacement:      0.001181     0.003150  Yes
RMS Displacement:          0.000557     0.002100  Yes

----------------------------------------------------------------------
                          Iteration: 84 [CG]                          


                             Coordinates                              
----------------------------------------------------------------------
0    C               -0.7472              -1.2708               0.3321
1    C                1.2952               0.0417              -0.0287
2    C               -1.2327               2.0378               0.9158
3    C                1.9903              -0.4534               1.2276
4    C                2.2733               0.3892              -1.1373
5    N                0.3157              -0.9452              -0.5094
6    N               -2.0116              -1.4415              -0.2829
7    O               -1.6142               1.6899              -0.3416
8    H               -2.0640               0.8300              -0.3077
9    H               -0.0054              -0.6889              -1.4347
10   H               -0.5452              -1.8268               1.2397
11   H                0.7568               0.9563               0.2356
12   H               -2.5787              -2.1339               0.1878
13   H               -1.9704              -1.6828              -1.2698
14   H               -0.6097               2.9162               0.9966
15   H               -1.6916               1.5554               1.7639
16   H                2.7710               0.2518               1.5164
17   H                1.7403               0.6943              -2.0406
18   H                2.4428              -1.4345               1.0701
19   H                1.2838              -0.5196               2.0559
20   H                2.8831               1.2371              -0.8223
21   H                2.9385              -0.4388              -1.3878


Energy:                 -383.527568 Convergence criteria  Is converged 
Maximum Force:             0.005298     0.002850  No
RMS Force:                 0.002490     0.001900  No
Maximum Displacement:      0.001122     0.003150  Yes
RMS Displacement:          0.000522     0.002100  Yes

----------------------------------------------------------------------
                      Iteration: 85 [CG] (GDIIS)                      


                             Coordinates                              
----------------------------------------------------------------------
0    C               -0.7428              -1.2906               0.3294
1    C                1.2922               0.0434              -0.0272
2    C               -1.2407               2.0665               0.9177
3    C                1.9894              -0.4548               1.2268
4    C                2.2718               0.3867              -1.1367
5    N                0.3155              -0.9451              -0.5097
6    N               -2.0091              -1.4451              -0.2870
7    O               -1.6092               1.6928              -0.3375
8    H               -2.0507               0.8285              -0.2944
9    H               -0.0085              -0.6883              -1.4335
10   H               -0.5402              -1.8528               1.2299
11   H                0.7518               0.9573               0.2388
12   H               -2.5812              -2.1328               0.1843
13   H               -1.9622              -1.6947              -1.2719
14   H               -0.6313               2.9546               0.9943
15   H               -1.6843               1.5708               1.7681
16   H                2.7707               0.2492               1.5164
17   H                1.7410               0.6913              -2.0416
18   H                2.4429              -1.4347               1.0644
19   H                1.2852              -0.5253               2.0568
20   H                2.8859               1.2318              -0.8235
21   H                2.9338              -0.4450              -1.3854


Energy:                 -383.527650 Convergence criteria  Is converged 
Maximum Force:             0.005995     0.002850  No
RMS Force:                 0.003033     0.001900  No
Maximum Displacement:      0.038472     0.003150  No
RMS Displacement:          0.015536     0.002100  No

----------------------------------------------------------------------
                          Iteration: 86 [CG]                          


                             Coordinates                              
----------------------------------------------------------------------
0    C               -0.7426              -1.2896               0.3287
1    C                1.2923               0.0435              -0.0271
2    C               -1.2412               2.0653               0.9176
3    C                1.9893              -0.4549               1.2268
4    C                2.2718               0.3866              -1.1367
5    N                0.3155              -0.9451              -0.5095
6    N               -2.0086              -1.4448              -0.2869
7    O               -1.6094               1.6929              -0.3372
8    H               -2.0505               0.8286              -0.2942
9    H               -0.0086              -0.6879              -1.4333
10   H               -0.5399              -1.8532               1.2298
11   H                0.7521               0.9574               0.2390
12   H               -2.5815              -2.1320               0.1843
13   H               -1.9618              -1.6949              -1.2716
14   H               -0.6323               2.9542               0.9937
15   H               -1.6841               1.5712               1.7680
16   H                2.7707               0.2491               1.5165
17   H                1.7410               0.6911              -2.0417
18   H                2.4429              -1.4346               1.0641
19   H                1.2854              -0.5257               2.0569
20   H                2.8861               1.2317              -0.8236
21   H                2.9334              -0.4454              -1.3852


Energy:                 -383.527686 Convergence criteria  Is converged 
Maximum Force:             0.005427     0.002850  No
RMS Force:                 0.002548     0.001900  No
Maximum Displacement:      0.001199     0.003150  Yes
RMS Displacement:          0.000607     0.002100  Yes

----------------------------------------------------------------------
                          Iteration: 87 [CG]                          


                             Coordinates                              
----------------------------------------------------------------------
0    C               -0.7425              -1.2890               0.3285
1    C                1.2923               0.0436              -0.0270
2    C               -1.2414               2.0645               0.9175
3    C                1.9893              -0.4549               1.2268
4    C                2.2717               0.3866              -1.1367
5    N                0.3156              -0.9449              -0.5096
6    N               -2.0083              -1.4445              -0.2869
7    O               -1.6096               1.6930              -0.3371
8    H               -2.0503               0.8286              -0.2940
9    H               -0.0087              -0.6875              -1.4332
10   H               -0.5396              -1.8535               1.2295
11   H                0.7524               0.9576               0.2391
12   H               -2.5817              -2.1311               0.1844
13   H               -1.9614              -1.6952              -1.2713
14   H               -0.6334               2.9538               0.9931
15   H               -1.6840               1.5715               1.7682
16   H                2.7707               0.2490               1.5166
17   H                1.7410               0.6910              -2.0418
18   H                2.4429              -1.4346               1.0639
19   H                1.2855              -0.5260               2.0569
20   H                2.8864               1.2315              -0.8237
21   H                2.9329              -0.4458              -1.3849


Energy:                 -383.527713 Convergence criteria  Is converged 
Maximum Force:             0.005223     0.002850  No
RMS Force:                 0.002404     0.001900  No
Maximum Displacement:      0.001085     0.003150  Yes
RMS Displacement:          0.000510     0.002100  Yes

----------------------------------------------------------------------
                          Iteration: 88 [CG]                          


                             Coordinates                              
----------------------------------------------------------------------
0    C               -0.7424              -1.2884               0.3285
1    C                1.2924               0.0436              -0.0270
2    C               -1.2415               2.0638               0.9174
3    C                1.9893              -0.4549               1.2268
4    C                2.2717               0.3866              -1.1367
5    N                0.3157              -0.9448              -0.5096
6    N               -2.0080              -1.4442              -0.2869
7    O               -1.6099               1.6930              -0.3371
8    H               -2.0502               0.8286              -0.2938
9    H               -0.0087              -0.6871              -1.4330
10   H               -0.5393              -1.8536               1.2291
11   H                0.7527               0.9577               0.2393
12   H               -2.5819              -2.1303               0.1845
13   H               -1.9610              -1.6954              -1.2711
14   H               -0.6345               2.9534               0.9926
15   H               -1.6839               1.5717               1.7684
16   H                2.7707               0.2489               1.5167
17   H                1.7410               0.6909              -2.0418
18   H                2.4429              -1.4345               1.0637
19   H                1.2856              -0.5264               2.0570
20   H                2.8867               1.2313              -0.8238
21   H                2.9325              -0.4462              -1.3847


Energy:                 -383.527738 Convergence criteria  Is converged 
Maximum Force:             0.004959     0.002850  No
RMS Force:                 0.002317     0.001900  No
Maximum Displacement:      0.001045     0.003150  Yes
RMS Displacement:          0.000481     0.002100  Yes

----------------------------------------------------------------------
                          Iteration: 89 [CG]                          


                             Coordinates                              
----------------------------------------------------------------------
0    C               -0.7422              -1.2879               0.3286
1    C                1.2925               0.0437              -0.0269
2    C               -1.2415               2.0632               0.9173
3    C                1.9894              -0.4550               1.2268
4    C                2.2717               0.3865              -1.1367
5    N                0.3158              -0.9446              -0.5097
6    N               -2.0077              -1.4438              -0.2869
7    O               -1.6102               1.6930              -0.3370
8    H               -2.0501               0.8285              -0.2937
9    H               -0.0088              -0.6867              -1.4329
10   H               -0.5391              -1.8538               1.2287
11   H                0.7530               0.9578               0.2394
12   H               -2.5821              -2.1295               0.1846
13   H               -1.9607              -1.6956              -1.2709
14   H               -0.6355               2.9531               0.9921
15   H               -1.6839               1.5719               1.7687
16   H                2.7707               0.2488               1.5168
17   H                1.7410               0.6908              -2.0419
18   H                2.4430              -1.4345               1.0635
19   H                1.2857              -0.5267               2.0571
20   H                2.8869               1.2311              -0.8239
21   H                2.9321              -0.4465              -1.3845


Energy:                 -383.527762 Convergence criteria  Is converged 
Maximum Force:             0.004717     0.002850  No
RMS Force:                 0.002252     0.001900  No
Maximum Displacement:      0.000992     0.003150  Yes
RMS Displacement:          0.000463     0.002100  Yes

----------------------------------------------------------------------
                      Iteration: 90 [CG] (GDIIS)                      


                             Coordinates                              
----------------------------------------------------------------------
0    C               -0.7364              -1.3031               0.3296
1    C                1.2895               0.0446              -0.0250
2    C               -1.2702               2.1214               0.9247
3    C                1.9896              -0.4598               1.2245
4    C                2.2705               0.3787              -1.1362
5    N                0.3159              -0.9454              -0.5090
6    N               -1.9972              -1.4499              -0.2966
7    O               -1.6047               1.6981              -0.3268
8    H               -2.0226               0.8225              -0.2682
9    H               -0.0157              -0.6832              -1.4286
10   H               -0.5251              -1.9189               1.2043
11   H                0.7499               0.9593               0.2404
12   H               -2.5837              -2.1211               0.1811
13   H               -1.9361              -1.7215              -1.2762
14   H               -0.6894               3.0291               0.9867
15   H               -1.6805               1.6126               1.7831
16   H                2.7716               0.2419               1.5174
17   H                1.7439               0.6826              -2.0439
18   H                2.4443              -1.4370               1.0488
19   H                1.2887              -0.5415               2.0561
20   H                2.8960               1.2172              -0.8277
21   H                2.9218              -0.4630              -1.3800


Energy:                 -383.527989 Convergence criteria  Is converged 
Maximum Force:             0.007394     0.002850  No
RMS Force:                 0.003877     0.001900  No
Maximum Displacement:      0.076062     0.003150  No
RMS Displacement:          0.033622     0.002100  No

----------------------------------------------------------------------
                          Iteration: 91 [CG]                          


                             Coordinates                              
----------------------------------------------------------------------
0    C               -0.7360              -1.3038               0.3308
1    C                1.2897               0.0446              -0.0250
2    C               -1.2707               2.1201               0.9238
3    C                1.9896              -0.4599               1.2245
4    C                2.2706               0.3787              -1.1363
5    N                0.3160              -0.9452              -0.5090
6    N               -1.9970              -1.4499              -0.2968
7    O               -1.6047               1.6984              -0.3258
8    H               -2.0224               0.8228              -0.2680
9    H               -0.0157              -0.6827              -1.4285
10   H               -0.5251              -1.9179               1.2029
11   H                0.7503               0.9595               0.2405
12   H               -2.5839              -2.1202               0.1810
13   H               -1.9361              -1.7216              -1.2758
14   H               -0.6904               3.0287               0.9860
15   H               -1.6804               1.6129               1.7832
16   H                2.7715               0.2418               1.5175
17   H                1.7439               0.6825              -2.0439
18   H                2.4443              -1.4370               1.0487
19   H                1.2888              -0.5418               2.0562
20   H                2.8961               1.2171              -0.8278
21   H                2.9213              -0.4633              -1.3798


Energy:                 -383.528043 Convergence criteria  Is converged 
Maximum Force:             0.005024     0.002850  No
RMS Force:                 0.002687     0.001900  No
Maximum Displacement:      0.001479     0.003150  Yes
RMS Displacement:          0.000775     0.002100  Yes

----------------------------------------------------------------------
                          Iteration: 92 [CG]                          


                             Coordinates                              
----------------------------------------------------------------------
0    C               -0.7357              -1.3040               0.3311
1    C                1.2899               0.0446              -0.0250
2    C               -1.2709               2.1192               0.9235
3    C                1.9897              -0.4600               1.2245
4    C                2.2707               0.3787              -1.1363
5    N                0.3161              -0.9450              -0.5089
6    N               -1.9967              -1.4497              -0.2967
7    O               -1.6049               1.6984              -0.3254
8    H               -2.0222               0.8230              -0.2678
9    H               -0.0157              -0.6822              -1.4284
10   H               -0.5249              -1.9174               1.2020
11   H                0.7507               0.9596               0.2406
12   H               -2.5842              -2.1194               0.1810
13   H               -1.9360              -1.7218              -1.2755
14   H               -0.6914               3.0281               0.9854
15   H               -1.6803               1.6131               1.7833
16   H                2.7715               0.2418               1.5176
17   H                1.7438               0.6825              -2.0439
18   H                2.4443              -1.4369               1.0486
19   H                1.2889              -0.5421               2.0562
20   H                2.8963               1.2169              -0.8279
21   H                2.9210              -0.4637              -1.3796


Energy:                 -383.528072 Convergence criteria  Is converged 
Maximum Force:             0.004859     0.002850  No
RMS Force:                 0.002345     0.001900  No
Maximum Displacement:      0.001005     0.003150  Yes
RMS Displacement:          0.000537     0.002100  Yes

----------------------------------------------------------------------
                          Iteration: 93 [CG]                          


                             Coordinates                              
----------------------------------------------------------------------
0    C               -0.7355              -1.3041               0.3311
1    C                1.2901               0.0447              -0.0250
2    C               -1.2710               2.1185               0.9234
3    C                1.9897              -0.4601               1.2245
4    C                2.2707               0.3786              -1.1363
5    N                0.3162              -0.9449              -0.5088
6    N               -1.9964              -1.4495              -0.2965
7    O               -1.6052               1.6984              -0.3252
8    H               -2.0220               0.8231              -0.2677
9    H               -0.0158              -0.6817              -1.4282
10   H               -0.5247              -1.9170               1.2014
11   H                0.7510               0.9597               0.2407
12   H               -2.5845              -2.1187               0.1810
13   H               -1.9359              -1.7220              -1.2753
14   H               -0.6924               3.0276               0.9847
15   H               -1.6802               1.6133               1.7834
16   H                2.7715               0.2417               1.5177
17   H                1.7438               0.6824              -2.0439
18   H                2.4444              -1.4369               1.0485
19   H                1.2890              -0.5424               2.0562
20   H                2.8965               1.2168              -0.8280
21   H                2.9206              -0.4640              -1.3794


Energy:                 -383.528095 Convergence criteria  Is converged 
Maximum Force:             0.004606     0.002850  No
RMS Force:                 0.002185     0.001900  No
Maximum Displacement:      0.000972     0.003150  Yes
RMS Displacement:          0.000469     0.002100  Yes

----------------------------------------------------------------------
                          Iteration: 94 [CG]                          


                             Coordinates                              
----------------------------------------------------------------------
0    C               -0.7354              -1.3040               0.3310
1    C                1.2903               0.0447              -0.0249
2    C               -1.2710               2.1178               0.9233
3    C                1.9898              -0.4601               1.2245
4    C                2.2708               0.3786              -1.1363
5    N                0.3162              -0.9447              -0.5088
6    N               -1.9961              -1.4493              -0.2965
7    O               -1.6055               1.6985              -0.3251
8    H               -2.0219               0.8231              -0.2675
9    H               -0.0158              -0.6812              -1.4280
10   H               -0.5244              -1.9167               1.2009
11   H                0.7514               0.9598               0.2408
12   H               -2.5848              -2.1179               0.1810
13   H               -1.9358              -1.7222              -1.2750
14   H               -0.6933               3.0272               0.9842
15   H               -1.6802               1.6133               1.7836
16   H                2.7714               0.2416               1.5178
17   H                1.7438               0.6824              -2.0438
18   H                2.4445              -1.4369               1.0484
19   H                1.2891              -0.5427               2.0562
20   H                2.8967               1.2167              -0.8280
21   H                2.9203              -0.4643              -1.3793


Energy:                 -383.528116 Convergence criteria  Is converged 
Maximum Force:             0.004362     0.002850  No
RMS Force:                 0.002086     0.001900  No
Maximum Displacement:      0.000921     0.003150  Yes
RMS Displacement:          0.000437     0.002100  Yes

----------------------------------------------------------------------
                      Iteration: 95 [CG] (GDIIS)                      


                             Coordinates                              
----------------------------------------------------------------------
0    C               -0.7266              -1.3214               0.3276
1    C                1.2893               0.0467              -0.0222
2    C               -1.2824               2.1384               0.9234
3    C                1.9895              -0.4631               1.2240
4    C                2.2693               0.3752              -1.1352
5    N                0.3183              -0.9424              -0.5098
6    N               -1.9875              -1.4503              -0.3016
7    O               -1.6036               1.7029              -0.3169
8    H               -2.0026               0.8221              -0.2486
9    H               -0.0205              -0.6716              -1.4243
10   H               -0.5128              -1.9467               1.1823
11   H                0.7518               0.9617               0.2465
12   H               -2.5929              -2.1023               0.1767
13   H               -1.9245              -1.7408              -1.2738
14   H               -0.7378               3.0671               0.9696
15   H               -1.6695               1.6354               1.7923
16   H                2.7705               0.2378               1.5199
17   H                1.7440               0.6775              -2.0447
18   H                2.4450              -1.4370               1.0386
19   H                1.2925              -0.5553               2.0578
20   H                2.9036               1.2082              -0.8309
21   H                2.9069              -0.4784              -1.3722


Energy:                 -383.528364 Convergence criteria  Is converged 
Maximum Force:             0.004915     0.002850  No
RMS Force:                 0.003103     0.001900  No
Maximum Displacement:      0.044543     0.003150  No
RMS Displacement:          0.020898     0.002100  No

----------------------------------------------------------------------
                          Iteration: 96 [CG]                          


                             Coordinates                              
----------------------------------------------------------------------
0    C               -0.7265              -1.3206               0.3267
1    C                1.2896               0.0469              -0.0221
2    C               -1.2815               2.1379               0.9241
3    C                1.9897              -0.4633               1.2241
4    C                2.2694               0.3750              -1.1352
5    N                0.3185              -0.9420              -0.5099
6    N               -1.9871              -1.4498              -0.3014
7    O               -1.6049               1.7024              -0.3177
8    H               -2.0027               0.8214              -0.2486
9    H               -0.0206              -0.6702              -1.4239
10   H               -0.5118              -1.9466               1.1821
11   H                0.7527               0.9620               0.2468
12   H               -2.5937              -2.1004               0.1771
13   H               -1.9243              -1.7413              -1.2737
14   H               -0.7399               3.0664               0.9684
15   H               -1.6698               1.6352               1.7930
16   H                2.7705               0.2377               1.5203
17   H                1.7439               0.6774              -2.0446
18   H                2.4453              -1.4372               1.0383
19   H                1.2926              -0.5560               2.0577
20   H                2.9042               1.2079              -0.8311
21   H                2.9061              -0.4791              -1.3719


Energy:                 -383.528411 Convergence criteria  Is converged 
Maximum Force:             0.003975     0.002850  No
RMS Force:                 0.002334     0.001900  No
Maximum Displacement:      0.002115     0.003150  Yes
RMS Displacement:          0.001068     0.002100  Yes

----------------------------------------------------------------------
                          Iteration: 97 [CG]                          


                             Coordinates                              
----------------------------------------------------------------------
0    C               -0.7266              -1.3200               0.3265
1    C                1.2897               0.0469              -0.0220
2    C               -1.2810               2.1379               0.9244
3    C                1.9899              -0.4634               1.2241
4    C                2.2695               0.3748              -1.1351
5    N                0.3186              -0.9419              -0.5102
6    N               -1.9872              -1.4496              -0.3016
7    O               -1.6054               1.7021              -0.3182
8    H               -2.0030               0.8206              -0.2489
9    H               -0.0206              -0.6697              -1.4238
10   H               -0.5114              -1.9468               1.1824
11   H                0.7529               0.9622               0.2468
12   H               -2.5938              -2.0998               0.1775
13   H               -1.9242              -1.7414              -1.2740
14   H               -0.7403               3.0668               0.9682
15   H               -1.6701               1.6348               1.7934
16   H                2.7706               0.2376               1.5204
17   H                1.7440               0.6773              -2.0444
18   H                2.4455              -1.4374               1.0383
19   H                1.2926              -0.5561               2.0577
20   H                2.9044               1.2077              -0.8312
21   H                2.9060              -0.4793              -1.3719


Energy:                 -383.528433 Convergence criteria  Is converged 
Maximum Force:             0.003400     0.002850  No
RMS Force:                 0.002016     0.001900  No
Maximum Displacement:      0.000795     0.003150  Yes
RMS Displacement:          0.000467     0.002100  Yes

----------------------------------------------------------------------
                          Iteration: 98 [CG]                          


                             Coordinates                              
----------------------------------------------------------------------
0    C               -0.7266              -1.3196               0.3265
1    C                1.2898               0.0470              -0.0219
2    C               -1.2807               2.1377               0.9245
3    C                1.9900              -0.4635               1.2242
4    C                2.2696               0.3747              -1.1351
5    N                0.3187              -0.9417              -0.5103
6    N               -1.9873              -1.4494              -0.3018
7    O               -1.6060               1.7018              -0.3184
8    H               -2.0033               0.8200              -0.2492
9    H               -0.0206              -0.6691              -1.4238
10   H               -0.5110              -1.9469               1.1826
11   H                0.7532               0.9623               0.2469
12   H               -2.5940              -2.0991               0.1779
13   H               -1.9242              -1.7415              -1.2742
14   H               -0.7406               3.0672               0.9680
15   H               -1.6703               1.6346               1.7937
16   H                2.7707               0.2376               1.5206
17   H                1.7440               0.6773              -2.0442
18   H                2.4457              -1.4375               1.0382
19   H                1.2926              -0.5563               2.0576
20   H                2.9046               1.2075              -0.8313
21   H                2.9060              -0.4795              -1.3719


Energy:                 -383.528450 Convergence criteria  Is converged 
Maximum Force:             0.003175     0.002850  No
RMS Force:                 0.001884     0.001900  Yes
Maximum Displacement:      0.000680     0.003150  Yes
RMS Displacement:          0.000403     0.002100  Yes

----------------------------------------------------------------------
                          Iteration: 99 [CG]                          


                             Coordinates                              
----------------------------------------------------------------------
0    C               -0.7266              -1.3192               0.3265
1    C                1.2899               0.0471              -0.0218
2    C               -1.2805               2.1374               0.9245
3    C                1.9901              -0.4636               1.2242
4    C                2.2697               0.3746              -1.1350
5    N                0.3187              -0.9416              -0.5105
6    N               -1.9873              -1.4492              -0.3020
7    O               -1.6065               1.7015              -0.3185
8    H               -2.0035               0.8194              -0.2495
9    H               -0.0207              -0.6686              -1.4238
10   H               -0.5107              -1.9469               1.1826
11   H                0.7534               0.9625               0.2470
12   H               -2.5942              -2.0985               0.1783
13   H               -1.9243              -1.7416              -1.2743
14   H               -0.7410               3.0676               0.9678
15   H               -1.6706               1.6344               1.7939
16   H                2.7707               0.2376               1.5208
17   H                1.7440               0.6773              -2.0441
18   H                2.4459              -1.4376               1.0381
19   H                1.2926              -0.5565               2.0575
20   H                2.9048               1.2074              -0.8314
21   H                2.9059              -0.4797              -1.3719


Energy:                 -383.528466 Convergence criteria  Is converged 
Maximum Force:             0.003201     0.002850  No
RMS Force:                 0.001811     0.001900  Yes
Maximum Displacement:      0.000635     0.003150  Yes
RMS Displacement:          0.000377     0.002100  Yes

----------------------------------------------------------------------
                     Iteration: 100 [CG] (GDIIS)                      


                             Coordinates                              
----------------------------------------------------------------------
0    C               -0.7276              -1.3149               0.3287
1    C                1.2902               0.0469              -0.0221
2    C               -1.2819               2.1345               0.9239
3    C                1.9903              -0.4637               1.2241
4    C                2.2699               0.3743              -1.1352
5    N                0.3184              -0.9414              -0.5099
6    N               -1.9868              -1.4487              -0.3019
7    O               -1.6074               1.7010              -0.3178
8    H               -2.0049               0.8191              -0.2508
9    H               -0.0206              -0.6688              -1.4238
10   H               -0.5112              -1.9460               1.1813
11   H                0.7536               0.9627               0.2464
12   H               -2.5931              -2.0976               0.1799
13   H               -1.9224              -1.7403              -1.2744
14   H               -0.7402               3.0643               0.9688
15   H               -1.6726               1.6346               1.7938
16   H                2.7711               0.2373               1.5208
17   H                1.7445               0.6770              -2.0444
18   H                2.4462              -1.4377               1.0381
19   H                1.2926              -0.5564               2.0572
20   H                2.9052               1.2069              -0.8317
21   H                2.9065              -0.4795              -1.3724


Energy:                 -383.528473 Convergence criteria  Is converged 
Maximum Force:             0.003206     0.002850  No
RMS Force:                 0.002226     0.001900  No
Maximum Displacement:      0.004288     0.003150  No
RMS Displacement:          0.001825     0.002100  Yes

----------------------------------------------------------------------
                         Iteration: 101 [CG]                          


                             Coordinates                              
----------------------------------------------------------------------
0    C               -0.7276              -1.3146               0.3284
1    C                1.2904               0.0470              -0.0220
2    C               -1.2812               2.1347               0.9243
3    C                1.9905              -0.4638               1.2241
4    C                2.2700               0.3743              -1.1352
5    N                0.3184              -0.9412              -0.5100
6    N               -1.9869              -1.4485              -0.3019
7    O               -1.6080               1.7005              -0.3184
8    H               -2.0052               0.8185              -0.2510
9    H               -0.0206              -0.6683              -1.4237
10   H               -0.5109              -1.9460               1.1816
11   H                0.7539               0.9628               0.2464
12   H               -2.5932              -2.0970               0.1801
13   H               -1.9224              -1.7404              -1.2745
14   H               -0.7407               3.0644               0.9686
15   H               -1.6729               1.6343               1.7941
16   H                2.7712               0.2372               1.5209
17   H                1.7445               0.6770              -2.0442
18   H                2.4463              -1.4378               1.0381
19   H                1.2926              -0.5566               2.0572
20   H                2.9054               1.2067              -0.8318
21   H                2.9064              -0.4798              -1.3725


Energy:                 -383.528492 Convergence criteria  Is converged 
Maximum Force:             0.003155     0.002850  No
RMS Force:                 0.001855     0.001900  Yes
Maximum Displacement:      0.000641     0.003150  Yes
RMS Displacement:          0.000445     0.002100  Yes

----------------------------------------------------------------------
                         Iteration: 102 [CG]                          


                             Coordinates                              
----------------------------------------------------------------------
0    C               -0.7276              -1.3144               0.3283
1    C                1.2905               0.0471              -0.0220
2    C               -1.2809               2.1345               0.9244
3    C                1.9906              -0.4639               1.2241
4    C                2.2701               0.3742              -1.1352
5    N                0.3185              -0.9409              -0.5101
6    N               -1.9869              -1.4482              -0.3020
7    O               -1.6086               1.7003              -0.3186
8    H               -2.0054               0.8179              -0.2513
9    H               -0.0206              -0.6677              -1.4236
10   H               -0.5106              -1.9459               1.1817
11   H                0.7541               0.9629               0.2465
12   H               -2.5934              -2.0963               0.1803
13   H               -1.9224              -1.7406              -1.2745
14   H               -0.7411               3.0647               0.9683
15   H               -1.6732               1.6341               1.7943
16   H                2.7712               0.2372               1.5211
17   H                1.7445               0.6769              -2.0441
18   H                2.4465              -1.4379               1.0380
19   H                1.2926              -0.5568               2.0571
20   H                2.9056               1.2066              -0.8319
21   H                2.9063              -0.4800              -1.3725


Energy:                 -383.528507 Convergence criteria  Is converged 
Maximum Force:             0.003155     0.002850  No
RMS Force:                 0.001768     0.001900  Yes
Maximum Displacement:      0.000631     0.003150  Yes
RMS Displacement:          0.000371     0.002100  Yes

----------------------------------------------------------------------
                         Iteration: 103 [CG]                          


                             Coordinates                              
----------------------------------------------------------------------
0    C               -0.7275              -1.3143               0.3282
1    C                1.2906               0.0472              -0.0219
2    C               -1.2806               2.1342               0.9245
3    C                1.9907              -0.4640               1.2241
4    C                2.2702               0.3741              -1.1351
5    N                0.3185              -0.9407              -0.5102
6    N               -1.9869              -1.4480              -0.3022
7    O               -1.6091               1.7000              -0.3186
8    H               -2.0056               0.8173              -0.2514
9    H               -0.0207              -0.6672              -1.4236
10   H               -0.5103              -1.9458               1.1817
11   H                0.7544               0.9631               0.2466
12   H               -2.5936              -2.0957               0.1806
13   H               -1.9225              -1.7407              -1.2745
14   H               -0.7415               3.0650               0.9681
15   H               -1.6734               1.6339               1.7944
16   H                2.7712               0.2371               1.5212
17   H                1.7445               0.6769              -2.0440
18   H                2.4467              -1.4380               1.0380
19   H                1.2927              -0.5570               2.0570
20   H                2.9059               1.2065              -0.8320
21   H                2.9062              -0.4803              -1.3725


Energy:                 -383.528520 Convergence criteria  Is converged 
Maximum Force:             0.003160     0.002850  No
RMS Force:                 0.001729     0.001900  Yes
Maximum Displacement:      0.000631     0.003150  Yes
RMS Displacement:          0.000354     0.002100  Yes

----------------------------------------------------------------------
                         Iteration: 104 [CG]                          


                             Coordinates                              
----------------------------------------------------------------------
0    C               -0.7275              -1.3142               0.3282
1    C                1.2908               0.0472              -0.0218
2    C               -1.2804               2.1339               0.9245
3    C                1.9908              -0.4641               1.2242
4    C                2.2703               0.3740              -1.1351
5    N                0.3185              -0.9405              -0.5103
6    N               -1.9869              -1.4477              -0.3023
7    O               -1.6095               1.6997              -0.3187
8    H               -2.0058               0.8168              -0.2516
9    H               -0.0207              -0.6666              -1.4235
10   H               -0.5100              -1.9457               1.1817
11   H                0.7547               0.9632               0.2467
12   H               -2.5938              -2.0951               0.1808
13   H               -1.9225              -1.7408              -1.2745
14   H               -0.7419               3.0652               0.9679
15   H               -1.6736               1.6337               1.7945
16   H                2.7713               0.2371               1.5214
17   H                1.7445               0.6769              -2.0439
18   H                2.4468              -1.4381               1.0379
19   H                1.2927              -0.5572               2.0570
20   H                2.9061               1.2063              -0.8321
21   H                2.9061              -0.4805              -1.3725


Energy:                 -383.528533 Convergence criteria  Is converged 
Maximum Force:             0.003163     0.002850  No
RMS Force:                 0.001706     0.001900  Yes
Maximum Displacement:      0.000632     0.003150  Yes
RMS Displacement:          0.000346     0.002100  Yes

----------------------------------------------------------------------
                     Iteration: 105 [CG] (GDIIS)                      


                             Coordinates                              
----------------------------------------------------------------------
0    C               -0.7274              -1.3106               0.3281
1    C                1.2915               0.0482              -0.0214
2    C               -1.2751               2.1199               0.9219
3    C                1.9911              -0.4638               1.2246
4    C                2.2706               0.3746              -1.1350
5    N                0.3186              -0.9382              -0.5104
6    N               -1.9871              -1.4447              -0.3013
7    O               -1.6133               1.6977              -0.3192
8    H               -2.0103               0.8157              -0.2553
9    H               -0.0203              -0.6635              -1.4236
10   H               -0.5104              -1.9355               1.1824
11   H                0.7556               0.9642               0.2484
12   H               -2.5951              -2.0897               0.1832
13   H               -1.9234              -1.7381              -1.2730
14   H               -0.7401               3.0537               0.9661
15   H               -1.6736               1.6279               1.7928
16   H                2.7714               0.2372               1.5223
17   H                1.7444               0.6772              -2.0437
18   H                2.4475              -1.4375               1.0388
19   H                1.2930              -0.5573               2.0574
20   H                2.9069               1.2065              -0.8326
21   H                2.9055              -0.4804              -1.3723


Energy:                 -383.528600 Convergence criteria  Is converged 
Maximum Force:             0.004029     0.002850  No
RMS Force:                 0.002760     0.001900  No
Maximum Displacement:      0.013955     0.003150  No
RMS Displacement:          0.005481     0.002100  No

----------------------------------------------------------------------
                         Iteration: 106 [CG]                          


                             Coordinates                              
----------------------------------------------------------------------
0    C               -0.7275              -1.3100               0.3275
1    C                1.2916               0.0483              -0.0213
2    C               -1.2743               2.1204               0.9225
3    C                1.9912              -0.4639               1.2246
4    C                2.2707               0.3745              -1.1350
5    N                0.3186              -0.9380              -0.5106
6    N               -1.9872              -1.4443              -0.3013
7    O               -1.6140               1.6972              -0.3200
8    H               -2.0106               0.8149              -0.2555
9    H               -0.0203              -0.6630              -1.4235
10   H               -0.5100              -1.9358               1.1830
11   H                0.7559               0.9643               0.2485
12   H               -2.5953              -2.0891               0.1834
13   H               -1.9235              -1.7383              -1.2731
14   H               -0.7406               3.0539               0.9659
15   H               -1.6740               1.6275               1.7931
16   H                2.7714               0.2372               1.5225
17   H                1.7444               0.6772              -2.0436
18   H                2.4477              -1.4376               1.0387
19   H                1.2930              -0.5575               2.0574
20   H                2.9072               1.2064              -0.8326
21   H                2.9055              -0.4807              -1.3723


Energy:                 -383.528628 Convergence criteria  Is converged 
Maximum Force:             0.003617     0.002850  No
RMS Force:                 0.002023     0.001900  No
Maximum Displacement:      0.000806     0.003150  Yes
RMS Displacement:          0.000552     0.002100  Yes

----------------------------------------------------------------------
                         Iteration: 107 [CG]                          


                             Coordinates                              
----------------------------------------------------------------------
0    C               -0.7275              -1.3097               0.3274
1    C                1.2918               0.0484              -0.0213
2    C               -1.2738               2.1203               0.9227
3    C                1.9913              -0.4640               1.2247
4    C                2.2708               0.3744              -1.1350
5    N                0.3186              -0.9377              -0.5107
6    N               -1.9872              -1.4440              -0.3014
7    O               -1.6146               1.6969              -0.3202
8    H               -2.0109               0.8142              -0.2557
9    H               -0.0203              -0.6624              -1.4235
10   H               -0.5097              -1.9360               1.1833
11   H                0.7562               0.9644               0.2486
12   H               -2.5954              -2.0885               0.1837
13   H               -1.9236              -1.7385              -1.2732
14   H               -0.7410               3.0543               0.9658
15   H               -1.6743               1.6272               1.7932
16   H                2.7714               0.2371               1.5227
17   H                1.7444               0.6772              -2.0435
18   H                2.4478              -1.4377               1.0387
19   H                1.2931              -0.5577               2.0573
20   H                2.9074               1.2063              -0.8327
21   H                2.9054              -0.4809              -1.3724


Energy:                 -383.528645 Convergence criteria  Is converged 
Maximum Force:             0.003175     0.002850  No
RMS Force:                 0.001848     0.001900  Yes
Maximum Displacement:      0.000723     0.003150  Yes
RMS Displacement:          0.000405     0.002100  Yes

----------------------------------------------------------------------
                         Iteration: 108 [CG]                          


                             Coordinates                              
----------------------------------------------------------------------
0    C               -0.7275              -1.3094               0.3274
1    C                1.2919               0.0484              -0.0212
2    C               -1.2735               2.1201               0.9228
3    C                1.9914              -0.4641               1.2247
4    C                2.2709               0.3743              -1.1349
5    N                0.3187              -0.9375              -0.5108
6    N               -1.9873              -1.4437              -0.3016
7    O               -1.6151               1.6966              -0.3203
8    H               -2.0111               0.8136              -0.2559
9    H               -0.0204              -0.6619              -1.4235
10   H               -0.5094              -1.9360               1.1835
11   H                0.7564               0.9645               0.2487
12   H               -2.5956              -2.0879               0.1839
13   H               -1.9236              -1.7387              -1.2732
14   H               -0.7413               3.0547               0.9656
15   H               -1.6745               1.6270               1.7933
16   H                2.7715               0.2371               1.5228
17   H                1.7444               0.6772              -2.0434
18   H                2.4480              -1.4378               1.0386
19   H                1.2931              -0.5579               2.0572
20   H                2.9076               1.2062              -0.8328
21   H                2.9053              -0.4811              -1.3724


Energy:                 -383.528660 Convergence criteria  Is converged 
Maximum Force:             0.003086     0.002850  No
RMS Force:                 0.001774     0.001900  Yes
Maximum Displacement:      0.000635     0.003150  Yes
RMS Displacement:          0.000370     0.002100  Yes

----------------------------------------------------------------------
                         Iteration: 109 [CG]                          


                             Coordinates                              
----------------------------------------------------------------------
0    C               -0.7275              -1.3092               0.3275
1    C                1.2921               0.0485              -0.0212
2    C               -1.2732               2.1198               0.9228
3    C                1.9915              -0.4642               1.2247
4    C                2.2711               0.3743              -1.1349
5    N                0.3187              -0.9372              -0.5109
6    N               -1.9873              -1.4434              -0.3017
7    O               -1.6156               1.6964              -0.3203
8    H               -2.0113               0.8130              -0.2561
9    H               -0.0204              -0.6613              -1.4235
10   H               -0.5092              -1.9360               1.1836
11   H                0.7567               0.9646               0.2487
12   H               -2.5957              -2.0873               0.1841
13   H               -1.9237              -1.7389              -1.2732
14   H               -0.7417               3.0550               0.9655
15   H               -1.6748               1.6268               1.7934
16   H                2.7715               0.2370               1.5230
17   H                1.7444               0.6771              -2.0433
18   H                2.4481              -1.4379               1.0385
19   H                1.2931              -0.5580               2.0572
20   H                2.9079               1.2060              -0.8329
21   H                2.9053              -0.4813              -1.3724


Energy:                 -383.528674 Convergence criteria  Is converged 
Maximum Force:             0.003101     0.002850  No
RMS Force:                 0.001731     0.001900  Yes
Maximum Displacement:      0.000617     0.003150  Yes
RMS Displacement:          0.000355     0.002100  Yes

----------------------------------------------------------------------
                     Iteration: 110 [CG] (GDIIS)                      


                             Coordinates                              
----------------------------------------------------------------------
0    C               -0.7265              -1.3033               0.3290
1    C                1.2937               0.0504              -0.0201
2    C               -1.2711               2.1157               0.9222
3    C                1.9929              -0.4658               1.2245
4    C                2.2728               0.3721              -1.1349
5    N                0.3179              -0.9315              -0.5111
6    N               -1.9849              -1.4369              -0.3037
7    O               -1.6249               1.6914              -0.3191
8    H               -2.0136               0.8032              -0.2570
9    H               -0.0221              -0.6522              -1.4227
10   H               -0.5051              -1.9419               1.1808
11   H                0.7594               0.9670               0.2512
12   H               -2.5973              -2.0731               0.1881
13   H               -1.9179              -1.7435              -1.2726
14   H               -0.7552               3.0620               0.9630
15   H               -1.6787               1.6281               1.7943
16   H                2.7726               0.2346               1.5255
17   H                1.7458               0.6751              -2.0430
18   H                2.4507              -1.4385               1.0348
19   H                1.2945              -0.5632               2.0566
20   H                2.9142               1.2013              -0.8353
21   H                2.9027              -0.4872              -1.3722


Energy:                 -383.528899 Convergence criteria  Is converged 
Maximum Force:             0.003435     0.002850  No
RMS Force:                 0.002093     0.001900  No
Maximum Displacement:      0.014211     0.003150  No
RMS Displacement:          0.007551     0.002100  No

----------------------------------------------------------------------
                         Iteration: 111 [CG]                          


                             Coordinates                              
----------------------------------------------------------------------
0    C               -0.7263              -1.3037               0.3295
1    C                1.2939               0.0505              -0.0201
2    C               -1.2711               2.1152               0.9220
3    C                1.9931              -0.4660               1.2245
4    C                2.2730               0.3720              -1.1349
5    N                0.3179              -0.9313              -0.5111
6    N               -1.9850              -1.4368              -0.3038
7    O               -1.6253               1.6912              -0.3189
8    H               -2.0136               0.8031              -0.2570
9    H               -0.0222              -0.6517              -1.4226
10   H               -0.5051              -1.9413               1.1802
11   H                0.7597               0.9671               0.2513
12   H               -2.5974              -2.0724               0.1881
13   H               -1.9180              -1.7437              -1.2724
14   H               -0.7559               3.0618               0.9627
15   H               -1.6787               1.6281               1.7942
16   H                2.7727               0.2345               1.5256
17   H                1.7459               0.6751              -2.0429
18   H                2.4508              -1.4386               1.0348
19   H                1.2946              -0.5634               2.0565
20   H                2.9144               1.2012              -0.8354
21   H                2.9026              -0.4873              -1.3722


Energy:                 -383.528916 Convergence criteria  Is converged 
Maximum Force:             0.003243     0.002850  No
RMS Force:                 0.001762     0.001900  Yes
Maximum Displacement:      0.000687     0.003150  Yes
RMS Displacement:          0.000419     0.002100  Yes

----------------------------------------------------------------------
                         Iteration: 112 [CG]                          


                             Coordinates                              
----------------------------------------------------------------------
0    C               -0.7262              -1.3039               0.3296
1    C                1.2942               0.0505              -0.0201
2    C               -1.2710               2.1147               0.9219
3    C                1.9932              -0.4661               1.2245
4    C                2.2732               0.3720              -1.1349
5    N                0.3179              -0.9311              -0.5110
6    N               -1.9849              -1.4366              -0.3037
7    O               -1.6257               1.6910              -0.3187
8    H               -2.0136               0.8029              -0.2570
9    H               -0.0223              -0.6512              -1.4224
10   H               -0.5051              -1.9409               1.1799
11   H                0.7601               0.9672               0.2514
12   H               -2.5975              -2.0718               0.1882
13   H               -1.9182              -1.7438              -1.2722
14   H               -0.7565               3.0617               0.9624
15   H               -1.6788               1.6281               1.7942
16   H                2.7727               0.2345               1.5257
17   H                1.7459               0.6751              -2.0428
18   H                2.4509              -1.4387               1.0347
19   H                1.2946              -0.5636               2.0565
20   H                2.9146               1.2011              -0.8354
21   H                2.9025              -0.4875              -1.3722


Energy:                 -383.528929 Convergence criteria  Is converged 
Maximum Force:             0.003172     0.002850  No
RMS Force:                 0.001685     0.001900  Yes
Maximum Displacement:      0.000649     0.003150  Yes
RMS Displacement:          0.000352     0.002100  Yes

----------------------------------------------------------------------
                         Iteration: 113 [CG]                          


                             Coordinates                              
----------------------------------------------------------------------
0    C               -0.7262              -1.3040               0.3295
1    C                1.2944               0.0505              -0.0200
2    C               -1.2709               2.1143               0.9218
3    C                1.9933              -0.4662               1.2245
4    C                2.2733               0.3719              -1.1349
5    N                0.3179              -0.9309              -0.5110
6    N               -1.9849              -1.4364              -0.3037
7    O               -1.6261               1.6908              -0.3186
8    H               -2.0136               0.8026              -0.2570
9    H               -0.0223              -0.6507              -1.4222
10   H               -0.5049              -1.9406               1.1797
11   H                0.7605               0.9674               0.2514
12   H               -2.5977              -2.0711               0.1883
13   H               -1.9183              -1.7440              -1.2720
14   H               -0.7572               3.0615               0.9621
15   H               -1.6789               1.6280               1.7941
16   H                2.7727               0.2344               1.5259
17   H                1.7459               0.6751              -2.0427
18   H                2.4511              -1.4387               1.0346
19   H                1.2946              -0.5638               2.0564
20   H                2.9148               1.2010              -0.8355
21   H                2.9024              -0.4876              -1.3722


Energy:                 -383.528942 Convergence criteria  Is converged 
Maximum Force:             0.003101     0.002850  No
RMS Force:                 0.001653     0.001900  Yes
Maximum Displacement:      0.000634     0.003150  Yes
RMS Displacement:          0.000337     0.002100  Yes

----------------------------------------------------------------------
                         Iteration: 114 [CG]                          


                             Coordinates                              
----------------------------------------------------------------------
0    C               -0.7261              -1.3041               0.3294
1    C                1.2945               0.0505              -0.0200
2    C               -1.2708               2.1139               0.9217
3    C                1.9934              -0.4662               1.2245
4    C                2.2734               0.3718              -1.1349
5    N                0.3179              -0.9307              -0.5110
6    N               -1.9848              -1.4362              -0.3037
7    O               -1.6265               1.6907              -0.3185
8    H               -2.0137               0.8024              -0.2570
9    H               -0.0224              -0.6501              -1.4221
10   H               -0.5048              -1.9403               1.1795
11   H                0.7608               0.9675               0.2515
12   H               -2.5979              -2.0706               0.1884
13   H               -1.9184              -1.7441              -1.2718
14   H               -0.7578               3.0614               0.9618
15   H               -1.6791               1.6280               1.7941
16   H                2.7728               0.2344               1.5260
17   H                1.7460               0.6751              -2.0426
18   H                2.4512              -1.4388               1.0346
19   H                1.2947              -0.5639               2.0563
20   H                2.9151               1.2008              -0.8356
21   H                2.9024              -0.4878              -1.3722


Energy:                 -383.528954 Convergence criteria  Is converged 
Maximum Force:             0.003039     0.002850  No
RMS Force:                 0.001634     0.001900  Yes
Maximum Displacement:      0.000620     0.003150  Yes
RMS Displacement:          0.000331     0.002100  Yes

----------------------------------------------------------------------
                     Iteration: 115 [CG] (GDIIS)                      


                             Coordinates                              
----------------------------------------------------------------------
0    C               -0.7225              -1.2990               0.3273
1    C                1.2984               0.0541              -0.0175
2    C               -1.2584               2.0905               0.9180
3    C                1.9958              -0.4683               1.2253
4    C                2.2761               0.3704              -1.1341
5    N                0.3184              -0.9208              -0.5126
6    N               -1.9823              -1.4245              -0.3047
7    O               -1.6429               1.6829              -0.3186
8    H               -2.0195               0.7897              -0.2600
9    H               -0.0243              -0.6313              -1.4201
10   H               -0.4982              -1.9319               1.1772
11   H                0.7679               0.9719               0.2581
12   H               -2.6054              -2.0437               0.1941
13   H               -1.9174              -1.7490              -1.2677
14   H               -0.7778               3.0563               0.9510
15   H               -1.6799               1.6212               1.7939
16   H                2.7734               0.2322               1.5311
17   H                1.7466               0.6738              -2.0409
18   H                2.4552              -1.4391               1.0311
19   H                1.2970              -0.5716               2.0565
20   H                2.9239               1.1960              -0.8389
21   H                2.8958              -0.4962              -1.3701


Energy:                 -383.529370 Convergence criteria  Is converged 
Maximum Force:             0.002808     0.002850  Yes
RMS Force:                 0.001613     0.001900  Yes
Maximum Displacement:      0.026856     0.003150  No
RMS Displacement:          0.013462     0.002100  No

----------------------------------------------------------------------
                         Iteration: 116 [CG]                          


                             Coordinates                              
----------------------------------------------------------------------
0    C               -0.7225              -1.2987               0.3271
1    C                1.2986               0.0541              -0.0175
2    C               -1.2583               2.0905               0.9179
3    C                1.9959              -0.4684               1.2253
4    C                2.2762               0.3703              -1.1341
5    N                0.3185              -0.9206              -0.5126
6    N               -1.9824              -1.4244              -0.3048
7    O               -1.6433               1.6826              -0.3185
8    H               -2.0196               0.7893              -0.2601
9    H               -0.0244              -0.6308              -1.4199
10   H               -0.4982              -1.9319               1.1773
11   H                0.7683               0.9721               0.2581
12   H               -2.6055              -2.0431               0.1943
13   H               -1.9175              -1.7492              -1.2676
14   H               -0.7784               3.0561               0.9509
15   H               -1.6801               1.6211               1.7939
16   H                2.7735               0.2322               1.5313
17   H                1.7467               0.6739              -2.0407
18   H                2.4553              -1.4392               1.0310
19   H                1.2970              -0.5718               2.0564
20   H                2.9241               1.1958              -0.8390
21   H                2.8959              -0.4963              -1.3702


Energy:                 -383.529381 Convergence criteria  Is converged 
Maximum Force:             0.002679     0.002850  Yes
RMS Force:                 0.001515     0.001900  Yes
Maximum Displacement:      0.000562     0.003150  Yes
RMS Displacement:          0.000323     0.002100  Yes

----------------------------------------------------------------------
                         Iteration: 116 [CG]                          


                             Coordinates                              
----------------------------------------------------------------------
0    C               -0.7225              -1.2987               0.3271
1    C                1.2986               0.0541              -0.0175
2    C               -1.2583               2.0905               0.9179
3    C                1.9959              -0.4684               1.2253
4    C                2.2762               0.3703              -1.1341
5    N                0.3185              -0.9206              -0.5126
6    N               -1.9824              -1.4244              -0.3048
7    O               -1.6433               1.6826              -0.3185
8    H               -2.0196               0.7893              -0.2601
9    H               -0.0244              -0.6308              -1.4199
10   H               -0.4982              -1.9319               1.1773
11   H                0.7683               0.9721               0.2581
12   H               -2.6055              -2.0431               0.1943
13   H               -1.9175              -1.7492              -1.2676
14   H               -0.7784               3.0561               0.9509
15   H               -1.6801               1.6211               1.7939
16   H                2.7735               0.2322               1.5313
17   H                1.7467               0.6739              -2.0407
18   H                2.4553              -1.4392               1.0310
19   H                1.2970              -0.5718               2.0564
20   H                2.9241               1.1958              -0.8390
21   H                2.8959              -0.4963              -1.3702


Energy:                 -383.529381 Convergence criteria  Is converged 
Maximum Force:             0.002679     0.002850  Yes
RMS Force:                 0.001515     0.001900  Yes
Maximum Displacement:      0.000562     0.003150  Yes
RMS Displacement:          0.000323     0.002100  Yes

SDCG converged at iteration 116 (phase: CG). Final frame written to /home/user/software/MAPLE/examples/opt/cg/inp1_opt.xyz
Complete trajectory written to /home/user/software/MAPLE/examples/opt/cg/inp1_traj.xyz



Program started: 2026-02-03 13:09:58

======================================================================
                      TIMING SUMMARY
======================================================================
Input Reading (×12).................................   0.195 s  (   2.6 %)
  Settings Parsing (×12)..............................   0.190 s  (  97.1 %)
  Coordinate Section Parsing (×12)....................   0.003 s  (   1.6 %)
  Post-Processing Expansion (×12).....................   0.000 s  (   0.0 %)
MLP Initialization (×12)............................   5.559 s  (  73.9 %)
Job Dispatching (×12)...............................  28.014 s  ( 372.5 %)
  Frequency Calculation (×6)..........................   1.983 s  (   7.1 %)
  IRC Calculation (×4)................................  18.715 s  (  66.8 %)
  Single Point Energy Calculation.....................   1.246 s  (   4.4 %)
  Optimization........................................   6.060 s  (  21.6 %)
======================================================================
Total wall time: 7.521 s
Total CPU time: 138.110 s
======================================================================

Program ended: 2026-02-03 13:10:05
TOTAL RUN TIME: 0 days 0 hours 0 minutes 7 seconds 521 msec
