
**********************************************************************
*                                                                    *
*                        M   A   P   L   E                           *
*                                                                    *
*      MAchine-learning Potential for Landscape Exploration          *
*                                                                    *
*                                                                    *
*      © 2025 University of Pittsburgh. All rights reserved.         *
*      Licensed under CC BY 4.0 for academic use.                    *
*                                                                    *
*      Principal Developer:  Xujian Wang                             *
*                                                                    *
**********************************************************************


Parsing # commands...
Global parameter: model = aimnet2nse
Task set to 'scan'
Global parameter: device = gpu0
Parsed configuration:
----------------------------------------
Task: scan
model          : aimnet2nse
method         : cg
mode           : relaxed
device         : gpu0

                             Coordinates                              
**********************************************************************

Group 1 (inline)
--------------------
1    C             -0.520815             1.111615            -0.139898
2    C              0.590783             0.293189            -0.778423
3    C              1.327468            -0.609574             0.211529
4    C              0.452592            -1.707753             0.796149
5    H             -0.949498             1.800499            -0.874885
6    H             -1.329771             0.472610             0.226066
7    H             -0.140813             1.704260             0.698217
8    H              1.316381             0.981458            -1.228077
9    H              0.176560            -0.308814            -1.595575
10   H              1.747622            -0.006736             1.025030
11   H              2.173596            -1.076498            -0.306588
12   H              1.054105            -2.372298             1.424716
13   H             -0.002602            -2.310986             0.004331
14   H             -0.345759            -1.295103             1.419864

======================================================================
                  Constraints and Restraints Summary                  
======================================================================
Scan coordinates: 1
======================================================================

----------------------------------------------------------------------
            Scanning combination 1/73: [65.30]

======================================================================
SDCG Parameters
======================================================================
mode:              CG only
max_step:          0.2
max_iter:          256
sd_enabled:        False
cg_enabled:        True
sd_max_iter:       50
cg_switch_fmax:    0.0
cg_restart_thresh: 0.2
cg_beta_method:    prp+
diis_enabled:      True
diis_store_every:  5
diis_memory:       6
verbose:           0
======================================================================


                             Coordinates                              
----------------------------------------------------------------------
0    C               -0.5221               1.1150              -0.1416
1    C                0.5926               0.2931              -0.7785
2    C                1.3283              -0.6091               0.2099
3    C                0.4542              -1.7111               0.7977
4    H               -0.9498               1.8002              -0.8715
5    H               -1.3268               0.4747               0.2261
6    H               -0.1427               1.7026               0.6964
7    H                1.3142               0.9785              -1.2283
8    H                0.1789              -0.3084              -1.5927
9    H                1.7462              -0.0071               1.0216
10   H                2.1722              -1.0740              -0.3042
11   H                1.0509              -2.3725               1.4235
12   H               -0.0021              -2.3095               0.0070
13   H               -0.3441              -1.2966               1.4170


Energy:                 -158.550599 Convergence criteria  Is converged 
Maximum Force:             0.002817     0.002850  Yes
RMS Force:                 0.001413     0.001900  Yes
Maximum Displacement:      0.000652     0.003150  Yes
RMS Displacement:          0.000324     0.002100  Yes

SDCG converged at iteration 4 (phase: CG).

----------------------------------------------------------------------
            Scanning combination 2/73: [70.30]

======================================================================
SDCG Parameters
======================================================================
mode:              CG only
max_step:          0.2
max_iter:          256
sd_enabled:        False
cg_enabled:        True
sd_max_iter:       50
cg_switch_fmax:    0.0
cg_restart_thresh: 0.2
cg_beta_method:    prp+
diis_enabled:      True
diis_store_every:  5
diis_memory:       6
verbose:           0
======================================================================


                             Coordinates                              
----------------------------------------------------------------------
0    C               -0.5097               1.1384              -0.1444
1    C                0.5748               0.2763              -0.7795
2    C                1.3182              -0.5963               0.2282
3    C                0.4667              -1.7309               0.7851
4    H               -0.9384               1.8304              -0.8663
5    H               -1.3191               0.5204               0.2468
6    H               -0.1056               1.7223               0.6823
7    H                1.2954               0.9304              -1.2723
8    H                0.1430              -0.3526              -1.5607
9    H                1.6937               0.0247               1.0440
10   H                2.1932              -1.0256              -0.2615
11   H                1.0573              -2.4002               1.4073
12   H                0.0301              -2.3195              -0.0216
13   H               -0.3498              -1.3419               1.3951


Energy:                 -158.550443 Convergence criteria  Is converged 
Maximum Force:             0.001032     0.002850  Yes
RMS Force:                 0.000505     0.001900  Yes
Maximum Displacement:      0.000216     0.003150  Yes
RMS Displacement:          0.000107     0.002100  Yes

SDCG converged at iteration 21 (phase: CG).

----------------------------------------------------------------------
            Scanning combination 3/73: [75.30]

======================================================================
SDCG Parameters
======================================================================
mode:              CG only
max_step:          0.2
max_iter:          256
sd_enabled:        False
cg_enabled:        True
sd_max_iter:       50
cg_switch_fmax:    0.0
cg_restart_thresh: 0.2
cg_beta_method:    prp+
diis_enabled:      True
diis_store_every:  5
diis_memory:       6
verbose:           0
======================================================================


                             Coordinates                              
----------------------------------------------------------------------
0    C               -0.4940               1.1773              -0.1424
1    C                0.5576               0.2681              -0.7748
2    C                1.3050              -0.5923               0.2422
3    C                0.4796              -1.7659               0.7656
4    H               -0.9356               1.8449              -0.8786
5    H               -1.2993               0.5860               0.2949
6    H               -0.0677               1.7906               0.6498
7    H                1.2751               0.8891              -1.3139
8    H                0.0923              -0.3752              -1.5221
9    H                1.6333               0.0317               1.0738
10   H                2.2128              -0.9845              -0.2195
11   H                1.0723              -2.4122               1.4087
12   H                0.0888              -2.3741              -0.0486
13   H               -0.3704              -1.4077               1.3474


Energy:                 -158.550068 Convergence criteria  Is converged 
Maximum Force:             0.002327     0.002850  Yes
RMS Force:                 0.001055     0.001900  Yes
Maximum Displacement:      0.000946     0.003150  Yes
RMS Displacement:          0.000350     0.002100  Yes

SDCG converged at iteration 17 (phase: CG).

----------------------------------------------------------------------
            Scanning combination 4/73: [80.30]

======================================================================
SDCG Parameters
======================================================================
mode:              CG only
max_step:          0.2
max_iter:          256
sd_enabled:        False
cg_enabled:        True
sd_max_iter:       50
cg_switch_fmax:    0.0
cg_restart_thresh: 0.2
cg_beta_method:    prp+
diis_enabled:      True
diis_store_every:  5
diis_memory:       6
verbose:           0
======================================================================


                             Coordinates                              
----------------------------------------------------------------------
0    C               -0.4844               1.1950              -0.1465
1    C                0.5342               0.2484              -0.7725
2    C                1.2890              -0.5782               0.2642
3    C                0.4908              -1.7806               0.7568
4    H               -0.9290               1.8561              -0.8883
5    H               -1.2943               0.6276               0.3189
6    H               -0.0234               1.8053               0.6290
7    H                1.2611               0.8555              -1.3150
8    H                0.0646              -0.4014              -1.5110
9    H                1.6064               0.0502               1.0963
10   H                2.2009              -0.9544              -0.2025
11   H                1.0859              -2.4205               1.4059
12   H                0.1291              -2.3770              -0.0799
13   H               -0.3810              -1.4501               1.3269


Energy:                 -158.549164 Convergence criteria  Is converged 
Maximum Force:             0.002823     0.002850  Yes
RMS Force:                 0.001308     0.001900  Yes
Maximum Displacement:      0.000603     0.003150  Yes
RMS Displacement:          0.000289     0.002100  Yes

SDCG converged at iteration 17 (phase: CG).

----------------------------------------------------------------------
            Scanning combination 5/73: [85.30]

======================================================================
SDCG Parameters
======================================================================
mode:              CG only
max_step:          0.2
max_iter:          256
sd_enabled:        False
cg_enabled:        True
sd_max_iter:       50
cg_switch_fmax:    0.0
cg_restart_thresh: 0.2
cg_beta_method:    prp+
diis_enabled:      True
diis_store_every:  5
diis_memory:       6
verbose:           0
======================================================================


                             Coordinates                              
----------------------------------------------------------------------
0    C               -0.4709               1.2316              -0.1509
1    C                0.5115               0.2400              -0.7647
2    C                1.2707              -0.5756               0.2816
3    C                0.5078              -1.8129               0.7424
4    H               -0.9076               1.8855              -0.9036
5    H               -1.2859               0.7085               0.3532
6    H                0.0277               1.8556               0.5894
7    H                1.2355               0.7983              -1.3596
8    H               -0.0000              -0.4308              -1.4558
9    H                1.5241               0.0589               1.1316
10   H                2.2178              -0.8985              -0.1525
11   H                1.1145              -2.4429               1.3904
12   H                0.1960              -2.4106              -0.1129
13   H               -0.3913              -1.5313               1.2937


Energy:                 -158.548802 Convergence criteria  Is converged 
Maximum Force:             0.001694     0.002850  Yes
RMS Force:                 0.000706     0.001900  Yes
Maximum Displacement:      0.000352     0.003150  Yes
RMS Displacement:          0.000146     0.002100  Yes

SDCG converged at iteration 21 (phase: CG).

----------------------------------------------------------------------
            Scanning combination 6/73: [90.30]

======================================================================
SDCG Parameters
======================================================================
mode:              CG only
max_step:          0.2
max_iter:          256
sd_enabled:        False
cg_enabled:        True
sd_max_iter:       50
cg_switch_fmax:    0.0
cg_restart_thresh: 0.2
cg_beta_method:    prp+
diis_enabled:      True
diis_store_every:  5
diis_memory:       6
verbose:           0
======================================================================


                             Coordinates                              
----------------------------------------------------------------------
0    C               -0.4542               1.2732              -0.1536
1    C                0.4883               0.2362              -0.7529
2    C                1.2495              -0.5780               0.2971
3    C                0.5258              -1.8497               0.7237
4    H               -0.9137               1.8881              -0.9250
5    H               -1.2586               0.7876               0.4038
6    H                0.0670               1.9350               0.5384
7    H                1.2120               0.7678              -1.3754
8    H               -0.0508              -0.4333              -1.4222
9    H                1.4722               0.0470               1.1612
10   H                2.2154              -0.8717              -0.1208
11   H                1.1313              -2.4440               1.4053
12   H                0.2738              -2.4735              -0.1341
13   H               -0.4082              -1.6088               1.2368


Energy:                 -158.548342 Convergence criteria  Is converged 
Maximum Force:             0.002811     0.002850  Yes
RMS Force:                 0.001475     0.001900  Yes
Maximum Displacement:      0.001211     0.003150  Yes
RMS Displacement:          0.000543     0.002100  Yes

SDCG converged at iteration 16 (phase: CG).

----------------------------------------------------------------------
            Scanning combination 7/73: [95.30]

======================================================================
SDCG Parameters
======================================================================
mode:              CG only
max_step:          0.2
max_iter:          256
sd_enabled:        False
cg_enabled:        True
sd_max_iter:       50
cg_switch_fmax:    0.0
cg_restart_thresh: 0.2
cg_beta_method:    prp+
diis_enabled:      True
diis_store_every:  5
diis_memory:       6
verbose:           0
======================================================================


                             Coordinates                              
----------------------------------------------------------------------
0    C               -0.4417               1.3015              -0.1580
1    C                0.4644               0.2237              -0.7457
2    C                1.2304              -0.5715               0.3164
3    C                0.5408              -1.8741               0.7112
4    H               -0.8994               1.9096              -0.9359
5    H               -1.2414               0.8595               0.4387
6    H                0.1251               1.9651               0.4935
7    H                1.1866               0.7093              -1.4023
8    H               -0.1089              -0.4597              -1.3734
9    H                1.3991               0.0548               1.1933
10   H                2.2164              -0.8166              -0.0788
11   H                1.1513              -2.4606               1.3951
12   H                0.3444              -2.4855              -0.1683
13   H               -0.4171              -1.6796               1.1967


Energy:                 -158.547876 Convergence criteria  Is converged 
Maximum Force:             0.001237     0.002850  Yes
RMS Force:                 0.000632     0.001900  Yes
Maximum Displacement:      0.000284     0.003150  Yes
RMS Displacement:          0.000132     0.002100  Yes

SDCG converged at iteration 21 (phase: CG).

----------------------------------------------------------------------
            Scanning combination 8/73: [100.30]

======================================================================
SDCG Parameters
======================================================================
mode:              CG only
max_step:          0.2
max_iter:          256
sd_enabled:        False
cg_enabled:        True
sd_max_iter:       50
cg_switch_fmax:    0.0
cg_restart_thresh: 0.2
cg_beta_method:    prp+
diis_enabled:      True
diis_store_every:  5
diis_memory:       6
verbose:           0
======================================================================


                             Coordinates                              
----------------------------------------------------------------------
0    C               -0.4262               1.3244              -0.1646
1    C                0.4415               0.2091              -0.7394
2    C                1.2121              -0.5627               0.3355
3    C                0.5578              -1.8924               0.6978
4    H               -0.8870               1.9261              -0.9465
5    H               -1.2270               0.9064               0.4516
6    H                0.1612               1.9870               0.4707
7    H                1.1647               0.6681              -1.4146
8    H               -0.1506              -0.4769              -1.3455
9    H                1.3531               0.0597               1.2193
10   H                2.2095              -0.7794              -0.0488
11   H                1.1693              -2.4729               1.3869
12   H                0.3843              -2.4967              -0.1924
13   H               -0.4128              -1.7238               1.1724


Energy:                 -158.547013 Convergence criteria  Is converged 
Maximum Force:             0.002822     0.002850  Yes
RMS Force:                 0.001418     0.001900  Yes
Maximum Displacement:      0.000720     0.003150  Yes
RMS Displacement:          0.000384     0.002100  Yes

SDCG converged at iteration 16 (phase: CG).

----------------------------------------------------------------------
            Scanning combination 9/73: [105.30]

======================================================================
SDCG Parameters
======================================================================
mode:              CG only
max_step:          0.2
max_iter:          256
sd_enabled:        False
cg_enabled:        True
sd_max_iter:       50
cg_switch_fmax:    0.0
cg_restart_thresh: 0.2
cg_beta_method:    prp+
diis_enabled:      True
diis_store_every:  5
diis_memory:       6
verbose:           0
======================================================================


                             Coordinates                              
----------------------------------------------------------------------
0    C               -0.4097               1.3566              -0.1703
1    C                0.4162               0.2019              -0.7281
2    C                1.1898              -0.5623               0.3535
3    C                0.5765              -1.9196               0.6819
4    H               -0.8732               1.9426              -0.9614
5    H               -1.1989               0.9853               0.4863
6    H                0.2165               2.0261               0.4167
7    H                1.1304               0.6085              -1.4433
8    H               -0.2166              -0.4873              -1.2869
9    H                1.2711               0.0493               1.2519
10   H                2.2080              -0.7249               0.0019
11   H                1.1916              -2.4843               1.3796
12   H                0.4635              -2.5168              -0.2212
13   H               -0.4154              -1.7992               1.1219


Energy:                 -158.546808 Convergence criteria  Is converged 
Maximum Force:             0.001522     0.002850  Yes
RMS Force:                 0.000788     0.001900  Yes
Maximum Displacement:      0.000320     0.003150  Yes
RMS Displacement:          0.000162     0.002100  Yes

SDCG converged at iteration 21 (phase: CG).

----------------------------------------------------------------------
            Scanning combination 10/73: [110.30]

======================================================================
SDCG Parameters
======================================================================
mode:              CG only
max_step:          0.2
max_iter:          256
sd_enabled:        False
cg_enabled:        True
sd_max_iter:       50
cg_switch_fmax:    0.0
cg_restart_thresh: 0.2
cg_beta_method:    prp+
diis_enabled:      True
diis_store_every:  5
diis_memory:       6
verbose:           0
======================================================================


                             Coordinates                              
----------------------------------------------------------------------
0    C               -0.3863               1.3877              -0.1731
1    C                0.3951               0.1956              -0.7179
2    C                1.1705              -0.5616               0.3681
3    C                0.5951              -1.9449               0.6587
4    H               -0.8883               1.9360              -0.9671
5    H               -1.1463               1.0531               0.5363
6    H                0.2673               2.0811               0.3541
7    H                1.0914               0.5673              -1.4684
8    H               -0.2752              -0.4865              -1.2392
9    H                1.2040               0.0308               1.2816
10   H                2.2052              -0.6896               0.0528
11   H                1.1889              -2.4802               1.3963
12   H                0.5516              -2.5523              -0.2440
13   H               -0.4231              -1.8607               1.0443


Energy:                 -158.546667 Convergence criteria  Is converged 
Maximum Force:             0.002055     0.002850  Yes
RMS Force:                 0.000974     0.001900  Yes
Maximum Displacement:      0.000575     0.003150  Yes
RMS Displacement:          0.000271     0.002100  Yes

SDCG converged at iteration 17 (phase: CG).

----------------------------------------------------------------------
            Scanning combination 11/73: [115.30]

======================================================================
SDCG Parameters
======================================================================
mode:              CG only
max_step:          0.2
max_iter:          256
sd_enabled:        False
cg_enabled:        True
sd_max_iter:       50
cg_switch_fmax:    0.0
cg_restart_thresh: 0.2
cg_beta_method:    prp+
diis_enabled:      True
diis_store_every:  5
diis_memory:       6
verbose:           0
======================================================================


                             Coordinates                              
----------------------------------------------------------------------
0    C               -0.3709               1.4061              -0.1793
1    C                0.3670               0.1816              -0.7077
2    C                1.1466              -0.5550               0.3899
3    C                0.6110              -1.9588               0.6457
4    H               -0.8865               1.9471              -0.9687
5    H               -1.1150               1.1098               0.5629
6    H                0.3223               2.0888               0.3072
7    H                1.0691               0.5112              -1.4732
8    H               -0.3211              -0.5021              -1.2032
9    H                1.1495               0.0322               1.3073
10   H                2.1885              -0.6389               0.0817
11   H                1.1932              -2.4905               1.3941
12   H                0.6180              -2.5429              -0.2719
13   H               -0.4217              -1.9127               0.9976


Energy:                 -158.546277 Convergence criteria  Is converged 
Maximum Force:             0.002457     0.002850  Yes
RMS Force:                 0.001115     0.001900  Yes
Maximum Displacement:      0.000500     0.003150  Yes
RMS Displacement:          0.000256     0.002100  Yes

SDCG converged at iteration 16 (phase: CG).

----------------------------------------------------------------------
            Scanning combination 12/73: [120.30]

======================================================================
SDCG Parameters
======================================================================
mode:              CG only
max_step:          0.2
max_iter:          256
sd_enabled:        False
cg_enabled:        True
sd_max_iter:       50
cg_switch_fmax:    0.0
cg_restart_thresh: 0.2
cg_beta_method:    prp+
diis_enabled:      True
diis_store_every:  5
diis_memory:       6
verbose:           0
======================================================================


                             Coordinates                              
----------------------------------------------------------------------
0    C               -0.3487               1.4356              -0.1883
1    C                0.3443               0.1758              -0.6963
2    C                1.1256              -0.5553               0.4054
3    C                0.6343              -1.9819               0.6267
4    H               -0.8658               1.9631              -0.9865
5    H               -1.0870               1.1748               0.5735
6    H                0.3635               2.1200               0.2684
7    H                1.0227               0.4605              -1.5009
8    H               -0.3846              -0.4972              -1.1444
9    H                1.0715               0.0073               1.3358
10   H                2.1827              -0.5956               0.1415
11   H                1.2211              -2.4996               1.3820
12   H                0.6762              -2.5602              -0.2943
13   H               -0.4059              -1.9716               0.9600


Energy:                 -158.546283 Convergence criteria  Is converged 
Maximum Force:             0.002699     0.002850  Yes
RMS Force:                 0.001107     0.001900  Yes
Maximum Displacement:      0.000583     0.003150  Yes
RMS Displacement:          0.000261     0.002100  Yes

SDCG converged at iteration 17 (phase: CG).

----------------------------------------------------------------------
            Scanning combination 13/73: [125.30]

======================================================================
SDCG Parameters
======================================================================
mode:              CG only
max_step:          0.2
max_iter:          256
sd_enabled:        False
cg_enabled:        True
sd_max_iter:       50
cg_switch_fmax:    0.0
cg_restart_thresh: 0.2
cg_beta_method:    prp+
diis_enabled:      True
diis_store_every:  5
diis_memory:       6
verbose:           0
======================================================================


                             Coordinates                              
----------------------------------------------------------------------
0    C               -0.3334               1.4576              -0.1983
1    C                0.3148               0.1662              -0.6818
2    C                1.0983              -0.5538               0.4260
3    C                0.6542              -1.9989               0.6150
4    H               -0.8453               1.9848              -0.9999
5    H               -1.0638               1.2519               0.5851
6    H                0.4183               2.1248               0.2203
7    H                0.9903               0.3960              -1.5050
8    H               -0.4428              -0.5008              -1.0944
9    H                1.0017              -0.0070               1.3645
10   H                2.1594              -0.5389               0.1798
11   H                1.2460              -2.5149               1.3673
12   H                0.7429              -2.5478              -0.3211
13   H               -0.3907              -2.0433               0.9247


Energy:                 -158.546446 Convergence criteria  Is converged 
Maximum Force:             0.001957     0.002850  Yes
RMS Force:                 0.000822     0.001900  Yes
Maximum Displacement:      0.000393     0.003150  Yes
RMS Displacement:          0.000186     0.002100  Yes

SDCG converged at iteration 16 (phase: CG).

----------------------------------------------------------------------
            Scanning combination 14/73: [130.30]

======================================================================
SDCG Parameters
======================================================================
mode:              CG only
max_step:          0.2
max_iter:          256
sd_enabled:        False
cg_enabled:        True
sd_max_iter:       50
cg_switch_fmax:    0.0
cg_restart_thresh: 0.2
cg_beta_method:    prp+
diis_enabled:      True
diis_store_every:  5
diis_memory:       6
verbose:           0
======================================================================


                             Coordinates                              
----------------------------------------------------------------------
0    C               -0.3057               1.4881              -0.2087
1    C                0.2949               0.1642              -0.6692
2    C                1.0783              -0.5573               0.4379
3    C                0.6814              -2.0218               0.5916
4    H               -0.8188               1.9952              -1.0225
5    H               -1.0320               1.3099               0.5860
6    H                0.4541               2.1617               0.1862
7    H                0.9311               0.3488              -1.5355
8    H               -0.5070              -0.4836              -1.0211
9    H                0.9131              -0.0458               1.3853
10   H                2.1513              -0.5012               0.2518
11   H                1.2794              -2.5168               1.3531
12   H                0.7958              -2.5722              -0.3415
13   H               -0.3661              -2.0933               0.8891


Energy:                 -158.546692 Convergence criteria  Is converged 
Maximum Force:             0.002742     0.002850  Yes
RMS Force:                 0.001267     0.001900  Yes
Maximum Displacement:      0.000592     0.003150  Yes
RMS Displacement:          0.000303     0.002100  Yes

SDCG converged at iteration 17 (phase: CG).

----------------------------------------------------------------------
            Scanning combination 15/73: [135.30]

======================================================================
SDCG Parameters
======================================================================
mode:              CG only
max_step:          0.2
max_iter:          256
sd_enabled:        False
cg_enabled:        True
sd_max_iter:       50
cg_switch_fmax:    0.0
cg_restart_thresh: 0.2
cg_beta_method:    prp+
diis_enabled:      True
diis_store_every:  5
diis_memory:       6
verbose:           0
======================================================================


                             Coordinates                              
----------------------------------------------------------------------
0    C               -0.2947               1.4971              -0.2185
1    C                0.2602               0.1477              -0.6542
2    C                1.0468              -0.5502               0.4637
3    C                0.6965              -2.0270               0.5853
4    H               -0.7958               2.0163              -1.0319
5    H               -1.0142               1.3721               0.5914
6    H                0.5065               2.1369               0.1492
7    H                0.9145               0.2872              -1.5152
8    H               -0.5517              -0.4957              -0.9976
9    H                0.8707              -0.0459               1.4154
10   H                2.1140              -0.4472               0.2647
11   H                1.3018              -2.5316               1.3346
12   H                0.8459              -2.5329              -0.3677
13   H               -0.3507              -2.1508               0.8633


Energy:                 -158.547067 Convergence criteria  Is converged 
Maximum Force:             0.002804     0.002850  Yes
RMS Force:                 0.001015     0.001900  Yes
Maximum Displacement:      0.000588     0.003150  Yes
RMS Displacement:          0.000221     0.002100  Yes

SDCG converged at iteration 16 (phase: CG).

----------------------------------------------------------------------
            Scanning combination 16/73: [140.30]

======================================================================
SDCG Parameters
======================================================================
mode:              CG only
max_step:          0.2
max_iter:          256
sd_enabled:        False
cg_enabled:        True
sd_max_iter:       50
cg_switch_fmax:    0.0
cg_restart_thresh: 0.2
cg_beta_method:    prp+
diis_enabled:      True
diis_store_every:  5
diis_memory:       6
verbose:           0
======================================================================


                             Coordinates                              
----------------------------------------------------------------------
0    C               -0.2670               1.5223              -0.2316
1    C                0.2397               0.1448              -0.6403
2    C                1.0252              -0.5532               0.4757
3    C                0.7251              -2.0444               0.5638
4    H               -0.7631               2.0282              -1.0545
5    H               -0.9876               1.4254               0.5811
6    H                0.5429               2.1595               0.1238
7    H                0.8554               0.2350              -1.5378
8    H               -0.6088              -0.4786              -0.9217
9    H                0.7829              -0.0834               1.4288
10   H                2.0980              -0.4056               0.3336
11   H                1.3381              -2.5337               1.3146
12   H                0.8884              -2.5445              -0.3909
13   H               -0.3195              -2.1960               0.8379


Energy:                 -158.547707 Convergence criteria  Is converged 
Maximum Force:             0.002494     0.002850  Yes
RMS Force:                 0.001430     0.001900  Yes
Maximum Displacement:      0.001286     0.003150  Yes
RMS Displacement:          0.000537     0.002100  Yes

SDCG converged at iteration 16 (phase: CG).

----------------------------------------------------------------------
            Scanning combination 17/73: [145.30]

======================================================================
SDCG Parameters
======================================================================
mode:              CG only
max_step:          0.2
max_iter:          256
sd_enabled:        False
cg_enabled:        True
sd_max_iter:       50
cg_switch_fmax:    0.0
cg_restart_thresh: 0.2
cg_beta_method:    prp+
diis_enabled:      True
diis_store_every:  5
diis_memory:       6
verbose:           0
======================================================================


                             Coordinates                              
----------------------------------------------------------------------
0    C               -0.2516               1.5307              -0.2417
1    C                0.2069               0.1308              -0.6244
2    C                0.9942              -0.5482               0.4990
3    C                0.7422              -2.0481               0.5538
4    H               -0.7363               2.0436              -1.0695
5    H               -0.9681               1.4795               0.5794
6    H                0.5882               2.1381               0.0943
7    H                0.8312               0.1822              -1.5174
8    H               -0.6535              -0.4813              -0.8964
9    H                0.7408              -0.0929               1.4569
10   H                2.0590              -0.3617               0.3521
11   H                1.3660              -2.5414               1.2960
12   H                0.9295              -2.5109              -0.4146
13   H               -0.2987              -2.2445               0.8148


Energy:                 -158.548226 Convergence criteria  Is converged 
Maximum Force:             0.002790     0.002850  Yes
RMS Force:                 0.001097     0.001900  Yes
Maximum Displacement:      0.000572     0.003150  Yes
RMS Displacement:          0.000226     0.002100  Yes

SDCG converged at iteration 19 (phase: CG).

----------------------------------------------------------------------
            Scanning combination 18/73: [150.30]

======================================================================
SDCG Parameters
======================================================================
mode:              CG only
max_step:          0.2
max_iter:          256
sd_enabled:        False
cg_enabled:        True
sd_max_iter:       50
cg_switch_fmax:    0.0
cg_restart_thresh: 0.2
cg_beta_method:    prp+
diis_enabled:      True
diis_store_every:  5
diis_memory:       6
verbose:           0
======================================================================


                             Coordinates                              
----------------------------------------------------------------------
0    C               -0.2257               1.5469              -0.2540
1    C                0.1825               0.1250              -0.6098
2    C                0.9698              -0.5492               0.5145
3    C                0.7675              -2.0572               0.5346
4    H               -0.7009               2.0502              -1.0923
5    H               -0.9417               1.5361               0.5688
6    H                0.6304               2.1393               0.0665
7    H                0.7736               0.1317              -1.5286
8    H               -0.7081              -0.4654              -0.8277
9    H                0.6601              -0.1279               1.4715
10   H                2.0339              -0.3229               0.4142
11   H                1.4026              -2.5379               1.2744
12   H                0.9724              -2.5001              -0.4392
13   H               -0.2666              -2.2927               0.7894


Energy:                 -158.548995 Convergence criteria  Is converged 
Maximum Force:             0.002822     0.002850  Yes
RMS Force:                 0.001177     0.001900  Yes
Maximum Displacement:      0.000601     0.003150  Yes
RMS Displacement:          0.000252     0.002100  Yes

SDCG converged at iteration 12 (phase: CG).

----------------------------------------------------------------------
            Scanning combination 19/73: [155.30]

======================================================================
SDCG Parameters
======================================================================
mode:              CG only
max_step:          0.2
max_iter:          256
sd_enabled:        False
cg_enabled:        True
sd_max_iter:       50
cg_switch_fmax:    0.0
cg_restart_thresh: 0.2
cg_beta_method:    prp+
diis_enabled:      True
diis_store_every:  5
diis_memory:       6
verbose:           0
======================================================================


                             Coordinates                              
----------------------------------------------------------------------
0    C               -0.2108               1.5579              -0.2660
1    C                0.1487               0.1160              -0.5908
2    C                0.9367              -0.5497               0.5367
3    C                0.7866              -2.0633               0.5257
4    H               -0.6683               2.0667              -1.1111
5    H               -0.9143               1.5951               0.5651
6    H                0.6752               2.1182               0.0301
7    H                0.7411               0.0711              -1.5060
8    H               -0.7585              -0.4561              -0.7926
9    H                0.6094              -0.1514               1.4987
10   H                1.9878              -0.2733               0.4399
11   H                1.4365              -2.5450               1.2524
12   H                1.0195              -2.4661              -0.4594
13   H               -0.2397              -2.3442               0.7597


Energy:                 -158.549645 Convergence criteria  Is converged 
Maximum Force:             0.002093     0.002850  Yes
RMS Force:                 0.000851     0.001900  Yes
Maximum Displacement:      0.000430     0.003150  Yes
RMS Displacement:          0.000201     0.002100  Yes

SDCG converged at iteration 16 (phase: CG).

----------------------------------------------------------------------
            Scanning combination 20/73: [160.30]

======================================================================
SDCG Parameters
======================================================================
mode:              CG only
max_step:          0.2
max_iter:          256
sd_enabled:        False
cg_enabled:        True
sd_max_iter:       50
cg_switch_fmax:    0.0
cg_restart_thresh: 0.2
cg_beta_method:    prp+
diis_enabled:      True
diis_store_every:  5
diis_memory:       6
verbose:           0
======================================================================


                             Coordinates                              
----------------------------------------------------------------------
0    C               -0.1834               1.5732              -0.2787
1    C                0.1250               0.1132              -0.5741
2    C                0.9113              -0.5538               0.5503
3    C                0.8127              -2.0711               0.5055
4    H               -0.6361               2.0638              -1.1373
5    H               -0.8796               1.6508               0.5567
6    H                0.7192               2.1195              -0.0056
7    H                0.6690               0.0326              -1.5175
8    H               -0.8090              -0.4318              -0.7157
9    H                0.5249              -0.1948               1.5049
10   H                1.9592              -0.2490               0.5134
11   H                1.4727              -2.5325               1.2364
12   H                1.0701              -2.4541              -0.4819
13   H               -0.2062              -2.3902               0.7261


Energy:                 -158.550198 Convergence criteria  Is converged 
Maximum Force:             0.002320     0.002850  Yes
RMS Force:                 0.001053     0.001900  Yes
Maximum Displacement:      0.000578     0.003150  Yes
RMS Displacement:          0.000260     0.002100  Yes

SDCG converged at iteration 17 (phase: CG).

----------------------------------------------------------------------
            Scanning combination 21/73: [165.30]

======================================================================
SDCG Parameters
======================================================================
mode:              CG only
max_step:          0.2
max_iter:          256
sd_enabled:        False
cg_enabled:        True
sd_max_iter:       50
cg_switch_fmax:    0.0
cg_restart_thresh: 0.2
cg_beta_method:    prp+
diis_enabled:      True
diis_store_every:  5
diis_memory:       6
verbose:           0
======================================================================


                             Coordinates                              
----------------------------------------------------------------------
0    C               -0.1688               1.5779              -0.2898
1    C                0.0892               0.1038              -0.5537
2    C                0.8760              -0.5544               0.5736
3    C                0.8296              -2.0713               0.4971
4    H               -0.6170               2.0691              -1.1504
5    H               -0.8451               1.6996               0.5563
6    H                0.7596               2.0931              -0.0446
7    H                0.6465              -0.0099              -1.4857
8    H               -0.8560              -0.4220              -0.7013
9    H                0.4940              -0.2155               1.5385
10   H                1.9130              -0.2162               0.5240
11   H                1.4936              -2.5322               1.2249
12   H                1.1164              -2.4154              -0.4963
13   H               -0.1812              -2.4306               0.6898


Energy:                 -158.550595 Convergence criteria  Is converged 
Maximum Force:             0.001854     0.002850  Yes
RMS Force:                 0.000674     0.001900  Yes
Maximum Displacement:      0.000382     0.003150  Yes
RMS Displacement:          0.000141     0.002100  Yes

SDCG converged at iteration 21 (phase: CG).

----------------------------------------------------------------------
            Scanning combination 22/73: [170.30]

======================================================================
SDCG Parameters
======================================================================
mode:              CG only
max_step:          0.2
max_iter:          256
sd_enabled:        False
cg_enabled:        True
sd_max_iter:       50
cg_switch_fmax:    0.0
cg_restart_thresh: 0.2
cg_beta_method:    prp+
diis_enabled:      True
diis_store_every:  5
diis_memory:       6
verbose:           0
======================================================================


                             Coordinates                              
----------------------------------------------------------------------
0    C               -0.1409               1.5955              -0.3073
1    C                0.0673               0.1047              -0.5383
2    C                0.8533              -0.5616               0.5857
3    C                0.8606              -2.0807               0.4784
4    H               -0.6007               2.0796              -1.1670
5    H               -0.7894               1.7603               0.5529
6    H                0.8026               2.1031              -0.1072
7    H                0.5636              -0.0692              -1.4958
8    H               -0.9073              -0.3815              -0.6095
9    H                0.3993              -0.2766               1.5365
10   H                1.8743              -0.1740               0.6089
11   H                1.5173              -2.5371               1.2169
12   H                1.1920              -2.4087              -0.5067
13   H               -0.1420              -2.4780               0.6349


Energy:                 -158.550838 Convergence criteria  Is converged 
Maximum Force:             0.002389     0.002850  Yes
RMS Force:                 0.001025     0.001900  Yes
Maximum Displacement:      0.000573     0.003150  Yes
RMS Displacement:          0.000234     0.002100  Yes

SDCG converged at iteration 18 (phase: CG).

----------------------------------------------------------------------
            Scanning combination 23/73: [175.30]

======================================================================
SDCG Parameters
======================================================================
mode:              CG only
max_step:          0.2
max_iter:          256
sd_enabled:        False
cg_enabled:        True
sd_max_iter:       50
cg_switch_fmax:    0.0
cg_restart_thresh: 0.2
cg_beta_method:    prp+
diis_enabled:      True
diis_store_every:  5
diis_memory:       6
verbose:           0
======================================================================


                             Coordinates                              
----------------------------------------------------------------------
0    C               -0.1294               1.5946              -0.3147
1    C                0.0267               0.0946              -0.5152
2    C                0.8134              -0.5628               0.6122
3    C                0.8719              -2.0765               0.4718
4    H               -0.5960               2.0745              -1.1724
5    H               -0.7474               1.8018               0.5593
6    H                0.8386               2.0664              -0.1497
7    H                0.5596              -0.0870              -1.4510
8    H               -0.9484              -0.3849              -0.6222
9    H                0.3922              -0.2799               1.5789
10   H                1.8296              -0.1630               0.5942
11   H                1.5230              -2.5304               1.2158
12   H                1.2375              -2.3605              -0.5144
13   H               -0.1213              -2.5107               0.5898


Energy:                 -158.550981 Convergence criteria  Is converged 
Maximum Force:             0.002827     0.002850  Yes
RMS Force:                 0.000968     0.001900  Yes
Maximum Displacement:      0.000578     0.003150  Yes
RMS Displacement:          0.000199     0.002100  Yes

SDCG converged at iteration 22 (phase: CG).

----------------------------------------------------------------------
            Scanning combination 24/73: [180.30]

======================================================================
SDCG Parameters
======================================================================
mode:              CG only
max_step:          0.2
max_iter:          256
sd_enabled:        False
cg_enabled:        True
sd_max_iter:       50
cg_switch_fmax:    0.0
cg_restart_thresh: 0.2
cg_beta_method:    prp+
diis_enabled:      True
diis_store_every:  5
diis_memory:       6
verbose:           0
======================================================================


                             Coordinates                              
----------------------------------------------------------------------
0    C               -0.1017               1.6031              -0.3301
1    C                0.0031               0.0959              -0.4978
2    C                0.7882              -0.5710               0.6248
3    C                0.8991              -2.0773               0.4534
4    H               -0.5761               2.0686              -1.1924
5    H               -0.6977               1.8429               0.5503
6    H                0.8794               2.0581              -0.1988
7    H                0.4838              -0.1287              -1.4530
8    H               -0.9958              -0.3431              -0.5495
9    H                0.3162              -0.3391               1.5822
10   H                1.7904              -0.1375               0.6669
11   H                1.5480              -2.5183               1.2082
12   H                1.2966              -2.3382              -0.5268
13   H               -0.0837              -2.5395               0.5451


Energy:                 -158.551174 Convergence criteria  Is converged 
Maximum Force:             0.002514     0.002850  Yes
RMS Force:                 0.000943     0.001900  Yes
Maximum Displacement:      0.001023     0.003150  Yes
RMS Displacement:          0.000349     0.002100  Yes

SDCG converged at iteration 16 (phase: CG).

----------------------------------------------------------------------
            Scanning combination 25/73: [185.30]

======================================================================
SDCG Parameters
======================================================================
mode:              CG only
max_step:          0.2
max_iter:          256
sd_enabled:        False
cg_enabled:        True
sd_max_iter:       50
cg_switch_fmax:    0.0
cg_restart_thresh: 0.2
cg_beta_method:    prp+
diis_enabled:      True
diis_store_every:  5
diis_memory:       6
verbose:           0
======================================================================


                             Coordinates                              
----------------------------------------------------------------------
0    C               -0.0869               1.6033              -0.3411
1    C               -0.0334               0.0893              -0.4759
2    C                0.7520              -0.5746               0.6477
3    C                0.9151              -2.0732               0.4454
4    H               -0.5721               2.0697              -1.1977
5    H               -0.6501               1.8914               0.5490
6    H                0.9148               2.0209              -0.2461
7    H                0.4576              -0.1491              -1.4229
8    H               -1.0368              -0.3334              -0.5407
9    H                0.2928              -0.3579               1.6131
10   H                1.7485              -0.1267               0.6787
11   H                1.5546              -2.5179               1.2070
12   H                1.3459              -2.2891              -0.5317
13   H               -0.0523              -2.5769               0.4978


Energy:                 -158.550872 Convergence criteria  Is converged 
Maximum Force:             0.002624     0.002850  Yes
RMS Force:                 0.001249     0.001900  Yes
Maximum Displacement:      0.000832     0.003150  Yes
RMS Displacement:          0.000342     0.002100  Yes

SDCG converged at iteration 16 (phase: CG).

----------------------------------------------------------------------
            Scanning combination 26/73: [190.30]

======================================================================
SDCG Parameters
======================================================================
mode:              CG only
max_step:          0.2
max_iter:          256
sd_enabled:        False
cg_enabled:        True
sd_max_iter:       50
cg_switch_fmax:    0.0
cg_restart_thresh: 0.2
cg_beta_method:    prp+
diis_enabled:      True
diis_store_every:  5
diis_memory:       6
verbose:           0
======================================================================


                             Coordinates                              
----------------------------------------------------------------------
0    C               -0.0612               1.6059              -0.3559
1    C               -0.0595               0.0889              -0.4587
2    C                0.7255              -0.5816               0.6629
3    C                0.9398              -2.0687               0.4292
4    H               -0.5497               2.0632              -1.2141
5    H               -0.6030               1.9194               0.5376
6    H                0.9494               2.0041              -0.2854
7    H                0.3956              -0.1869              -1.4142
8    H               -1.0782              -0.3009              -0.4841
9    H                0.2317              -0.4048               1.6195
10   H                1.7066              -0.1036               0.7340
11   H                1.5773              -2.5050               1.1956
12   H                1.3920              -2.2609              -0.5421
13   H               -0.0165              -2.5932               0.4581


Energy:                 -158.550613 Convergence criteria  Is converged 
Maximum Force:             0.002153     0.002850  Yes
RMS Force:                 0.001110     0.001900  Yes
Maximum Displacement:      0.000726     0.003150  Yes
RMS Displacement:          0.000288     0.002100  Yes

SDCG converged at iteration 17 (phase: CG).

----------------------------------------------------------------------
            Scanning combination 27/73: [195.30]

======================================================================
SDCG Parameters
======================================================================
mode:              CG only
max_step:          0.2
max_iter:          256
sd_enabled:        False
cg_enabled:        True
sd_max_iter:       50
cg_switch_fmax:    0.0
cg_restart_thresh: 0.2
cg_beta_method:    prp+
diis_enabled:      True
diis_store_every:  5
diis_memory:       6
verbose:           0
======================================================================


                             Coordinates                              
----------------------------------------------------------------------
0    C               -0.0456               1.6048              -0.3691
1    C               -0.0951               0.0833              -0.4383
2    C                0.6911              -0.5858               0.6855
3    C                0.9578              -2.0628               0.4216
4    H               -0.5312               2.0696              -1.2260
5    H               -0.5392               1.9885               0.5241
6    H                0.9916               1.9410              -0.3444
7    H                0.3327              -0.2279              -1.3922
8    H               -1.1274              -0.2700              -0.4423
9    H                0.1801              -0.4499               1.6399
10   H                1.6519              -0.0791               0.7844
11   H                1.5971              -2.5061               1.1840
12   H                1.4494              -2.1838              -0.5444
13   H                0.0367              -2.6458               0.3996


Energy:                 -158.550353 Convergence criteria  Is converged 
Maximum Force:             0.002758     0.002850  Yes
RMS Force:                 0.001335     0.001900  Yes
Maximum Displacement:      0.000609     0.003150  Yes
RMS Displacement:          0.000318     0.002100  Yes

SDCG converged at iteration 10 (phase: CG).

----------------------------------------------------------------------
            Scanning combination 28/73: [200.30]

======================================================================
SDCG Parameters
======================================================================
mode:              CG only
max_step:          0.2
max_iter:          256
sd_enabled:        False
cg_enabled:        True
sd_max_iter:       50
cg_switch_fmax:    0.0
cg_restart_thresh: 0.2
cg_beta_method:    prp+
diis_enabled:      True
diis_store_every:  5
diis_memory:       6
verbose:           0
======================================================================


                             Coordinates                              
----------------------------------------------------------------------
0    C               -0.0225               1.6028              -0.3806
1    C               -0.1238               0.0847              -0.4184
2    C                0.6616              -0.5955               0.7015
3    C                0.9775              -2.0548               0.4069
4    H               -0.5073               2.0552              -1.2434
5    H               -0.5012               2.0001               0.5146
6    H                1.0171               1.9253              -0.3701
7    H                0.2927              -0.2497              -1.3728
8    H               -1.1635              -0.2454              -0.4120
9    H                0.1428              -0.4848               1.6547
10   H                1.6133              -0.0684               0.8135
11   H                1.6198              -2.4851               1.1726
12   H                1.4798              -2.1602              -0.5531
13   H                0.0637              -2.6482               0.3690


Energy:                 -158.549655 Convergence criteria  Is converged 
Maximum Force:             0.002734     0.002850  Yes
RMS Force:                 0.001180     0.001900  Yes
Maximum Displacement:      0.000980     0.003150  Yes
RMS Displacement:          0.000335     0.002100  Yes

SDCG converged at iteration 16 (phase: CG).

----------------------------------------------------------------------
            Scanning combination 29/73: [205.30]

======================================================================
SDCG Parameters
======================================================================
mode:              CG only
max_step:          0.2
max_iter:          256
sd_enabled:        False
cg_enabled:        True
sd_max_iter:       50
cg_switch_fmax:    0.0
cg_restart_thresh: 0.2
cg_beta_method:    prp+
diis_enabled:      True
diis_store_every:  5
diis_memory:       6
verbose:           0
======================================================================


                             Coordinates                              
----------------------------------------------------------------------
0    C                0.0020               1.5957              -0.3977
1    C               -0.1499               0.0819              -0.4016
2    C                0.6350              -0.6001               0.7171
3    C                1.0016              -2.0409               0.3940
4    H               -0.4957               2.0524              -1.2521
5    H               -0.4461               2.0192               0.5032
6    H                1.0495               1.8931              -0.4139
7    H                0.2303              -0.2825              -1.3609
8    H               -1.1967              -0.2147              -0.3631
9    H                0.0916              -0.5275               1.6578
10   H                1.5695              -0.0505               0.8670
11   H                1.6319              -2.4789               1.1668
12   H                1.5257              -2.1169              -0.5575
13   H                0.1013              -2.6543               0.3234


Energy:                 -158.548826 Convergence criteria  Is converged 
Maximum Force:             0.002825     0.002850  Yes
RMS Force:                 0.001407     0.001900  Yes
Maximum Displacement:      0.000806     0.003150  Yes
RMS Displacement:          0.000412     0.002100  Yes

SDCG converged at iteration 16 (phase: CG).

----------------------------------------------------------------------
            Scanning combination 30/73: [210.30]

======================================================================
SDCG Parameters
======================================================================
mode:              CG only
max_step:          0.2
max_iter:          256
sd_enabled:        False
cg_enabled:        True
sd_max_iter:       50
cg_switch_fmax:    0.0
cg_restart_thresh: 0.2
cg_beta_method:    prp+
diis_enabled:      True
diis_store_every:  5
diis_memory:       6
verbose:           0
======================================================================


                             Coordinates                              
----------------------------------------------------------------------
0    C                0.0215               1.5921              -0.4104
1    C               -0.1812               0.0817              -0.3813
2    C                0.6037              -0.6087               0.7354
3    C                1.0204              -2.0320               0.3831
4    H               -0.4810               2.0443              -1.2635
5    H               -0.3825               2.0510               0.4928
6    H                1.0793               1.8471              -0.4640
7    H                0.1770              -0.3147              -1.3330
8    H               -1.2391              -0.1784              -0.3305
9    H                0.0521              -0.5753               1.6756
10   H                1.5155              -0.0335               0.9052
11   H                1.6465              -2.4667               1.1600
12   H                1.5734              -2.0600              -0.5552
13   H                0.1442              -2.6711               0.2681


Energy:                 -158.548157 Convergence criteria  Is converged 
Maximum Force:             0.002776     0.002850  Yes
RMS Force:                 0.001254     0.001900  Yes
Maximum Displacement:      0.000576     0.003150  Yes
RMS Displacement:          0.000278     0.002100  Yes

SDCG converged at iteration 11 (phase: CG).

----------------------------------------------------------------------
            Scanning combination 31/73: [215.30]

======================================================================
SDCG Parameters
======================================================================
mode:              CG only
max_step:          0.2
max_iter:          256
sd_enabled:        False
cg_enabled:        True
sd_max_iter:       50
cg_switch_fmax:    0.0
cg_restart_thresh: 0.2
cg_beta_method:    prp+
diis_enabled:      True
diis_store_every:  5
diis_memory:       6
verbose:           0
======================================================================


                             Coordinates                              
----------------------------------------------------------------------
0    C                0.0448               1.5823              -0.4279
1    C               -0.2071               0.0813              -0.3648
2    C                0.5779              -0.6156               0.7507
3    C                1.0439              -2.0155               0.3718
4    H               -0.4698               2.0397              -1.2701
5    H               -0.3266               2.0626               0.4785
6    H                1.1058               1.8101              -0.5088
7    H                0.1159              -0.3405              -1.3205
8    H               -1.2701              -0.1435              -0.2853
9    H                0.0059              -0.6211               1.6779
10   H                1.4730              -0.0223               0.9564
11   H                1.6562              -2.4592               1.1538
12   H                1.6168              -2.0132              -0.5533
13   H                0.1831              -2.6693               0.2241


Energy:                 -158.547433 Convergence criteria  Is converged 
Maximum Force:             0.002743     0.002850  Yes
RMS Force:                 0.001417     0.001900  Yes
Maximum Displacement:      0.000566     0.003150  Yes
RMS Displacement:          0.000300     0.002100  Yes

SDCG converged at iteration 16 (phase: CG).

----------------------------------------------------------------------
            Scanning combination 32/73: [220.30]

======================================================================
SDCG Parameters
======================================================================
mode:              CG only
max_step:          0.2
max_iter:          256
sd_enabled:        False
cg_enabled:        True
sd_max_iter:       50
cg_switch_fmax:    0.0
cg_restart_thresh: 0.2
cg_beta_method:    prp+
diis_enabled:      True
diis_store_every:  5
diis_memory:       6
verbose:           0
======================================================================


                             Coordinates                              
----------------------------------------------------------------------
0    C                0.0652               1.5728              -0.4421
1    C               -0.2357               0.0816              -0.3455
2    C                0.5486              -0.6241               0.7670
3    C                1.0633              -2.0004               0.3615
4    H               -0.4516               2.0311              -1.2828
5    H               -0.2629               2.0871               0.4630
6    H                1.1312               1.7601              -0.5561
7    H                0.0525              -0.3721              -1.2969
8    H               -1.3056              -0.0964              -0.2445
9    H               -0.0357              -0.6790               1.6846
10   H                1.4187              -0.0072               1.0053
11   H                1.6735              -2.4455               1.1447
12   H                1.6593              -1.9536              -0.5478
13   H                0.2291              -2.6784               0.1721


Energy:                 -158.546963 Convergence criteria  Is converged 
Maximum Force:             0.002745     0.002850  Yes
RMS Force:                 0.001206     0.001900  Yes
Maximum Displacement:      0.000570     0.003150  Yes
RMS Displacement:          0.000249     0.002100  Yes

SDCG converged at iteration 19 (phase: CG).

----------------------------------------------------------------------
            Scanning combination 33/73: [225.30]

======================================================================
SDCG Parameters
======================================================================
mode:              CG only
max_step:          0.2
max_iter:          256
sd_enabled:        False
cg_enabled:        True
sd_max_iter:       50
cg_switch_fmax:    0.0
cg_restart_thresh: 0.2
cg_beta_method:    prp+
diis_enabled:      True
diis_store_every:  5
diis_memory:       6
verbose:           0
======================================================================


                             Coordinates                              
----------------------------------------------------------------------
0    C                0.0873               1.5608              -0.4589
1    C               -0.2617               0.0826              -0.3285
2    C                0.5227              -0.6323               0.7820
3    C                1.0851              -1.9822               0.3513
4    H               -0.4363               2.0227              -1.2930
5    H               -0.1958               2.0999               0.4460
6    H                1.1551               1.7064              -0.6071
7    H               -0.0204              -0.4021              -1.2784
8    H               -1.3344              -0.0489              -0.1937
9    H               -0.0832              -0.7373               1.6809
10   H                1.3650               0.0050               1.0647
11   H                1.6874              -2.4330               1.1369
12   H                1.7036              -1.8904              -0.5389
13   H                0.2754              -2.6752               0.1192


Energy:                 -158.546658 Convergence criteria  Is converged 
Maximum Force:             0.002520     0.002850  Yes
RMS Force:                 0.001242     0.001900  Yes
Maximum Displacement:      0.000613     0.003150  Yes
RMS Displacement:          0.000307     0.002100  Yes

SDCG converged at iteration 16 (phase: CG).

----------------------------------------------------------------------
            Scanning combination 34/73: [230.30]

======================================================================
SDCG Parameters
======================================================================
mode:              CG only
max_step:          0.2
max_iter:          256
sd_enabled:        False
cg_enabled:        True
sd_max_iter:       50
cg_switch_fmax:    0.0
cg_restart_thresh: 0.2
cg_beta_method:    prp+
diis_enabled:      True
diis_store_every:  5
diis_memory:       6
verbose:           0
======================================================================


                             Coordinates                              
----------------------------------------------------------------------
0    C                0.1088               1.5465              -0.4755
1    C               -0.2870               0.0824              -0.3102
2    C                0.4957              -0.6396               0.7959
3    C                1.1061              -1.9619               0.3417
4    H               -0.4239               2.0153              -1.3021
5    H               -0.1335               2.1069               0.4274
6    H                1.1787               1.6567              -0.6534
7    H               -0.0869              -0.4249              -1.2560
8    H               -1.3596              -0.0044              -0.1488
9    H               -0.1246              -0.7911               1.6770
10   H                1.3122               0.0109               1.1158
11   H                1.6992              -2.4222               1.1311
12   H                1.7446              -1.8315              -0.5323
13   H                0.3201              -2.6671               0.0720


Energy:                 -158.546332 Convergence criteria  Is converged 
Maximum Force:             0.002392     0.002850  Yes
RMS Force:                 0.001340     0.001900  Yes
Maximum Displacement:      0.000890     0.003150  Yes
RMS Displacement:          0.000409     0.002100  Yes

SDCG converged at iteration 16 (phase: CG).

----------------------------------------------------------------------
            Scanning combination 35/73: [235.30]

======================================================================
SDCG Parameters
======================================================================
mode:              CG only
max_step:          0.2
max_iter:          256
sd_enabled:        False
cg_enabled:        True
sd_max_iter:       50
cg_switch_fmax:    0.0
cg_restart_thresh: 0.2
cg_beta_method:    prp+
diis_enabled:      True
diis_store_every:  5
diis_memory:       6
verbose:           0
======================================================================


                             Coordinates                              
----------------------------------------------------------------------
0    C                0.1304               1.5296              -0.4913
1    C               -0.3126               0.0831              -0.2929
2    C                0.4697              -0.6475               0.8104
3    C                1.1259              -1.9392               0.3320
4    H               -0.3980               2.0003              -1.3183
5    H               -0.0642               2.1200               0.4047
6    H                1.1989               1.5886              -0.6972
7    H               -0.1688              -0.4526              -1.2317
8    H               -1.3835               0.0535              -0.0956
9    H               -0.1701              -0.8588               1.6665
10   H                1.2500               0.0184               1.1802
11   H                1.7216              -2.4004               1.1176
12   H                1.7781              -1.7559              -0.5216
13   H                0.3724              -2.6631               0.0198


Energy:                 -158.546360 Convergence criteria  Is converged 
Maximum Force:             0.001593     0.002850  Yes
RMS Force:                 0.000665     0.001900  Yes
Maximum Displacement:      0.000332     0.003150  Yes
RMS Displacement:          0.000141     0.002100  Yes

SDCG converged at iteration 21 (phase: CG).

----------------------------------------------------------------------
            Scanning combination 36/73: [240.30]

======================================================================
SDCG Parameters
======================================================================
mode:              CG only
max_step:          0.2
max_iter:          256
sd_enabled:        False
cg_enabled:        True
sd_max_iter:       50
cg_switch_fmax:    0.0
cg_restart_thresh: 0.2
cg_beta_method:    prp+
diis_enabled:      True
diis_store_every:  5
diis_memory:       6
verbose:           0
======================================================================


                             Coordinates                              
----------------------------------------------------------------------
0    C                0.1556               1.5050              -0.5141
1    C               -0.3322               0.0806              -0.2799
2    C                0.4493              -0.6506               0.8220
3    C                1.1518              -1.9074               0.3233
4    H               -0.3886               1.9942              -1.3195
5    H                0.0057               2.0968               0.3897
6    H                1.2186               1.5316              -0.7517
7    H               -0.2487              -0.4806              -1.2125
8    H               -1.3921               0.0914              -0.0320
9    H               -0.2221              -0.9053               1.6402
10   H                1.1932               0.0270               1.2453
11   H                1.7254              -2.3925               1.1106
12   H                1.8230              -1.6898              -0.5069
13   H                0.4109              -2.6246              -0.0320


Energy:                 -158.546394 Convergence criteria  Is converged 
Maximum Force:             0.002301     0.002850  Yes
RMS Force:                 0.001094     0.001900  Yes
Maximum Displacement:      0.000631     0.003150  Yes
RMS Displacement:          0.000291     0.002100  Yes

SDCG converged at iteration 17 (phase: CG).

----------------------------------------------------------------------
            Scanning combination 37/73: [245.30]

======================================================================
SDCG Parameters
======================================================================
mode:              CG only
max_step:          0.2
max_iter:          256
sd_enabled:        False
cg_enabled:        True
sd_max_iter:       50
cg_switch_fmax:    0.0
cg_restart_thresh: 0.2
cg_beta_method:    prp+
diis_enabled:      True
diis_store_every:  5
diis_memory:       6
verbose:           0
======================================================================


                             Coordinates                              
----------------------------------------------------------------------
0    C                0.1710               1.4933              -0.5212
1    C               -0.3608               0.0877              -0.2559
2    C                0.4173              -0.6662               0.8353
3    C                1.1624              -1.8921               0.3144
4    H               -0.3685               1.9766              -1.3334
5    H                0.0630               2.1220               0.3624
6    H                1.2294               1.4733              -0.7802
7    H               -0.2958              -0.4856              -1.1807
8    H               -1.4210               0.1445              -0.0141
9    H               -0.2396              -0.9648               1.6508
10   H                1.1439               0.0186               1.2728
11   H                1.7428              -2.3696               1.1014
12   H                1.8410              -1.6274              -0.4961
13   H                0.4646              -2.6342              -0.0731


Energy:                 -158.546452 Convergence criteria  Is converged 
Maximum Force:             0.002723     0.002850  Yes
RMS Force:                 0.001033     0.001900  Yes
Maximum Displacement:      0.000574     0.003150  Yes
RMS Displacement:          0.000216     0.002100  Yes

SDCG converged at iteration 18 (phase: CG).

----------------------------------------------------------------------
            Scanning combination 38/73: [250.30]

======================================================================
SDCG Parameters
======================================================================
mode:              CG only
max_step:          0.2
max_iter:          256
sd_enabled:        False
cg_enabled:        True
sd_max_iter:       50
cg_switch_fmax:    0.0
cg_restart_thresh: 0.2
cg_beta_method:    prp+
diis_enabled:      True
diis_store_every:  5
diis_memory:       6
verbose:           0
======================================================================


                             Coordinates                              
----------------------------------------------------------------------
0    C                0.1947               1.4714              -0.5390
1    C               -0.3796               0.0904              -0.2407
2    C                0.3964              -0.6746               0.8446
3    C                1.1838              -1.8638               0.3045
4    H               -0.3403               1.9602              -1.3503
5    H                0.1048               2.1080               0.3410
6    H                1.2507               1.4232              -0.8018
7    H               -0.3663              -0.5011              -1.1587
8    H               -1.4269               0.1843               0.0415
9    H               -0.2831              -1.0116               1.6257
10   H                1.0911               0.0167               1.3266
11   H                1.7665              -2.3458               1.0864
12   H                1.8591              -1.5718              -0.4987
13   H                0.4987              -2.6096              -0.0983


Energy:                 -158.546767 Convergence criteria  Is converged 
Maximum Force:             0.002772     0.002850  Yes
RMS Force:                 0.001284     0.001900  Yes
Maximum Displacement:      0.000580     0.003150  Yes
RMS Displacement:          0.000292     0.002100  Yes

SDCG converged at iteration 17 (phase: CG).

----------------------------------------------------------------------
            Scanning combination 39/73: [255.30]

======================================================================
SDCG Parameters
======================================================================
mode:              CG only
max_step:          0.2
max_iter:          256
sd_enabled:        False
cg_enabled:        True
sd_max_iter:       50
cg_switch_fmax:    0.0
cg_restart_thresh: 0.2
cg_beta_method:    prp+
diis_enabled:      True
diis_store_every:  5
diis_memory:       6
verbose:           0
======================================================================


                             Coordinates                              
----------------------------------------------------------------------
0    C                0.2155               1.4478              -0.5503
1    C               -0.4037               0.0917              -0.2209
2    C                0.3688              -0.6832               0.8566
3    C                1.1979              -1.8353               0.2943
4    H               -0.3034               1.9334              -1.3746
5    H                0.1671               2.1157               0.3095
6    H                1.2659               1.3459              -0.8255
7    H               -0.4505              -0.5148              -1.1260
8    H               -1.4348               0.2475               0.0943
9    H               -0.3202              -1.0812               1.6006
10   H                1.0234               0.0089               1.3874
11   H                1.7983              -2.3094               1.0684
12   H                1.8709              -1.4906              -0.4917
13   H                0.5547              -2.6006              -0.1397


Energy:                 -158.547482 Convergence criteria  Is converged 
Maximum Force:             0.001354     0.002850  Yes
RMS Force:                 0.000585     0.001900  Yes
Maximum Displacement:      0.000291     0.003150  Yes
RMS Displacement:          0.000122     0.002100  Yes

SDCG converged at iteration 21 (phase: CG).

----------------------------------------------------------------------
            Scanning combination 40/73: [260.30]

======================================================================
SDCG Parameters
======================================================================
mode:              CG only
max_step:          0.2
max_iter:          256
sd_enabled:        False
cg_enabled:        True
sd_max_iter:       50
cg_switch_fmax:    0.0
cg_restart_thresh: 0.2
cg_beta_method:    prp+
diis_enabled:      True
diis_store_every:  5
diis_memory:       6
verbose:           0
======================================================================


                             Coordinates                              
----------------------------------------------------------------------
0    C                0.2381               1.4175              -0.5678
1    C               -0.4218               0.0911              -0.2047
2    C                0.3468              -0.6882               0.8653
3    C                1.2169              -1.7991               0.2863
4    H               -0.2756               1.9182              -1.3871
5    H                0.2169               2.0883               0.2904
6    H                1.2827               1.2809              -0.8500
7    H               -0.5189              -0.5329              -1.0953
8    H               -1.4336               0.2859               0.1457
9    H               -0.3572              -1.1246               1.5712
10   H                0.9633               0.0089               1.4358
11   H                1.8183              -2.2875               1.0515
12   H                1.8866              -1.4211              -0.4873
13   H                0.5874              -2.5616              -0.1715


Energy:                 -158.547974 Convergence criteria  Is converged 
Maximum Force:             0.001637     0.002850  Yes
RMS Force:                 0.000968     0.001900  Yes
Maximum Displacement:      0.000699     0.003150  Yes
RMS Displacement:          0.000276     0.002100  Yes

SDCG converged at iteration 17 (phase: CG).

----------------------------------------------------------------------
            Scanning combination 41/73: [265.30]

======================================================================
SDCG Parameters
======================================================================
mode:              CG only
max_step:          0.2
max_iter:          256
sd_enabled:        False
cg_enabled:        True
sd_max_iter:       50
cg_switch_fmax:    0.0
cg_restart_thresh: 0.2
cg_beta_method:    prp+
diis_enabled:      True
diis_store_every:  5
diis_memory:       6
verbose:           0
======================================================================


                             Coordinates                              
----------------------------------------------------------------------
0    C                0.2547               1.3985              -0.5781
1    C               -0.4430               0.0995              -0.1844
2    C                0.3215              -0.7032               0.8736
3    C                1.2293              -1.7760               0.2786
4    H               -0.2538               1.8912              -1.4051
5    H                0.2700               2.0962               0.2598
6    H                1.2896               1.2204              -0.8725
7    H               -0.5816              -0.5266              -1.0672
8    H               -1.4394               0.3371               0.1850
9    H               -0.3840              -1.1805               1.5520
10   H                0.9129              -0.0133               1.4775
11   H                1.8380              -2.2547               1.0439
12   H                1.8972              -1.3582              -0.4754
13   H                0.6387              -2.5548              -0.2051


Energy:                 -158.548509 Convergence criteria  Is converged 
Maximum Force:             0.001196     0.002850  Yes
RMS Force:                 0.000523     0.001900  Yes
Maximum Displacement:      0.000308     0.003150  Yes
RMS Displacement:          0.000129     0.002100  Yes

SDCG converged at iteration 21 (phase: CG).

----------------------------------------------------------------------
            Scanning combination 42/73: [270.30]

======================================================================
SDCG Parameters
======================================================================
mode:              CG only
max_step:          0.2
max_iter:          256
sd_enabled:        False
cg_enabled:        True
sd_max_iter:       50
cg_switch_fmax:    0.0
cg_restart_thresh: 0.2
cg_beta_method:    prp+
diis_enabled:      True
diis_store_every:  5
diis_memory:       6
verbose:           0
======================================================================


                             Coordinates                              
----------------------------------------------------------------------
0    C                0.2758               1.3661              -0.5961
1    C               -0.4590               0.1011              -0.1700
2    C                0.3022              -0.7097               0.8808
3    C                1.2476              -1.7380               0.2723
4    H               -0.2330               1.8770              -1.4118
5    H                0.3194               2.0580               0.2449
6    H                1.3011               1.1537              -0.8963
7    H               -0.6443              -0.5413              -1.0336
8    H               -1.4380               0.3777               0.2136
9    H               -0.4004              -1.2231               1.5327
10   H                0.8534              -0.0158               1.5191
11   H                1.8499              -2.2358               1.0304
12   H                1.9097              -1.2881              -0.4665
13   H                0.6654              -2.5059              -0.2370


Energy:                 -158.548873 Convergence criteria  Is converged 
Maximum Force:             0.002706     0.002850  Yes
RMS Force:                 0.001427     0.001900  Yes
Maximum Displacement:      0.000588     0.003150  Yes
RMS Displacement:          0.000311     0.002100  Yes

SDCG converged at iteration 13 (phase: CG).

----------------------------------------------------------------------
            Scanning combination 43/73: [275.30]

======================================================================
SDCG Parameters
======================================================================
mode:              CG only
max_step:          0.2
max_iter:          256
sd_enabled:        False
cg_enabled:        True
sd_max_iter:       50
cg_switch_fmax:    0.0
cg_restart_thresh: 0.2
cg_beta_method:    prp+
diis_enabled:      True
diis_store_every:  5
diis_memory:       6
verbose:           0
======================================================================


                             Coordinates                              
----------------------------------------------------------------------
0    C                0.2892               1.3499              -0.6027
1    C               -0.4792               0.1132              -0.1472
2    C                0.2758              -0.7283               0.8866
3    C                1.2560              -1.7189               0.2656
4    H               -0.2164               1.8495              -1.4268
5    H                0.3631               2.0680               0.2149
6    H                1.3036               1.1069              -0.9154
7    H               -0.6841              -0.5210              -1.0145
8    H               -1.4477               0.4146               0.2501
9    H               -0.4293              -1.2655               1.5199
10   H                0.8236              -0.0458               1.5428
11   H                1.8647              -2.2039               1.0261
12   H                1.9181              -1.2397              -0.4541
13   H                0.7126              -2.5030              -0.2629


Energy:                 -158.549159 Convergence criteria  Is converged 
Maximum Force:             0.002675     0.002850  Yes
RMS Force:                 0.001276     0.001900  Yes
Maximum Displacement:      0.000574     0.003150  Yes
RMS Displacement:          0.000288     0.002100  Yes

SDCG converged at iteration 17 (phase: CG).

----------------------------------------------------------------------
            Scanning combination 44/73: [280.30]

======================================================================
SDCG Parameters
======================================================================
mode:              CG only
max_step:          0.2
max_iter:          256
sd_enabled:        False
cg_enabled:        True
sd_max_iter:       50
cg_switch_fmax:    0.0
cg_restart_thresh: 0.2
cg_beta_method:    prp+
diis_enabled:      True
diis_store_every:  5
diis_memory:       6
verbose:           0
======================================================================


                             Coordinates                              
----------------------------------------------------------------------
0    C                0.3059               1.3212              -0.6154
1    C               -0.4966               0.1179              -0.1284
2    C                0.2528              -0.7387               0.8928
3    C                1.2686              -1.6860               0.2603
4    H               -0.1914               1.8170              -1.4475
5    H                0.4232               2.0561               0.1819
6    H                1.3049               1.0318              -0.9419
7    H               -0.7653              -0.5110              -0.9799
8    H               -1.4332               0.4714               0.3033
9    H               -0.4584              -1.3243               1.4757
10   H                0.7603              -0.0762               1.5972
11   H                1.8872              -2.1647               1.0176
12   H                1.9269              -1.1632              -0.4338
13   H                0.7651              -2.4753              -0.2993


Energy:                 -158.549691 Convergence criteria  Is converged 
Maximum Force:             0.001410     0.002850  Yes
RMS Force:                 0.000594     0.001900  Yes
Maximum Displacement:      0.000282     0.003150  Yes
RMS Displacement:          0.000124     0.002100  Yes

SDCG converged at iteration 21 (phase: CG).

----------------------------------------------------------------------
            Scanning combination 45/73: [285.30]

======================================================================
SDCG Parameters
======================================================================
mode:              CG only
max_step:          0.2
max_iter:          256
sd_enabled:        False
cg_enabled:        True
sd_max_iter:       50
cg_switch_fmax:    0.0
cg_restart_thresh: 0.2
cg_beta_method:    prp+
diis_enabled:      True
diis_store_every:  5
diis_memory:       6
verbose:           0
======================================================================


                             Coordinates                              
----------------------------------------------------------------------
0    C                0.3199               1.2870              -0.6318
1    C               -0.5121               0.1210              -0.1119
2    C                0.2322              -0.7470               0.8985
3    C                1.2821              -1.6479               0.2596
4    H               -0.1767               1.8061              -1.4507
5    H                0.4796               2.0158               0.1658
6    H                1.3013               0.9645              -0.9784
7    H               -0.8139              -0.5123              -0.9509
8    H               -1.4301               0.5013               0.3355
9    H               -0.4794              -1.3568               1.4545
10   H                0.7136              -0.0884               1.6268
11   H                1.8942              -2.1508               1.0075
12   H                1.9439              -1.0940              -0.4056
13   H                0.7953              -2.4228              -0.3367


Energy:                 -158.549770 Convergence criteria  Is converged 
Maximum Force:             0.002533     0.002850  Yes
RMS Force:                 0.001276     0.001900  Yes
Maximum Displacement:      0.001180     0.003150  Yes
RMS Displacement:          0.000440     0.002100  Yes

SDCG converged at iteration 16 (phase: CG).

----------------------------------------------------------------------
            Scanning combination 46/73: [290.30]

======================================================================
SDCG Parameters
======================================================================
mode:              CG only
max_step:          0.2
max_iter:          256
sd_enabled:        False
cg_enabled:        True
sd_max_iter:       50
cg_switch_fmax:    0.0
cg_restart_thresh: 0.2
cg_beta_method:    prp+
diis_enabled:      True
diis_store_every:  5
diis_memory:       6
verbose:           0
======================================================================


                             Coordinates                              
----------------------------------------------------------------------
0    C                0.3295               1.2738              -0.6441
1    C               -0.5233               0.1366              -0.0920
2    C                0.2130              -0.7668               0.8973
3    C                1.2944              -1.6316               0.2585
4    H               -0.1765               1.7875              -1.4592
5    H                0.5173               2.0137               0.1370
6    H                1.2964               0.9305              -1.0046
7    H               -0.8528              -0.4890              -0.9288
8    H               -1.4268               0.5385               0.3645
9    H               -0.4960              -1.3958               1.4338
10   H                0.6822              -0.1215               1.6481
11   H                1.8979              -2.1316               1.0135
12   H                1.9581              -1.0587              -0.3851
13   H                0.8365              -2.4096              -0.3563


Energy:                 -158.549332 Convergence criteria  Is converged 
Maximum Force:             0.002785     0.002850  Yes
RMS Force:                 0.001406     0.001900  Yes
Maximum Displacement:      0.000638     0.003150  Yes
RMS Displacement:          0.000313     0.002100  Yes

SDCG converged at iteration 17 (phase: CG).

----------------------------------------------------------------------
            Scanning combination 47/73: [295.30]

======================================================================
SDCG Parameters
======================================================================
mode:              CG only
max_step:          0.2
max_iter:          256
sd_enabled:        False
cg_enabled:        True
sd_max_iter:       50
cg_switch_fmax:    0.0
cg_restart_thresh: 0.2
cg_beta_method:    prp+
diis_enabled:      True
diis_store_every:  5
diis_memory:       6
verbose:           0
======================================================================


                             Coordinates                              
----------------------------------------------------------------------
0    C                0.3378               1.2551              -0.6601
1    C               -0.5323               0.1487              -0.0740
2    C                0.1958              -0.7826               0.8955
3    C                1.3083              -1.6098               0.2608
4    H               -0.1742               1.7674              -1.4722
5    H                0.5644               2.0026               0.1037
6    H                1.2856               0.8840              -1.0412
7    H               -0.9123              -0.4646              -0.8992
8    H               -1.4060               0.5831               0.4107
9    H               -0.5188              -1.4407               1.3888
10   H                0.6355              -0.1609               1.6839
11   H                1.9063              -2.1101               1.0199
12   H                1.9762              -1.0111              -0.3529
13   H                0.8837              -2.3852              -0.3811


Energy:                 -158.549034 Convergence criteria  Is converged 
Maximum Force:             0.002625     0.002850  Yes
RMS Force:                 0.001408     0.001900  Yes
Maximum Displacement:      0.000805     0.003150  Yes
RMS Displacement:          0.000358     0.002100  Yes

SDCG converged at iteration 17 (phase: CG).

----------------------------------------------------------------------
            Scanning combination 48/73: [300.30]

======================================================================
SDCG Parameters
======================================================================
mode:              CG only
max_step:          0.2
max_iter:          256
sd_enabled:        False
cg_enabled:        True
sd_max_iter:       50
cg_switch_fmax:    0.0
cg_restart_thresh: 0.2
cg_beta_method:    prp+
diis_enabled:      True
diis_store_every:  5
diis_memory:       6
verbose:           0
======================================================================


                             Coordinates                              
----------------------------------------------------------------------
0    C                0.3441               1.2369              -0.6772
1    C               -0.5406               0.1605              -0.0563
2    C                0.1790              -0.7979               0.8932
3    C                1.3224              -1.5888               0.2653
4    H               -0.1776               1.7533              -1.4810
5    H                0.6114               1.9870               0.0719
6    H                1.2706               0.8393              -1.0826
7    H               -0.9646              -0.4399              -0.8700
8    H               -1.3844               0.6235               0.4528
9    H               -0.5384              -1.4808               1.3454
10   H                0.5922              -0.1990               1.7135
11   H                1.9097              -2.0959               1.0286
12   H                1.9972              -0.9656              -0.3153
13   H                0.9288              -2.3566              -0.4060


Energy:                 -158.548498 Convergence criteria  Is converged 
Maximum Force:             0.002577     0.002850  Yes
RMS Force:                 0.001443     0.001900  Yes
Maximum Displacement:      0.000615     0.003150  Yes
RMS Displacement:          0.000344     0.002100  Yes

SDCG converged at iteration 17 (phase: CG).

----------------------------------------------------------------------
            Scanning combination 49/73: [305.30]

======================================================================
SDCG Parameters
======================================================================
mode:              CG only
max_step:          0.2
max_iter:          256
sd_enabled:        False
cg_enabled:        True
sd_max_iter:       50
cg_switch_fmax:    0.0
cg_restart_thresh: 0.2
cg_beta_method:    prp+
diis_enabled:      True
diis_store_every:  5
diis_memory:       6
verbose:           0
======================================================================


                             Coordinates                              
----------------------------------------------------------------------
0    C                0.3487               1.2190              -0.6949
1    C               -0.5471               0.1728              -0.0395
2    C                0.1639              -0.8132               0.8897
3    C                1.3363              -1.5682               0.2716
4    H               -0.1843               1.7418              -1.4865
5    H                0.6609               1.9675               0.0377
6    H                1.2489               0.7932              -1.1281
7    H               -1.0148              -0.4133              -0.8398
8    H               -1.3600               0.6625               0.4943
9    H               -0.5567              -1.5189               1.3001
10   H                0.5495              -0.2387               1.7405
11   H                1.9094              -2.0854               1.0385
12   H                2.0187              -0.9196              -0.2697
13   H                0.9763              -2.3235              -0.4315


Energy:                 -158.547860 Convergence criteria  Is converged 
Maximum Force:             0.002665     0.002850  Yes
RMS Force:                 0.001452     0.001900  Yes
Maximum Displacement:      0.000588     0.003150  Yes
RMS Displacement:          0.000341     0.002100  Yes

SDCG converged at iteration 17 (phase: CG).

----------------------------------------------------------------------
            Scanning combination 50/73: [310.30]

======================================================================
SDCG Parameters
======================================================================
mode:              CG only
max_step:          0.2
max_iter:          256
sd_enabled:        False
cg_enabled:        True
sd_max_iter:       50
cg_switch_fmax:    0.0
cg_restart_thresh: 0.2
cg_beta_method:    prp+
diis_enabled:      True
diis_store_every:  5
diis_memory:       6
verbose:           0
======================================================================


                             Coordinates                              
----------------------------------------------------------------------
0    C                0.3521               1.1974              -0.7158
1    C               -0.5553               0.1825              -0.0242
2    C                0.1489              -0.8262               0.8887
3    C                1.3518              -1.5439               0.2808
4    H               -0.1960               1.7312              -1.4894
5    H                0.7292               1.9378              -0.0070
6    H                1.2109               0.7310              -1.1912
7    H               -1.0796              -0.3799              -0.8028
8    H               -1.3217               0.7089               0.5450
9    H               -0.5755              -1.5626               1.2374
10   H                0.4958              -0.2888               1.7765
11   H                1.9048              -2.0771               1.0515
12   H                2.0454              -0.8589              -0.1996
13   H                1.0390              -2.2753              -0.4675


Energy:                 -158.547521 Convergence criteria  Is converged 
Maximum Force:             0.002601     0.002850  Yes
RMS Force:                 0.001064     0.001900  Yes
Maximum Displacement:      0.000541     0.003150  Yes
RMS Displacement:          0.000218     0.002100  Yes

SDCG converged at iteration 21 (phase: CG).

----------------------------------------------------------------------
            Scanning combination 51/73: [315.30]

======================================================================
SDCG Parameters
======================================================================
mode:              CG only
max_step:          0.2
max_iter:          256
sd_enabled:        False
cg_enabled:        True
sd_max_iter:       50
cg_switch_fmax:    0.0
cg_restart_thresh: 0.2
cg_beta_method:    prp+
diis_enabled:      True
diis_store_every:  5
diis_memory:       6
verbose:           0
======================================================================


                             Coordinates                              
----------------------------------------------------------------------
0    C                0.3534               1.1730              -0.7379
1    C               -0.5614               0.1913              -0.0104
2    C                0.1358              -0.8377               0.8867
3    C                1.3669              -1.5172               0.2928
4    H               -0.2096               1.7363              -1.4793
5    H                0.7962               1.8911              -0.0443
6    H                1.1655               0.6729              -1.2584
7    H               -1.1241              -0.3573              -0.7714
8    H               -1.2954               0.7413               0.5779
9    H               -0.5866              -1.5928               1.1952
10   H                0.4536              -0.3237               1.7985
11   H                1.8911              -2.0860               1.0582
12   H                2.0733              -0.8033              -0.1216
13   H                1.0912              -2.2118              -0.5036


Energy:                 -158.547122 Convergence criteria  Is converged 
Maximum Force:             0.002669     0.002850  Yes
RMS Force:                 0.001063     0.001900  Yes
Maximum Displacement:      0.000542     0.003150  Yes
RMS Displacement:          0.000215     0.002100  Yes

SDCG converged at iteration 21 (phase: CG).

----------------------------------------------------------------------
            Scanning combination 52/73: [320.30]

======================================================================
SDCG Parameters
======================================================================
mode:              CG only
max_step:          0.2
max_iter:          256
sd_enabled:        False
cg_enabled:        True
sd_max_iter:       50
cg_switch_fmax:    0.0
cg_restart_thresh: 0.2
cg_beta_method:    prp+
diis_enabled:      True
diis_store_every:  5
diis_memory:       6
verbose:           0
======================================================================


                             Coordinates                              
----------------------------------------------------------------------
0    C                0.3541               1.1448              -0.7617
1    C               -0.5676               0.1986               0.0020
2    C                0.1238              -0.8476               0.8856
3    C                1.3825              -1.4868               0.3066
4    H               -0.2184               1.7427              -1.4684
5    H                0.8683               1.8333              -0.0874
6    H                1.1107               0.6064              -1.3264
7    H               -1.1753              -0.3320              -0.7362
8    H               -1.2619               0.7749               0.6125
9    H               -0.5959              -1.6230               1.1457
10   H                0.4057              -0.3630               1.8244
11   H                1.8790              -2.0953               1.0601
12   H                2.0963              -0.7413              -0.0341
13   H                1.1485              -2.1358              -0.5401


Energy:                 -158.546849 Convergence criteria  Is converged 
Maximum Force:             0.002803     0.002850  Yes
RMS Force:                 0.000973     0.001900  Yes
Maximum Displacement:      0.000586     0.003150  Yes
RMS Displacement:          0.000199     0.002100  Yes

SDCG converged at iteration 22 (phase: CG).

----------------------------------------------------------------------
            Scanning combination 53/73: [325.30]

======================================================================
SDCG Parameters
======================================================================
mode:              CG only
max_step:          0.2
max_iter:          256
sd_enabled:        False
cg_enabled:        True
sd_max_iter:       50
cg_switch_fmax:    0.0
cg_restart_thresh: 0.2
cg_beta_method:    prp+
diis_enabled:      True
diis_store_every:  5
diis_memory:       6
verbose:           0
======================================================================


                             Coordinates                              
----------------------------------------------------------------------
0    C                0.3539               1.1211              -0.7816
1    C               -0.5717               0.2083               0.0161
2    C                0.1115              -0.8596               0.8815
3    C                1.3952              -1.4613               0.3188
4    H               -0.2213               1.7494              -1.4589
5    H                0.9171               1.7841              -0.1200
6    H                1.0700               0.5608              -1.3762
7    H               -1.2046              -0.3130              -0.7091
8    H               -1.2426               0.7998               0.6361
9    H               -0.6034              -1.6463               1.1148
10   H                0.3731              -0.3906               1.8353
11   H                1.8708              -2.1037               1.0575
12   H                2.1135              -0.6990               0.0303
13   H                1.1883              -2.0741              -0.5621


Energy:                 -158.546137 Convergence criteria  Is converged 
Maximum Force:             0.002819     0.002850  Yes
RMS Force:                 0.001201     0.001900  Yes
Maximum Displacement:      0.000594     0.003150  Yes
RMS Displacement:          0.000250     0.002100  Yes

SDCG converged at iteration 19 (phase: CG).

----------------------------------------------------------------------
            Scanning combination 54/73: [330.30]

======================================================================
SDCG Parameters
======================================================================
mode:              CG only
max_step:          0.2
max_iter:          256
sd_enabled:        False
cg_enabled:        True
sd_max_iter:       50
cg_switch_fmax:    0.0
cg_restart_thresh: 0.2
cg_beta_method:    prp+
diis_enabled:      True
diis_store_every:  5
diis_memory:       6
verbose:           0
======================================================================


                             Coordinates                              
----------------------------------------------------------------------
0    C                0.3532               1.1003              -0.8011
1    C               -0.5740               0.2194               0.0301
2    C                0.1005              -0.8727               0.8757
3    C                1.4078              -1.4389               0.3310
4    H               -0.2240               1.7463              -1.4599
5    H                0.9613               1.7456              -0.1619
6    H                1.0289               0.5143              -1.4178
7    H               -1.2465              -0.2797              -0.6748
8    H               -1.2068               0.8310               0.6699
9    H               -0.6114              -1.6736               1.0639
10   H                0.3316              -0.4356               1.8525
11   H                1.8699              -2.1010               1.0607
12   H                2.1230              -0.6569               0.0913
13   H                1.2364              -2.0227              -0.5771


Energy:                 -158.545391 Convergence criteria  Is converged 
Maximum Force:             0.002840     0.002850  Yes
RMS Force:                 0.001240     0.001900  Yes
Maximum Displacement:      0.000599     0.003150  Yes
RMS Displacement:          0.000260     0.002100  Yes

SDCG converged at iteration 19 (phase: CG).

----------------------------------------------------------------------
            Scanning combination 55/73: [335.30]

======================================================================
SDCG Parameters
======================================================================
mode:              CG only
max_step:          0.2
max_iter:          256
sd_enabled:        False
cg_enabled:        True
sd_max_iter:       50
cg_switch_fmax:    0.0
cg_restart_thresh: 0.2
cg_beta_method:    prp+
diis_enabled:      True
diis_store_every:  5
diis_memory:       6
verbose:           0
======================================================================


                             Coordinates                              
----------------------------------------------------------------------
0    C                0.3508               1.0805              -0.8216
1    C               -0.5746               0.2306               0.0434
2    C                0.0908              -0.8853               0.8688
3    C                1.4209              -1.4176               0.3449
4    H               -0.2280               1.7431              -1.4621
5    H                1.0015               1.7070              -0.2064
6    H                0.9852               0.4710              -1.4593
7    H               -1.2894              -0.2432              -0.6366
8    H               -1.1639               0.8626               0.7042
9    H               -0.6169              -1.6999               1.0066
10   H                0.2869              -0.4845               1.8681
11   H                1.8694              -2.0985               1.0657
12   H                2.1321              -0.6185               0.1542
13   H                1.2851              -1.9715              -0.5873


Energy:                 -158.544729 Convergence criteria  Is converged 
Maximum Force:             0.002811     0.002850  Yes
RMS Force:                 0.001209     0.001900  Yes
Maximum Displacement:      0.000576     0.003150  Yes
RMS Displacement:          0.000254     0.002100  Yes

SDCG converged at iteration 19 (phase: CG).

----------------------------------------------------------------------
            Scanning combination 56/73: [340.30]

======================================================================
SDCG Parameters
======================================================================
mode:              CG only
max_step:          0.2
max_iter:          256
sd_enabled:        False
cg_enabled:        True
sd_max_iter:       50
cg_switch_fmax:    0.0
cg_restart_thresh: 0.2
cg_beta_method:    prp+
diis_enabled:      True
diis_store_every:  5
diis_memory:       6
verbose:           0
======================================================================


                             Coordinates                              
----------------------------------------------------------------------
0    C                0.3469               1.0615              -0.8422
1    C               -0.5737               0.2417               0.0563
2    C                0.0820              -0.8974               0.8606
3    C                1.4335              -1.3973               0.3602
4    H               -0.2332               1.7412              -1.4637
5    H                1.0378               1.6678              -0.2513
6    H                0.9397               0.4316              -1.5002
7    H               -1.3285              -0.2066              -0.5970
8    H               -1.1187               0.8925               0.7362
9    H               -0.6196              -1.7238               0.9484
10   H                0.2426              -0.5328               1.8799
11   H                1.8682              -2.0975               1.0712
12   H                2.1406              -0.5844               0.2178
13   H                1.3323              -1.9206              -0.5937


Energy:                 -158.544123 Convergence criteria  Is converged 
Maximum Force:             0.002821     0.002850  Yes
RMS Force:                 0.001259     0.001900  Yes
Maximum Displacement:      0.000589     0.003150  Yes
RMS Displacement:          0.000282     0.002100  Yes

SDCG converged at iteration 18 (phase: CG).

----------------------------------------------------------------------
            Scanning combination 57/73: [345.30]

======================================================================
SDCG Parameters
======================================================================
mode:              CG only
max_step:          0.2
max_iter:          256
sd_enabled:        False
cg_enabled:        True
sd_max_iter:       50
cg_switch_fmax:    0.0
cg_restart_thresh: 0.2
cg_beta_method:    prp+
diis_enabled:      True
diis_store_every:  5
diis_memory:       6
verbose:           0
======================================================================


                             Coordinates                              
----------------------------------------------------------------------
0    C                0.3414               1.0398              -0.8655
1    C               -0.5735               0.2518               0.0674
2    C                0.0743              -0.9086               0.8542
3    C                1.4473              -1.3745               0.3784
4    H               -0.2401               1.7368              -1.4659
5    H                1.0821               1.6185              -0.3106
6    H                0.8770               0.3841              -1.5483
7    H               -1.3795              -0.1585              -0.5448
8    H               -1.0523               0.9279               0.7743
9    H               -0.6175              -1.7496               0.8680
10   H                0.1843              -0.5964               1.8949
11   H                1.8663              -2.0943               1.0788
12   H                2.1464              -0.5448               0.3009
13   H                1.3935              -1.8564              -0.5995


Energy:                 -158.543933 Convergence criteria  Is converged 
Maximum Force:             0.002545     0.002850  Yes
RMS Force:                 0.000919     0.001900  Yes
Maximum Displacement:      0.000525     0.003150  Yes
RMS Displacement:          0.000193     0.002100  Yes

SDCG converged at iteration 21 (phase: CG).

----------------------------------------------------------------------
            Scanning combination 58/73: [350.30]

======================================================================
SDCG Parameters
======================================================================
mode:              CG only
max_step:          0.2
max_iter:          256
sd_enabled:        False
cg_enabled:        True
sd_max_iter:       50
cg_switch_fmax:    0.0
cg_restart_thresh: 0.2
cg_beta_method:    prp+
diis_enabled:      True
diis_store_every:  5
diis_memory:       6
verbose:           0
======================================================================


                             Coordinates                              
----------------------------------------------------------------------
0    C                0.3351               1.0188              -0.8854
1    C               -0.5700               0.2616               0.0797
2    C                0.0670              -0.9189               0.8442
3    C                1.4579              -1.3528               0.3956
4    H               -0.2391               1.7443              -1.4579
5    H                1.1072               1.5675              -0.3432
6    H                0.8345               0.3557              -1.5872
7    H               -1.3979              -0.1383              -0.5106
8    H               -1.0220               0.9499               0.7902
9    H               -0.6141              -1.7668               0.8314
10   H                0.1505              -0.6239               1.8929
11   H                1.8612              -2.1024               1.0733
12   H                2.1567              -0.5209               0.3596
13   H                1.4228              -1.7977              -0.6003


Energy:                 -158.543416 Convergence criteria  Is converged 
Maximum Force:             0.002844     0.002850  Yes
RMS Force:                 0.001273     0.001900  Yes
Maximum Displacement:      0.000577     0.003150  Yes
RMS Displacement:          0.000274     0.002100  Yes

SDCG converged at iteration 18 (phase: CG).

----------------------------------------------------------------------
            Scanning combination 59/73: [355.30]

======================================================================
SDCG Parameters
======================================================================
mode:              CG only
max_step:          0.2
max_iter:          256
sd_enabled:        False
cg_enabled:        True
sd_max_iter:       50
cg_switch_fmax:    0.0
cg_restart_thresh: 0.2
cg_beta_method:    prp+
diis_enabled:      True
diis_store_every:  5
diis_memory:       6
verbose:           0
======================================================================


                             Coordinates                              
----------------------------------------------------------------------
0    C                0.3299               1.0012              -0.9027
1    C               -0.5663               0.2731               0.0936
2    C                0.0587              -0.9311               0.8332
3    C                1.4674              -1.3347               0.4103
4    H               -0.2427               1.7379              -1.4628
5    H                1.1331               1.5326              -0.3890
6    H                0.7891               0.3182              -1.6132
7    H               -1.4275              -0.0973              -0.4672
8    H               -0.9696               0.9754               0.8196
9    H               -0.6123              -1.7847               0.7686
10   H                0.1078              -0.6750               1.8941
11   H                1.8626              -2.0963               1.0796
12   H                2.1526              -0.4905               0.4161
13   H                1.4672              -1.7529              -0.5979


Energy:                 -158.543095 Convergence criteria  Is converged 
Maximum Force:             0.002768     0.002850  Yes
RMS Force:                 0.001298     0.001900  Yes
Maximum Displacement:      0.000578     0.003150  Yes
RMS Displacement:          0.000271     0.002100  Yes

SDCG converged at iteration 19 (phase: CG).

----------------------------------------------------------------------
            Scanning combination 60/73: [360.30]

======================================================================
SDCG Parameters
======================================================================
mode:              CG only
max_step:          0.2
max_iter:          256
sd_enabled:        False
cg_enabled:        True
sd_max_iter:       50
cg_switch_fmax:    0.0
cg_restart_thresh: 0.2
cg_beta_method:    prp+
diis_enabled:      True
diis_store_every:  5
diis_memory:       6
verbose:           0
======================================================================


                             Coordinates                              
----------------------------------------------------------------------
0    C                0.3224               0.9821              -0.9208
1    C               -0.5610               0.2837               0.1061
2    C                0.0521              -0.9419               0.8215
3    C                1.4762              -1.3153               0.4276
4    H               -0.2477               1.7282              -1.4706
5    H                1.1575               1.4946              -0.4413
6    H                0.7372               0.2791              -1.6394
7    H               -1.4639              -0.0493              -0.4103
8    H               -0.8987               1.0037               0.8503
9    H               -0.6031              -1.8017               0.6887
10   H                0.0518              -0.7361               1.8940
11   H                1.8655              -2.0869               1.0887
12   H                2.1455              -0.4597               0.4787
13   H                1.5161              -1.7046              -0.5906


Energy:                 -158.543192 Convergence criteria  Is converged 
Maximum Force:             0.002649     0.002850  Yes
RMS Force:                 0.001316     0.001900  Yes
Maximum Displacement:      0.001086     0.003150  Yes
RMS Displacement:          0.000406     0.002100  Yes

SDCG converged at iteration 17 (phase: CG).

----------------------------------------------------------------------
            Scanning combination 61/73: [365.30]

======================================================================
SDCG Parameters
======================================================================
mode:              CG only
max_step:          0.2
max_iter:          256
sd_enabled:        False
cg_enabled:        True
sd_max_iter:       50
cg_switch_fmax:    0.0
cg_restart_thresh: 0.2
cg_beta_method:    prp+
diis_enabled:      True
diis_store_every:  5
diis_memory:       6
verbose:           0
======================================================================


                             Coordinates                              
----------------------------------------------------------------------
0    C                0.3135               0.9628              -0.9403
1    C               -0.5566               0.2931               0.1193
2    C                0.0443              -0.9518               0.8105
3    C                1.4857              -1.2960               0.4467
4    H               -0.2558               1.7173              -1.4799
5    H                1.1812               1.4542              -0.4991
6    H                0.6783               0.2386              -1.6664
7    H               -1.5001               0.0040              -0.3431
8    H               -0.8138               1.0304               0.8800
9    H               -0.5874              -1.8143               0.5970
10   H               -0.0123              -0.8035               1.8885
11   H                1.8680              -2.0768               1.1014
12   H                2.1357              -0.4288               0.5479
13   H                1.5690              -1.6534              -0.5801


Energy:                 -158.543553 Convergence criteria  Is converged 
Maximum Force:             0.001759     0.002850  Yes
RMS Force:                 0.000739     0.001900  Yes
Maximum Displacement:      0.000379     0.003150  Yes
RMS Displacement:          0.000165     0.002100  Yes

SDCG converged at iteration 21 (phase: CG).

----------------------------------------------------------------------
            Scanning combination 62/73: [370.30]

======================================================================
SDCG Parameters
======================================================================
mode:              CG only
max_step:          0.2
max_iter:          256
sd_enabled:        False
cg_enabled:        True
sd_max_iter:       50
cg_switch_fmax:    0.0
cg_restart_thresh: 0.2
cg_beta_method:    prp+
diis_enabled:      True
diis_store_every:  5
diis_memory:       6
verbose:           0
======================================================================


                             Coordinates                              
----------------------------------------------------------------------
0    C                0.3027               0.9424              -0.9586
1    C               -0.5491               0.3016               0.1311
2    C                0.0388              -0.9600               0.7974
3    C                1.4930              -1.2761               0.4672
4    H               -0.2530               1.7226              -1.4746
5    H                1.1910               1.4056              -0.5282
6    H                0.6371               0.2172              -1.6973
7    H               -1.5113               0.0245              -0.3019
8    H               -0.7727               1.0513               0.8886
9    H               -0.5731              -1.8274               0.5543
10   H               -0.0492              -0.8308               1.8770
11   H                1.8655              -2.0820               1.0959
12   H                2.1410              -0.4125               0.6010
13   H                1.5890              -1.6006              -0.5694


Energy:                 -158.543712 Convergence criteria  Is converged 
Maximum Force:             0.002787     0.002850  Yes
RMS Force:                 0.001337     0.001900  Yes
Maximum Displacement:      0.000681     0.003150  Yes
RMS Displacement:          0.000331     0.002100  Yes

SDCG converged at iteration 17 (phase: CG).

----------------------------------------------------------------------
            Scanning combination 63/73: [375.30]

======================================================================
SDCG Parameters
======================================================================
mode:              CG only
max_step:          0.2
max_iter:          256
sd_enabled:        False
cg_enabled:        True
sd_max_iter:       50
cg_switch_fmax:    0.0
cg_restart_thresh: 0.2
cg_beta_method:    prp+
diis_enabled:      True
diis_store_every:  5
diis_memory:       6
verbose:           0
======================================================================


                             Coordinates                              
----------------------------------------------------------------------
0    C                0.2915               0.9279              -0.9767
1    C               -0.5406               0.3117               0.1438
2    C                0.0333              -0.9697               0.7828
3    C                1.5012              -1.2620               0.4871
4    H               -0.2708               1.7078              -1.4868
5    H                1.2102               1.3749              -0.5978
6    H                0.5696               0.1785              -1.7164
7    H               -1.5377               0.0869              -0.2326
8    H               -0.6781               1.0650               0.9217
9    H               -0.5589              -1.8257               0.4542
10   H               -0.1090              -0.9053               1.8608
11   H                1.8657              -2.0697               1.1190
12   H                2.1209              -0.3861               0.6739
13   H                1.6524              -1.5583              -0.5505


Energy:                 -158.544566 Convergence criteria  Is converged 
Maximum Force:             0.001648     0.002850  Yes
RMS Force:                 0.000671     0.001900  Yes
Maximum Displacement:      0.000353     0.003150  Yes
RMS Displacement:          0.000151     0.002100  Yes

SDCG converged at iteration 21 (phase: CG).

----------------------------------------------------------------------
            Scanning combination 64/73: [380.30]

======================================================================
SDCG Parameters
======================================================================
mode:              CG only
max_step:          0.2
max_iter:          256
sd_enabled:        False
cg_enabled:        True
sd_max_iter:       50
cg_switch_fmax:    0.0
cg_restart_thresh: 0.2
cg_beta_method:    prp+
diis_enabled:      True
diis_store_every:  5
diis_memory:       6
verbose:           0
======================================================================


                             Coordinates                              
----------------------------------------------------------------------
0    C                0.2775               0.9074              -0.9955
1    C               -0.5316               0.3193               0.1545
2    C                0.0292              -0.9766               0.7691
3    C                1.5077              -1.2425               0.5106
4    H               -0.2670               1.7164              -1.4781
5    H                1.2177               1.3193              -0.6286
6    H                0.5202               0.1622              -1.7511
7    H               -1.5431               0.1058              -0.1941
8    H               -0.6380               1.0831               0.9251
9    H               -0.5410              -1.8356               0.4151
10   H               -0.1415              -0.9296               1.8456
11   H                1.8614              -2.0784               1.1106
12   H                2.1270              -0.3759               0.7354
13   H                1.6715              -1.4989              -0.5361


Energy:                 -158.545134 Convergence criteria  Is converged 
Maximum Force:             0.002828     0.002850  Yes
RMS Force:                 0.001380     0.001900  Yes
Maximum Displacement:      0.000649     0.003150  Yes
RMS Displacement:          0.000339     0.002100  Yes

SDCG converged at iteration 17 (phase: CG).

----------------------------------------------------------------------
            Scanning combination 65/73: [385.30]

======================================================================
SDCG Parameters
======================================================================
mode:              CG only
max_step:          0.2
max_iter:          256
sd_enabled:        False
cg_enabled:        True
sd_max_iter:       50
cg_switch_fmax:    0.0
cg_restart_thresh: 0.2
cg_beta_method:    prp+
diis_enabled:      True
diis_store_every:  5
diis_memory:       6
verbose:           0
======================================================================


                             Coordinates                              
----------------------------------------------------------------------
0    C                0.2647               0.8933              -1.0122
1    C               -0.5205               0.3289               0.1669
2    C                0.0251              -0.9852               0.7524
3    C                1.5140              -1.2294               0.5312
4    H               -0.2857               1.7025              -1.4888
5    H                1.2314               1.2865              -0.6999
6    H                0.4478               0.1254              -1.7636
7    H               -1.5567               0.1668              -0.1274
8    H               -0.5439               1.0861               0.9542
9    H               -0.5255              -1.8232               0.3186
10   H               -0.1937              -0.9998               1.8194
11   H                1.8600              -2.0674               1.1337
12   H                2.0995              -0.3533               0.8094
13   H                1.7335              -1.4555              -0.5115


Energy:                 -158.546281 Convergence criteria  Is converged 
Maximum Force:             0.001632     0.002850  Yes
RMS Force:                 0.000640     0.001900  Yes
Maximum Displacement:      0.000333     0.003150  Yes
RMS Displacement:          0.000142     0.002100  Yes

SDCG converged at iteration 21 (phase: CG).

----------------------------------------------------------------------
            Scanning combination 66/73: [390.30]

======================================================================
SDCG Parameters
======================================================================
mode:              CG only
max_step:          0.2
max_iter:          256
sd_enabled:        False
cg_enabled:        True
sd_max_iter:       50
cg_switch_fmax:    0.0
cg_restart_thresh: 0.2
cg_beta_method:    prp+
diis_enabled:      True
diis_store_every:  5
diis_memory:       6
verbose:           0
======================================================================


                             Coordinates                              
----------------------------------------------------------------------
0    C                0.2497               0.8708              -1.0289
1    C               -0.5107               0.3360               0.1779
2    C                0.0210              -0.9915               0.7378
3    C                1.5177              -1.2084               0.5549
4    H               -0.2756               1.7095              -1.4808
5    H                1.2364               1.2246              -0.7307
6    H                0.3939               0.1063              -1.7915
7    H               -1.5582               0.1893              -0.0901
8    H               -0.5017               1.1006               0.9562
9    H               -0.5063              -1.8291               0.2787
10   H               -0.2226              -1.0266               1.8009
11   H                1.8586              -2.0731               1.1203
12   H                2.0971              -0.3420               0.8720
13   H                1.7503              -1.3905              -0.4942


Energy:                 -158.547044 Convergence criteria  Is converged 
Maximum Force:             0.002724     0.002850  Yes
RMS Force:                 0.001327     0.001900  Yes
Maximum Displacement:      0.000660     0.003150  Yes
RMS Displacement:          0.000340     0.002100  Yes

SDCG converged at iteration 17 (phase: CG).

----------------------------------------------------------------------
            Scanning combination 67/73: [395.30]

======================================================================
SDCG Parameters
======================================================================
mode:              CG only
max_step:          0.2
max_iter:          256
sd_enabled:        False
cg_enabled:        True
sd_max_iter:       50
cg_switch_fmax:    0.0
cg_restart_thresh: 0.2
cg_beta_method:    prp+
diis_enabled:      True
diis_store_every:  5
diis_memory:       6
verbose:           0
======================================================================


                             Coordinates                              
----------------------------------------------------------------------
0    C                0.2356               0.8590              -1.0435
1    C               -0.4965               0.3455               0.1904
2    C                0.0181              -0.9994               0.7184
3    C                1.5221              -1.1980               0.5755
4    H               -0.2988               1.6940              -1.4931
5    H                1.2411               1.1994              -0.7998
6    H                0.3263               0.0732              -1.7938
7    H               -1.5602               0.2486              -0.0245
8    H               -0.4078               1.0953               0.9807
9    H               -0.4886              -1.8080               0.1854
10   H               -0.2693              -1.0928               1.7653
11   H                1.8564              -2.0612               1.1483
12   H                2.0634              -0.3232               0.9367
13   H                1.8081              -1.3565              -0.4635


Energy:                 -158.548160 Convergence criteria  Is converged 
Maximum Force:             0.001117     0.002850  Yes
RMS Force:                 0.000471     0.001900  Yes
Maximum Displacement:      0.000255     0.003150  Yes
RMS Displacement:          0.000106     0.002100  Yes

SDCG converged at iteration 21 (phase: CG).

----------------------------------------------------------------------
            Scanning combination 68/73: [400.30]

======================================================================
SDCG Parameters
======================================================================
mode:              CG only
max_step:          0.2
max_iter:          256
sd_enabled:        False
cg_enabled:        True
sd_max_iter:       50
cg_switch_fmax:    0.0
cg_restart_thresh: 0.2
cg_beta_method:    prp+
diis_enabled:      True
diis_store_every:  5
diis_memory:       6
verbose:           0
======================================================================


                             Coordinates                              
----------------------------------------------------------------------
0    C                0.2171               0.8309              -1.0638
1    C               -0.4871               0.3510               0.1986
2    C                0.0159              -1.0038               0.7058
3    C                1.5264              -1.1718               0.6045
4    H               -0.2772               1.7037              -1.4859
5    H                1.2489               1.1027              -0.8464
6    H                0.2368               0.0508              -1.8257
7    H               -1.5605               0.2804               0.0254
8    H               -0.3474               1.1032               0.9784
9    H               -0.4591              -1.8033               0.1324
10   H               -0.3069              -1.1299               1.7387
11   H                1.8613              -2.0671               1.1248
12   H                2.0485              -0.3155               1.0328
13   H                1.8330              -1.2552              -0.4370


Energy:                 -158.548983 Convergence criteria  Is converged 
Maximum Force:             0.002218     0.002850  Yes
RMS Force:                 0.000703     0.001900  Yes
Maximum Displacement:      0.000459     0.003150  Yes
RMS Displacement:          0.000148     0.002100  Yes

SDCG converged at iteration 21 (phase: CG).

----------------------------------------------------------------------
            Scanning combination 69/73: [405.30]

======================================================================
SDCG Parameters
======================================================================
mode:              CG only
max_step:          0.2
max_iter:          256
sd_enabled:        False
cg_enabled:        True
sd_max_iter:       50
cg_switch_fmax:    0.0
cg_restart_thresh: 0.2
cg_beta_method:    prp+
diis_enabled:      True
diis_store_every:  5
diis_memory:       6
verbose:           0
======================================================================


                             Coordinates                              
----------------------------------------------------------------------
0    C                0.2009               0.8317              -1.0768
1    C               -0.4665               0.3622               0.2101
2    C                0.0169              -1.0120               0.6809
3    C                1.5311              -1.1744               0.6246
4    H               -0.3091               1.6992              -1.4900
5    H                1.2402               1.1117              -0.9054
6    H                0.1935               0.0392              -1.8248
7    H               -1.5441               0.3136               0.0533
8    H               -0.2997               1.0994               0.9971
9    H               -0.4557              -1.7923               0.0823
10   H               -0.3177              -1.1624               1.7074
11   H                1.8503              -2.0687               1.1553
12   H                2.0267              -0.3130               1.0720
13   H                1.8831              -1.2584              -0.4035


Energy:                 -158.549488 Convergence criteria  Is converged 
Maximum Force:             0.002492     0.002850  Yes
RMS Force:                 0.000949     0.001900  Yes
Maximum Displacement:      0.000585     0.003150  Yes
RMS Displacement:          0.000253     0.002100  Yes

SDCG converged at iteration 17 (phase: CG).

----------------------------------------------------------------------
            Scanning combination 70/73: [410.30]

======================================================================
SDCG Parameters
======================================================================
mode:              CG only
max_step:          0.2
max_iter:          256
sd_enabled:        False
cg_enabled:        True
sd_max_iter:       50
cg_switch_fmax:    0.0
cg_restart_thresh: 0.2
cg_beta_method:    prp+
diis_enabled:      True
diis_store_every:  5
diis_memory:       6
verbose:           0
======================================================================


                             Coordinates                              
----------------------------------------------------------------------
0    C                0.1782               0.8212              -1.0949
1    C               -0.4505               0.3698               0.2174
2    C                0.0190              -1.0171               0.6626
3    C                1.5351              -1.1665               0.6542
4    H               -0.3309               1.6927              -1.4991
5    H                1.2225               1.0879              -0.9438
6    H                0.1470               0.0277              -1.8408
7    H               -1.5369               0.3524               0.1176
8    H               -0.2202               1.1013               0.9965
9    H               -0.4206              -1.7781               0.0124
10   H               -0.3635              -1.2066               1.6668
11   H                1.8476              -2.0656               1.1794
12   H                2.0186              -0.3092               1.1217
13   H                1.9045              -1.2340              -0.3673


Energy:                 -158.549939 Convergence criteria  Is converged 
Maximum Force:             0.002351     0.002850  Yes
RMS Force:                 0.001053     0.001900  Yes
Maximum Displacement:      0.000572     0.003150  Yes
RMS Displacement:          0.000284     0.002100  Yes

SDCG converged at iteration 16 (phase: CG).

----------------------------------------------------------------------
            Scanning combination 71/73: [415.30]

======================================================================
SDCG Parameters
======================================================================
mode:              CG only
max_step:          0.2
max_iter:          256
sd_enabled:        False
cg_enabled:        True
sd_max_iter:       50
cg_switch_fmax:    0.0
cg_restart_thresh: 0.2
cg_beta_method:    prp+
diis_enabled:      True
diis_store_every:  5
diis_memory:       6
verbose:           0
======================================================================


                             Coordinates                              
----------------------------------------------------------------------
0    C                0.1557               0.8171              -1.1106
1    C               -0.4304               0.3769               0.2250
2    C                0.0223              -1.0209               0.6405
3    C                1.5384              -1.1650               0.6817
4    H               -0.3580               1.6915              -1.5040
5    H                1.2112               1.0682              -1.0076
6    H                0.0810               0.0175              -1.8480
7    H               -1.5193               0.3902               0.1661
8    H               -0.1507               1.0939               1.0002
9    H               -0.3956              -1.7574              -0.0496
10   H               -0.3910              -1.2458               1.6244
11   H                1.8400              -2.0693               1.2056
12   H                1.9945              -0.3118               1.1843
13   H                1.9517              -1.2093              -0.3258


Energy:                 -158.550167 Convergence criteria  Is converged 
Maximum Force:             0.001231     0.002850  Yes
RMS Force:                 0.000529     0.001900  Yes
Maximum Displacement:      0.000237     0.003150  Yes
RMS Displacement:          0.000129     0.002100  Yes

SDCG converged at iteration 21 (phase: CG).

----------------------------------------------------------------------
            Scanning combination 72/73: [420.30]

======================================================================
SDCG Parameters
======================================================================
mode:              CG only
max_step:          0.2
max_iter:          256
sd_enabled:        False
cg_enabled:        True
sd_max_iter:       50
cg_switch_fmax:    0.0
cg_restart_thresh: 0.2
cg_beta_method:    prp+
diis_enabled:      True
diis_store_every:  5
diis_memory:       6
verbose:           0
======================================================================


                             Coordinates                              
----------------------------------------------------------------------
0    C                0.1156               0.8056              -1.1484
1    C               -0.4160               0.3789               0.2153
2    C                0.0374              -1.0187               0.6321
3    C                1.5522              -1.1572               0.7358
4    H               -0.3584               1.7271              -1.4808
5    H                1.1900               0.9844              -1.0956
6    H               -0.0543               0.0417              -1.9080
7    H               -1.5068               0.4206               0.2067
8    H               -0.0877               1.1052               0.9600
9    H               -0.3309              -1.7507              -0.0881
10   H               -0.4153              -1.2779               1.5910
11   H                1.8266              -2.1068               1.1910
12   H                1.9941              -0.3550               1.3279
13   H                2.0032              -1.1212              -0.2564


Energy:                 -158.550457 Convergence criteria  Is converged 
Maximum Force:             0.002592     0.002850  Yes
RMS Force:                 0.001068     0.001900  Yes
Maximum Displacement:      0.000580     0.003150  Yes
RMS Displacement:          0.000236     0.002100  Yes

SDCG converged at iteration 18 (phase: CG).

----------------------------------------------------------------------
            Scanning combination 73/73: [425.30]

======================================================================
SDCG Parameters
======================================================================
mode:              CG only
max_step:          0.2
max_iter:          256
sd_enabled:        False
cg_enabled:        True
sd_max_iter:       50
cg_switch_fmax:    0.0
cg_restart_thresh: 0.2
cg_beta_method:    prp+
diis_enabled:      True
diis_store_every:  5
diis_memory:       6
verbose:           0
======================================================================


                             Coordinates                              
----------------------------------------------------------------------
0    C                0.0987               0.8072              -1.1582
1    C               -0.3893               0.3887               0.2231
2    C                0.0440              -1.0239               0.6038
3    C                1.5538              -1.1610               0.7549
4    H               -0.3718               1.7301              -1.4891
5    H                1.1772               0.9704              -1.1463
6    H               -0.1054               0.0323              -1.8977
7    H               -1.4806               0.4277               0.2301
8    H               -0.0500               1.0999               0.9798
9    H               -0.3332              -1.7404              -0.1297
10   H               -0.4231              -1.2824               1.5563
11   H                1.8288              -2.1114               1.2062
12   H                1.9612              -0.3574               1.3693
13   H                2.0396              -1.1040              -0.2201


Energy:                 -158.550174 Convergence criteria  Is converged 
Maximum Force:             0.002495     0.002850  Yes
RMS Force:                 0.001202     0.001900  Yes
Maximum Displacement:      0.000713     0.003150  Yes
RMS Displacement:          0.000380     0.002100  Yes

SDCG converged at iteration 16 (phase: CG).

======================================================================
Scan completed! Total points: 73Results saved to: /home/axie/MAPLE/MAPLE-fork/examples/scan/cg/butane_torsion_scan_final.xyz
Energy range: -158.551174 to -158.543095 Hartree



Program started: 2026-05-15 22:07:55

======================================================================
                      TIMING SUMMARY
======================================================================
Input Reading.......................................   0.231 s  (   0.4 %)
  Settings Parsing....................................   0.228 s  (  98.8 %)
  Coordinate Section Parsing..........................   0.000 s  (   0.2 %)
  Post-Processing Expansion...........................   0.000 s  (   0.0 %)
MLP Initialization..................................   0.268 s  (   0.5 %)
Job Dispatching.....................................  54.172 s  (  99.1 %)
  Scan................................................  54.168 s  ( 100.0 %)
    Optimization (×73)..................................  54.144 s  ( 100.0 %)
======================================================================
Total wall time: 54.672 s
Total CPU time: 49.437 s
======================================================================

Program ended: 2026-05-15 22:08:50
TOTAL RUN TIME: 0 days 0 hours 0 minutes 54 seconds 671 msec
