
**********************************************************************
*                                                                    *
*                        M   A   P   L   E                           *
*                                                                    *
*      MAchine-learning Potential for Landscape Exploration          *
*                                                                    *
*                                                                    *
*      © 2025 University of Pittsburgh. All rights reserved.         *
*      Licensed under CC BY 4.0 for academic use.                    *
*                                                                    *
*      Principal Developer:  Xujian Wang                             *
*                                                                    *
**********************************************************************


Parsing # commands...
Global parameter: model = aimnet2nse
Task set to 'scan'
Global parameter: device = gpu0
Parsed configuration:
----------------------------------------
Task: scan
model          : aimnet2nse
method         : sdcg
mode           : relaxed
device         : gpu0

                             Coordinates                              
**********************************************************************

Group 1 (inline)
--------------------
1    N             -1.646954            -1.296919            -0.908335
2    C             -0.452166            -0.596425            -1.416252
3    C             -0.840336             0.542835            -2.347874
4    O             -1.972578             0.873934            -2.664782
5    O              0.229295             1.204874            -2.830609
6    H             -2.250865            -0.606333            -0.456863
7    H             -2.194029            -1.613405            -1.712070
8    H              0.172058            -1.306870            -1.965585
9    H              0.108909            -0.187949            -0.570972
10   H             -0.157522             1.898891            -3.404934

======================================================================
                  Constraints and Restraints Summary                  
======================================================================
Scan coordinates: 1
======================================================================

----------------------------------------------------------------------
            Scanning combination 1/73: [304.09]

======================================================================
SDCG Parameters
======================================================================
mode:              SD+CG
max_step:          0.2
max_iter:          256
sd_enabled:        True
cg_enabled:        True
sd_max_iter:       50
cg_switch_fmax:    0.0
cg_restart_thresh: 0.2
cg_beta_method:    prp+
diis_enabled:      True
diis_store_every:  5
diis_memory:       6
verbose:           0
======================================================================


                             Coordinates                              
----------------------------------------------------------------------
0    N               -1.6450              -1.2897              -0.9113
1    C               -0.4868              -0.5903              -1.4238
2    C               -0.8544               0.5470              -2.3502
3    O               -1.9762               0.8553              -2.6474
4    O                0.2264               1.1991              -2.8249
5    H               -2.2483              -0.6170              -0.4555
6    H               -2.1863              -1.6272              -1.6965
7    H                0.1697              -1.2750              -1.9622
8    H                0.1100              -0.1864              -0.6055
9    H               -0.1131               1.8968              -3.4009


Energy:                 -284.631985 Convergence criteria  Is converged 
Maximum Force:             0.002037     0.002850  Yes
RMS Force:                 0.000956     0.001900  Yes
Maximum Displacement:      0.000500     0.003150  Yes
RMS Displacement:          0.000259     0.002100  Yes

SDCG converged at iteration 18 (phase: CG).

----------------------------------------------------------------------
            Scanning combination 2/73: [309.09]

======================================================================
SDCG Parameters
======================================================================
mode:              SD+CG
max_step:          0.2
max_iter:          256
sd_enabled:        True
cg_enabled:        True
sd_max_iter:       50
cg_switch_fmax:    0.0
cg_restart_thresh: 0.2
cg_beta_method:    prp+
diis_enabled:      True
diis_store_every:  5
diis_memory:       6
verbose:           0
======================================================================


                             Coordinates                              
----------------------------------------------------------------------
0    N               -1.6505              -1.2839              -0.9036
1    C               -0.4930              -0.5885              -1.4303
2    C               -0.8599               0.5527              -2.3496
3    O               -1.9804               0.8676              -2.6449
4    O                0.2281               1.1975              -2.8186
5    H               -2.2809              -0.5933              -0.5130
6    H               -2.1663              -1.6676              -1.6857
7    H                0.1601              -1.2740              -1.9718
8    H                0.1082              -0.1859              -0.6154
9    H               -0.0987               1.8974              -3.3982


Energy:                 -284.631933 Convergence criteria  Is converged 
Maximum Force:             0.002765     0.002850  Yes
RMS Force:                 0.000757     0.001900  Yes
Maximum Displacement:      0.000614     0.003150  Yes
RMS Displacement:          0.000195     0.002100  Yes

SDCG converged at iteration 16 (phase: SD).

----------------------------------------------------------------------
            Scanning combination 3/73: [314.09]

======================================================================
SDCG Parameters
======================================================================
mode:              SD+CG
max_step:          0.2
max_iter:          256
sd_enabled:        True
cg_enabled:        True
sd_max_iter:       50
cg_switch_fmax:    0.0
cg_restart_thresh: 0.2
cg_beta_method:    prp+
diis_enabled:      True
diis_store_every:  5
diis_memory:       6
verbose:           0
======================================================================


                             Coordinates                              
----------------------------------------------------------------------
0    N               -1.6583              -1.2742              -0.8984
1    C               -0.4996              -0.5879              -1.4352
2    C               -0.8617               0.5589              -2.3491
3    O               -1.9804               0.8828              -2.6410
4    O                0.2306               1.1978              -2.8161
5    H               -2.3146              -0.5719              -0.5762
6    H               -2.1430              -1.7152              -1.6698
7    H                0.1478              -1.2755              -1.9805
8    H                0.1081              -0.1884              -0.6233
9    H               -0.0897               1.9007              -3.3954


Energy:                 -284.631767 Convergence criteria  Is converged 
Maximum Force:             0.002795     0.002850  Yes
RMS Force:                 0.000704     0.001900  Yes
Maximum Displacement:      0.000610     0.003150  Yes
RMS Displacement:          0.000161     0.002100  Yes

SDCG converged at iteration 17 (phase: SD).

----------------------------------------------------------------------
            Scanning combination 4/73: [319.09]

======================================================================
SDCG Parameters
======================================================================
mode:              SD+CG
max_step:          0.2
max_iter:          256
sd_enabled:        True
cg_enabled:        True
sd_max_iter:       50
cg_switch_fmax:    0.0
cg_restart_thresh: 0.2
cg_beta_method:    prp+
diis_enabled:      True
diis_store_every:  5
diis_memory:       6
verbose:           0
======================================================================


                             Coordinates                              
----------------------------------------------------------------------
0    N               -1.6672              -1.2640              -0.8946
1    C               -0.5061              -0.5871              -1.4401
2    C               -0.8624               0.5653              -2.3489
3    O               -1.9792               0.8997              -2.6364
4    O                0.2336               1.1978              -2.8155
5    H               -2.3478              -0.5558              -0.6426
6    H               -2.1184              -1.7641              -1.6500
7    H                0.1353              -1.2771              -1.9889
8    H                0.1079              -0.1916              -0.6306
9    H               -0.0823               1.9048              -3.3921


Energy:                 -284.631523 Convergence criteria  Is converged 
Maximum Force:             0.002805     0.002850  Yes
RMS Force:                 0.000715     0.001900  Yes
Maximum Displacement:      0.000594     0.003150  Yes
RMS Displacement:          0.000150     0.002100  Yes

SDCG converged at iteration 18 (phase: SD).

----------------------------------------------------------------------
            Scanning combination 5/73: [324.09]

======================================================================
SDCG Parameters
======================================================================
mode:              SD+CG
max_step:          0.2
max_iter:          256
sd_enabled:        True
cg_enabled:        True
sd_max_iter:       50
cg_switch_fmax:    0.0
cg_restart_thresh: 0.2
cg_beta_method:    prp+
diis_enabled:      True
diis_store_every:  5
diis_memory:       6
verbose:           0
======================================================================


                             Coordinates                              
----------------------------------------------------------------------
0    N               -1.6790              -1.2517              -0.8942
1    C               -0.5151              -0.5844              -1.4457
2    C               -0.8626               0.5743              -2.3505
3    O               -1.9759               0.9262              -2.6308
4    O                0.2388               1.1963              -2.8175
5    H               -2.3832              -0.5450              -0.7139
6    H               -2.0871              -1.8306              -1.6161
7    H                0.1179              -1.2771              -2.0001
8    H                0.1072              -0.1951              -0.6391
9    H               -0.0715               1.9114              -3.3872


Energy:                 -284.631318 Convergence criteria  Is converged 
Maximum Force:             0.001402     0.002850  Yes
RMS Force:                 0.000628     0.001900  Yes
Maximum Displacement:      0.000338     0.003150  Yes
RMS Displacement:          0.000131     0.002100  Yes

SDCG converged at iteration 21 (phase: SD).

----------------------------------------------------------------------
            Scanning combination 6/73: [329.09]

======================================================================
SDCG Parameters
======================================================================
mode:              SD+CG
max_step:          0.2
max_iter:          256
sd_enabled:        True
cg_enabled:        True
sd_max_iter:       50
cg_switch_fmax:    0.0
cg_restart_thresh: 0.2
cg_beta_method:    prp+
diis_enabled:      True
diis_store_every:  5
diis_memory:       6
verbose:           0
======================================================================


                             Coordinates                              
----------------------------------------------------------------------
0    N               -1.6880              -1.2439              -0.8922
1    C               -0.5216              -0.5839              -1.4516
2    C               -0.8630               0.5813              -2.3500
3    O               -1.9738               0.9440              -2.6261
4    O                0.2421               1.1948              -2.8187
5    H               -2.4138              -0.5448              -0.7817
6    H               -2.0638              -1.8705              -1.5912
7    H                0.1091              -1.2770              -2.0086
8    H                0.1043              -0.1980              -0.6463
9    H               -0.0639               1.9148              -3.3844


Energy:                 -284.630996 Convergence criteria  Is converged 
Maximum Force:             0.002832     0.002850  Yes
RMS Force:                 0.000772     0.001900  Yes
Maximum Displacement:      0.000597     0.003150  Yes
RMS Displacement:          0.000159     0.002100  Yes

SDCG converged at iteration 18 (phase: SD).

----------------------------------------------------------------------
            Scanning combination 7/73: [334.09]

======================================================================
SDCG Parameters
======================================================================
mode:              SD+CG
max_step:          0.2
max_iter:          256
sd_enabled:        True
cg_enabled:        True
sd_max_iter:       50
cg_switch_fmax:    0.0
cg_restart_thresh: 0.2
cg_beta_method:    prp+
diis_enabled:      True
diis_store_every:  5
diis_memory:       6
verbose:           0
======================================================================


                             Coordinates                              
----------------------------------------------------------------------
0    N               -1.6993              -1.2338              -0.8938
1    C               -0.5287              -0.5828              -1.4573
2    C               -0.8632               0.5888              -2.3495
3    O               -1.9713               0.9642              -2.6195
4    O                0.2458               1.1938              -2.8197
5    H               -2.4436              -0.5469              -0.8549
6    H               -2.0354              -1.9183              -1.5575
7    H                0.0966              -1.2768              -2.0191
8    H                0.1025              -0.2024              -0.6535
9    H               -0.0555               1.9188              -3.3813


Energy:                 -284.630687 Convergence criteria  Is converged 
Maximum Force:             0.002731     0.002850  Yes
RMS Force:                 0.000788     0.001900  Yes
Maximum Displacement:      0.000572     0.003150  Yes
RMS Displacement:          0.000161     0.002100  Yes

SDCG converged at iteration 19 (phase: SD).

----------------------------------------------------------------------
            Scanning combination 8/73: [339.09]

======================================================================
SDCG Parameters
======================================================================
mode:              SD+CG
max_step:          0.2
max_iter:          256
sd_enabled:        True
cg_enabled:        True
sd_max_iter:       50
cg_switch_fmax:    0.0
cg_restart_thresh: 0.2
cg_beta_method:    prp+
diis_enabled:      True
diis_store_every:  5
diis_memory:       6
verbose:           0
======================================================================


                             Coordinates                              
----------------------------------------------------------------------
0    N               -1.7112              -1.2236              -0.8973
1    C               -0.5355              -0.5814              -1.4629
2    C               -0.8632               0.5964              -2.3487
3    O               -1.9689               0.9829              -2.6128
4    O                0.2493               1.1930              -2.8204
5    H               -2.4715              -0.5547              -0.9299
6    H               -2.0062              -1.9624              -1.5200
7    H                0.0840              -1.2764              -2.0305
8    H                0.1007              -0.2080              -0.6604
9    H               -0.0472               1.9229              -3.3780


Energy:                 -284.630355 Convergence criteria  Is converged 
Maximum Force:             0.002807     0.002850  Yes
RMS Force:                 0.000816     0.001900  Yes
Maximum Displacement:      0.000622     0.003150  Yes
RMS Displacement:          0.000182     0.002100  Yes

SDCG converged at iteration 17 (phase: SD).

----------------------------------------------------------------------
            Scanning combination 9/73: [344.09]

======================================================================
SDCG Parameters
======================================================================
mode:              SD+CG
max_step:          0.2
max_iter:          256
sd_enabled:        True
cg_enabled:        True
sd_max_iter:       50
cg_switch_fmax:    0.0
cg_restart_thresh: 0.2
cg_beta_method:    prp+
diis_enabled:      True
diis_store_every:  5
diis_memory:       6
verbose:           0
======================================================================


                             Coordinates                              
----------------------------------------------------------------------
0    N               -1.7234              -1.2133              -0.9027
1    C               -0.5423              -0.5805              -1.4687
2    C               -0.8632               0.6036              -2.3477
3    O               -1.9665               1.0004              -2.6064
4    O                0.2527               1.1925              -2.8206
5    H               -2.4972              -0.5679              -1.0061
6    H               -1.9764              -2.0031              -1.4787
7    H                0.0711              -1.2755              -2.0429
8    H                0.0992              -0.2147              -0.6669
9    H               -0.0391               1.9272              -3.3744


Energy:                 -284.630014 Convergence criteria  Is converged 
Maximum Force:             0.002611     0.002850  Yes
RMS Force:                 0.000793     0.001900  Yes
Maximum Displacement:      0.000589     0.003150  Yes
RMS Displacement:          0.000180     0.002100  Yes

SDCG converged at iteration 17 (phase: SD).

----------------------------------------------------------------------
            Scanning combination 10/73: [349.09]

======================================================================
SDCG Parameters
======================================================================
mode:              SD+CG
max_step:          0.2
max_iter:          256
sd_enabled:        True
cg_enabled:        True
sd_max_iter:       50
cg_switch_fmax:    0.0
cg_restart_thresh: 0.2
cg_beta_method:    prp+
diis_enabled:      True
diis_store_every:  5
diis_memory:       6
verbose:           0
======================================================================


                             Coordinates                              
----------------------------------------------------------------------
0    N               -1.7358              -1.2033              -0.9096
1    C               -0.5486              -0.5796              -1.4748
2    C               -0.8632               0.6105              -2.3465
3    O               -1.9644               1.0162              -2.6008
4    O                0.2559               1.1925              -2.8199
5    H               -2.5197              -0.5864              -1.0827
6    H               -1.9468              -2.0391              -1.4342
7    H                0.0585              -1.2748              -2.0562
8    H                0.0978              -0.2226              -0.6735
9    H               -0.0314               1.9314              -3.3702


Energy:                 -284.629676 Convergence criteria  Is converged 
Maximum Force:             0.002750     0.002850  Yes
RMS Force:                 0.000883     0.001900  Yes
Maximum Displacement:      0.000660     0.003150  Yes
RMS Displacement:          0.000231     0.002100  Yes

SDCG converged at iteration 16 (phase: SD).

----------------------------------------------------------------------
            Scanning combination 11/73: [354.09]

======================================================================
SDCG Parameters
======================================================================
mode:              SD+CG
max_step:          0.2
max_iter:          256
sd_enabled:        True
cg_enabled:        True
sd_max_iter:       50
cg_switch_fmax:    0.0
cg_restart_thresh: 0.2
cg_beta_method:    prp+
diis_enabled:      True
diis_store_every:  5
diis_memory:       6
verbose:           0
======================================================================


                             Coordinates                              
----------------------------------------------------------------------
0    N               -1.7483              -1.1937              -0.9185
1    C               -0.5549              -0.5794              -1.4813
2    C               -0.8634               0.6172              -2.3454
3    O               -1.9622               1.0312              -2.5963
4    O                0.2591               1.1933              -2.8181
5    H               -2.5393              -0.6102              -1.1594
6    H               -1.9174              -2.0717              -1.3851
7    H                0.0458              -1.2740              -2.0705
8    H                0.0964              -0.2316              -0.6801
9    H               -0.0238               1.9360              -3.3655


Energy:                 -284.629376 Convergence criteria  Is converged 
Maximum Force:             0.002612     0.002850  Yes
RMS Force:                 0.000894     0.001900  Yes
Maximum Displacement:      0.000636     0.003150  Yes
RMS Displacement:          0.000235     0.002100  Yes

SDCG converged at iteration 16 (phase: SD).

----------------------------------------------------------------------
            Scanning combination 12/73: [359.09]

======================================================================
SDCG Parameters
======================================================================
mode:              SD+CG
max_step:          0.2
max_iter:          256
sd_enabled:        True
cg_enabled:        True
sd_max_iter:       50
cg_switch_fmax:    0.0
cg_restart_thresh: 0.2
cg_beta_method:    prp+
diis_enabled:      True
diis_store_every:  5
diis_memory:       6
verbose:           0
======================================================================


                             Coordinates                              
----------------------------------------------------------------------
0    N               -1.7606              -1.1848              -0.9291
1    C               -0.5610              -0.5797              -1.4885
2    C               -0.8636               0.6236              -2.3446
3    O               -1.9601               1.0453              -2.5930
4    O                0.2623               1.1948              -2.8154
5    H               -2.5557              -0.6396              -1.2353
6    H               -1.8888              -2.1001              -1.3320
7    H                0.0334              -1.2731              -2.0858
8    H                0.0949              -0.2416              -0.6869
9    H               -0.0163               1.9411              -3.3600


Energy:                 -284.629136 Convergence criteria  Is converged 
Maximum Force:             0.002463     0.002850  Yes
RMS Force:                 0.000892     0.001900  Yes
Maximum Displacement:      0.000576     0.003150  Yes
RMS Displacement:          0.000232     0.002100  Yes

SDCG converged at iteration 16 (phase: SD).

----------------------------------------------------------------------
            Scanning combination 13/73: [364.09]

======================================================================
SDCG Parameters
======================================================================
mode:              SD+CG
max_step:          0.2
max_iter:          256
sd_enabled:        True
cg_enabled:        True
sd_max_iter:       50
cg_switch_fmax:    0.0
cg_restart_thresh: 0.2
cg_beta_method:    prp+
diis_enabled:      True
diis_store_every:  5
diis_memory:       6
verbose:           0
======================================================================


                             Coordinates                              
----------------------------------------------------------------------
0    N               -1.7725              -1.1770              -0.9411
1    C               -0.5670              -0.5805              -1.4963
2    C               -0.8639               0.6298              -2.3440
3    O               -1.9581               1.0583              -2.5909
4    O                0.2653               1.1970              -2.8116
5    H               -2.5688              -0.6743              -1.3098
6    H               -1.8612              -2.1236              -1.2757
7    H                0.0215              -1.2725              -2.1019
8    H                0.0932              -0.2524              -0.6940
9    H               -0.0089               1.9466              -3.3538


Energy:                 -284.628966 Convergence criteria  Is converged 
Maximum Force:             0.002686     0.002850  Yes
RMS Force:                 0.000882     0.001900  Yes
Maximum Displacement:      0.000511     0.003150  Yes
RMS Displacement:          0.000228     0.002100  Yes

SDCG converged at iteration 16 (phase: SD).

----------------------------------------------------------------------
            Scanning combination 14/73: [369.09]

======================================================================
SDCG Parameters
======================================================================
mode:              SD+CG
max_step:          0.2
max_iter:          256
sd_enabled:        True
cg_enabled:        True
sd_max_iter:       50
cg_switch_fmax:    0.0
cg_restart_thresh: 0.2
cg_beta_method:    prp+
diis_enabled:      True
diis_store_every:  5
diis_memory:       6
verbose:           0
======================================================================


                             Coordinates                              
----------------------------------------------------------------------
0    N               -1.7840              -1.1701              -0.9541
1    C               -0.5726              -0.5821              -1.5046
2    C               -0.8644               0.6354              -2.3437
3    O               -1.9564               1.0696              -2.5899
4    O                0.2682               1.1999              -2.8068
5    H               -2.5783              -0.7141              -1.3821
6    H               -1.8353              -2.1416              -1.2174
7    H                0.0101              -1.2721              -2.1186
8    H                0.0914              -0.2640              -0.7013
9    H               -0.0018               1.9527              -3.3467


Energy:                 -284.628864 Convergence criteria  Is converged 
Maximum Force:             0.002839     0.002850  Yes
RMS Force:                 0.000864     0.001900  Yes
Maximum Displacement:      0.000553     0.003150  Yes
RMS Displacement:          0.000221     0.002100  Yes

SDCG converged at iteration 16 (phase: SD).

----------------------------------------------------------------------
            Scanning combination 15/73: [374.09]

======================================================================
SDCG Parameters
======================================================================
mode:              SD+CG
max_step:          0.2
max_iter:          256
sd_enabled:        True
cg_enabled:        True
sd_max_iter:       50
cg_switch_fmax:    0.0
cg_restart_thresh: 0.2
cg_beta_method:    prp+
diis_enabled:      True
diis_store_every:  5
diis_memory:       6
verbose:           0
======================================================================


                             Coordinates                              
----------------------------------------------------------------------
0    N               -1.7964              -1.1641              -0.9749
1    C               -0.5796              -0.5845              -1.5153
2    C               -0.8646               0.6412              -2.3456
3    O               -1.9544               1.0819              -2.5919
4    O                0.2718               1.2048              -2.7997
5    H               -2.5876              -0.7611              -1.4579
6    H               -1.8068              -2.1592              -1.1355
7    H               -0.0046              -1.2698              -2.1422
8    H                0.0906              -0.2799              -0.7107
9    H                0.0084               1.9633              -3.3351


Energy:                 -284.631211 Convergence criteria  Is converged 
Maximum Force:             0.001475     0.002850  Yes
RMS Force:                 0.000485     0.001900  Yes
Maximum Displacement:      0.000422     0.003150  Yes
RMS Displacement:          0.000145     0.002100  Yes

SDCG converged at iteration 21 (phase: SD).

----------------------------------------------------------------------
            Scanning combination 16/73: [379.09]

======================================================================
SDCG Parameters
======================================================================
mode:              SD+CG
max_step:          0.2
max_iter:          256
sd_enabled:        True
cg_enabled:        True
sd_max_iter:       50
cg_switch_fmax:    0.0
cg_restart_thresh: 0.2
cg_beta_method:    prp+
diis_enabled:      True
diis_store_every:  5
diis_memory:       6
verbose:           0
======================================================================


                             Coordinates                              
----------------------------------------------------------------------
0    N               -1.8042              -1.1590              -0.9830
1    C               -0.5833              -0.5872              -1.5236
2    C               -0.8658               0.6445              -2.3449
3    O               -1.9547               1.0854              -2.5930
4    O                0.2727               1.2079              -2.7935
5    H               -2.5865              -0.8078              -1.5179
6    H               -1.7896              -2.1610              -1.0926
7    H               -0.0113              -1.2722              -2.1549
8    H                0.0885              -0.2898              -0.7182
9    H                0.0137               1.9684              -3.3279


Energy:                 -284.631156 Convergence criteria  Is converged 
Maximum Force:             0.002553     0.002850  Yes
RMS Force:                 0.000661     0.001900  Yes
Maximum Displacement:      0.000511     0.003150  Yes
RMS Displacement:          0.000153     0.002100  Yes

SDCG converged at iteration 16 (phase: SD).

----------------------------------------------------------------------
            Scanning combination 17/73: [384.09]

======================================================================
SDCG Parameters
======================================================================
mode:              SD+CG
max_step:          0.2
max_iter:          256
sd_enabled:        True
cg_enabled:        True
sd_max_iter:       50
cg_switch_fmax:    0.0
cg_restart_thresh: 0.2
cg_beta_method:    prp+
diis_enabled:      True
diis_store_every:  5
diis_memory:       6
verbose:           0
======================================================================


                             Coordinates                              
----------------------------------------------------------------------
0    N               -1.8131              -1.1547              -0.9955
1    C               -0.5874              -0.5908              -1.5326
2    C               -0.8662               0.6476              -2.3450
3    O               -1.9540               1.0900              -2.5947
4    O                0.2745               1.2130              -2.7859
5    H               -2.5836              -0.8591              -1.5792
6    H               -1.7706              -2.1612              -1.0386
7    H               -0.0205              -1.2747              -2.1702
8    H                0.0873              -0.3024              -0.7260
9    H                0.0181               1.9750              -3.3195


Energy:                 -284.631159 Convergence criteria  Is converged 
Maximum Force:             0.002840     0.002850  Yes
RMS Force:                 0.000701     0.001900  Yes
Maximum Displacement:      0.000574     0.003150  Yes
RMS Displacement:          0.000152     0.002100  Yes

SDCG converged at iteration 17 (phase: SD).

----------------------------------------------------------------------
            Scanning combination 18/73: [389.09]

======================================================================
SDCG Parameters
======================================================================
mode:              SD+CG
max_step:          0.2
max_iter:          256
sd_enabled:        True
cg_enabled:        True
sd_max_iter:       50
cg_switch_fmax:    0.0
cg_restart_thresh: 0.2
cg_beta_method:    prp+
diis_enabled:      True
diis_store_every:  5
diis_memory:       6
verbose:           0
======================================================================


                             Coordinates                              
----------------------------------------------------------------------
0    N               -1.8214              -1.1515              -1.0091
1    C               -0.5912              -0.5947              -1.5423
2    C               -0.8666               0.6506              -2.3456
3    O               -1.9531               1.0940              -2.5975
4    O                0.2764               1.2188              -2.7778
5    H               -2.5783              -0.9151              -1.6363
6    H               -1.7534              -2.1573              -0.9823
7    H               -0.0289              -1.2771              -2.1865
8    H                0.0858              -0.3160              -0.7342
9    H                0.0224               1.9824              -3.3101


Energy:                 -284.631182 Convergence criteria  Is converged 
Maximum Force:             0.002834     0.002850  Yes
RMS Force:                 0.000707     0.001900  Yes
Maximum Displacement:      0.000576     0.003150  Yes
RMS Displacement:          0.000152     0.002100  Yes

SDCG converged at iteration 17 (phase: SD).

----------------------------------------------------------------------
            Scanning combination 19/73: [394.09]

======================================================================
SDCG Parameters
======================================================================
mode:              SD+CG
max_step:          0.2
max_iter:          256
sd_enabled:        True
cg_enabled:        True
sd_max_iter:       50
cg_switch_fmax:    0.0
cg_restart_thresh: 0.2
cg_beta_method:    prp+
diis_enabled:      True
diis_store_every:  5
diis_memory:       6
verbose:           0
======================================================================


                             Coordinates                              
----------------------------------------------------------------------
0    N               -1.8289              -1.1494              -1.0224
1    C               -0.5948              -0.5988              -1.5525
2    C               -0.8669               0.6532              -2.3466
3    O               -1.9521               1.0974              -2.6011
4    O                0.2783               1.2246              -2.7694
5    H               -2.5703              -0.9753              -1.6878
6    H               -1.7379              -2.1494              -0.9274
7    H               -0.0366              -1.2800              -2.2028
8    H                0.0838              -0.3294              -0.7429
9    H                0.0267               1.9902              -3.3001


Energy:                 -284.631189 Convergence criteria  Is converged 
Maximum Force:             0.002824     0.002850  Yes
RMS Force:                 0.000753     0.001900  Yes
Maximum Displacement:      0.000577     0.003150  Yes
RMS Displacement:          0.000177     0.002100  Yes

SDCG converged at iteration 16 (phase: SD).

----------------------------------------------------------------------
            Scanning combination 20/73: [399.09]

======================================================================
SDCG Parameters
======================================================================
mode:              SD+CG
max_step:          0.2
max_iter:          256
sd_enabled:        True
cg_enabled:        True
sd_max_iter:       50
cg_switch_fmax:    0.0
cg_restart_thresh: 0.2
cg_beta_method:    prp+
diis_enabled:      True
diis_store_every:  5
diis_memory:       6
verbose:           0
======================================================================


                             Coordinates                              
----------------------------------------------------------------------
0    N               -1.8357              -1.1485              -1.0357
1    C               -0.5984              -0.6034              -1.5631
2    C               -0.8672               0.6554              -2.3480
3    O               -1.9510               1.1006              -2.6054
4    O                0.2803               1.2304              -2.7606
5    H               -2.5597              -1.0392              -1.7336
6    H               -1.7237              -2.1379              -0.8733
7    H               -0.0437              -1.2829              -2.2190
8    H                0.0816              -0.3425              -0.7519
9    H                0.0309               1.9982              -3.2892


Energy:                 -284.631167 Convergence criteria  Is converged 
Maximum Force:             0.002780     0.002850  Yes
RMS Force:                 0.000752     0.001900  Yes
Maximum Displacement:      0.000573     0.003150  Yes
RMS Displacement:          0.000177     0.002100  Yes

SDCG converged at iteration 16 (phase: SD).

----------------------------------------------------------------------
            Scanning combination 21/73: [404.09]

======================================================================
SDCG Parameters
======================================================================
mode:              SD+CG
max_step:          0.2
max_iter:          256
sd_enabled:        True
cg_enabled:        True
sd_max_iter:       50
cg_switch_fmax:    0.0
cg_restart_thresh: 0.2
cg_beta_method:    prp+
diis_enabled:      True
diis_store_every:  5
diis_memory:       6
verbose:           0
======================================================================


                             Coordinates                              
----------------------------------------------------------------------
0    N               -1.8418              -1.1488              -1.0489
1    C               -0.6021              -0.6084              -1.5742
2    C               -0.8677               0.6573              -2.3497
3    O               -1.9499               1.1038              -2.6102
4    O                0.2823               1.2360              -2.7516
5    H               -2.5464              -1.1063              -1.7740
6    H               -1.7109              -2.1230              -0.8205
7    H               -0.0504              -1.2859              -2.2352
8    H                0.0790              -0.3551              -0.7613
9    H                0.0351               2.0063              -3.2776


Energy:                 -284.631097 Convergence criteria  Is converged 
Maximum Force:             0.002733     0.002850  Yes
RMS Force:                 0.000747     0.001900  Yes
Maximum Displacement:      0.000567     0.003150  Yes
RMS Displacement:          0.000174     0.002100  Yes

SDCG converged at iteration 16 (phase: SD).

----------------------------------------------------------------------
            Scanning combination 22/73: [409.09]

======================================================================
SDCG Parameters
======================================================================
mode:              SD+CG
max_step:          0.2
max_iter:          256
sd_enabled:        True
cg_enabled:        True
sd_max_iter:       50
cg_switch_fmax:    0.0
cg_restart_thresh: 0.2
cg_beta_method:    prp+
diis_enabled:      True
diis_store_every:  5
diis_memory:       6
verbose:           0
======================================================================


                             Coordinates                              
----------------------------------------------------------------------
0    N               -1.8472              -1.1505              -1.0622
1    C               -0.6057              -0.6136              -1.5856
2    C               -0.8684               0.6588              -2.3516
3    O               -1.9487               1.1074              -2.6149
4    O                0.2842               1.2410              -2.7425
5    H               -2.5301              -1.1761              -1.8090
6    H               -1.6994              -2.1049              -0.7688
7    H               -0.0565              -1.2889              -2.2514
8    H                0.0760              -0.3673              -0.7711
9    H                0.0392               2.0142              -3.2654


Energy:                 -284.630967 Convergence criteria  Is converged 
Maximum Force:             0.002697     0.002850  Yes
RMS Force:                 0.000742     0.001900  Yes
Maximum Displacement:      0.000564     0.003150  Yes
RMS Displacement:          0.000173     0.002100  Yes

SDCG converged at iteration 16 (phase: SD).

----------------------------------------------------------------------
            Scanning combination 23/73: [414.09]

======================================================================
SDCG Parameters
======================================================================
mode:              SD+CG
max_step:          0.2
max_iter:          256
sd_enabled:        True
cg_enabled:        True
sd_max_iter:       50
cg_switch_fmax:    0.0
cg_restart_thresh: 0.2
cg_beta_method:    prp+
diis_enabled:      True
diis_store_every:  5
diis_memory:       6
verbose:           0
======================================================================


                             Coordinates                              
----------------------------------------------------------------------
0    N               -1.8522              -1.1536              -1.0757
1    C               -0.6094              -0.6191              -1.5972
2    C               -0.8693               0.6601              -2.3536
3    O               -1.9474               1.1116              -2.6193
4    O                0.2860               1.2453              -2.7336
5    H               -2.5108              -1.2485              -1.8386
6    H               -1.6893              -2.0836              -0.7181
7    H               -0.0619              -1.2917              -2.2675
8    H                0.0728              -0.3790              -0.7812
9    H                0.0432               2.0219              -3.2526


Energy:                 -284.630768 Convergence criteria  Is converged 
Maximum Force:             0.002660     0.002850  Yes
RMS Force:                 0.000735     0.001900  Yes
Maximum Displacement:      0.000561     0.003150  Yes
RMS Displacement:          0.000171     0.002100  Yes

SDCG converged at iteration 16 (phase: SD).

----------------------------------------------------------------------
            Scanning combination 24/73: [419.09]

======================================================================
SDCG Parameters
======================================================================
mode:              SD+CG
max_step:          0.2
max_iter:          256
sd_enabled:        True
cg_enabled:        True
sd_max_iter:       50
cg_switch_fmax:    0.0
cg_restart_thresh: 0.2
cg_beta_method:    prp+
diis_enabled:      True
diis_store_every:  5
diis_memory:       6
verbose:           0
======================================================================


                             Coordinates                              
----------------------------------------------------------------------
0    N               -1.8566              -1.1584              -1.0895
1    C               -0.6132              -0.6247              -1.6090
2    C               -0.8704               0.6613              -2.3556
3    O               -1.9460               1.1165              -2.6231
4    O                0.2878               1.2490              -2.7250
5    H               -2.4885              -1.3232              -1.8627
6    H               -1.6807              -2.0592              -0.6686
7    H               -0.0668              -1.2942              -2.2835
8    H                0.0692              -0.3902              -0.7914
9    H                0.0471               2.0293              -3.2395


Energy:                 -284.630494 Convergence criteria  Is converged 
Maximum Force:             0.002615     0.002850  Yes
RMS Force:                 0.000726     0.001900  Yes
Maximum Displacement:      0.000556     0.003150  Yes
RMS Displacement:          0.000170     0.002100  Yes

SDCG converged at iteration 16 (phase: SD).

----------------------------------------------------------------------
            Scanning combination 25/73: [424.09]

======================================================================
SDCG Parameters
======================================================================
mode:              SD+CG
max_step:          0.2
max_iter:          256
sd_enabled:        True
cg_enabled:        True
sd_max_iter:       50
cg_switch_fmax:    0.0
cg_restart_thresh: 0.2
cg_beta_method:    prp+
diis_enabled:      True
diis_store_every:  5
diis_memory:       6
verbose:           0
======================================================================


                             Coordinates                              
----------------------------------------------------------------------
0    N               -1.8606              -1.1647              -1.1036
1    C               -0.6170              -0.6305              -1.6208
2    C               -0.8715               0.6623              -2.3575
3    O               -1.9447               1.1217              -2.6260
4    O                0.2894               1.2519              -2.7168
5    H               -2.4634              -1.3996              -1.8813
6    H               -1.6736              -2.0316              -0.6206
7    H               -0.0710              -1.2962              -2.2994
8    H                0.0655              -0.4010              -0.8018
9    H                0.0510               2.0364              -3.2260


Energy:                 -284.630140 Convergence criteria  Is converged 
Maximum Force:             0.002568     0.002850  Yes
RMS Force:                 0.000717     0.001900  Yes
Maximum Displacement:      0.000553     0.003150  Yes
RMS Displacement:          0.000170     0.002100  Yes

SDCG converged at iteration 16 (phase: SD).

----------------------------------------------------------------------
            Scanning combination 26/73: [429.09]

======================================================================
SDCG Parameters
======================================================================
mode:              SD+CG
max_step:          0.2
max_iter:          256
sd_enabled:        True
cg_enabled:        True
sd_max_iter:       50
cg_switch_fmax:    0.0
cg_restart_thresh: 0.2
cg_beta_method:    prp+
diis_enabled:      True
diis_store_every:  5
diis_memory:       6
verbose:           0
======================================================================


                             Coordinates                              
----------------------------------------------------------------------
0    N               -1.8641              -1.1728              -1.1181
1    C               -0.6208              -0.6362              -1.6326
2    C               -0.8727               0.6632              -2.3593
3    O               -1.9433               1.1274              -2.6281
4    O                0.2910               1.2543              -2.7091
5    H               -2.4357              -1.4776              -1.8941
6    H               -1.6681              -2.0007              -0.5743
7    H               -0.0748              -1.2978              -2.3152
8    H                0.0618              -0.4117              -0.8122
9    H                0.0547               2.0431              -3.2125


Energy:                 -284.629709 Convergence criteria  Is converged 
Maximum Force:             0.002526     0.002850  Yes
RMS Force:                 0.000713     0.001900  Yes
Maximum Displacement:      0.000549     0.003150  Yes
RMS Displacement:          0.000170     0.002100  Yes

SDCG converged at iteration 16 (phase: SD).

----------------------------------------------------------------------
            Scanning combination 27/73: [434.09]

======================================================================
SDCG Parameters
======================================================================
mode:              SD+CG
max_step:          0.2
max_iter:          256
sd_enabled:        True
cg_enabled:        True
sd_max_iter:       50
cg_switch_fmax:    0.0
cg_restart_thresh: 0.2
cg_beta_method:    prp+
diis_enabled:      True
diis_store_every:  5
diis_memory:       6
verbose:           0
======================================================================


                             Coordinates                              
----------------------------------------------------------------------
0    N               -1.8670              -1.1837              -1.1331
1    C               -0.6250              -0.6417              -1.6443
2    C               -0.8739               0.6646              -2.3611
3    O               -1.9414               1.1352              -2.6293
4    O                0.2928               1.2558              -2.7020
5    H               -2.4058              -1.5583              -1.9010
6    H               -1.6641              -1.9666              -0.5292
7    H               -0.0783              -1.2983              -2.3310
8    H                0.0578              -0.4219              -0.8226
9    H                0.0587               2.0495              -3.1988


Energy:                 -284.629236 Convergence criteria  Is converged 
Maximum Force:             0.002502     0.002850  Yes
RMS Force:                 0.000720     0.001900  Yes
Maximum Displacement:      0.000548     0.003150  Yes
RMS Displacement:          0.000173     0.002100  Yes

SDCG converged at iteration 16 (phase: SD).

----------------------------------------------------------------------
            Scanning combination 28/73: [439.09]

======================================================================
SDCG Parameters
======================================================================
mode:              SD+CG
max_step:          0.2
max_iter:          256
sd_enabled:        True
cg_enabled:        True
sd_max_iter:       50
cg_switch_fmax:    0.0
cg_restart_thresh: 0.2
cg_beta_method:    prp+
diis_enabled:      True
diis_store_every:  5
diis_memory:       6
verbose:           0
======================================================================


                             Coordinates                              
----------------------------------------------------------------------
0    N               -1.8691              -1.1984              -1.1488
1    C               -0.6297              -0.6468              -1.6558
2    C               -0.8756               0.6666              -2.3632
3    O               -1.9391               1.1465              -2.6293
4    O                0.2948               1.2560              -2.6960
5    H               -2.3736              -1.6426              -1.9016
6    H               -1.6618              -1.9291              -0.4849
7    H               -0.0815              -1.2973              -2.3469
8    H                0.0532              -0.4313              -0.8333
9    H                0.0636               2.0554              -3.1850


Energy:                 -284.628795 Convergence criteria  Is converged 
Maximum Force:             0.002509     0.002850  Yes
RMS Force:                 0.000748     0.001900  Yes
Maximum Displacement:      0.000554     0.003150  Yes
RMS Displacement:          0.000184     0.002100  Yes

SDCG converged at iteration 16 (phase: SD).

----------------------------------------------------------------------
            Scanning combination 29/73: [444.09]

======================================================================
SDCG Parameters
======================================================================
mode:              SD+CG
max_step:          0.2
max_iter:          256
sd_enabled:        True
cg_enabled:        True
sd_max_iter:       50
cg_switch_fmax:    0.0
cg_restart_thresh: 0.2
cg_beta_method:    prp+
diis_enabled:      True
diis_store_every:  5
diis_memory:       6
verbose:           0
======================================================================


                             Coordinates                              
----------------------------------------------------------------------
0    N               -1.8701              -1.2159              -1.1648
1    C               -0.6347              -0.6516              -1.6670
2    C               -0.8778               0.6689              -2.3648
3    O               -1.9371               1.1592              -2.6269
4    O                0.2966               1.2547              -2.6914
5    H               -2.3381              -1.7282              -1.8968
6    H               -1.6620              -1.8879              -0.4426
7    H               -0.0842              -1.2949              -2.3628
8    H                0.0484              -0.4399              -0.8437
9    H                0.0695               2.0606              -3.1716


Energy:                 -284.628430 Convergence criteria  Is converged 
Maximum Force:             0.002534     0.002850  Yes
RMS Force:                 0.000781     0.001900  Yes
Maximum Displacement:      0.000569     0.003150  Yes
RMS Displacement:          0.000198     0.002100  Yes

SDCG converged at iteration 16 (phase: SD).

----------------------------------------------------------------------
            Scanning combination 30/73: [449.09]

======================================================================
SDCG Parameters
======================================================================
mode:              SD+CG
max_step:          0.2
max_iter:          256
sd_enabled:        True
cg_enabled:        True
sd_max_iter:       50
cg_switch_fmax:    0.0
cg_restart_thresh: 0.2
cg_beta_method:    prp+
diis_enabled:      True
diis_store_every:  5
diis_memory:       6
verbose:           0
======================================================================


                             Coordinates                              
----------------------------------------------------------------------
0    N               -1.8700              -1.2342              -1.1807
1    C               -0.6388              -0.6566              -1.6775
2    C               -0.8801               0.6707              -2.3653
3    O               -1.9363               1.1701              -2.6212
4    O                0.2977               1.2525              -2.6882
5    H               -2.2984              -1.8110              -1.8875
6    H               -1.6664              -1.8432              -0.4042
7    H               -0.0864              -1.2921              -2.3784
8    H                0.0444              -0.4486              -0.8536
9    H                0.0751               2.0652              -3.1590


Energy:                 -284.628121 Convergence criteria  Is converged 
Maximum Force:             0.002551     0.002850  Yes
RMS Force:                 0.000812     0.001900  Yes
Maximum Displacement:      0.000591     0.003150  Yes
RMS Displacement:          0.000214     0.002100  Yes

SDCG converged at iteration 16 (phase: SD).

----------------------------------------------------------------------
            Scanning combination 31/73: [454.09]

======================================================================
SDCG Parameters
======================================================================
mode:              SD+CG
max_step:          0.2
max_iter:          256
sd_enabled:        True
cg_enabled:        True
sd_max_iter:       50
cg_switch_fmax:    0.0
cg_restart_thresh: 0.2
cg_beta_method:    prp+
diis_enabled:      True
diis_store_every:  5
diis_memory:       6
verbose:           0
======================================================================


                             Coordinates                              
----------------------------------------------------------------------
0    N               -1.8687              -1.2524              -1.1961
1    C               -0.6416              -0.6619              -1.6871
2    C               -0.8822               0.6718              -2.3648
3    O               -1.9364               1.1785              -2.6129
4    O                0.2982               1.2502              -2.6862
5    H               -2.2546              -1.8897              -1.8738
6    H               -1.6755              -1.7952              -0.3702
7    H               -0.0882              -1.2895              -2.3935
8    H                0.0423              -0.4579              -0.8629
9    H                0.0793               2.0693              -3.1474


Energy:                 -284.627846 Convergence criteria  Is converged 
Maximum Force:             0.002503     0.002850  Yes
RMS Force:                 0.000848     0.001900  Yes
Maximum Displacement:      0.000599     0.003150  Yes
RMS Displacement:          0.000229     0.002100  Yes

SDCG converged at iteration 16 (phase: SD).

----------------------------------------------------------------------
            Scanning combination 32/73: [459.09]

======================================================================
SDCG Parameters
======================================================================
mode:              SD+CG
max_step:          0.2
max_iter:          256
sd_enabled:        True
cg_enabled:        True
sd_max_iter:       50
cg_switch_fmax:    0.0
cg_restart_thresh: 0.2
cg_beta_method:    prp+
diis_enabled:      True
diis_store_every:  5
diis_memory:       6
verbose:           0
======================================================================


                             Coordinates                              
----------------------------------------------------------------------
0    N               -1.8661              -1.2703              -1.2109
1    C               -0.6429              -0.6674              -1.6956
2    C               -0.8838               0.6722              -2.3632
3    O               -1.9370               1.1848              -2.6026
4    O                0.2981               1.2480              -2.6849
5    H               -2.2075              -1.9642              -1.8552
6    H               -1.6895              -1.7444              -0.3407
7    H               -0.0899              -1.2873              -2.4081
8    H                0.0422              -0.4682              -0.8715
9    H                0.0817               2.0729              -3.1367


Energy:                 -284.627600 Convergence criteria  Is converged 
Maximum Force:             0.002375     0.002850  Yes
RMS Force:                 0.000883     0.001900  Yes
Maximum Displacement:      0.000582     0.003150  Yes
RMS Displacement:          0.000243     0.002100  Yes

SDCG converged at iteration 16 (phase: SD).

----------------------------------------------------------------------
            Scanning combination 33/73: [464.09]

======================================================================
SDCG Parameters
======================================================================
mode:              SD+CG
max_step:          0.2
max_iter:          256
sd_enabled:        True
cg_enabled:        True
sd_max_iter:       50
cg_switch_fmax:    0.0
cg_restart_thresh: 0.2
cg_beta_method:    prp+
diis_enabled:      True
diis_store_every:  5
diis_memory:       6
verbose:           0
======================================================================


                             Coordinates                              
----------------------------------------------------------------------
0    N               -1.8624              -1.2879              -1.2245
1    C               -0.6430              -0.6731              -1.7031
2    C               -0.8851               0.6719              -2.3608
3    O               -1.9378               1.1894              -2.5910
4    O                0.2976               1.2460              -2.6842
5    H               -2.1575              -2.0340              -1.8315
6    H               -1.7080              -1.6918              -0.3159
7    H               -0.0917              -1.2856              -2.4224
8    H                0.0444              -0.4791              -0.8798
9    H                0.0824               2.0762              -3.1268


Energy:                 -284.627391 Convergence criteria  Is converged 
Maximum Force:             0.002214     0.002850  Yes
RMS Force:                 0.000917     0.001900  Yes
Maximum Displacement:      0.000579     0.003150  Yes
RMS Displacement:          0.000254     0.002100  Yes

SDCG converged at iteration 16 (phase: SD).

----------------------------------------------------------------------
            Scanning combination 34/73: [469.09]

======================================================================
SDCG Parameters
======================================================================
mode:              SD+CG
max_step:          0.2
max_iter:          256
sd_enabled:        True
cg_enabled:        True
sd_max_iter:       50
cg_switch_fmax:    0.0
cg_restart_thresh: 0.2
cg_beta_method:    prp+
diis_enabled:      True
diis_store_every:  5
diis_memory:       6
verbose:           0
======================================================================


                             Coordinates                              
----------------------------------------------------------------------
0    N               -1.8575              -1.3052              -1.2369
1    C               -0.6420              -0.6789              -1.7095
2    C               -0.8862               0.6710              -2.3576
3    O               -1.9388               1.1928              -2.5786
4    O                0.2966               1.2440              -2.6837
5    H               -2.1051              -2.0991              -1.8023
6    H               -1.7308              -1.6378              -0.2960
7    H               -0.0938              -1.2842              -2.4364
8    H                0.0489              -0.4906              -0.8879
9    H                0.0816               2.0789              -3.1174


Energy:                 -284.627229 Convergence criteria  Is converged 
Maximum Force:             0.002382     0.002850  Yes
RMS Force:                 0.000950     0.001900  Yes
Maximum Displacement:      0.000603     0.003150  Yes
RMS Displacement:          0.000264     0.002100  Yes

SDCG converged at iteration 16 (phase: SD).

----------------------------------------------------------------------
            Scanning combination 35/73: [474.09]

======================================================================
SDCG Parameters
======================================================================
mode:              SD+CG
max_step:          0.2
max_iter:          256
sd_enabled:        True
cg_enabled:        True
sd_max_iter:       50
cg_switch_fmax:    0.0
cg_restart_thresh: 0.2
cg_beta_method:    prp+
diis_enabled:      True
diis_store_every:  5
diis_memory:       6
verbose:           0
======================================================================


                             Coordinates                              
----------------------------------------------------------------------
0    N               -1.8532              -1.3202              -1.2468
1    C               -0.6406              -0.6846              -1.7148
2    C               -0.8867               0.6701              -2.3536
3    O               -1.9387               1.1954              -2.5674
4    O                0.2956               1.2428              -2.6833
5    H               -2.0532              -2.1571              -1.7673
6    H               -1.7533              -1.5902              -0.2826
7    H               -0.0967              -1.2827              -2.4476
8    H                0.0546              -0.5010              -0.8950
9    H                0.0792               2.0807              -3.1102


Energy:                 -284.624847 Convergence criteria  Is converged 
Maximum Force:             0.002789     0.002850  Yes
RMS Force:                 0.000960     0.001900  Yes
Maximum Displacement:      0.000592     0.003150  Yes
RMS Displacement:          0.000228     0.002100  Yes

SDCG converged at iteration 17 (phase: SD).

----------------------------------------------------------------------
            Scanning combination 36/73: [479.09]

======================================================================
SDCG Parameters
======================================================================
mode:              SD+CG
max_step:          0.2
max_iter:          256
sd_enabled:        True
cg_enabled:        True
sd_max_iter:       50
cg_switch_fmax:    0.0
cg_restart_thresh: 0.2
cg_beta_method:    prp+
diis_enabled:      True
diis_store_every:  5
diis_memory:       6
verbose:           0
======================================================================


                             Coordinates                              
----------------------------------------------------------------------
0    N               -1.8388              -1.3441              -1.2591
1    C               -0.6346              -0.6924              -1.7197
2    C               -0.8885               0.6665              -2.3486
3    O               -1.9413               1.1959              -2.5474
4    O                0.2930               1.2400              -2.6843
5    H               -1.9913              -2.2203              -1.7275
6    H               -1.8026              -1.5124              -0.2684
7    H               -0.1003              -1.2796              -2.4680
8    H                0.0708              -0.5185              -0.9062
9    H                0.0746               2.0839              -3.0979


Energy:                 -284.624946 Convergence criteria  Is converged 
Maximum Force:             0.002403     0.002850  Yes
RMS Force:                 0.000647     0.001900  Yes
Maximum Displacement:      0.000503     0.003150  Yes
RMS Displacement:          0.000153     0.002100  Yes

SDCG converged at iteration 21 (phase: SD).

----------------------------------------------------------------------
            Scanning combination 37/73: [484.09]

======================================================================
SDCG Parameters
======================================================================
mode:              SD+CG
max_step:          0.2
max_iter:          256
sd_enabled:        True
cg_enabled:        True
sd_max_iter:       50
cg_switch_fmax:    0.0
cg_restart_thresh: 0.2
cg_beta_method:    prp+
diis_enabled:      True
diis_store_every:  5
diis_memory:       6
verbose:           0
======================================================================


                             Coordinates                              
----------------------------------------------------------------------
0    N               -1.8361              -1.3545              -1.2655
1    C               -0.6317              -0.6970              -1.7221
2    C               -0.8883               0.6648              -2.3431
3    O               -1.9422               1.1940              -2.5361
4    O                0.2913               1.2391              -2.6843
5    H               -1.9404              -2.2632              -1.6816
6    H               -1.8263              -1.4707              -0.2672
7    H               -0.1018              -1.2807              -2.4772
8    H                0.0794              -0.5284              -0.9126
9    H                0.0705               2.0853              -3.0923


Energy:                 -284.624920 Convergence criteria  Is converged 
Maximum Force:             0.002584     0.002850  Yes
RMS Force:                 0.000884     0.001900  Yes
Maximum Displacement:      0.000529     0.003150  Yes
RMS Displacement:          0.000234     0.002100  Yes

SDCG converged at iteration 16 (phase: SD).

----------------------------------------------------------------------
            Scanning combination 38/73: [489.09]

======================================================================
SDCG Parameters
======================================================================
mode:              SD+CG
max_step:          0.2
max_iter:          256
sd_enabled:        True
cg_enabled:        True
sd_max_iter:       50
cg_switch_fmax:    0.0
cg_restart_thresh: 0.2
cg_beta_method:    prp+
diis_enabled:      True
diis_store_every:  5
diis_memory:       6
verbose:           0
======================================================================


                             Coordinates                              
----------------------------------------------------------------------
0    N               -1.8215              -1.3713              -1.2740
1    C               -0.6239              -0.7048              -1.7249
2    C               -0.8889               0.6598              -2.3359
3    O               -1.9461               1.1883              -2.5146
4    O                0.2863               1.2371              -2.6837
5    H               -1.8822              -2.3086              -1.6316
6    H               -1.8745              -1.3994              -0.2702
7    H               -0.1054              -1.2803              -2.4926
8    H                0.0989              -0.5449              -0.9224
9    H                0.0643               2.0868              -3.0835


Energy:                 -284.627342 Convergence criteria  Is converged 
Maximum Force:             0.002265     0.002850  Yes
RMS Force:                 0.000640     0.001900  Yes
Maximum Displacement:      0.000457     0.003150  Yes
RMS Displacement:          0.000145     0.002100  Yes

SDCG converged at iteration 21 (phase: SD).

----------------------------------------------------------------------
            Scanning combination 39/73: [494.09]

======================================================================
SDCG Parameters
======================================================================
mode:              SD+CG
max_step:          0.2
max_iter:          256
sd_enabled:        True
cg_enabled:        True
sd_max_iter:       50
cg_switch_fmax:    0.0
cg_restart_thresh: 0.2
cg_beta_method:    prp+
diis_enabled:      True
diis_store_every:  5
diis_memory:       6
verbose:           0
======================================================================


                             Coordinates                              
----------------------------------------------------------------------
0    N               -1.8186              -1.3804              -1.2785
1    C               -0.6203              -0.7095              -1.7265
2    C               -0.8883               0.6575              -2.3299
3    O               -1.9468               1.1852              -2.5025
4    O                0.2843               1.2365              -2.6835
5    H               -1.8343              -2.3401              -1.5766
6    H               -1.8982              -1.3597              -0.2765
7    H               -0.1061              -1.2821              -2.5005
8    H                0.1083              -0.5544              -0.9283
9    H                0.0589               2.0875              -3.0789


Energy:                 -284.627419 Convergence criteria  Is converged 
Maximum Force:             0.002633     0.002850  Yes
RMS Force:                 0.000876     0.001900  Yes
Maximum Displacement:      0.000554     0.003150  Yes
RMS Displacement:          0.000233     0.002100  Yes

SDCG converged at iteration 16 (phase: SD).

----------------------------------------------------------------------
            Scanning combination 40/73: [499.09]

======================================================================
SDCG Parameters
======================================================================
mode:              SD+CG
max_step:          0.2
max_iter:          256
sd_enabled:        True
cg_enabled:        True
sd_max_iter:       50
cg_switch_fmax:    0.0
cg_restart_thresh: 0.2
cg_beta_method:    prp+
diis_enabled:      True
diis_store_every:  5
diis_memory:       6
verbose:           0
======================================================================


                             Coordinates                              
----------------------------------------------------------------------
0    N               -1.8119              -1.3914              -1.2827
1    C               -0.6155              -0.7155              -1.7288
2    C               -0.8887               0.6537              -2.3237
3    O               -1.9485               1.1817              -2.4871
4    O                0.2812               1.2352              -2.6822
5    H               -1.7851              -2.3686              -1.5179
6    H               -1.9279              -1.3111              -0.2866
7    H               -0.1077              -1.2833              -2.5099
8    H                0.1200              -0.5652              -0.9348
9    H                0.0533               2.0875              -3.0733


Energy:                 -284.627570 Convergence criteria  Is converged 
Maximum Force:             0.002828     0.002850  Yes
RMS Force:                 0.000856     0.001900  Yes
Maximum Displacement:      0.000590     0.003150  Yes
RMS Displacement:          0.000195     0.002100  Yes

SDCG converged at iteration 17 (phase: SD).

----------------------------------------------------------------------
            Scanning combination 41/73: [504.09]

======================================================================
SDCG Parameters
======================================================================
mode:              SD+CG
max_step:          0.2
max_iter:          256
sd_enabled:        True
cg_enabled:        True
sd_max_iter:       50
cg_switch_fmax:    0.0
cg_restart_thresh: 0.2
cg_beta_method:    prp+
diis_enabled:      True
diis_store_every:  5
diis_memory:       6
verbose:           0
======================================================================


                             Coordinates                              
----------------------------------------------------------------------
0    N               -1.8045              -1.4021              -1.2860
1    C               -0.6100              -0.7214              -1.7304
2    C               -0.8890               0.6496              -2.3171
3    O               -1.9503               1.1775              -2.4707
4    O                0.2778               1.2336              -2.6817
5    H               -1.7382              -2.3913              -1.4549
6    H               -1.9590              -1.2628              -0.3012
7    H               -0.1088              -1.2849              -2.5190
8    H                0.1328              -0.5758              -0.9416
9    H                0.0471               2.0875              -3.0674


Energy:                 -284.627758 Convergence criteria  Is converged 
Maximum Force:             0.002812     0.002850  Yes
RMS Force:                 0.000865     0.001900  Yes
Maximum Displacement:      0.000591     0.003150  Yes
RMS Displacement:          0.000197     0.002100  Yes

SDCG converged at iteration 17 (phase: SD).

----------------------------------------------------------------------
            Scanning combination 42/73: [509.09]

======================================================================
SDCG Parameters
======================================================================
mode:              SD+CG
max_step:          0.2
max_iter:          256
sd_enabled:        True
cg_enabled:        True
sd_max_iter:       50
cg_switch_fmax:    0.0
cg_restart_thresh: 0.2
cg_beta_method:    prp+
diis_enabled:      True
diis_store_every:  5
diis_memory:       6
verbose:           0
======================================================================


                             Coordinates                              
----------------------------------------------------------------------
0    N               -1.7970              -1.4121              -1.2883
1    C               -0.6041              -0.7274              -1.7318
2    C               -0.8890               0.6451              -2.3104
3    O               -1.9520               1.1731              -2.4533
4    O                0.2742               1.2319              -2.6818
5    H               -1.6941              -2.4080              -1.3886
6    H               -1.9897              -1.2157              -0.3197
7    H               -0.1094              -1.2870              -2.5273
8    H                0.1457              -0.5861              -0.9480
9    H                0.0402               2.0876              -3.0615


Energy:                 -284.627965 Convergence criteria  Is converged 
Maximum Force:             0.002709     0.002850  Yes
RMS Force:                 0.000856     0.001900  Yes
Maximum Displacement:      0.000575     0.003150  Yes
RMS Displacement:          0.000195     0.002100  Yes

SDCG converged at iteration 17 (phase: SD).

----------------------------------------------------------------------
            Scanning combination 43/73: [514.09]

======================================================================
SDCG Parameters
======================================================================
mode:              SD+CG
max_step:          0.2
max_iter:          256
sd_enabled:        True
cg_enabled:        True
sd_max_iter:       50
cg_switch_fmax:    0.0
cg_restart_thresh: 0.2
cg_beta_method:    prp+
diis_enabled:      True
diis_store_every:  5
diis_memory:       6
verbose:           0
======================================================================


                             Coordinates                              
----------------------------------------------------------------------
0    N               -1.7899              -1.4216              -1.2896
1    C               -0.5982              -0.7331              -1.7329
2    C               -0.8889               0.6407              -2.3037
3    O               -1.9534               1.1687              -2.4353
4    O                0.2705               1.2300              -2.6823
5    H               -1.6530              -2.4184              -1.3195
6    H               -2.0187              -1.1706              -0.3415
7    H               -0.1094              -1.2896              -2.5350
8    H                0.1575              -0.5958              -0.9539
9    H                0.0331               2.0874              -3.0558


Energy:                 -284.628180 Convergence criteria  Is converged 
Maximum Force:             0.002791     0.002850  Yes
RMS Force:                 0.000962     0.001900  Yes
Maximum Displacement:      0.000623     0.003150  Yes
RMS Displacement:          0.000263     0.002100  Yes

SDCG converged at iteration 16 (phase: SD).

----------------------------------------------------------------------
            Scanning combination 44/73: [519.09]

======================================================================
SDCG Parameters
======================================================================
mode:              SD+CG
max_step:          0.2
max_iter:          256
sd_enabled:        True
cg_enabled:        True
sd_max_iter:       50
cg_switch_fmax:    0.0
cg_restart_thresh: 0.2
cg_beta_method:    prp+
diis_enabled:      True
diis_store_every:  5
diis_memory:       6
verbose:           0
======================================================================


                             Coordinates                              
----------------------------------------------------------------------
0    N               -1.7824              -1.4306              -1.2902
1    C               -0.5921              -0.7390              -1.7342
2    C               -0.8886               0.6360              -2.2969
3    O               -1.9548               1.1640              -2.4157
4    O                0.2666               1.2280              -2.6837
5    H               -1.6149              -2.4228              -1.2484
6    H               -2.0475              -1.1265              -0.3668
7    H               -0.1090              -1.2926              -2.5418
8    H                0.1691              -0.6050              -0.9594
9    H                0.0256               2.0873              -3.0505


Energy:                 -284.628415 Convergence criteria  Is converged 
Maximum Force:             0.002748     0.002850  Yes
RMS Force:                 0.000973     0.001900  Yes
Maximum Displacement:      0.000623     0.003150  Yes
RMS Displacement:          0.000264     0.002100  Yes

SDCG converged at iteration 16 (phase: SD).

----------------------------------------------------------------------
            Scanning combination 45/73: [524.09]

======================================================================
SDCG Parameters
======================================================================
mode:              SD+CG
max_step:          0.2
max_iter:          256
sd_enabled:        True
cg_enabled:        True
sd_max_iter:       50
cg_switch_fmax:    0.0
cg_restart_thresh: 0.2
cg_beta_method:    prp+
diis_enabled:      True
diis_store_every:  5
diis_memory:       6
verbose:           0
======================================================================


                             Coordinates                              
----------------------------------------------------------------------
0    N               -1.7747              -1.4390              -1.2898
1    C               -0.5858              -0.7450              -1.7353
2    C               -0.8879               0.6312              -2.2898
3    O               -1.9561               1.1588              -2.3941
4    O                0.2626               1.2259              -2.6859
5    H               -1.5802              -2.4212              -1.1757
6    H               -2.0758              -1.0834              -0.3959
7    H               -0.1081              -1.2961              -2.5479
8    H                0.1803              -0.6137              -0.9644
9    H                0.0179               2.0872              -3.0454


Energy:                 -284.628680 Convergence criteria  Is converged 
Maximum Force:             0.002738     0.002850  Yes
RMS Force:                 0.001008     0.001900  Yes
Maximum Displacement:      0.000627     0.003150  Yes
RMS Displacement:          0.000266     0.002100  Yes

SDCG converged at iteration 16 (phase: SD).

----------------------------------------------------------------------
            Scanning combination 46/73: [529.09]

======================================================================
SDCG Parameters
======================================================================
mode:              SD+CG
max_step:          0.2
max_iter:          256
sd_enabled:        True
cg_enabled:        True
sd_max_iter:       50
cg_switch_fmax:    0.0
cg_restart_thresh: 0.2
cg_beta_method:    prp+
diis_enabled:      True
diis_store_every:  5
diis_memory:       6
verbose:           0
======================================================================


                             Coordinates                              
----------------------------------------------------------------------
0    N               -1.7664              -1.4467              -1.2886
1    C               -0.5789              -0.7512              -1.7364
2    C               -0.8869               0.6260              -2.2825
3    O               -1.9575               1.1526              -2.3695
4    O                0.2580               1.2238              -2.6892
5    H               -1.5491              -2.4133              -1.1018
6    H               -2.1043              -1.0405              -0.4295
7    H               -0.1064              -1.3002              -2.5533
8    H                0.1914              -0.6221              -0.9691
9    H                0.0096               2.0872              -3.0408


Energy:                 -284.628998 Convergence criteria  Is converged 
Maximum Force:             0.002767     0.002850  Yes
RMS Force:                 0.001082     0.001900  Yes
Maximum Displacement:      0.000640     0.003150  Yes
RMS Displacement:          0.000276     0.002100  Yes

SDCG converged at iteration 16 (phase: SD).

----------------------------------------------------------------------
            Scanning combination 47/73: [534.09]

======================================================================
SDCG Parameters
======================================================================
mode:              SD+CG
max_step:          0.2
max_iter:          256
sd_enabled:        True
cg_enabled:        True
sd_max_iter:       50
cg_switch_fmax:    0.0
cg_restart_thresh: 0.2
cg_beta_method:    prp+
diis_enabled:      True
diis_store_every:  5
diis_memory:       6
verbose:           0
======================================================================


                             Coordinates                              
----------------------------------------------------------------------
0    N               -1.7577              -1.4533              -1.2865
1    C               -0.5711              -0.7577              -1.7374
2    C               -0.8854               0.6204              -2.2745
3    O               -1.9587               1.1451              -2.3415
4    O                0.2528               1.2215              -2.6939
5    H               -1.5222              -2.3992              -1.0272
6    H               -2.1331              -0.9974              -0.4684
7    H               -0.1036              -1.3050              -2.5581
8    H                0.2029              -0.6304              -0.9733
9    H                0.0004               2.0873              -3.0366


Energy:                 -284.629393 Convergence criteria  Is converged 
Maximum Force:             0.002791     0.002850  Yes
RMS Force:                 0.001164     0.001900  Yes
Maximum Displacement:      0.000652     0.003150  Yes
RMS Displacement:          0.000289     0.002100  Yes

SDCG converged at iteration 16 (phase: SD).

----------------------------------------------------------------------
            Scanning combination 48/73: [539.09]

======================================================================
SDCG Parameters
======================================================================
mode:              SD+CG
max_step:          0.2
max_iter:          256
sd_enabled:        True
cg_enabled:        True
sd_max_iter:       50
cg_switch_fmax:    0.0
cg_restart_thresh: 0.2
cg_beta_method:    prp+
diis_enabled:      True
diis_store_every:  5
diis_memory:       6
verbose:           0
======================================================================


                             Coordinates                              
----------------------------------------------------------------------
0    N               -1.7486              -1.4588              -1.2833
1    C               -0.5627              -0.7644              -1.7382
2    C               -0.8834               0.6147              -2.2660
3    O               -1.9592               1.1374              -2.3109
4    O                0.2469               1.2191              -2.7000
5    H               -1.4998              -2.3789              -0.9524
6    H               -2.1619              -0.9560              -0.5115
7    H               -0.0996              -1.3104              -2.5623
8    H                0.2146              -0.6388              -0.9771
9    H               -0.0099               2.0875              -3.0328


Energy:                 -284.629837 Convergence criteria  Is converged 
Maximum Force:             0.002752     0.002850  Yes
RMS Force:                 0.001173     0.001900  Yes
Maximum Displacement:      0.000659     0.003150  Yes
RMS Displacement:          0.000295     0.002100  Yes

SDCG converged at iteration 16 (phase: SD).

----------------------------------------------------------------------
            Scanning combination 49/73: [544.09]

======================================================================
SDCG Parameters
======================================================================
mode:              SD+CG
max_step:          0.2
max_iter:          256
sd_enabled:        True
cg_enabled:        True
sd_max_iter:       50
cg_switch_fmax:    0.0
cg_restart_thresh: 0.2
cg_beta_method:    prp+
diis_enabled:      True
diis_store_every:  5
diis_memory:       6
verbose:           0
======================================================================


                             Coordinates                              
----------------------------------------------------------------------
0    N               -1.7402              -1.4638              -1.2788
1    C               -0.5547              -0.7708              -1.7388
2    C               -0.8810               0.6098              -2.2576
3    O               -1.9585               1.1316              -2.2809
4    O                0.2411               1.2167              -2.7070
5    H               -1.4811              -2.3529              -0.8780
6    H               -2.1897              -0.9198              -0.5558
7    H               -0.0955              -1.3155              -2.5658
8    H                0.2257              -0.6468              -0.9807
9    H               -0.0205               2.0875              -3.0296


Energy:                 -284.630235 Convergence criteria  Is converged 
Maximum Force:             0.002628     0.002850  Yes
RMS Force:                 0.001103     0.001900  Yes
Maximum Displacement:      0.000646     0.003150  Yes
RMS Displacement:          0.000284     0.002100  Yes

SDCG converged at iteration 16 (phase: SD).

----------------------------------------------------------------------
            Scanning combination 50/73: [549.09]

======================================================================
SDCG Parameters
======================================================================
mode:              SD+CG
max_step:          0.2
max_iter:          256
sd_enabled:        True
cg_enabled:        True
sd_max_iter:       50
cg_switch_fmax:    0.0
cg_restart_thresh: 0.2
cg_beta_method:    prp+
diis_enabled:      True
diis_store_every:  5
diis_memory:       6
verbose:           0
======================================================================


                             Coordinates                              
----------------------------------------------------------------------
0    N               -1.7326              -1.4688              -1.2729
1    C               -0.5481              -0.7763              -1.7393
2    C               -0.8786               0.6060              -2.2493
3    O               -1.9567               1.1279              -2.2524
4    O                0.2357               1.2142              -2.7139
5    H               -1.4647              -2.3216              -0.8045
6    H               -2.2158              -0.8894              -0.6000
7    H               -0.0924              -1.3198              -2.5688
8    H                0.2354              -0.6541              -0.9843
9    H               -0.0301               2.0871              -3.0272


Energy:                 -284.630541 Convergence criteria  Is converged 
Maximum Force:             0.002519     0.002850  Yes
RMS Force:                 0.001037     0.001900  Yes
Maximum Displacement:      0.000628     0.003150  Yes
RMS Displacement:          0.000268     0.002100  Yes

SDCG converged at iteration 16 (phase: SD).

----------------------------------------------------------------------
            Scanning combination 51/73: [554.09]

======================================================================
SDCG Parameters
======================================================================
mode:              SD+CG
max_step:          0.2
max_iter:          256
sd_enabled:        True
cg_enabled:        True
sd_max_iter:       50
cg_switch_fmax:    0.0
cg_restart_thresh: 0.2
cg_beta_method:    prp+
diis_enabled:      True
diis_store_every:  5
diis_memory:       6
verbose:           0
======================================================================


                             Coordinates                              
----------------------------------------------------------------------
0    N               -1.7253              -1.4737              -1.2657
1    C               -0.5426              -0.7812              -1.7395
2    C               -0.8763               0.6029              -2.2411
3    O               -1.9545               1.1254              -2.2248
4    O                0.2305               1.2115              -2.7205
5    H               -1.4506              -2.2851              -0.7323
6    H               -2.2409              -0.8635              -0.6455
7    H               -0.0907              -1.3236              -2.5717
8    H                0.2445              -0.6608              -0.9880
9    H               -0.0386               2.0863              -3.0254


Energy:                 -284.630770 Convergence criteria  Is converged 
Maximum Force:             0.002467     0.002850  Yes
RMS Force:                 0.001006     0.001900  Yes
Maximum Displacement:      0.000621     0.003150  Yes
RMS Displacement:          0.000259     0.002100  Yes

SDCG converged at iteration 16 (phase: SD).

----------------------------------------------------------------------
            Scanning combination 52/73: [559.09]

======================================================================
SDCG Parameters
======================================================================
mode:              SD+CG
max_step:          0.2
max_iter:          256
sd_enabled:        True
cg_enabled:        True
sd_max_iter:       50
cg_switch_fmax:    0.0
cg_restart_thresh: 0.2
cg_beta_method:    prp+
diis_enabled:      True
diis_store_every:  5
diis_memory:       6
verbose:           0
======================================================================


                             Coordinates                              
----------------------------------------------------------------------
0    N               -1.7179              -1.4782              -1.2569
1    C               -0.5377              -0.7857              -1.7394
2    C               -0.8740               0.6003              -2.2327
3    O               -1.9518               1.1238              -2.1976
4    O                0.2256               1.2087              -2.7268
5    H               -1.4393              -2.2437              -0.6614
6    H               -2.2653              -0.8414              -0.6931
7    H               -0.0903              -1.3268              -2.5746
8    H                0.2534              -0.6671              -0.9922
9    H               -0.0464               2.0853              -3.0241


Energy:                 -284.630940 Convergence criteria  Is converged 
Maximum Force:             0.002428     0.002850  Yes
RMS Force:                 0.000983     0.001900  Yes
Maximum Displacement:      0.000620     0.003150  Yes
RMS Displacement:          0.000256     0.002100  Yes

SDCG converged at iteration 16 (phase: SD).

----------------------------------------------------------------------
            Scanning combination 53/73: [564.09]

======================================================================
SDCG Parameters
======================================================================
mode:              SD+CG
max_step:          0.2
max_iter:          256
sd_enabled:        True
cg_enabled:        True
sd_max_iter:       50
cg_switch_fmax:    0.0
cg_restart_thresh: 0.2
cg_beta_method:    prp+
diis_enabled:      True
diis_store_every:  5
diis_memory:       6
verbose:           0
======================================================================


                             Coordinates                              
----------------------------------------------------------------------
0    N               -1.7104              -1.4823              -1.2465
1    C               -0.5334              -0.7896              -1.7388
2    C               -0.8718               0.5982              -2.2241
3    O               -1.9486               1.1233              -2.1716
4    O                0.2208               1.2060              -2.7325
5    H               -1.4309              -2.1976              -0.5923
6    H               -2.2889              -0.8235              -0.7423
7    H               -0.0915              -1.3296              -2.5775
8    H                0.2626              -0.6733              -0.9969
9    H               -0.0537               2.0841              -3.0229


Energy:                 -284.631053 Convergence criteria  Is converged 
Maximum Force:             0.002381     0.002850  Yes
RMS Force:                 0.000951     0.001900  Yes
Maximum Displacement:      0.000615     0.003150  Yes
RMS Displacement:          0.000250     0.002100  Yes

SDCG converged at iteration 16 (phase: SD).

----------------------------------------------------------------------
            Scanning combination 54/73: [569.09]

======================================================================
SDCG Parameters
======================================================================
mode:              SD+CG
max_step:          0.2
max_iter:          256
sd_enabled:        True
cg_enabled:        True
sd_max_iter:       50
cg_switch_fmax:    0.0
cg_restart_thresh: 0.2
cg_beta_method:    prp+
diis_enabled:      True
diis_store_every:  5
diis_memory:       6
verbose:           0
======================================================================


                             Coordinates                              
----------------------------------------------------------------------
0    N               -1.7029              -1.4859              -1.2346
1    C               -0.5298              -0.7929              -1.7378
2    C               -0.8697               0.5968              -2.2156
3    O               -1.9451               1.1239              -2.1473
4    O                0.2166               1.2034              -2.7375
5    H               -1.4253              -2.1471              -0.5254
6    H               -2.3117              -0.8102              -0.7927
7    H               -0.0945              -1.3319              -2.5806
8    H                0.2718              -0.6793              -1.0022
9    H               -0.0602               2.0827              -3.0220


Energy:                 -284.631116 Convergence criteria  Is converged 
Maximum Force:             0.002342     0.002850  Yes
RMS Force:                 0.000916     0.001900  Yes
Maximum Displacement:      0.000611     0.003150  Yes
RMS Displacement:          0.000244     0.002100  Yes

SDCG converged at iteration 16 (phase: SD).

----------------------------------------------------------------------
            Scanning combination 55/73: [574.09]

======================================================================
SDCG Parameters
======================================================================
mode:              SD+CG
max_step:          0.2
max_iter:          256
sd_enabled:        True
cg_enabled:        True
sd_max_iter:       50
cg_switch_fmax:    0.0
cg_restart_thresh: 0.2
cg_beta_method:    prp+
diis_enabled:      True
diis_store_every:  5
diis_memory:       6
verbose:           0
======================================================================


                             Coordinates                              
----------------------------------------------------------------------
0    N               -1.6952              -1.4887              -1.2212
1    C               -0.5269              -0.7956              -1.7365
2    C               -0.8675               0.5961              -2.2071
3    O               -1.9412               1.1255              -2.1249
4    O                0.2129               1.2011              -2.7415
5    H               -1.4224              -2.0924              -0.4610
6    H               -2.3337              -0.8017              -0.8438
7    H               -0.0996              -1.3338              -2.5837
8    H                0.2812              -0.6853              -1.0081
9    H               -0.0660               2.0813              -3.0211


Energy:                 -284.631140 Convergence criteria  Is converged 
Maximum Force:             0.002328     0.002850  Yes
RMS Force:                 0.000886     0.001900  Yes
Maximum Displacement:      0.000613     0.003150  Yes
RMS Displacement:          0.000239     0.002100  Yes

SDCG converged at iteration 16 (phase: SD).

----------------------------------------------------------------------
            Scanning combination 56/73: [579.09]

======================================================================
SDCG Parameters
======================================================================
mode:              SD+CG
max_step:          0.2
max_iter:          256
sd_enabled:        True
cg_enabled:        True
sd_max_iter:       50
cg_switch_fmax:    0.0
cg_restart_thresh: 0.2
cg_beta_method:    prp+
diis_enabled:      True
diis_store_every:  5
diis_memory:       6
verbose:           0
======================================================================


                             Coordinates                              
----------------------------------------------------------------------
0    N               -1.6875              -1.4906              -1.2063
1    C               -0.5246              -0.7977              -1.7348
2    C               -0.8653               0.5960              -2.1989
3    O               -1.9371               1.1278              -2.1047
4    O                0.2099               1.1993              -2.7445
5    H               -1.4219              -2.0336              -0.3996
6    H               -2.3554              -0.7986              -0.8953
7    H               -0.1069              -1.3354              -2.5870
8    H                0.2908              -0.6915              -1.0148
9    H               -0.0709               2.0801              -3.0202


Energy:                 -284.631145 Convergence criteria  Is converged 
Maximum Force:             0.002341     0.002850  Yes
RMS Force:                 0.000864     0.001900  Yes
Maximum Displacement:      0.000619     0.003150  Yes
RMS Displacement:          0.000237     0.002100  Yes

SDCG converged at iteration 16 (phase: SD).

----------------------------------------------------------------------
            Scanning combination 57/73: [584.09]

======================================================================
SDCG Parameters
======================================================================
mode:              SD+CG
max_step:          0.2
max_iter:          256
sd_enabled:        True
cg_enabled:        True
sd_max_iter:       50
cg_switch_fmax:    0.0
cg_restart_thresh: 0.2
cg_beta_method:    prp+
diis_enabled:      True
diis_store_every:  5
diis_memory:       6
verbose:           0
======================================================================


                             Coordinates                              
----------------------------------------------------------------------
0    N               -1.6797              -1.4913              -1.1901
1    C               -0.5230              -0.7992              -1.7329
2    C               -0.8629               0.5966              -2.1911
3    O               -1.9329               1.1309              -2.0866
4    O                0.2078               1.1981              -2.7465
5    H               -1.4240              -1.9709              -0.3414
6    H               -2.3767              -0.8011              -0.9469
7    H               -0.1164              -1.3370              -2.5904
8    H                0.3006              -0.6979              -1.0223
9    H               -0.0748               2.0793              -3.0192


Energy:                 -284.631155 Convergence criteria  Is converged 
Maximum Force:             0.002368     0.002850  Yes
RMS Force:                 0.000854     0.001900  Yes
Maximum Displacement:      0.000629     0.003150  Yes
RMS Displacement:          0.000236     0.002100  Yes

SDCG converged at iteration 16 (phase: SD).

----------------------------------------------------------------------
            Scanning combination 58/73: [589.09]

======================================================================
SDCG Parameters
======================================================================
mode:              SD+CG
max_step:          0.2
max_iter:          256
sd_enabled:        True
cg_enabled:        True
sd_max_iter:       50
cg_switch_fmax:    0.0
cg_restart_thresh: 0.2
cg_beta_method:    prp+
diis_enabled:      True
diis_store_every:  5
diis_memory:       6
verbose:           0
======================================================================


                             Coordinates                              
----------------------------------------------------------------------
0    N               -1.6720              -1.4907              -1.1726
1    C               -0.5219              -0.8000              -1.7308
2    C               -0.8604               0.5979              -2.1836
3    O               -1.9286               1.1346              -2.0706
4    O                0.2065               1.1974              -2.7477
5    H               -1.4285              -1.9045              -0.2868
6    H               -2.3975              -0.8095              -0.9981
7    H               -0.1281              -1.3384              -2.5938
8    H                0.3105              -0.7048              -1.0305
9    H               -0.0776               2.0789              -3.0181


Energy:                 -284.631192 Convergence criteria  Is converged 
Maximum Force:             0.002384     0.002850  Yes
RMS Force:                 0.000855     0.001900  Yes
Maximum Displacement:      0.000637     0.003150  Yes
RMS Displacement:          0.000238     0.002100  Yes

SDCG converged at iteration 16 (phase: SD).

----------------------------------------------------------------------
            Scanning combination 59/73: [594.09]

======================================================================
SDCG Parameters
======================================================================
mode:              SD+CG
max_step:          0.2
max_iter:          256
sd_enabled:        True
cg_enabled:        True
sd_max_iter:       50
cg_switch_fmax:    0.0
cg_restart_thresh: 0.2
cg_beta_method:    prp+
diis_enabled:      True
diis_store_every:  5
diis_memory:       6
verbose:           0
======================================================================


                             Coordinates                              
----------------------------------------------------------------------
0    N               -1.6650              -1.4898              -1.1542
1    C               -0.5213              -0.8001              -1.7285
2    C               -0.8578               0.6002              -2.1766
3    O               -1.9234               1.1399              -2.0574
4    O                0.2071               1.1979              -2.7485
5    H               -1.4358              -1.8357              -0.2366
6    H               -2.4180              -0.8246              -1.0471
7    H               -0.1417              -1.3395              -2.5970
8    H                0.3202              -0.7116              -1.0394
9    H               -0.0800               2.0789              -3.0172


Energy:                 -284.628965 Convergence criteria  Is converged 
Maximum Force:             0.002409     0.002850  Yes
RMS Force:                 0.000879     0.001900  Yes
Maximum Displacement:      0.000647     0.003150  Yes
RMS Displacement:          0.000253     0.002100  Yes

SDCG converged at iteration 16 (phase: SD).

----------------------------------------------------------------------
            Scanning combination 60/73: [599.09]

======================================================================
SDCG Parameters
======================================================================
mode:              SD+CG
max_step:          0.2
max_iter:          256
sd_enabled:        True
cg_enabled:        True
sd_max_iter:       50
cg_switch_fmax:    0.0
cg_restart_thresh: 0.2
cg_beta_method:    prp+
diis_enabled:      True
diis_store_every:  5
diis_memory:       6
verbose:           0
======================================================================


                             Coordinates                              
----------------------------------------------------------------------
0    N               -1.6578              -1.4868              -1.1353
1    C               -0.5216              -0.7997              -1.7262
2    C               -0.8553               0.6028              -2.1701
3    O               -1.9192               1.1448              -2.0452
4    O                0.2072               1.1984              -2.7480
5    H               -1.4453              -1.7635              -0.1909
6    H               -2.4366              -0.8445              -1.0958
7    H               -0.1568              -1.3406              -2.6003
8    H                0.3294              -0.7190              -1.0485
9    H               -0.0803               2.0794              -3.0161


Energy:                 -284.629101 Convergence criteria  Is converged 
Maximum Force:             0.002362     0.002850  Yes
RMS Force:                 0.000869     0.001900  Yes
Maximum Displacement:      0.000644     0.003150  Yes
RMS Displacement:          0.000247     0.002100  Yes

SDCG converged at iteration 16 (phase: SD).

----------------------------------------------------------------------
            Scanning combination 61/73: [604.09]

======================================================================
SDCG Parameters
======================================================================
mode:              SD+CG
max_step:          0.2
max_iter:          256
sd_enabled:        True
cg_enabled:        True
sd_max_iter:       50
cg_switch_fmax:    0.0
cg_restart_thresh: 0.2
cg_beta_method:    prp+
diis_enabled:      True
diis_store_every:  5
diis_memory:       6
verbose:           0
======================================================================


                             Coordinates                              
----------------------------------------------------------------------
0    N               -1.6512              -1.4826              -1.1165
1    C               -0.5224              -0.7990              -1.7239
2    C               -0.8529               0.6057              -2.1641
3    O               -1.9152               1.1498              -2.0348
4    O                0.2080               1.1992              -2.7469
5    H               -1.4576              -1.6889              -0.1504
6    H               -2.4532              -0.8687              -1.1425
7    H               -0.1729              -1.3417              -2.6033
8    H                0.3380              -0.7268              -1.0579
9    H               -0.0797               2.0803              -3.0147


Energy:                 -284.629299 Convergence criteria  Is converged 
Maximum Force:             0.002240     0.002850  Yes
RMS Force:                 0.000860     0.001900  Yes
Maximum Displacement:      0.000616     0.003150  Yes
RMS Displacement:          0.000244     0.002100  Yes

SDCG converged at iteration 16 (phase: SD).

----------------------------------------------------------------------
            Scanning combination 62/73: [609.09]

======================================================================
SDCG Parameters
======================================================================
mode:              SD+CG
max_step:          0.2
max_iter:          256
sd_enabled:        True
cg_enabled:        True
sd_max_iter:       50
cg_switch_fmax:    0.0
cg_restart_thresh: 0.2
cg_beta_method:    prp+
diis_enabled:      True
diis_store_every:  5
diis_memory:       6
verbose:           0
======================================================================


                             Coordinates                              
----------------------------------------------------------------------
0    N               -1.6454              -1.4775              -1.0982
1    C               -0.5235              -0.7981              -1.7217
2    C               -0.8506               0.6089              -2.1586
3    O               -1.9115               1.1549              -2.0260
4    O                0.2092               1.2005              -2.7454
5    H               -1.4727              -1.6126              -0.1157
6    H               -2.4673              -0.8966              -1.1864
7    H               -0.1897              -1.3429              -2.6060
8    H                0.3458              -0.7348              -1.0673
9    H               -0.0784               2.0817              -3.0129


Energy:                 -284.629552 Convergence criteria  Is converged 
Maximum Force:             0.002120     0.002850  Yes
RMS Force:                 0.000847     0.001900  Yes
Maximum Displacement:      0.000593     0.003150  Yes
RMS Displacement:          0.000241     0.002100  Yes

SDCG converged at iteration 16 (phase: SD).

----------------------------------------------------------------------
            Scanning combination 63/73: [614.09]

======================================================================
SDCG Parameters
======================================================================
mode:              SD+CG
max_step:          0.2
max_iter:          256
sd_enabled:        True
cg_enabled:        True
sd_max_iter:       50
cg_switch_fmax:    0.0
cg_restart_thresh: 0.2
cg_beta_method:    prp+
diis_enabled:      True
diis_store_every:  5
diis_memory:       6
verbose:           0
======================================================================


                             Coordinates                              
----------------------------------------------------------------------
0    N               -1.6402              -1.4719              -1.0805
1    C               -0.5251              -0.7969              -1.7197
2    C               -0.8486               0.6122              -2.1538
3    O               -1.9081               1.1603              -2.0186
4    O                0.2107               1.2019              -2.7434
5    H               -1.4905              -1.5351              -0.0870
6    H               -2.4788              -0.9276              -1.2274
7    H               -0.2070              -1.3441              -2.6085
8    H                0.3527              -0.7428              -1.0764
9    H               -0.0764               2.0834              -3.0107


Energy:                 -284.629850 Convergence criteria  Is converged 
Maximum Force:             0.001987     0.002850  Yes
RMS Force:                 0.000831     0.001900  Yes
Maximum Displacement:      0.000566     0.003150  Yes
RMS Displacement:          0.000236     0.002100  Yes

SDCG converged at iteration 16 (phase: SD).

----------------------------------------------------------------------
            Scanning combination 64/73: [619.09]

======================================================================
SDCG Parameters
======================================================================
mode:              SD+CG
max_step:          0.2
max_iter:          256
sd_enabled:        True
cg_enabled:        True
sd_max_iter:       50
cg_switch_fmax:    0.0
cg_restart_thresh: 0.2
cg_beta_method:    prp+
diis_enabled:      True
diis_store_every:  5
diis_memory:       6
verbose:           0
======================================================================


                             Coordinates                              
----------------------------------------------------------------------
0    N               -1.6357              -1.4659              -1.0636
1    C               -0.5271              -0.7956              -1.7178
2    C               -0.8468               0.6158              -2.1494
3    O               -1.9049               1.1660              -2.0124
4    O                0.2126               1.2035              -2.7410
5    H               -1.5109              -1.4571              -0.0644
6    H               -2.4879              -0.9612              -1.2653
7    H               -0.2245              -1.3452              -2.6107
8    H                0.3588              -0.7506              -1.0854
9    H               -0.0738               2.0853              -3.0082


Energy:                 -284.630181 Convergence criteria  Is converged 
Maximum Force:             0.001850     0.002850  Yes
RMS Force:                 0.000815     0.001900  Yes
Maximum Displacement:      0.000537     0.003150  Yes
RMS Displacement:          0.000232     0.002100  Yes

SDCG converged at iteration 16 (phase: SD).

----------------------------------------------------------------------
            Scanning combination 65/73: [624.09]

======================================================================
SDCG Parameters
======================================================================
mode:              SD+CG
max_step:          0.2
max_iter:          256
sd_enabled:        True
cg_enabled:        True
sd_max_iter:       50
cg_switch_fmax:    0.0
cg_restart_thresh: 0.2
cg_beta_method:    prp+
diis_enabled:      True
diis_store_every:  5
diis_memory:       6
verbose:           0
======================================================================


                             Coordinates                              
----------------------------------------------------------------------
0    N               -1.6318              -1.4595              -1.0474
1    C               -0.5295              -0.7942              -1.7162
2    C               -0.8454               0.6194              -2.1454
3    O               -1.9019               1.1723              -2.0073
4    O                0.2147               1.2050              -2.7384
5    H               -1.5339              -1.3793              -0.0480
6    H               -2.4946              -0.9972              -1.3002
7    H               -0.2422              -1.3464              -2.6127
8    H                0.3639              -0.7580              -1.0942
9    H               -0.0706               2.0873              -3.0054


Energy:                 -284.630527 Convergence criteria  Is converged 
Maximum Force:             0.001846     0.002850  Yes
RMS Force:                 0.000800     0.001900  Yes
Maximum Displacement:      0.000506     0.003150  Yes
RMS Displacement:          0.000227     0.002100  Yes

SDCG converged at iteration 16 (phase: SD).

----------------------------------------------------------------------
            Scanning combination 66/73: [629.09]

======================================================================
SDCG Parameters
======================================================================
mode:              SD+CG
max_step:          0.2
max_iter:          256
sd_enabled:        True
cg_enabled:        True
sd_max_iter:       50
cg_switch_fmax:    0.0
cg_restart_thresh: 0.2
cg_beta_method:    prp+
diis_enabled:      True
diis_store_every:  5
diis_memory:       6
verbose:           0
======================================================================


                             Coordinates                              
----------------------------------------------------------------------
0    N               -1.6284              -1.4529              -1.0319
1    C               -0.5323              -0.7926              -1.7148
2    C               -0.8442               0.6231              -2.1418
3    O               -1.8990               1.1789              -2.0027
4    O                0.2170               1.2064              -2.7355
5    H               -1.5595              -1.3022              -0.0378
6    H               -2.4990              -1.0353              -1.3322
7    H               -0.2600              -1.3476              -2.6144
8    H                0.3682              -0.7650              -1.1028
9    H               -0.0668               2.0893              -3.0024


Energy:                 -284.630868 Convergence criteria  Is converged 
Maximum Force:             0.001943     0.002850  Yes
RMS Force:                 0.000784     0.001900  Yes
Maximum Displacement:      0.000476     0.003150  Yes
RMS Displacement:          0.000221     0.002100  Yes

SDCG converged at iteration 16 (phase: SD).

----------------------------------------------------------------------
            Scanning combination 67/73: [634.09]

======================================================================
SDCG Parameters
======================================================================
mode:              SD+CG
max_step:          0.2
max_iter:          256
sd_enabled:        True
cg_enabled:        True
sd_max_iter:       50
cg_switch_fmax:    0.0
cg_restart_thresh: 0.2
cg_beta_method:    prp+
diis_enabled:      True
diis_store_every:  5
diis_memory:       6
verbose:           0
======================================================================


                             Coordinates                              
----------------------------------------------------------------------
0    N               -1.6254              -1.4457              -1.0172
1    C               -0.5353              -0.7910              -1.7138
2    C               -0.8433               0.6267              -2.1385
3    O               -1.8962               1.1857              -1.9984
4    O                0.2193               1.2077              -2.7325
5    H               -1.5876              -1.2260              -0.0338
6    H               -2.5013              -1.0749              -1.3616
7    H               -0.2775              -1.3489              -2.6159
8    H                0.3717              -0.7714              -1.1113
9    H               -0.0626               2.0913              -2.9991


Energy:                 -284.631182 Convergence criteria  Is converged 
Maximum Force:             0.002000     0.002850  Yes
RMS Force:                 0.000762     0.001900  Yes
Maximum Displacement:      0.000443     0.003150  Yes
RMS Displacement:          0.000215     0.002100  Yes

SDCG converged at iteration 16 (phase: SD).

----------------------------------------------------------------------
            Scanning combination 68/73: [639.09]

======================================================================
SDCG Parameters
======================================================================
mode:              SD+CG
max_step:          0.2
max_iter:          256
sd_enabled:        True
cg_enabled:        True
sd_max_iter:       50
cg_switch_fmax:    0.0
cg_restart_thresh: 0.2
cg_beta_method:    prp+
diis_enabled:      True
diis_store_every:  5
diis_memory:       6
verbose:           0
======================================================================


                             Coordinates                              
----------------------------------------------------------------------
0    N               -1.6231              -1.4379              -1.0033
1    C               -0.5386              -0.7895              -1.7131
2    C               -0.8425               0.6301              -2.1354
3    O               -1.8935               1.1923              -1.9935
4    O                0.2215               1.2087              -2.7297
5    H               -1.6181              -1.1511              -0.0361
6    H               -2.5014              -1.1156              -1.3884
7    H               -0.2946              -1.3504              -2.6172
8    H                0.3744              -0.7772              -1.1195
9    H               -0.0582               2.0933              -2.9955


Energy:                 -284.631453 Convergence criteria  Is converged 
Maximum Force:             0.002013     0.002850  Yes
RMS Force:                 0.000733     0.001900  Yes
Maximum Displacement:      0.000409     0.003150  Yes
RMS Displacement:          0.000207     0.002100  Yes

SDCG converged at iteration 16 (phase: SD).

----------------------------------------------------------------------
            Scanning combination 69/73: [644.09]

======================================================================
SDCG Parameters
======================================================================
mode:              SD+CG
max_step:          0.2
max_iter:          256
sd_enabled:        True
cg_enabled:        True
sd_max_iter:       50
cg_switch_fmax:    0.0
cg_restart_thresh: 0.2
cg_beta_method:    prp+
diis_enabled:      True
diis_store_every:  5
diis_memory:       6
verbose:           0
======================================================================


                             Coordinates                              
----------------------------------------------------------------------
0    N               -1.6215              -1.4294              -0.9903
1    C               -0.5418              -0.7882              -1.7129
2    C               -0.8418               0.6331              -2.1325
3    O               -1.8907               1.1983              -1.9874
4    O                0.2234               1.2095              -2.7275
5    H               -1.6509              -1.0775              -0.0448
6    H               -2.4997              -1.1568              -1.4130
7    H               -0.3107              -1.3523              -2.6184
8    H                0.3763              -0.7825              -1.1272
9    H               -0.0539               2.0954              -2.9917


Energy:                 -284.631670 Convergence criteria  Is converged 
Maximum Force:             0.001986     0.002850  Yes
RMS Force:                 0.000700     0.001900  Yes
Maximum Displacement:      0.000379     0.003150  Yes
RMS Displacement:          0.000199     0.002100  Yes

SDCG converged at iteration 16 (phase: SD).

----------------------------------------------------------------------
            Scanning combination 70/73: [649.09]

======================================================================
SDCG Parameters
======================================================================
mode:              SD+CG
max_step:          0.2
max_iter:          256
sd_enabled:        True
cg_enabled:        True
sd_max_iter:       50
cg_switch_fmax:    0.0
cg_restart_thresh: 0.2
cg_beta_method:    prp+
diis_enabled:      True
diis_store_every:  5
diis_memory:       6
verbose:           0
======================================================================


                             Coordinates                              
----------------------------------------------------------------------
0    N               -1.6208              -1.4200              -0.9783
1    C               -0.5449              -0.7872              -1.7131
2    C               -0.8409               0.6355              -2.1298
3    O               -1.8875               1.2036              -1.9792
4    O                0.2248               1.2100              -2.7261
5    H               -1.6860              -1.0053              -0.0598
6    H               -2.4963              -1.1987              -1.4356
7    H               -0.3256              -1.3545              -2.6195
8    H                0.3776              -0.7875              -1.1343
9    H               -0.0498               2.0976              -2.9878


Energy:                 -284.631835 Convergence criteria  Is converged 
Maximum Force:             0.001927     0.002850  Yes
RMS Force:                 0.000670     0.001900  Yes
Maximum Displacement:      0.000358     0.003150  Yes
RMS Displacement:          0.000194     0.002100  Yes

SDCG converged at iteration 16 (phase: SD).

----------------------------------------------------------------------
            Scanning combination 71/73: [654.09]

======================================================================
SDCG Parameters
======================================================================
mode:              SD+CG
max_step:          0.2
max_iter:          256
sd_enabled:        True
cg_enabled:        True
sd_max_iter:       50
cg_switch_fmax:    0.0
cg_restart_thresh: 0.2
cg_beta_method:    prp+
diis_enabled:      True
diis_store_every:  5
diis_memory:       6
verbose:           0
======================================================================


                             Coordinates                              
----------------------------------------------------------------------
0    N               -1.6211              -1.4095              -0.9673
1    C               -0.5478              -0.7865              -1.7137
2    C               -0.8399               0.6377              -2.1271
3    O               -1.8838               1.2086              -1.9688
4    O                0.2257               1.2103              -2.7260
5    H               -1.7233              -0.9348              -0.0810
6    H               -2.4913              -1.2412              -1.4564
7    H               -0.3392              -1.3571              -2.6205
8    H                0.3782              -0.7923              -1.1407
9    H               -0.0462               2.1000              -2.9837


Energy:                 -284.631959 Convergence criteria  Is converged 
Maximum Force:             0.001897     0.002850  Yes
RMS Force:                 0.000656     0.001900  Yes
Maximum Displacement:      0.000359     0.003150  Yes
RMS Displacement:          0.000192     0.002100  Yes

SDCG converged at iteration 16 (phase: SD).

----------------------------------------------------------------------
            Scanning combination 72/73: [659.09]

======================================================================
SDCG Parameters
======================================================================
mode:              SD+CG
max_step:          0.2
max_iter:          256
sd_enabled:        True
cg_enabled:        True
sd_max_iter:       50
cg_switch_fmax:    0.0
cg_restart_thresh: 0.2
cg_beta_method:    prp+
diis_enabled:      True
diis_store_every:  5
diis_memory:       6
verbose:           0
======================================================================


                             Coordinates                              
----------------------------------------------------------------------
0    N               -1.6223              -1.3986              -0.9568
1    C               -0.5510              -0.7859              -1.7147
2    C               -0.8386               0.6399              -2.1245
3    O               -1.8791               1.2145              -1.9573
4    O                0.2262               1.2102              -2.7272
5    H               -1.7630              -0.8679              -0.1075
6    H               -2.4846              -1.2849              -1.4748
7    H               -0.3515              -1.3596              -2.6215
8    H                0.3781              -0.7966              -1.1465
9    H               -0.0429               2.1023              -2.9798


Energy:                 -284.632033 Convergence criteria  Is converged 
Maximum Force:             0.001980     0.002850  Yes
RMS Force:                 0.000664     0.001900  Yes
Maximum Displacement:      0.000386     0.003150  Yes
RMS Displacement:          0.000194     0.002100  Yes

SDCG converged at iteration 16 (phase: SD).

----------------------------------------------------------------------
            Scanning combination 73/73: [664.09]

======================================================================
SDCG Parameters
======================================================================
mode:              SD+CG
max_step:          0.2
max_iter:          256
sd_enabled:        True
cg_enabled:        True
sd_max_iter:       50
cg_switch_fmax:    0.0
cg_restart_thresh: 0.2
cg_beta_method:    prp+
diis_enabled:      True
diis_store_every:  5
diis_memory:       6
verbose:           0
======================================================================


                             Coordinates                              
----------------------------------------------------------------------
0    N               -1.6241              -1.3877              -0.9467
1    C               -0.5547              -0.7849              -1.7159
2    C               -0.8370               0.6428              -2.1220
3    O               -1.8734               1.2222              -1.9459
4    O                0.2268               1.2098              -2.7293
5    H               -1.8049              -0.8061              -0.1383
6    H               -2.4761              -1.3304              -1.4903
7    H               -0.3634              -1.3613              -2.6227
8    H                0.3770              -0.8003              -1.1521
9    H               -0.0393               2.1044              -2.9763


Energy:                 -284.632027 Convergence criteria  Is converged 
Maximum Force:             0.002170     0.002850  Yes
RMS Force:                 0.000687     0.001900  Yes
Maximum Displacement:      0.000435     0.003150  Yes
RMS Displacement:          0.000199     0.002100  Yes

SDCG converged at iteration 16 (phase: SD).

======================================================================
Scan completed! Total points: 73Results saved to: /home/axie/MAPLE/MAPLE-fork/examples/scan/sdcg/glycine_backbone_torsion_scan_final.xyz
Energy range: -284.632033 to -284.624847 Hartree



Program started: 2026-05-15 22:08:52

======================================================================
                      TIMING SUMMARY
======================================================================
Input Reading.......................................   0.075 s  (   0.2 %)
  Settings Parsing....................................   0.074 s  (  98.5 %)
  Coordinate Section Parsing..........................   0.000 s  (   0.5 %)
  Post-Processing Expansion...........................   0.000 s  (   0.1 %)
MLP Initialization..................................   0.185 s  (   0.4 %)
Job Dispatching.....................................  47.962 s  (  99.5 %)
  Scan................................................  47.958 s  ( 100.0 %)
    Optimization (×73)..................................  47.935 s  ( 100.0 %)
======================================================================
Total wall time: 48.222 s
Total CPU time: 43.562 s
======================================================================

Program ended: 2026-05-15 22:09:40
TOTAL RUN TIME: 0 days 0 hours 0 minutes 48 seconds 221 msec
