
**********************************************************************
*                                                                    *
*                        M   A   P   L   E                           *
*                                                                    *
*      MAchine-learning Potential for Landscape Exploration          *
*                                                                    *
*                                                                    *
*      © 2025 University of Pittsburgh. All rights reserved.         *
*      Licensed under CC BY 4.0 for academic use.                    *
*                                                                    *
*      Principal Developer:  Xujian Wang                             *
*                                                                    *
**********************************************************************


Parsing # commands...
Global parameter: model = aimnet2nse
Task set to 'scan'
Global parameter: device = gpu0
Parsed configuration:
----------------------------------------
Task: scan
model          : aimnet2nse
method         : sd
mode           : relaxed
device         : gpu0

                             Coordinates                              
**********************************************************************

Group 1 (inline)
--------------------
1    C             -0.388465            -0.541209             0.478897
2    O             -0.432998            -0.363859            -0.930874
3    O              0.579460             0.643735            -1.227684
4    C              1.459748             0.032035            -2.161389
5    H              0.599480            -0.899565             0.782298
6    H             -1.137631            -1.285841             0.759352
7    H             -0.618515             0.401894             0.982972
8    H              2.239538             0.750539            -2.426080
9    H              1.926826            -0.851022            -1.715795
10   H              0.911826            -0.247309            -3.065936

======================================================================
                  Constraints and Restraints Summary                  
======================================================================
Scan coordinates: 1
======================================================================

----------------------------------------------------------------------
            Scanning combination 1/73: [123.10]

======================================================================
SDCG Parameters
======================================================================
mode:              SD only
max_step:          0.2
max_iter:          256
sd_enabled:        True
cg_enabled:        False
sd_max_iter:       50
cg_switch_fmax:    0.0
cg_restart_thresh: 0.2
cg_beta_method:    prp+
diis_enabled:      True
diis_store_every:  5
diis_memory:       6
verbose:           0
======================================================================


                             Coordinates                              
----------------------------------------------------------------------
0    C               -0.3735              -0.5293               0.4800
1    O               -0.4196              -0.3569              -0.9240
2    O                0.5771               0.6274              -1.2289
3    C                1.4501               0.0155              -2.1597
4    H                0.6044              -0.8944               0.7989
5    H               -1.1357              -1.2714               0.7052
6    H               -0.6082               0.4042               0.9918
7    H                2.1992               0.7689              -2.3917
8    H                1.9310              -0.8639              -1.7278
9    H                0.9144              -0.2606              -3.0681


Energy:                 -230.304260 Convergence criteria  Is converged 
Maximum Force:             0.001128     0.002850  Yes
RMS Force:                 0.000436     0.001900  Yes
Maximum Displacement:      0.000413     0.003150  Yes
RMS Displacement:          0.000145     0.002100  Yes

SDCG converged at iteration 16 (phase: SD).

----------------------------------------------------------------------
            Scanning combination 2/73: [128.10]

======================================================================
SDCG Parameters
======================================================================
mode:              SD only
max_step:          0.2
max_iter:          256
sd_enabled:        True
cg_enabled:        False
sd_max_iter:       50
cg_switch_fmax:    0.0
cg_restart_thresh: 0.2
cg_beta_method:    prp+
diis_enabled:      True
diis_store_every:  5
diis_memory:       6
verbose:           0
======================================================================


                             Coordinates                              
----------------------------------------------------------------------
0    C               -0.3840              -0.5279               0.4877
1    O               -0.3860              -0.3910              -0.9197
2    O                0.6086               0.6059              -1.1997
3    C                1.4530               0.0207              -2.1714
4    H                0.5862              -0.8881               0.8362
5    H               -1.1537              -1.2634               0.7094
6    H               -0.6274               0.4180               0.9752
7    H                2.1944               0.7802              -2.4076
8    H                1.9448              -0.8665              -1.7673
9    H                0.8940              -0.2406              -3.0719


Energy:                 -230.304523 Convergence criteria  Is converged 
Maximum Force:             0.002364     0.002850  Yes
RMS Force:                 0.001151     0.001900  Yes
Maximum Displacement:      0.000632     0.003150  Yes
RMS Displacement:          0.000313     0.002100  Yes

SDCG converged at iteration 16 (phase: SD).

----------------------------------------------------------------------
            Scanning combination 3/73: [133.10]

======================================================================
SDCG Parameters
======================================================================
mode:              SD only
max_step:          0.2
max_iter:          256
sd_enabled:        True
cg_enabled:        False
sd_max_iter:       50
cg_switch_fmax:    0.0
cg_restart_thresh: 0.2
cg_beta_method:    prp+
diis_enabled:      True
diis_store_every:  5
diis_memory:       6
verbose:           0
======================================================================


                             Coordinates                              
----------------------------------------------------------------------
0    C               -0.3950              -0.5272               0.4995
1    O               -0.3497              -0.4247              -0.9093
2    O                0.6430               0.5793              -1.1737
3    C                1.4584               0.0248              -2.1860
4    H                0.5630              -0.8803               0.8861
5    H               -1.1735              -1.2548               0.7143
6    H               -0.6518               0.4306               0.9543
7    H                2.1896               0.7928              -2.4252
8    H                1.9638              -0.8707              -1.8194
9    H                0.8723              -0.2139              -3.0748


Energy:                 -230.304596 Convergence criteria  Is converged 
Maximum Force:             0.002312     0.002850  Yes
RMS Force:                 0.001087     0.001900  Yes
Maximum Displacement:      0.000592     0.003150  Yes
RMS Displacement:          0.000273     0.002100  Yes

SDCG converged at iteration 17 (phase: SD).

----------------------------------------------------------------------
            Scanning combination 4/73: [138.10]

======================================================================
SDCG Parameters
======================================================================
mode:              SD only
max_step:          0.2
max_iter:          256
sd_enabled:        True
cg_enabled:        False
sd_max_iter:       50
cg_switch_fmax:    0.0
cg_restart_thresh: 0.2
cg_beta_method:    prp+
diis_enabled:      True
diis_store_every:  5
diis_memory:       6
verbose:           0
======================================================================


                             Coordinates                              
----------------------------------------------------------------------
0    C               -0.4055              -0.5261               0.5113
1    O               -0.3127              -0.4585              -0.8967
2    O                0.6786               0.5512              -1.1489
3    C                1.4635               0.0283              -2.2006
4    H                0.5380              -0.8697               0.9394
5    H               -1.1925              -1.2470               0.7174
6    H               -0.6770               0.4427               0.9327
7    H                2.1844               0.8056              -2.4407
8    H                1.9822              -0.8757              -1.8761
9    H                0.8507              -0.1861              -3.0772


Energy:                 -230.304652 Convergence criteria  Is converged 
Maximum Force:             0.002335     0.002850  Yes
RMS Force:                 0.001087     0.001900  Yes
Maximum Displacement:      0.000605     0.003150  Yes
RMS Displacement:          0.000273     0.002100  Yes

SDCG converged at iteration 17 (phase: SD).

----------------------------------------------------------------------
            Scanning combination 5/73: [143.10]

======================================================================
SDCG Parameters
======================================================================
mode:              SD only
max_step:          0.2
max_iter:          256
sd_enabled:        True
cg_enabled:        False
sd_max_iter:       50
cg_switch_fmax:    0.0
cg_restart_thresh: 0.2
cg_beta_method:    prp+
diis_enabled:      True
diis_store_every:  5
diis_memory:       6
verbose:           0
======================================================================


                             Coordinates                              
----------------------------------------------------------------------
0    C               -0.4154              -0.5247               0.5224
1    O               -0.2752              -0.4924              -0.8824
2    O                0.7151               0.5219              -1.1251
3    C                1.4680               0.0315              -2.2145
4    H                0.5121              -0.8563               0.9924
5    H               -1.2098              -1.2401               0.7191
6    H               -0.7018               0.4541               0.9092
7    H                2.1793               0.8178              -2.4540
8    H                1.9981              -0.8804              -1.9343
9    H                0.8287              -0.1576              -3.0778


Energy:                 -230.304684 Convergence criteria  Is converged 
Maximum Force:             0.002258     0.002850  Yes
RMS Force:                 0.001021     0.001900  Yes
Maximum Displacement:      0.000591     0.003150  Yes
RMS Displacement:          0.000260     0.002100  Yes

SDCG converged at iteration 17 (phase: SD).

----------------------------------------------------------------------
            Scanning combination 6/73: [148.10]

======================================================================
SDCG Parameters
======================================================================
mode:              SD only
max_step:          0.2
max_iter:          256
sd_enabled:        True
cg_enabled:        False
sd_max_iter:       50
cg_switch_fmax:    0.0
cg_restart_thresh: 0.2
cg_beta_method:    prp+
diis_enabled:      True
diis_store_every:  5
diis_memory:       6
verbose:           0
======================================================================


                             Coordinates                              
----------------------------------------------------------------------
0    C               -0.4247              -0.5230               0.5321
1    O               -0.2374              -0.5264              -0.8674
2    O                0.7521               0.4921              -1.1016
3    C                1.4715               0.0347              -2.2272
4    H                0.4860              -0.8409               1.0426
5    H               -1.2255              -1.2341               0.7198
6    H               -0.7254               0.4650               0.8843
7    H                2.1745               0.8292              -2.4652
8    H                2.0106              -0.8844              -1.9914
9    H                0.8064              -0.1293              -3.0765


Energy:                 -230.304672 Convergence criteria  Is converged 
Maximum Force:             0.002775     0.002850  Yes
RMS Force:                 0.001194     0.001900  Yes
Maximum Displacement:      0.000758     0.003150  Yes
RMS Displacement:          0.000327     0.002100  Yes

SDCG converged at iteration 16 (phase: SD).

----------------------------------------------------------------------
            Scanning combination 7/73: [153.10]

======================================================================
SDCG Parameters
======================================================================
mode:              SD only
max_step:          0.2
max_iter:          256
sd_enabled:        True
cg_enabled:        False
sd_max_iter:       50
cg_switch_fmax:    0.0
cg_restart_thresh: 0.2
cg_beta_method:    prp+
diis_enabled:      True
diis_store_every:  5
diis_memory:       6
verbose:           0
======================================================================


                             Coordinates                              
----------------------------------------------------------------------
0    C               -0.4338              -0.5209               0.5410
1    O               -0.1995              -0.5601              -0.8509
2    O                0.7896               0.4615              -1.0793
3    C                1.4743               0.0380              -2.2394
4    H                0.4592              -0.8237               1.0903
5    H               -1.2394              -1.2288               0.7197
6    H               -0.7475               0.4749               0.8573
7    H                2.1698               0.8398              -2.4747
8    H                2.0204              -0.8871              -2.0478
9    H                0.7839              -0.1011              -3.0725


Energy:                 -230.304652 Convergence criteria  Is converged 
Maximum Force:             0.002577     0.002850  Yes
RMS Force:                 0.001105     0.001900  Yes
Maximum Displacement:      0.000710     0.003150  Yes
RMS Displacement:          0.000304     0.002100  Yes

SDCG converged at iteration 16 (phase: SD).

----------------------------------------------------------------------
            Scanning combination 8/73: [158.10]

======================================================================
SDCG Parameters
======================================================================
mode:              SD only
max_step:          0.2
max_iter:          256
sd_enabled:        True
cg_enabled:        False
sd_max_iter:       50
cg_switch_fmax:    0.0
cg_restart_thresh: 0.2
cg_beta_method:    prp+
diis_enabled:      True
diis_store_every:  5
diis_memory:       6
verbose:           0
======================================================================


                             Coordinates                              
----------------------------------------------------------------------
0    C               -0.4422              -0.5186               0.5486
1    O               -0.1614              -0.5937              -0.8335
2    O                0.8275               0.4302              -1.0576
3    C                1.4762               0.0412              -2.2503
4    H                0.4319              -0.8049               1.1354
5    H               -1.2521              -1.2238               0.7186
6    H               -0.7680               0.4840               0.8283
7    H                2.1649               0.8498              -2.4826
8    H                2.0276              -0.8887              -2.1033
9    H                0.7611              -0.0733              -3.0658


Energy:                 -230.304632 Convergence criteria  Is converged 
Maximum Force:             0.002298     0.002850  Yes
RMS Force:                 0.000993     0.001900  Yes
Maximum Displacement:      0.000639     0.003150  Yes
RMS Displacement:          0.000273     0.002100  Yes

SDCG converged at iteration 16 (phase: SD).

----------------------------------------------------------------------
            Scanning combination 9/73: [163.10]

======================================================================
SDCG Parameters
======================================================================
mode:              SD only
max_step:          0.2
max_iter:          256
sd_enabled:        True
cg_enabled:        False
sd_max_iter:       50
cg_switch_fmax:    0.0
cg_restart_thresh: 0.2
cg_beta_method:    prp+
diis_enabled:      True
diis_store_every:  5
diis_memory:       6
verbose:           0
======================================================================


                             Coordinates                              
----------------------------------------------------------------------
0    C               -0.4497              -0.5162               0.5545
1    O               -0.1230              -0.6273              -0.8153
2    O                0.8659               0.3984              -1.0363
3    C                1.4772               0.0444              -2.2596
4    H                0.4044              -0.7847               1.1779
5    H               -1.2634              -1.2190               0.7161
6    H               -0.7866               0.4923               0.7968
7    H                2.1595               0.8593              -2.4888
8    H                2.0321              -0.8893              -2.1576
9    H                0.7376              -0.0457              -3.0560


Energy:                 -230.304615 Convergence criteria  Is converged 
Maximum Force:             0.001993     0.002850  Yes
RMS Force:                 0.000887     0.001900  Yes
Maximum Displacement:      0.000558     0.003150  Yes
RMS Displacement:          0.000243     0.002100  Yes

SDCG converged at iteration 16 (phase: SD).

----------------------------------------------------------------------
            Scanning combination 10/73: [168.10]

======================================================================
SDCG Parameters
======================================================================
mode:              SD only
max_step:          0.2
max_iter:          256
sd_enabled:        True
cg_enabled:        False
sd_max_iter:       50
cg_switch_fmax:    0.0
cg_restart_thresh: 0.2
cg_beta_method:    prp+
diis_enabled:      True
diis_store_every:  5
diis_memory:       6
verbose:           0
======================================================================


                             Coordinates                              
----------------------------------------------------------------------
0    C               -0.4562              -0.5136               0.5588
1    O               -0.0843              -0.6609              -0.7962
2    O                0.9045               0.3659              -1.0155
3    C                1.4772               0.0474              -2.2672
4    H                0.3767              -0.7627               1.2179
5    H               -1.2734              -1.2142               0.7123
6    H               -0.8033               0.4998               0.7626
7    H                2.1534               0.8682              -2.4932
8    H                2.0339              -0.8892              -2.2110
9    H                0.7135              -0.0184              -3.0427


Energy:                 -230.304601 Convergence criteria  Is converged 
Maximum Force:             0.001662     0.002850  Yes
RMS Force:                 0.000787     0.001900  Yes
Maximum Displacement:      0.000467     0.003150  Yes
RMS Displacement:          0.000215     0.002100  Yes

SDCG converged at iteration 16 (phase: SD).

----------------------------------------------------------------------
            Scanning combination 11/73: [173.10]

======================================================================
SDCG Parameters
======================================================================
mode:              SD only
max_step:          0.2
max_iter:          256
sd_enabled:        True
cg_enabled:        False
sd_max_iter:       50
cg_switch_fmax:    0.0
cg_restart_thresh: 0.2
cg_beta_method:    prp+
diis_enabled:      True
diis_store_every:  5
diis_memory:       6
verbose:           0
======================================================================


                             Coordinates                              
----------------------------------------------------------------------
0    C               -0.4616              -0.5110               0.5615
1    O               -0.0454              -0.6943              -0.7764
2    O                0.9435               0.3329              -0.9952
3    C                1.4763               0.0501              -2.2731
4    H                0.3488              -0.7389               1.2553
5    H               -1.2819              -1.2097               0.7070
6    H               -0.8179               0.5063               0.7257
7    H                2.1468               0.8766              -2.4957
8    H                2.0328              -0.8881              -2.2634
9    H                0.6889               0.0087              -3.0261


Energy:                 -230.304591 Convergence criteria  Is converged 
Maximum Force:             0.001279     0.002850  Yes
RMS Force:                 0.000682     0.001900  Yes
Maximum Displacement:      0.000366     0.003150  Yes
RMS Displacement:          0.000185     0.002100  Yes

SDCG converged at iteration 16 (phase: SD).

----------------------------------------------------------------------
            Scanning combination 12/73: [178.10]

======================================================================
SDCG Parameters
======================================================================
mode:              SD only
max_step:          0.2
max_iter:          256
sd_enabled:        True
cg_enabled:        False
sd_max_iter:       50
cg_switch_fmax:    0.0
cg_restart_thresh: 0.2
cg_beta_method:    prp+
diis_enabled:      True
diis_store_every:  5
diis_memory:       6
verbose:           0
======================================================================


                             Coordinates                              
----------------------------------------------------------------------
0    C               -0.4661              -0.5082               0.5624
1    O               -0.0065              -0.7275              -0.7560
2    O                0.9827               0.2994              -0.9755
3    C                1.4743               0.0528              -2.2773
4    H                0.3210              -0.7136               1.2893
5    H               -1.2889              -1.2055               0.7003
6    H               -0.8303               0.5117               0.6862
7    H                2.1397               0.8844              -2.4963
8    H                2.0285              -0.8861              -2.3138
9    H                0.6637               0.0352              -3.0059


Energy:                 -230.304576 Convergence criteria  Is converged 
Maximum Force:             0.001139     0.002850  Yes
RMS Force:                 0.000572     0.001900  Yes
Maximum Displacement:      0.000311     0.003150  Yes
RMS Displacement:          0.000153     0.002100  Yes

SDCG converged at iteration 16 (phase: SD).

----------------------------------------------------------------------
            Scanning combination 13/73: [183.10]

======================================================================
SDCG Parameters
======================================================================
mode:              SD only
max_step:          0.2
max_iter:          256
sd_enabled:        True
cg_enabled:        False
sd_max_iter:       50
cg_switch_fmax:    0.0
cg_restart_thresh: 0.2
cg_beta_method:    prp+
diis_enabled:      True
diis_store_every:  5
diis_memory:       6
verbose:           0
======================================================================


                             Coordinates                              
----------------------------------------------------------------------
0    C               -0.4695              -0.5052               0.5613
1    O                0.0324              -0.7603              -0.7351
2    O                1.0217               0.2658              -0.9562
3    C                1.4712               0.0554              -2.2796
4    H                0.2939              -0.6868               1.3188
5    H               -1.2943              -1.2015               0.6924
6    H               -0.8402               0.5163               0.6440
7    H                2.1322               0.8914              -2.4950
8    H                2.0207              -0.8832              -2.3613
9    H                0.6380               0.0611              -2.9820


Energy:                 -230.304547 Convergence criteria  Is converged 
Maximum Force:             0.001183     0.002850  Yes
RMS Force:                 0.000491     0.001900  Yes
Maximum Displacement:      0.000317     0.003150  Yes
RMS Displacement:          0.000128     0.002100  Yes

SDCG converged at iteration 16 (phase: SD).

----------------------------------------------------------------------
            Scanning combination 14/73: [188.10]

======================================================================
SDCG Parameters
======================================================================
mode:              SD only
max_step:          0.2
max_iter:          256
sd_enabled:        True
cg_enabled:        False
sd_max_iter:       50
cg_switch_fmax:    0.0
cg_restart_thresh: 0.2
cg_beta_method:    prp+
diis_enabled:      True
diis_store_every:  5
diis_memory:       6
verbose:           0
======================================================================


                             Coordinates                              
----------------------------------------------------------------------
0    C               -0.4720              -0.5022               0.5581
1    O                0.0710              -0.7928              -0.7140
2    O                1.0606               0.2322              -0.9374
3    C                1.4669               0.0581              -2.2799
4    H                0.2677              -0.6587               1.3440
5    H               -1.2982              -1.1978               0.6834
6    H               -0.8477               0.5197               0.5990
7    H                2.1243               0.8978              -2.4921
8    H                2.0096              -0.8794              -2.4057
9    H                0.6118               0.0864              -2.9544


Energy:                 -230.304506 Convergence criteria  Is converged 
Maximum Force:             0.001208     0.002850  Yes
RMS Force:                 0.000485     0.001900  Yes
Maximum Displacement:      0.000320     0.003150  Yes
RMS Displacement:          0.000121     0.002100  Yes

SDCG converged at iteration 16 (phase: SD).

----------------------------------------------------------------------
            Scanning combination 15/73: [193.10]

======================================================================
SDCG Parameters
======================================================================
mode:              SD only
max_step:          0.2
max_iter:          256
sd_enabled:        True
cg_enabled:        False
sd_max_iter:       50
cg_switch_fmax:    0.0
cg_restart_thresh: 0.2
cg_beta_method:    prp+
diis_enabled:      True
diis_store_every:  5
diis_memory:       6
verbose:           0
======================================================================


                             Coordinates                              
----------------------------------------------------------------------
0    C               -0.4735              -0.4990               0.5530
1    O                0.1095              -0.8249              -0.6925
2    O                1.0993               0.1984              -0.9192
3    C                1.4616               0.0608              -2.2783
4    H                0.2422              -0.6295               1.3651
5    H               -1.3007              -1.1942               0.6733
6    H               -0.8528               0.5221               0.5517
7    H                2.1161               0.9034              -2.4876
8    H                1.9954              -0.8747              -2.4472
9    H                0.5853               0.1110              -2.9234


Energy:                 -230.304462 Convergence criteria  Is converged 
Maximum Force:             0.001208     0.002850  Yes
RMS Force:                 0.000556     0.001900  Yes
Maximum Displacement:      0.000317     0.003150  Yes
RMS Displacement:          0.000138     0.002100  Yes

SDCG converged at iteration 16 (phase: SD).

----------------------------------------------------------------------
            Scanning combination 16/73: [198.10]

======================================================================
SDCG Parameters
======================================================================
mode:              SD only
max_step:          0.2
max_iter:          256
sd_enabled:        True
cg_enabled:        False
sd_max_iter:       50
cg_switch_fmax:    0.0
cg_restart_thresh: 0.2
cg_beta_method:    prp+
diis_enabled:      True
diis_store_every:  5
diis_memory:       6
verbose:           0
======================================================================


                             Coordinates                              
----------------------------------------------------------------------
0    C               -0.4741              -0.4957               0.5460
1    O                0.1475              -0.8564              -0.6707
2    O                1.1377               0.1647              -0.9017
3    C                1.4552               0.0635              -2.2750
4    H                0.2171              -0.5992               1.3825
5    H               -1.3020              -1.1909               0.6625
6    H               -0.8560               0.5233               0.5026
7    H                2.1076               0.9084              -2.4817
8    H                1.9784              -0.8691              -2.4863
9    H                0.5589               0.1350              -2.8895


Energy:                 -230.304425 Convergence criteria  Is converged 
Maximum Force:             0.001216     0.002850  Yes
RMS Force:                 0.000661     0.001900  Yes
Maximum Displacement:      0.000336     0.003150  Yes
RMS Displacement:          0.000167     0.002100  Yes

SDCG converged at iteration 16 (phase: SD).

----------------------------------------------------------------------
            Scanning combination 17/73: [203.10]

======================================================================
SDCG Parameters
======================================================================
mode:              SD only
max_step:          0.2
max_iter:          256
sd_enabled:        True
cg_enabled:        False
sd_max_iter:       50
cg_switch_fmax:    0.0
cg_restart_thresh: 0.2
cg_beta_method:    prp+
diis_enabled:      True
diis_store_every:  5
diis_memory:       6
verbose:           0
======================================================================


                             Coordinates                              
----------------------------------------------------------------------
0    C               -0.4739              -0.4922               0.5376
1    O                0.1851              -0.8872              -0.6483
2    O                1.1757               0.1310              -0.8851
3    C                1.4478               0.0662              -2.2702
4    H                0.1925              -0.5682               1.3966
5    H               -1.3020              -1.1877               0.6508
6    H               -0.8573               0.5235               0.4526
7    H                2.0989               0.9127              -2.4746
8    H                1.9590              -0.8627              -2.5230
9    H                0.5329               0.1582              -2.8535


Energy:                 -230.304394 Convergence criteria  Is converged 
Maximum Force:             0.001579     0.002850  Yes
RMS Force:                 0.000767     0.001900  Yes
Maximum Displacement:      0.000437     0.003150  Yes
RMS Displacement:          0.000196     0.002100  Yes

SDCG converged at iteration 16 (phase: SD).

----------------------------------------------------------------------
            Scanning combination 18/73: [208.10]

======================================================================
SDCG Parameters
======================================================================
mode:              SD only
max_step:          0.2
max_iter:          256
sd_enabled:        True
cg_enabled:        False
sd_max_iter:       50
cg_switch_fmax:    0.0
cg_restart_thresh: 0.2
cg_beta_method:    prp+
diis_enabled:      True
diis_store_every:  5
diis_memory:       6
verbose:           0
======================================================================


                             Coordinates                              
----------------------------------------------------------------------
0    C               -0.4731              -0.4886               0.5278
1    O                0.2221              -0.9172              -0.6255
2    O                1.2133               0.0973              -0.8695
3    C                1.4397               0.0688              -2.2642
4    H                0.1684              -0.5366               1.4075
5    H               -1.3011              -1.1847               0.6386
6    H               -0.8572               0.5226               0.4021
7    H                2.0900               0.9164              -2.4664
8    H                1.9375              -0.8553              -2.5574
9    H                0.5075               0.1805              -2.8161


Energy:                 -230.304362 Convergence criteria  Is converged 
Maximum Force:             0.001856     0.002850  Yes
RMS Force:                 0.000865     0.001900  Yes
Maximum Displacement:      0.000514     0.003150  Yes
RMS Displacement:          0.000222     0.002100  Yes

SDCG converged at iteration 16 (phase: SD).

----------------------------------------------------------------------
            Scanning combination 19/73: [213.10]

======================================================================
SDCG Parameters
======================================================================
mode:              SD only
max_step:          0.2
max_iter:          256
sd_enabled:        True
cg_enabled:        False
sd_max_iter:       50
cg_switch_fmax:    0.0
cg_restart_thresh: 0.2
cg_beta_method:    prp+
diis_enabled:      True
diis_store_every:  5
diis_memory:       6
verbose:           0
======================================================================


                             Coordinates                              
----------------------------------------------------------------------
0    C               -0.4716              -0.4849               0.5168
1    O                0.2585              -0.9463              -0.6020
2    O                1.2505               0.0637              -0.8551
3    C                1.4309               0.0714              -2.2570
4    H                0.1448              -0.5044               1.4153
5    H               -1.2992              -1.1819               0.6257
6    H               -0.8559               0.5207               0.3516
7    H                2.0810               0.9197              -2.4573
8    H                1.9138              -0.8472              -2.5895
9    H                0.4831               0.2022              -2.7775


Energy:                 -230.304313 Convergence criteria  Is converged 
Maximum Force:             0.002071     0.002850  Yes
RMS Force:                 0.000959     0.001900  Yes
Maximum Displacement:      0.000572     0.003150  Yes
RMS Displacement:          0.000247     0.002100  Yes

SDCG converged at iteration 16 (phase: SD).

----------------------------------------------------------------------
            Scanning combination 20/73: [218.10]

======================================================================
SDCG Parameters
======================================================================
mode:              SD only
max_step:          0.2
max_iter:          256
sd_enabled:        True
cg_enabled:        False
sd_max_iter:       50
cg_switch_fmax:    0.0
cg_restart_thresh: 0.2
cg_beta_method:    prp+
diis_enabled:      True
diis_store_every:  5
diis_memory:       6
verbose:           0
======================================================================


                             Coordinates                              
----------------------------------------------------------------------
0    C               -0.4696              -0.4813               0.5050
1    O                0.2942              -0.9745              -0.5778
2    O                1.2873               0.0300              -0.8420
3    C                1.4216               0.0739              -2.2489
4    H                0.1217              -0.4716               1.4203
5    H               -1.2966              -1.1792               0.6124
6    H               -0.8535               0.5175               0.3011
7    H                2.0718               0.9227              -2.4473
8    H                1.8883              -0.8385              -2.6196
9    H                0.4598               0.2233              -2.7377


Energy:                 -230.304228 Convergence criteria  Is converged 
Maximum Force:             0.002255     0.002850  Yes
RMS Force:                 0.001058     0.001900  Yes
Maximum Displacement:      0.000620     0.003150  Yes
RMS Displacement:          0.000271     0.002100  Yes

SDCG converged at iteration 16 (phase: SD).

----------------------------------------------------------------------
            Scanning combination 21/73: [223.10]

======================================================================
SDCG Parameters
======================================================================
mode:              SD only
max_step:          0.2
max_iter:          256
sd_enabled:        True
cg_enabled:        False
sd_max_iter:       50
cg_switch_fmax:    0.0
cg_restart_thresh: 0.2
cg_beta_method:    prp+
diis_enabled:      True
diis_store_every:  5
diis_memory:       6
verbose:           0
======================================================================


                             Coordinates                              
----------------------------------------------------------------------
0    C               -0.4669              -0.4777               0.4924
1    O                0.3293              -1.0017              -0.5528
2    O                1.3236              -0.0037              -0.8303
3    C                1.4121               0.0762              -2.2399
4    H                0.0989              -0.4383               1.4228
5    H               -1.2935              -1.1766               0.5987
6    H               -0.8497               0.5129               0.2500
7    H                2.0625               0.9254              -2.4368
8    H                1.8610              -0.8291              -2.6479
9    H                0.4373               0.2438              -2.6963


Energy:                 -230.303910 Convergence criteria  Is converged 
Maximum Force:             0.002373     0.002850  Yes
RMS Force:                 0.001152     0.001900  Yes
Maximum Displacement:      0.000630     0.003150  Yes
RMS Displacement:          0.000288     0.002100  Yes

SDCG converged at iteration 16 (phase: SD).

----------------------------------------------------------------------
            Scanning combination 22/73: [228.10]

======================================================================
SDCG Parameters
======================================================================
mode:              SD only
max_step:          0.2
max_iter:          256
sd_enabled:        True
cg_enabled:        False
sd_max_iter:       50
cg_switch_fmax:    0.0
cg_restart_thresh: 0.2
cg_beta_method:    prp+
diis_enabled:      True
diis_store_every:  5
diis_memory:       6
verbose:           0
======================================================================


                             Coordinates                              
----------------------------------------------------------------------
0    C               -0.4635              -0.4743               0.4789
1    O                0.3637              -1.0280              -0.5273
2    O                1.3594              -0.0373              -0.8197
3    C                1.4022               0.0782              -2.2297
4    H                0.0764              -0.4043               1.4229
5    H               -1.2898              -1.1740               0.5843
6    H               -0.8440               0.5070               0.1973
7    H                2.0528               0.9279              -2.4255
8    H                1.8319              -0.8190              -2.6745
9    H                0.4152               0.2638              -2.6520


Energy:                 -230.303733 Convergence criteria  Is converged 
Maximum Force:             0.002804     0.002850  Yes
RMS Force:                 0.001290     0.001900  Yes
Maximum Displacement:      0.000708     0.003150  Yes
RMS Displacement:          0.000323     0.002100  Yes

SDCG converged at iteration 16 (phase: SD).

----------------------------------------------------------------------
            Scanning combination 23/73: [233.10]

======================================================================
SDCG Parameters
======================================================================
mode:              SD only
max_step:          0.2
max_iter:          256
sd_enabled:        True
cg_enabled:        False
sd_max_iter:       50
cg_switch_fmax:    0.0
cg_restart_thresh: 0.2
cg_beta_method:    prp+
diis_enabled:      True
diis_store_every:  5
diis_memory:       6
verbose:           0
======================================================================


                             Coordinates                              
----------------------------------------------------------------------
0    C               -0.4556              -0.4730               0.4611
1    O                0.4005              -1.0578              -0.5039
2    O                1.3971              -0.0711              -0.8046
3    C                1.3919               0.0790              -2.2130
4    H                0.0524              -0.3591               1.4203
5    H               -1.2827              -1.1712               0.5668
6    H               -0.8317               0.4938               0.1254
7    H                2.0414               0.9287              -2.4102
8    H                1.7917              -0.8095              -2.7050
9    H                0.3893               0.2884              -2.5870


Energy:                 -230.303689 Convergence criteria  Is converged 
Maximum Force:             0.001728     0.002850  Yes
RMS Force:                 0.000795     0.001900  Yes
Maximum Displacement:      0.000379     0.003150  Yes
RMS Displacement:          0.000163     0.002100  Yes

SDCG converged at iteration 21 (phase: SD).

----------------------------------------------------------------------
            Scanning combination 24/73: [238.10]

======================================================================
SDCG Parameters
======================================================================
mode:              SD only
max_step:          0.2
max_iter:          256
sd_enabled:        True
cg_enabled:        False
sd_max_iter:       50
cg_switch_fmax:    0.0
cg_restart_thresh: 0.2
cg_beta_method:    prp+
diis_enabled:      True
diis_store_every:  5
diis_memory:       6
verbose:           0
======================================================================


                             Coordinates                              
----------------------------------------------------------------------
0    C               -0.4531              -0.4693               0.4451
1    O                0.4315              -1.0801              -0.4779
2    O                1.4298              -0.1031              -0.7979
3    C                1.3805               0.0829              -2.2017
4    H                0.0353              -0.3295               1.4104
5    H               -1.2786              -1.1691               0.5545
6    H               -0.8258               0.4874               0.0790
7    H                2.0332               0.9301              -2.4000
8    H                1.7612              -0.7984              -2.7196
9    H                0.3709               0.3056              -2.5471


Energy:                 -230.303444 Convergence criteria  Is converged 
Maximum Force:             0.002827     0.002850  Yes
RMS Force:                 0.001062     0.001900  Yes
Maximum Displacement:      0.000573     0.003150  Yes
RMS Displacement:          0.000226     0.002100  Yes

SDCG converged at iteration 18 (phase: SD).

----------------------------------------------------------------------
            Scanning combination 25/73: [243.10]

======================================================================
SDCG Parameters
======================================================================
mode:              SD only
max_step:          0.2
max_iter:          256
sd_enabled:        True
cg_enabled:        False
sd_max_iter:       50
cg_switch_fmax:    0.0
cg_restart_thresh: 0.2
cg_beta_method:    prp+
diis_enabled:      True
diis_store_every:  5
diis_memory:       6
verbose:           0
======================================================================


                             Coordinates                              
----------------------------------------------------------------------
0    C               -0.4439              -0.4677               0.4254
1    O                0.4664              -1.1071              -0.4535
2    O                1.4657              -0.1365              -0.7859
3    C                1.3690               0.0833              -2.1831
4    H                0.0137              -0.2849               1.3995
5    H               -1.2707              -1.1657               0.5349
6    H               -0.8102               0.4722               0.0104
7    H                2.0202               0.9310              -2.3830
8    H                1.7173              -0.7871              -2.7424
9    H                0.3485               0.3265              -2.4820


Energy:                 -230.303333 Convergence criteria  Is converged 
Maximum Force:             0.001955     0.002850  Yes
RMS Force:                 0.000837     0.001900  Yes
Maximum Displacement:      0.000425     0.003150  Yes
RMS Displacement:          0.000171     0.002100  Yes

SDCG converged at iteration 21 (phase: SD).

----------------------------------------------------------------------
            Scanning combination 26/73: [248.10]

======================================================================
SDCG Parameters
======================================================================
mode:              SD only
max_step:          0.2
max_iter:          256
sd_enabled:        True
cg_enabled:        False
sd_max_iter:       50
cg_switch_fmax:    0.0
cg_restart_thresh: 0.2
cg_beta_method:    prp+
diis_enabled:      True
diis_store_every:  5
diis_memory:       6
verbose:           0
======================================================================


                             Coordinates                              
----------------------------------------------------------------------
0    C               -0.4367              -0.4656               0.4044
1    O                0.4983              -1.1307              -0.4291
2    O                1.4986              -0.1682              -0.7769
3    C                1.3564               0.0858              -2.1649
4    H               -0.0021              -0.2460               1.3813
5    H               -1.2631              -1.1633               0.5180
6    H               -0.7969               0.4585              -0.0503
7    H                2.0095               0.9313              -2.3678
8    H                1.6745              -0.7761              -2.7544
9    H                0.3289               0.3456              -2.4245


Energy:                 -230.303164 Convergence criteria  Is converged 
Maximum Force:             0.001895     0.002850  Yes
RMS Force:                 0.000830     0.001900  Yes
Maximum Displacement:      0.000409     0.003150  Yes
RMS Displacement:          0.000170     0.002100  Yes

SDCG converged at iteration 21 (phase: SD).

----------------------------------------------------------------------
            Scanning combination 27/73: [253.10]

======================================================================
SDCG Parameters
======================================================================
mode:              SD only
max_step:          0.2
max_iter:          256
sd_enabled:        True
cg_enabled:        False
sd_max_iter:       50
cg_switch_fmax:    0.0
cg_restart_thresh: 0.2
cg_beta_method:    prp+
diis_enabled:      True
diis_store_every:  5
diis_memory:       6
verbose:           0
======================================================================


                             Coordinates                              
----------------------------------------------------------------------
0    C               -0.4293              -0.4635               0.3833
1    O                0.5290              -1.1526              -0.4039
2    O                1.5304              -0.1996              -0.7699
3    C                1.3436               0.0882              -2.1465
4    H               -0.0178              -0.2074               1.3613
5    H               -1.2553              -1.1610               0.5016
6    H               -0.7824               0.4430              -0.1111
7    H                1.9991               0.9313              -2.3526
8    H                1.6311              -0.7642              -2.7648
9    H                0.3108               0.3642              -2.3656


Energy:                 -230.302997 Convergence criteria  Is converged 
Maximum Force:             0.001996     0.002850  Yes
RMS Force:                 0.000878     0.001900  Yes
Maximum Displacement:      0.000429     0.003150  Yes
RMS Displacement:          0.000179     0.002100  Yes

SDCG converged at iteration 21 (phase: SD).

----------------------------------------------------------------------
            Scanning combination 28/73: [258.10]

======================================================================
SDCG Parameters
======================================================================
mode:              SD only
max_step:          0.2
max_iter:          256
sd_enabled:        True
cg_enabled:        False
sd_max_iter:       50
cg_switch_fmax:    0.0
cg_restart_thresh: 0.2
cg_beta_method:    prp+
diis_enabled:      True
diis_store_every:  5
diis_memory:       6
verbose:           0
======================================================================


                             Coordinates                              
----------------------------------------------------------------------
0    C               -0.4218              -0.4616               0.3621
1    O                0.5582              -1.1725              -0.3780
2    O                1.5610              -0.2307              -0.7651
3    C                1.3312               0.0906              -2.1279
4    H               -0.0335              -0.1687               1.3394
5    H               -1.2473              -1.1590               0.4860
6    H               -0.7674               0.4252              -0.1710
7    H                1.9894               0.9307              -2.3380
8    H                1.5866              -0.7515              -2.7739
9    H                0.2952               0.3825              -2.3060


Energy:                 -230.302787 Convergence criteria  Is converged 
Maximum Force:             0.002055     0.002850  Yes
RMS Force:                 0.000906     0.001900  Yes
Maximum Displacement:      0.000441     0.003150  Yes
RMS Displacement:          0.000185     0.002100  Yes

SDCG converged at iteration 21 (phase: SD).

----------------------------------------------------------------------
            Scanning combination 29/73: [263.10]

======================================================================
SDCG Parameters
======================================================================
mode:              SD only
max_step:          0.2
max_iter:          256
sd_enabled:        True
cg_enabled:        False
sd_max_iter:       50
cg_switch_fmax:    0.0
cg_restart_thresh: 0.2
cg_beta_method:    prp+
diis_enabled:      True
diis_store_every:  5
diis_memory:       6
verbose:           0
======================================================================


                             Coordinates                              
----------------------------------------------------------------------
0    C               -0.4145              -0.4601               0.3419
1    O                0.5859              -1.1901              -0.3509
2    O                1.5902              -0.2617              -0.7629
3    C                1.3195               0.0929              -2.1100
4    H               -0.0500              -0.1305               1.3168
5    H               -1.2393              -1.1574               0.4718
6    H               -0.7531               0.4054              -0.2280
7    H                1.9806               0.9297              -2.3241
8    H                1.5421              -0.7378              -2.7826
9    H                0.2828               0.4007              -2.2480


Energy:                 -230.302427 Convergence criteria  Is converged 
Maximum Force:             0.002068     0.002850  Yes
RMS Force:                 0.000892     0.001900  Yes
Maximum Displacement:      0.000446     0.003150  Yes
RMS Displacement:          0.000182     0.002100  Yes

SDCG converged at iteration 21 (phase: SD).

----------------------------------------------------------------------
            Scanning combination 30/73: [268.10]

======================================================================
SDCG Parameters
======================================================================
mode:              SD only
max_step:          0.2
max_iter:          256
sd_enabled:        True
cg_enabled:        False
sd_max_iter:       50
cg_switch_fmax:    0.0
cg_restart_thresh: 0.2
cg_beta_method:    prp+
diis_enabled:      True
diis_store_every:  5
diis_memory:       6
verbose:           0
======================================================================


                             Coordinates                              
----------------------------------------------------------------------
0    C               -0.4108              -0.4576               0.3271
1    O                0.6095              -1.2007              -0.3206
2    O                1.6149              -0.2923              -0.7683
3    C                1.3096               0.0955              -2.0984
4    H               -0.0657              -0.1048               1.2998
5    H               -1.2340              -1.1562               0.4605
6    H               -0.7455               0.3929              -0.2650
7    H                1.9738               0.9299              -2.3136
8    H                1.5113              -0.7237              -2.7896
9    H                0.2744               0.4139              -2.2115


Energy:                 -230.301649 Convergence criteria  Is converged 
Maximum Force:             0.002846     0.002850  Yes
RMS Force:                 0.001204     0.001900  Yes
Maximum Displacement:      0.000561     0.003150  Yes
RMS Displacement:          0.000274     0.002100  Yes

SDCG converged at iteration 16 (phase: SD).

----------------------------------------------------------------------
            Scanning combination 31/73: [273.10]

======================================================================
SDCG Parameters
======================================================================
mode:              SD only
max_step:          0.2
max_iter:          256
sd_enabled:        True
cg_enabled:        False
sd_max_iter:       50
cg_switch_fmax:    0.0
cg_restart_thresh: 0.2
cg_beta_method:    prp+
diis_enabled:      True
diis_store_every:  5
diis_memory:       6
verbose:           0
======================================================================


                             Coordinates                              
----------------------------------------------------------------------
0    C               -0.4052              -0.4551               0.3131
1    O                0.6333              -1.2110              -0.2898
2    O                1.6398              -0.3236              -0.7740
3    C                1.3003               0.0963              -2.0863
4    H               -0.0850              -0.0742               1.2836
5    H               -1.2268              -1.1555               0.4468
6    H               -0.7349               0.3772              -0.3056
7    H                1.9662               0.9295              -2.3002
8    H                1.4767              -0.7083              -2.8012
9    H                0.2669               0.4269              -2.1692


Energy:                 -230.300621 Convergence criteria  Is converged 
Maximum Force:             0.002796     0.002850  Yes
RMS Force:                 0.001265     0.001900  Yes
Maximum Displacement:      0.000597     0.003150  Yes
RMS Displacement:          0.000298     0.002100  Yes

SDCG converged at iteration 16 (phase: SD).

----------------------------------------------------------------------
            Scanning combination 32/73: [278.10]

======================================================================
SDCG Parameters
======================================================================
mode:              SD only
max_step:          0.2
max_iter:          256
sd_enabled:        True
cg_enabled:        False
sd_max_iter:       50
cg_switch_fmax:    0.0
cg_restart_thresh: 0.2
cg_beta_method:    prp+
diis_enabled:      True
diis_store_every:  5
diis_memory:       6
verbose:           0
======================================================================


                             Coordinates                              
----------------------------------------------------------------------
0    C               -0.3999              -0.4530               0.2996
1    O                0.6560              -1.2193              -0.2591
2    O                1.6629              -0.3543              -0.7812
3    C                1.2915               0.0971              -2.0746
4    H               -0.1035              -0.0440               1.2665
5    H               -1.2190              -1.1560               0.4341
6    H               -0.7256               0.3609              -0.3440
7    H                1.9600               0.9286              -2.2865
8    H                1.4419              -0.6931              -2.8114
9    H                0.2611               0.4403              -2.1291


Energy:                 -230.299286 Convergence criteria  Is converged 
Maximum Force:             0.002589     0.002850  Yes
RMS Force:                 0.001209     0.001900  Yes
Maximum Displacement:      0.000577     0.003150  Yes
RMS Displacement:          0.000285     0.002100  Yes

SDCG converged at iteration 16 (phase: SD).

----------------------------------------------------------------------
            Scanning combination 33/73: [283.10]

======================================================================
SDCG Parameters
======================================================================
mode:              SD only
max_step:          0.2
max_iter:          256
sd_enabled:        True
cg_enabled:        False
sd_max_iter:       50
cg_switch_fmax:    0.0
cg_restart_thresh: 0.2
cg_beta_method:    prp+
diis_enabled:      True
diis_store_every:  5
diis_memory:       6
verbose:           0
======================================================================


                             Coordinates                              
----------------------------------------------------------------------
0    C               -0.3955              -0.4512               0.2875
1    O                0.6771              -1.2249              -0.2283
2    O                1.6836              -0.3844              -0.7904
3    C                1.2838               0.0981              -2.0642
4    H               -0.1213              -0.0152               1.2493
5    H               -1.2108              -1.1582               0.4235
6    H               -0.7194               0.3438              -0.3788
7    H                1.9565               0.9268              -2.2736
8    H                1.4083              -0.6780              -2.8207
9    H                0.2577               0.4549              -2.0928


Energy:                 -230.297632 Convergence criteria  Is converged 
Maximum Force:             0.002437     0.002850  Yes
RMS Force:                 0.001155     0.001900  Yes
Maximum Displacement:      0.000534     0.003150  Yes
RMS Displacement:          0.000268     0.002100  Yes

SDCG converged at iteration 16 (phase: SD).

----------------------------------------------------------------------
            Scanning combination 34/73: [288.10]

======================================================================
SDCG Parameters
======================================================================
mode:              SD only
max_step:          0.2
max_iter:          256
sd_enabled:        True
cg_enabled:        False
sd_max_iter:       50
cg_switch_fmax:    0.0
cg_restart_thresh: 0.2
cg_beta_method:    prp+
diis_enabled:      True
diis_store_every:  5
diis_memory:       6
verbose:           0
======================================================================


                             Coordinates                              
----------------------------------------------------------------------
0    C               -0.3920              -0.4500               0.2771
1    O                0.6967              -1.2278              -0.1976
2    O                1.7020              -0.4139              -0.8016
3    C                1.2774               0.0994              -2.0553
4    H               -0.1391               0.0127               1.2325
5    H               -1.2023              -1.1622               0.4157
6    H               -0.7160               0.3253              -0.4104
7    H                1.9559               0.9241              -2.2618
8    H                1.3757              -0.6629              -2.8299
9    H                0.2572               0.4709              -2.0597


Energy:                 -230.295691 Convergence criteria  Is converged 
Maximum Force:             0.002317     0.002850  Yes
RMS Force:                 0.001132     0.001900  Yes
Maximum Displacement:      0.000489     0.003150  Yes
RMS Displacement:          0.000256     0.002100  Yes

SDCG converged at iteration 16 (phase: SD).

----------------------------------------------------------------------
            Scanning combination 35/73: [293.10]

======================================================================
SDCG Parameters
======================================================================
mode:              SD only
max_step:          0.2
max_iter:          256
sd_enabled:        True
cg_enabled:        False
sd_max_iter:       50
cg_switch_fmax:    0.0
cg_restart_thresh: 0.2
cg_beta_method:    prp+
diis_enabled:      True
diis_store_every:  5
diis_memory:       6
verbose:           0
======================================================================


                             Coordinates                              
----------------------------------------------------------------------
0    C               -0.3895              -0.4494               0.2684
1    O                0.7147              -1.2281              -0.1673
2    O                1.7180              -0.4426              -0.8144
3    C                1.2724               0.1010              -2.0478
4    H               -0.1572               0.0395               1.2162
5    H               -1.1937              -1.1677               0.4109
6    H               -0.7154               0.3053              -0.4391
7    H                1.9582               0.9203              -2.2513
8    H                1.3442              -0.6475              -2.8391
9    H                0.2595               0.4885              -2.0295


Energy:                 -230.293518 Convergence criteria  Is converged 
Maximum Force:             0.002289     0.002850  Yes
RMS Force:                 0.001134     0.001900  Yes
Maximum Displacement:      0.000472     0.003150  Yes
RMS Displacement:          0.000250     0.002100  Yes

SDCG converged at iteration 16 (phase: SD).

----------------------------------------------------------------------
            Scanning combination 36/73: [298.10]

======================================================================
SDCG Parameters
======================================================================
mode:              SD only
max_step:          0.2
max_iter:          256
sd_enabled:        True
cg_enabled:        False
sd_max_iter:       50
cg_switch_fmax:    0.0
cg_restart_thresh: 0.2
cg_beta_method:    prp+
diis_enabled:      True
diis_store_every:  5
diis_memory:       6
verbose:           0
======================================================================


                             Coordinates                              
----------------------------------------------------------------------
0    C               -0.3879              -0.4494               0.2612
1    O                0.7313              -1.2258              -0.1376
2    O                1.7314              -0.4706              -0.8286
3    C                1.2686               0.1028              -2.0418
4    H               -0.1754               0.0654               1.2003
5    H               -1.1849              -1.1748               0.4090
6    H               -0.7175               0.2837              -0.4654
7    H                1.9633               0.9155              -2.2423
8    H                1.3138              -0.6319              -2.8482
9    H                0.2645               0.5076              -2.0018


Energy:                 -230.291177 Convergence criteria  Is converged 
Maximum Force:             0.002340     0.002850  Yes
RMS Force:                 0.001163     0.001900  Yes
Maximum Displacement:      0.000465     0.003150  Yes
RMS Displacement:          0.000249     0.002100  Yes

SDCG converged at iteration 16 (phase: SD).

----------------------------------------------------------------------
            Scanning combination 37/73: [303.10]

======================================================================
SDCG Parameters
======================================================================
mode:              SD only
max_step:          0.2
max_iter:          256
sd_enabled:        True
cg_enabled:        False
sd_max_iter:       50
cg_switch_fmax:    0.0
cg_restart_thresh: 0.2
cg_beta_method:    prp+
diis_enabled:      True
diis_store_every:  5
diis_memory:       6
verbose:           0
======================================================================


                             Coordinates                              
----------------------------------------------------------------------
0    C               -0.3873              -0.4499               0.2553
1    O                0.7467              -1.2212              -0.1088
2    O                1.7424              -0.4976              -0.8438
3    C                1.2660               0.1049              -2.0369
4    H               -0.1935               0.0900               1.1847
5    H               -1.1759              -1.1831               0.4101
6    H               -0.7218               0.2605              -0.4898
7    H                1.9710               0.9095              -2.2348
8    H                1.2845              -0.6161              -2.8570
9    H                0.2717               0.5284              -1.9758


Energy:                 -230.288750 Convergence criteria  Is converged 
Maximum Force:             0.002486     0.002850  Yes
RMS Force:                 0.001219     0.001900  Yes
Maximum Displacement:      0.000484     0.003150  Yes
RMS Displacement:          0.000255     0.002100  Yes

SDCG converged at iteration 16 (phase: SD).

----------------------------------------------------------------------
            Scanning combination 38/73: [308.10]

======================================================================
SDCG Parameters
======================================================================
mode:              SD only
max_step:          0.2
max_iter:          256
sd_enabled:        True
cg_enabled:        False
sd_max_iter:       50
cg_switch_fmax:    0.0
cg_restart_thresh: 0.2
cg_beta_method:    prp+
diis_enabled:      True
diis_store_every:  5
diis_memory:       6
verbose:           0
======================================================================


                             Coordinates                              
----------------------------------------------------------------------
0    C               -0.3874              -0.4509               0.2503
1    O                0.7609              -1.2145              -0.0814
2    O                1.7509              -0.5237              -0.8596
3    C                1.2644               0.1075              -2.0329
4    H               -0.2114               0.1136               1.1689
5    H               -1.1667              -1.1925               0.4141
6    H               -0.7281               0.2355              -0.5130
7    H                1.9811               0.9024              -2.2288
8    H                1.2561              -0.6001              -2.8651
9    H                0.2811               0.5507              -1.9511


Energy:                 -230.286328 Convergence criteria  Is converged 
Maximum Force:             0.002723     0.002850  Yes
RMS Force:                 0.001299     0.001900  Yes
Maximum Displacement:      0.000531     0.003150  Yes
RMS Displacement:          0.000267     0.002100  Yes

SDCG converged at iteration 16 (phase: SD).

----------------------------------------------------------------------
            Scanning combination 39/73: [313.10]

======================================================================
SDCG Parameters
======================================================================
mode:              SD only
max_step:          0.2
max_iter:          256
sd_enabled:        True
cg_enabled:        False
sd_max_iter:       50
cg_switch_fmax:    0.0
cg_restart_thresh: 0.2
cg_beta_method:    prp+
diis_enabled:      True
diis_store_every:  5
diis_memory:       6
verbose:           0
======================================================================


                             Coordinates                              
----------------------------------------------------------------------
0    C               -0.3805              -0.4305               0.2674
1    O                0.7759              -1.1929              -0.0438
2    O                1.7519              -0.5589              -0.8889
3    C                1.2557               0.0886              -2.0508
4    H               -0.2397               0.0753               1.2268
5    H               -1.1819              -1.1646               0.3465
6    H               -0.6628               0.3146              -0.4652
7    H                1.9223               0.9377              -2.1993
8    H                1.3188              -0.5911              -2.9053
9    H                0.2383               0.4524              -1.9873


Energy:                 -230.282376 Convergence criteria  Is converged 
Maximum Force:             0.002603     0.002850  Yes
RMS Force:                 0.001060     0.001900  Yes
Maximum Displacement:      0.000579     0.003150  Yes
RMS Displacement:          0.000253     0.002100  Yes

SDCG converged at iteration 61 (phase: SD).

----------------------------------------------------------------------
            Scanning combination 40/73: [318.10]

======================================================================
SDCG Parameters
======================================================================
mode:              SD only
max_step:          0.2
max_iter:          256
sd_enabled:        True
cg_enabled:        False
sd_max_iter:       50
cg_switch_fmax:    0.0
cg_restart_thresh: 0.2
cg_beta_method:    prp+
diis_enabled:      True
diis_store_every:  5
diis_memory:       6
verbose:           0
======================================================================


                             Coordinates                              
----------------------------------------------------------------------
0    C               -0.3838              -0.4318               0.2621
1    O                0.7870              -1.1806              -0.0218
2    O                1.7527              -0.5815              -0.9048
3    C                1.2542               0.0941              -2.0481
4    H               -0.2439               0.0747               1.2195
5    H               -1.1832              -1.1670               0.3456
6    H               -0.6637               0.3132              -0.4697
7    H                1.9239               0.9399              -2.1982
8    H                1.3155              -0.5842              -2.9019
9    H                0.2372               0.4555              -1.9838


Energy:                 -230.279738 Convergence criteria  Is converged 
Maximum Force:             0.002679     0.002850  Yes
RMS Force:                 0.001454     0.001900  Yes
Maximum Displacement:      0.000584     0.003150  Yes
RMS Displacement:          0.000324     0.002100  Yes

SDCG converged at iteration 6 (phase: SD).

----------------------------------------------------------------------
            Scanning combination 41/73: [323.10]

======================================================================
SDCG Parameters
======================================================================
mode:              SD only
max_step:          0.2
max_iter:          256
sd_enabled:        True
cg_enabled:        False
sd_max_iter:       50
cg_switch_fmax:    0.0
cg_restart_thresh: 0.2
cg_beta_method:    prp+
diis_enabled:      True
diis_store_every:  5
diis_memory:       6
verbose:           0
======================================================================


                             Coordinates                              
----------------------------------------------------------------------
0    C               -0.3799              -0.4296               0.2634
1    O                0.8026              -1.1685               0.0046
2    O                1.7560              -0.6097              -0.9214
3    C                1.2529               0.0896              -2.0479
4    H               -0.2692               0.0958               1.2144
5    H               -1.1720              -1.1733               0.3384
6    H               -0.6603               0.2957              -0.4864
7    H                1.9256               0.9352              -2.1844
8    H                1.2947              -0.5659              -2.9205
9    H                0.2435               0.4647              -1.9621


Energy:                 -230.277561 Convergence criteria  Is converged 
Maximum Force:             0.001537     0.002850  Yes
RMS Force:                 0.000684     0.001900  Yes
Maximum Displacement:      0.000307     0.003150  Yes
RMS Displacement:          0.000142     0.002100  Yes

SDCG converged at iteration 16 (phase: SD).

----------------------------------------------------------------------
            Scanning combination 42/73: [328.10]

======================================================================
SDCG Parameters
======================================================================
mode:              SD only
max_step:          0.2
max_iter:          256
sd_enabled:        True
cg_enabled:        False
sd_max_iter:       50
cg_switch_fmax:    0.0
cg_restart_thresh: 0.2
cg_beta_method:    prp+
diis_enabled:      True
diis_store_every:  5
diis_memory:       6
verbose:           0
======================================================================


                             Coordinates                              
----------------------------------------------------------------------
0    C               -0.3832              -0.4315               0.2591
1    O                0.8132              -1.1541               0.0239
2    O                1.7538              -0.6311              -0.9364
3    C                1.2523               0.0949              -2.0456
4    H               -0.2724               0.0949               1.2091
5    H               -1.1736              -1.1770               0.3376
6    H               -0.6611               0.2952              -0.4900
7    H                1.9283               0.9379              -2.1830
8    H                1.2927              -0.5606              -2.9178
9    H                0.2421               0.4671              -1.9596


Energy:                 -230.275333 Convergence criteria  Is converged 
Maximum Force:             0.002723     0.002850  Yes
RMS Force:                 0.001462     0.001900  Yes
Maximum Displacement:      0.000694     0.003150  Yes
RMS Displacement:          0.000368     0.002100  Yes

SDCG converged at iteration 5 (phase: SD).

----------------------------------------------------------------------
            Scanning combination 43/73: [333.10]

======================================================================
SDCG Parameters
======================================================================
mode:              SD only
max_step:          0.2
max_iter:          256
sd_enabled:        True
cg_enabled:        False
sd_max_iter:       50
cg_switch_fmax:    0.0
cg_restart_thresh: 0.2
cg_beta_method:    prp+
diis_enabled:      True
diis_store_every:  5
diis_memory:       6
verbose:           0
======================================================================


                             Coordinates                              
----------------------------------------------------------------------
0    C               -0.3803              -0.4277               0.2629
1    O                0.8275              -1.1375               0.0474
2    O                1.7517              -0.6582              -0.9537
3    C                1.2510               0.0896              -2.0487
4    H               -0.2974               0.1112               1.2087
5    H               -1.1603              -1.1854               0.3309
6    H               -0.6594               0.2824              -0.5011
7    H                1.9321               0.9317              -2.1675
8    H                1.2784              -0.5434              -2.9376
9    H                0.2473               0.4740              -1.9450


Energy:                 -230.273614 Convergence criteria  Is converged 
Maximum Force:             0.001024     0.002850  Yes
RMS Force:                 0.000462     0.001900  Yes
Maximum Displacement:      0.000205     0.003150  Yes
RMS Displacement:          0.000097     0.002100  Yes

SDCG converged at iteration 16 (phase: SD).

----------------------------------------------------------------------
            Scanning combination 44/73: [338.10]

======================================================================
SDCG Parameters
======================================================================
mode:              SD only
max_step:          0.2
max_iter:          256
sd_enabled:        True
cg_enabled:        False
sd_max_iter:       50
cg_switch_fmax:    0.0
cg_restart_thresh: 0.2
cg_beta_method:    prp+
diis_enabled:      True
diis_store_every:  5
diis_memory:       6
verbose:           0
======================================================================


                             Coordinates                              
----------------------------------------------------------------------
0    C               -0.3831              -0.4300               0.2595
1    O                0.8380              -1.1216               0.0643
2    O                1.7469              -0.6789              -0.9677
3    C                1.2512               0.0942              -2.0466
4    H               -0.3003               0.1098               1.2042
5    H               -1.1618              -1.1892               0.3302
6    H               -0.6601               0.2819              -0.5035
7    H                1.9350               0.9344              -2.1661
8    H                1.2774              -0.5386              -2.9352
9    H                0.2465               0.4758              -1.9433


Energy:                 -230.271976 Convergence criteria  Is converged 
Maximum Force:             0.002548     0.002850  Yes
RMS Force:                 0.001283     0.001900  Yes
Maximum Displacement:      0.000671     0.003150  Yes
RMS Displacement:          0.000329     0.002100  Yes

SDCG converged at iteration 5 (phase: SD).

----------------------------------------------------------------------
            Scanning combination 45/73: [343.10]

======================================================================
SDCG Parameters
======================================================================
mode:              SD only
max_step:          0.2
max_iter:          256
sd_enabled:        True
cg_enabled:        False
sd_max_iter:       50
cg_switch_fmax:    0.0
cg_restart_thresh: 0.2
cg_beta_method:    prp+
diis_enabled:      True
diis_store_every:  5
diis_memory:       6
verbose:           0
======================================================================


                             Coordinates                              
----------------------------------------------------------------------
0    C               -0.3804              -0.4251               0.2643
1    O                0.8515              -1.1019               0.0848
2    O                1.7407              -0.7048              -0.9844
3    C                1.2495               0.0884              -2.0509
4    H               -0.3238               0.1204               1.2077
5    H               -1.1477              -1.1972               0.3229
6    H               -0.6590               0.2747              -0.5091
7    H                1.9381               0.9276              -2.1500
8    H                1.2700              -0.5228              -2.9545
9    H                0.2498               0.4793              -1.9355


Energy:                 -230.270832 Convergence criteria  Is converged 
Maximum Force:             0.000448     0.002850  Yes
RMS Force:                 0.000212     0.001900  Yes
Maximum Displacement:      0.000090     0.003150  Yes
RMS Displacement:          0.000047     0.002100  Yes

SDCG converged at iteration 16 (phase: SD).

----------------------------------------------------------------------
            Scanning combination 46/73: [348.10]

======================================================================
SDCG Parameters
======================================================================
mode:              SD only
max_step:          0.2
max_iter:          256
sd_enabled:        True
cg_enabled:        False
sd_max_iter:       50
cg_switch_fmax:    0.0
cg_restart_thresh: 0.2
cg_beta_method:    prp+
diis_enabled:      True
diis_store_every:  5
diis_memory:       6
verbose:           0
======================================================================


                             Coordinates                              
----------------------------------------------------------------------
0    C               -0.3828              -0.4278               0.2616
1    O                0.8619              -1.0846               0.0995
2    O                1.7335              -0.7249              -0.9975
3    C                1.2504               0.0924              -2.0489
4    H               -0.3264               0.1184               1.2040
5    H               -1.1493              -1.2010               0.3220
6    H               -0.6595               0.2743              -0.5105
7    H                1.9409               0.9304              -2.1484
8    H                1.2698              -0.5185              -2.9523
9    H                0.2494               0.4804              -1.9346


Energy:                 -230.269861 Convergence criteria  Is converged 
Maximum Force:             0.002357     0.002850  Yes
RMS Force:                 0.001183     0.001900  Yes
Maximum Displacement:      0.000667     0.003150  Yes
RMS Displacement:          0.000306     0.002100  Yes

SDCG converged at iteration 5 (phase: SD).

----------------------------------------------------------------------
            Scanning combination 47/73: [353.10]

======================================================================
SDCG Parameters
======================================================================
mode:              SD only
max_step:          0.2
max_iter:          256
sd_enabled:        True
cg_enabled:        False
sd_max_iter:       50
cg_switch_fmax:    0.0
cg_restart_thresh: 0.2
cg_beta_method:    prp+
diis_enabled:      True
diis_store_every:  5
diis_memory:       6
verbose:           0
======================================================================


                             Coordinates                              
----------------------------------------------------------------------
0    C               -0.3795              -0.4215               0.2666
1    O                0.8753              -1.0623               0.1172
2    O                1.7235              -0.7502              -1.0133
3    C                1.2476               0.0856              -2.0537
4    H               -0.3480               0.1232               1.2111
5    H               -1.1340              -1.2077               0.3119
6    H               -0.6577               0.2741              -0.5108
7    H                1.9415               0.9235              -2.1302
8    H                1.2692              -0.5043              -2.9708
9    H                0.2495               0.4790              -1.9333


Energy:                 -230.269393 Convergence criteria  Is converged 
Maximum Force:             0.000725     0.002850  Yes
RMS Force:                 0.000266     0.001900  Yes
Maximum Displacement:      0.000149     0.003150  Yes
RMS Displacement:          0.000055     0.002100  Yes

SDCG converged at iteration 16 (phase: SD).

----------------------------------------------------------------------
            Scanning combination 48/73: [358.10]

======================================================================
SDCG Parameters
======================================================================
mode:              SD only
max_step:          0.2
max_iter:          256
sd_enabled:        True
cg_enabled:        False
sd_max_iter:       50
cg_switch_fmax:    0.0
cg_restart_thresh: 0.2
cg_beta_method:    prp+
diis_enabled:      True
diis_store_every:  5
diis_memory:       6
verbose:           0
======================================================================


                             Coordinates                              
----------------------------------------------------------------------
0    C               -0.3813              -0.4244               0.2644
1    O                0.8857              -1.0437               0.1298
2    O                1.7141              -0.7697              -1.0254
3    C                1.2489               0.0890              -2.0518
4    H               -0.3503               0.1207               1.2081
5    H               -1.1355              -1.2115               0.3105
6    H               -0.6577               0.2741              -0.5110
7    H                1.9441               0.9265              -2.1282
8    H                1.2699              -0.5004              -2.9688
9    H                0.2493               0.4792              -1.9332


Energy:                 -230.269126 Convergence criteria  Is converged 
Maximum Force:             0.002310     0.002850  Yes
RMS Force:                 0.001214     0.001900  Yes
Maximum Displacement:      0.000680     0.003150  Yes
RMS Displacement:          0.000306     0.002100  Yes

SDCG converged at iteration 5 (phase: SD).

----------------------------------------------------------------------
            Scanning combination 49/73: [363.10]

======================================================================
SDCG Parameters
======================================================================
mode:              SD only
max_step:          0.2
max_iter:          256
sd_enabled:        True
cg_enabled:        False
sd_max_iter:       50
cg_switch_fmax:    0.0
cg_restart_thresh: 0.2
cg_beta_method:    prp+
diis_enabled:      True
diis_store_every:  5
diis_memory:       6
verbose:           0
======================================================================


                             Coordinates                              
----------------------------------------------------------------------
0    C               -0.3802              -0.4224               0.2657
1    O                0.8976              -1.0218               0.1429
2    O                1.7022              -0.7915              -1.0386
3    C                1.2479               0.0869              -2.0530
4    H               -0.3594               0.1192               1.2104
5    H               -1.1295              -1.2162               0.3042
6    H               -0.6575               0.2749              -0.5104
7    H                1.9448               0.9254              -2.1185
8    H                1.2723              -0.4932              -2.9744
9    H                0.2490               0.4785              -1.9339


Energy:                 -230.269280 Convergence criteria  Is converged 
Maximum Force:             0.002740     0.002850  Yes
RMS Force:                 0.001293     0.001900  Yes
Maximum Displacement:      0.000573     0.003150  Yes
RMS Displacement:          0.000268     0.002100  Yes

SDCG converged at iteration 14 (phase: SD).

----------------------------------------------------------------------
            Scanning combination 50/73: [368.10]

======================================================================
SDCG Parameters
======================================================================
mode:              SD only
max_step:          0.2
max_iter:          256
sd_enabled:        True
cg_enabled:        False
sd_max_iter:       50
cg_switch_fmax:    0.0
cg_restart_thresh: 0.2
cg_beta_method:    prp+
diis_enabled:      True
diis_store_every:  5
diis_memory:       6
verbose:           0
======================================================================


                             Coordinates                              
----------------------------------------------------------------------
0    C               -0.3749              -0.4135               0.2702
1    O                0.9116              -0.9957               0.1567
2    O                1.6871              -0.8166              -1.0529
3    C                1.2426               0.0779              -2.0575
4    H               -0.3793               0.1164               1.2227
5    H               -1.1097              -1.2204               0.2868
6    H               -0.6530               0.2874              -0.5025
7    H                1.9395               0.9173              -2.0936
8    H                1.2810              -0.4809              -2.9925
9    H                0.2423               0.4678              -1.9428


Energy:                 -230.270023 Convergence criteria  Is converged 
Maximum Force:             0.002137     0.002850  Yes
RMS Force:                 0.000869     0.001900  Yes
Maximum Displacement:      0.000430     0.003150  Yes
RMS Displacement:          0.000174     0.002100  Yes

SDCG converged at iteration 16 (phase: SD).

----------------------------------------------------------------------
            Scanning combination 51/73: [373.10]

======================================================================
SDCG Parameters
======================================================================
mode:              SD only
max_step:          0.2
max_iter:          256
sd_enabled:        True
cg_enabled:        False
sd_max_iter:       50
cg_switch_fmax:    0.0
cg_restart_thresh: 0.2
cg_beta_method:    prp+
diis_enabled:      True
diis_store_every:  5
diis_memory:       6
verbose:           0
======================================================================


                             Coordinates                              
----------------------------------------------------------------------
0    C               -0.3754              -0.4158               0.2691
1    O                0.9225              -0.9744               0.1664
2    O                1.6739              -0.8359              -1.0638
3    C                1.2440               0.0795              -2.0559
4    H               -0.3818               0.1127               1.2214
5    H               -1.1102              -1.2242               0.2833
6    H               -0.6520               0.2889              -0.5005
7    H                1.9410               0.9203              -2.0896
8    H                1.2835              -0.4771              -2.9912
9    H                0.2421               0.4657              -1.9444


Energy:                 -230.270867 Convergence criteria  Is converged 
Maximum Force:             0.002764     0.002850  Yes
RMS Force:                 0.001414     0.001900  Yes
Maximum Displacement:      0.000571     0.003150  Yes
RMS Displacement:          0.000292     0.002100  Yes

SDCG converged at iteration 7 (phase: SD).

----------------------------------------------------------------------
            Scanning combination 52/73: [378.10]

======================================================================
SDCG Parameters
======================================================================
mode:              SD only
max_step:          0.2
max_iter:          256
sd_enabled:        True
cg_enabled:        False
sd_max_iter:       50
cg_switch_fmax:    0.0
cg_restart_thresh: 0.2
cg_beta_method:    prp+
diis_enabled:      True
diis_store_every:  5
diis_memory:       6
verbose:           0
======================================================================


                             Coordinates                              
----------------------------------------------------------------------
0    C               -0.3760              -0.4174               0.2689
1    O                0.9324              -0.9506               0.1731
2    O                1.6569              -0.8538              -1.0740
3    C                1.2451               0.0806              -2.0554
4    H               -0.3974               0.1322               1.2103
5    H               -1.0864              -1.2465               0.3015
6    H               -0.6772               0.2558              -0.5205
7    H                1.9695               0.8979              -2.0809
8    H                1.2610              -0.4642              -2.9999
9    H                0.2602               0.5049              -1.9281


Energy:                 -230.271684 Convergence criteria  Is converged 
Maximum Force:             0.002244     0.002850  Yes
RMS Force:                 0.001064     0.001900  Yes
Maximum Displacement:      0.000511     0.003150  Yes
RMS Displacement:          0.000259     0.002100  Yes

SDCG converged at iteration 26 (phase: SD).

----------------------------------------------------------------------
            Scanning combination 53/73: [383.10]

======================================================================
SDCG Parameters
======================================================================
mode:              SD only
max_step:          0.2
max_iter:          256
sd_enabled:        True
cg_enabled:        False
sd_max_iter:       50
cg_switch_fmax:    0.0
cg_restart_thresh: 0.2
cg_beta_method:    prp+
diis_enabled:      True
diis_store_every:  5
diis_memory:       6
verbose:           0
======================================================================


                             Coordinates                              
----------------------------------------------------------------------
0    C               -0.3760              -0.4190               0.2681
1    O                0.9436              -0.9277               0.1816
2    O                1.6418              -0.8733              -1.0846
3    C                1.2463               0.0813              -2.0541
4    H               -0.4005               0.1277               1.2095
5    H               -1.0853              -1.2503               0.2972
6    H               -0.6758               0.2579              -0.5175
7    H                1.9705               0.8998              -2.0755
8    H                1.2645              -0.4600              -2.9988
9    H                0.2598               0.5019              -1.9306


Energy:                 -230.273154 Convergence criteria  Is converged 
Maximum Force:             0.002781     0.002850  Yes
RMS Force:                 0.001404     0.001900  Yes
Maximum Displacement:      0.000573     0.003150  Yes
RMS Displacement:          0.000287     0.002100  Yes

SDCG converged at iteration 9 (phase: SD).

----------------------------------------------------------------------
            Scanning combination 54/73: [388.10]

======================================================================
SDCG Parameters
======================================================================
mode:              SD only
max_step:          0.2
max_iter:          256
sd_enabled:        True
cg_enabled:        False
sd_max_iter:       50
cg_switch_fmax:    0.0
cg_restart_thresh: 0.2
cg_beta_method:    prp+
diis_enabled:      True
diis_store_every:  5
diis_memory:       6
verbose:           0
======================================================================


                             Coordinates                              
----------------------------------------------------------------------
0    C               -0.3748              -0.4183               0.2677
1    O                0.9545              -0.9014               0.1867
2    O                1.6220              -0.8920              -1.0943
3    C                1.2454               0.0803              -2.0535
4    H               -0.4155               0.1400               1.2027
5    H               -1.0612              -1.2674               0.3076
6    H               -0.6937               0.2351              -0.5310
7    H                1.9906               0.8793              -2.0631
8    H                1.2503              -0.4474              -3.0069
9    H                0.2723               0.5294              -1.9199


Energy:                 -230.274691 Convergence criteria  Is converged 
Maximum Force:             0.002462     0.002850  Yes
RMS Force:                 0.001070     0.001900  Yes
Maximum Displacement:      0.000529     0.003150  Yes
RMS Displacement:          0.000234     0.002100  Yes

SDCG converged at iteration 26 (phase: SD).

----------------------------------------------------------------------
            Scanning combination 55/73: [393.10]

======================================================================
SDCG Parameters
======================================================================
mode:              SD only
max_step:          0.2
max_iter:          256
sd_enabled:        True
cg_enabled:        False
sd_max_iter:       50
cg_switch_fmax:    0.0
cg_restart_thresh: 0.2
cg_beta_method:    prp+
diis_enabled:      True
diis_store_every:  5
diis_memory:       6
verbose:           0
======================================================================


                             Coordinates                              
----------------------------------------------------------------------
0    C               -0.3736              -0.4196               0.2674
1    O                0.9661              -0.8762               0.1925
2    O                1.6035              -0.9113              -1.1037
3    C                1.2464               0.0797              -2.0521
4    H               -0.4189               0.1346               1.2034
5    H               -1.0581              -1.2716               0.3017
6    H               -0.6921               0.2388              -0.5266
7    H                1.9912               0.8803              -2.0553
8    H                1.2553              -0.4433              -3.0068
9    H                0.2714               0.5250              -1.9239


Energy:                 -230.276774 Convergence criteria  Is converged 
Maximum Force:             0.002808     0.002850  Yes
RMS Force:                 0.001420     0.001900  Yes
Maximum Displacement:      0.000578     0.003150  Yes
RMS Displacement:          0.000289     0.002100  Yes

SDCG converged at iteration 12 (phase: SD).

----------------------------------------------------------------------
            Scanning combination 56/73: [398.10]

======================================================================
SDCG Parameters
======================================================================
mode:              SD only
max_step:          0.2
max_iter:          256
sd_enabled:        True
cg_enabled:        False
sd_max_iter:       50
cg_switch_fmax:    0.0
cg_restart_thresh: 0.2
cg_beta_method:    prp+
diis_enabled:      True
diis_store_every:  5
diis_memory:       6
verbose:           0
======================================================================


                             Coordinates                              
----------------------------------------------------------------------
0    C               -0.3738              -0.4204               0.2669
1    O                0.9759              -0.8486               0.1946
2    O                1.5809              -0.9280              -1.1125
3    C                1.2468               0.0803              -2.0515
4    H               -0.4333               0.1485               1.1947
5    H               -1.0341              -1.2911               0.3166
6    H               -0.7111               0.2113              -0.5421
7    H                2.0157               0.8585              -2.0453
8    H                1.2388              -0.4309              -3.0140
9    H                0.2869               0.5555              -1.9102


Energy:                 -230.278749 Convergence criteria  Is converged 
Maximum Force:             0.002379     0.002850  Yes
RMS Force:                 0.001195     0.001900  Yes
Maximum Displacement:      0.000554     0.003150  Yes
RMS Displacement:          0.000271     0.002100  Yes

SDCG converged at iteration 26 (phase: SD).

----------------------------------------------------------------------
            Scanning combination 57/73: [403.10]

======================================================================
SDCG Parameters
======================================================================
mode:              SD only
max_step:          0.2
max_iter:          256
sd_enabled:        True
cg_enabled:        False
sd_max_iter:       50
cg_switch_fmax:    0.0
cg_restart_thresh: 0.2
cg_beta_method:    prp+
diis_enabled:      True
diis_store_every:  5
diis_memory:       6
verbose:           0
======================================================================


                             Coordinates                              
----------------------------------------------------------------------
0    C               -0.3682              -0.4145               0.2681
1    O                0.9902              -0.8173               0.1981
2    O                1.5560              -0.9502              -1.1213
3    C                1.2424               0.0734              -2.0520
4    H               -0.4403               0.1349               1.2051
5    H               -1.0179              -1.2933               0.2983
6    H               -0.7087               0.2308              -0.5289
7    H                2.0082               0.8532              -2.0225
8    H                1.2558              -0.4259              -3.0193
9    H                0.2770               0.5424              -1.9273


Energy:                 -230.281569 Convergence criteria  Is converged 
Maximum Force:             0.002688     0.002850  Yes
RMS Force:                 0.001238     0.001900  Yes
Maximum Displacement:      0.000533     0.003150  Yes
RMS Displacement:          0.000252     0.002100  Yes

SDCG converged at iteration 16 (phase: SD).

----------------------------------------------------------------------
            Scanning combination 58/73: [408.10]

======================================================================
SDCG Parameters
======================================================================
mode:              SD only
max_step:          0.2
max_iter:          256
sd_enabled:        True
cg_enabled:        False
sd_max_iter:       50
cg_switch_fmax:    0.0
cg_restart_thresh: 0.2
cg_beta_method:    prp+
diis_enabled:      True
diis_store_every:  5
diis_memory:       6
verbose:           0
======================================================================


                             Coordinates                              
----------------------------------------------------------------------
0    C               -0.3686              -0.4173               0.2682
1    O                0.9991              -0.7883               0.1970
2    O                1.5306              -0.9652              -1.1287
3    C                1.2449               0.0745              -2.0511
4    H               -0.4496               0.1417               1.1990
5    H               -1.0011              -1.3081               0.3092
6    H               -0.7218               0.2105              -0.5377
7    H                2.0266               0.8381              -2.0153
8    H                1.2468              -0.4170              -3.0226
9    H                0.2898               0.5629              -1.9187


Energy:                 -230.283969 Convergence criteria  Is converged 
Maximum Force:             0.002627     0.002850  Yes
RMS Force:                 0.001191     0.001900  Yes
Maximum Displacement:      0.000505     0.003150  Yes
RMS Displacement:          0.000243     0.002100  Yes

SDCG converged at iteration 26 (phase: SD).

----------------------------------------------------------------------
            Scanning combination 59/73: [413.10]

======================================================================
SDCG Parameters
======================================================================
mode:              SD only
max_step:          0.2
max_iter:          256
sd_enabled:        True
cg_enabled:        False
sd_max_iter:       50
cg_switch_fmax:    0.0
cg_restart_thresh: 0.2
cg_beta_method:    prp+
diis_enabled:      True
diis_store_every:  5
diis_memory:       6
verbose:           0
======================================================================


                             Coordinates                              
----------------------------------------------------------------------
0    C               -0.3639              -0.4111               0.2715
1    O                1.0115              -0.7537               0.1954
2    O                1.5002              -0.9844              -1.1364
3    C                1.2413               0.0674              -2.0538
4    H               -0.4554               0.1251               1.2138
5    H               -0.9819              -1.3129               0.2922
6    H               -0.7239               0.2311              -0.5209
7    H                2.0219               0.8304              -1.9908
8    H                1.2686              -0.4141              -3.0291
9    H                0.2808               0.5518              -1.9411


Energy:                 -230.287079 Convergence criteria  Is converged 
Maximum Force:             0.002803     0.002850  Yes
RMS Force:                 0.001319     0.001900  Yes
Maximum Displacement:      0.000563     0.003150  Yes
RMS Displacement:          0.000273     0.002100  Yes

SDCG converged at iteration 16 (phase: SD).

----------------------------------------------------------------------
            Scanning combination 60/73: [418.10]

======================================================================
SDCG Parameters
======================================================================
mode:              SD only
max_step:          0.2
max_iter:          256
sd_enabled:        True
cg_enabled:        False
sd_max_iter:       50
cg_switch_fmax:    0.0
cg_restart_thresh: 0.2
cg_beta_method:    prp+
diis_enabled:      True
diis_store_every:  5
diis_memory:       6
verbose:           0
======================================================================


                             Coordinates                              
----------------------------------------------------------------------
0    C               -0.3782              -0.4347               0.2658
1    O                1.0097              -0.7328               0.1888
2    O                1.4790              -0.9856              -1.1417
3    C                1.2585               0.0885              -2.0466
4    H               -0.4803               0.1898               1.1528
5    H               -0.9531              -1.3579               0.3808
6    H               -0.7772               0.1041              -0.5857
7    H                2.1063               0.7788              -2.0211
8    H                1.1816              -0.3833              -3.0257
9    H                0.3559               0.6602              -1.8651


Energy:                 -230.288291 Convergence criteria  Is converged 
Maximum Force:             0.002777     0.002850  Yes
RMS Force:                 0.001207     0.001900  Yes
Maximum Displacement:      0.000669     0.003150  Yes
RMS Displacement:          0.000300     0.002100  Yes

SDCG converged at iteration 37 (phase: SD).

----------------------------------------------------------------------
            Scanning combination 61/73: [423.10]

======================================================================
SDCG Parameters
======================================================================
mode:              SD only
max_step:          0.2
max_iter:          256
sd_enabled:        True
cg_enabled:        False
sd_max_iter:       50
cg_switch_fmax:    0.0
cg_restart_thresh: 0.2
cg_beta_method:    prp+
diis_enabled:      True
diis_store_every:  5
diis_memory:       6
verbose:           0
======================================================================


                             Coordinates                              
----------------------------------------------------------------------
0    C               -0.3752              -0.4315               0.2697
1    O                1.0187              -0.6969               0.1834
2    O                1.4454              -1.0006              -1.1489
3    C                1.2578               0.0833              -2.0494
4    H               -0.4877               0.1748               1.1657
5    H               -0.9361              -1.3638               0.3735
6    H               -0.7805               0.1128              -0.5750
7    H                2.1077               0.7691              -2.0044
8    H                1.2012              -0.3787              -3.0324
9    H                0.3540               0.6559              -1.8785


Energy:                 -230.291122 Convergence criteria  Is converged 
Maximum Force:             0.001906     0.002850  Yes
RMS Force:                 0.000945     0.001900  Yes
Maximum Displacement:      0.000409     0.003150  Yes
RMS Displacement:          0.000216     0.002100  Yes

SDCG converged at iteration 16 (phase: SD).

----------------------------------------------------------------------
            Scanning combination 62/73: [428.10]

======================================================================
SDCG Parameters
======================================================================
mode:              SD only
max_step:          0.2
max_iter:          256
sd_enabled:        True
cg_enabled:        False
sd_max_iter:       50
cg_switch_fmax:    0.0
cg_restart_thresh: 0.2
cg_beta_method:    prp+
diis_enabled:      True
diis_store_every:  5
diis_memory:       6
verbose:           0
======================================================================


                             Coordinates                              
----------------------------------------------------------------------
0    C               -0.3735              -0.4283               0.2760
1    O                1.0252              -0.6595               0.1753
2    O                1.4093              -1.0127              -1.1561
3    C                1.2583               0.0783              -2.0545
4    H               -0.4943               0.1600               1.1825
5    H               -0.9136              -1.3742               0.3658
6    H               -0.7902               0.1236              -0.5595
7    H                2.1127               0.7560              -1.9825
8    H                1.2224              -0.3765              -3.0416
9    H                0.3526               0.6546              -1.8997


Energy:                 -230.293843 Convergence criteria  Is converged 
Maximum Force:             0.002210     0.002850  Yes
RMS Force:                 0.001029     0.001900  Yes
Maximum Displacement:      0.000443     0.003150  Yes
RMS Displacement:          0.000236     0.002100  Yes

SDCG converged at iteration 16 (phase: SD).

----------------------------------------------------------------------
            Scanning combination 63/73: [433.10]

======================================================================
SDCG Parameters
======================================================================
mode:              SD only
max_step:          0.2
max_iter:          256
sd_enabled:        True
cg_enabled:        False
sd_max_iter:       50
cg_switch_fmax:    0.0
cg_restart_thresh: 0.2
cg_beta_method:    prp+
diis_enabled:      True
diis_store_every:  5
diis_memory:       6
verbose:           0
======================================================================


                             Coordinates                              
----------------------------------------------------------------------
0    C               -0.3728              -0.4258               0.2835
1    O                1.0294              -0.6212               0.1649
2    O                1.3711              -1.0220              -1.1632
3    C                1.2600               0.0736              -2.0608
4    H               -0.4997               0.1435               1.2013
5    H               -0.8901              -1.3853               0.3597
6    H               -0.8032               0.1338              -0.5416
7    H                2.1191               0.7416              -1.9610
8    H                1.2462              -0.3756              -3.0509
9    H                0.3531               0.6551              -1.9240


Energy:                 -230.296350 Convergence criteria  Is converged 
Maximum Force:             0.002371     0.002850  Yes
RMS Force:                 0.001076     0.001900  Yes
Maximum Displacement:      0.000475     0.003150  Yes
RMS Displacement:          0.000251     0.002100  Yes

SDCG converged at iteration 16 (phase: SD).

----------------------------------------------------------------------
            Scanning combination 64/73: [438.10]

======================================================================
SDCG Parameters
======================================================================
mode:              SD only
max_step:          0.2
max_iter:          256
sd_enabled:        True
cg_enabled:        False
sd_max_iter:       50
cg_switch_fmax:    0.0
cg_restart_thresh: 0.2
cg_beta_method:    prp+
diis_enabled:      True
diis_store_every:  5
diis_memory:       6
verbose:           0
======================================================================


                             Coordinates                              
----------------------------------------------------------------------
0    C               -0.3731              -0.4239               0.2924
1    O                1.0310              -0.5823               0.1526
2    O                1.3314              -1.0284              -1.1705
3    C                1.2631               0.0695              -2.0682
4    H               -0.5042               0.1260               1.2213
5    H               -0.8660              -1.3969               0.3558
6    H               -0.8197               0.1418              -0.5217
7    H                2.1271               0.7258              -1.9406
8    H                1.2716              -0.3759              -3.0602
9    H                0.3566               0.6582              -1.9507


Energy:                 -230.298540 Convergence criteria  Is converged 
Maximum Force:             0.002431     0.002850  Yes
RMS Force:                 0.001089     0.001900  Yes
Maximum Displacement:      0.000486     0.003150  Yes
RMS Displacement:          0.000261     0.002100  Yes

SDCG converged at iteration 16 (phase: SD).

----------------------------------------------------------------------
            Scanning combination 65/73: [443.10]

======================================================================
SDCG Parameters
======================================================================
mode:              SD only
max_step:          0.2
max_iter:          256
sd_enabled:        True
cg_enabled:        False
sd_max_iter:       50
cg_switch_fmax:    0.0
cg_restart_thresh: 0.2
cg_beta_method:    prp+
diis_enabled:      True
diis_store_every:  5
diis_memory:       6
verbose:           0
======================================================================


                             Coordinates                              
----------------------------------------------------------------------
0    C               -0.3745              -0.4233               0.3027
1    O                1.0296              -0.5432               0.1385
2    O                1.2906              -1.0316              -1.1780
3    C                1.2678               0.0660              -2.0768
4    H               -0.5078               0.1080               1.2421
5    H               -0.8419              -1.4092               0.3550
6    H               -0.8399               0.1464              -0.4996
7    H                2.1373               0.7088              -1.9221
8    H                1.2977              -0.3771              -3.0694
9    H                0.3639               0.6645              -1.9794


Energy:                 -230.300338 Convergence criteria  Is converged 
Maximum Force:             0.002415     0.002850  Yes
RMS Force:                 0.001085     0.001900  Yes
Maximum Displacement:      0.000493     0.003150  Yes
RMS Displacement:          0.000270     0.002100  Yes

SDCG converged at iteration 16 (phase: SD).

----------------------------------------------------------------------
            Scanning combination 66/73: [448.10]

======================================================================
SDCG Parameters
======================================================================
mode:              SD only
max_step:          0.2
max_iter:          256
sd_enabled:        True
cg_enabled:        False
sd_max_iter:       50
cg_switch_fmax:    0.0
cg_restart_thresh: 0.2
cg_beta_method:    prp+
diis_enabled:      True
diis_store_every:  5
diis_memory:       6
verbose:           0
======================================================================


                             Coordinates                              
----------------------------------------------------------------------
0    C               -0.3775              -0.4243               0.3146
1    O                1.0248              -0.5045               0.1229
2    O                1.2494              -1.0310              -1.1862
3    C                1.2748               0.0636              -2.0866
4    H               -0.5104               0.0902               1.2634
5    H               -0.8186              -1.4224               0.3582
6    H               -0.8642               0.1466              -0.4756
7    H                2.1504               0.6909              -1.9066
8    H                1.3240              -0.3794              -3.0786
9    H                0.3760               0.6747              -2.0097


Energy:                 -230.301708 Convergence criteria  Is converged 
Maximum Force:             0.002340     0.002850  Yes
RMS Force:                 0.001093     0.001900  Yes
Maximum Displacement:      0.000551     0.003150  Yes
RMS Displacement:          0.000281     0.002100  Yes

SDCG converged at iteration 16 (phase: SD).

----------------------------------------------------------------------
            Scanning combination 67/73: [453.10]

======================================================================
SDCG Parameters
======================================================================
mode:              SD only
max_step:          0.2
max_iter:          256
sd_enabled:        True
cg_enabled:        False
sd_max_iter:       50
cg_switch_fmax:    0.0
cg_restart_thresh: 0.2
cg_beta_method:    prp+
diis_enabled:      True
diis_store_every:  5
diis_memory:       6
verbose:           0
======================================================================


                             Coordinates                              
----------------------------------------------------------------------
0    C               -0.3823              -0.4270               0.3280
1    O                1.0162              -0.4664               0.1061
2    O                1.2080              -1.0265              -1.1950
3    C                1.2840               0.0625              -2.0978
4    H               -0.5122               0.0728               1.2851
5    H               -0.7963              -1.4366               0.3662
6    H               -0.8925               0.1421              -0.4499
7    H                2.1667               0.6722              -1.8947
8    H                1.3500              -0.3828              -3.0877
9    H                0.3931               0.6888              -2.0411


Energy:                 -230.302653 Convergence criteria  Is converged 
Maximum Force:             0.002270     0.002850  Yes
RMS Force:                 0.001138     0.001900  Yes
Maximum Displacement:      0.000602     0.003150  Yes
RMS Displacement:          0.000298     0.002100  Yes

SDCG converged at iteration 16 (phase: SD).

----------------------------------------------------------------------
            Scanning combination 68/73: [458.10]

======================================================================
SDCG Parameters
======================================================================
mode:              SD only
max_step:          0.2
max_iter:          256
sd_enabled:        True
cg_enabled:        False
sd_max_iter:       50
cg_switch_fmax:    0.0
cg_restart_thresh: 0.2
cg_beta_method:    prp+
diis_enabled:      True
diis_store_every:  5
diis_memory:       6
verbose:           0
======================================================================


                             Coordinates                              
----------------------------------------------------------------------
0    C               -0.3887              -0.4313               0.3427
1    O                1.0039              -0.4290               0.0883
2    O                1.1669              -1.0182              -1.2048
3    C                1.2953               0.0627              -2.1100
4    H               -0.5129               0.0563               1.3067
5    H               -0.7746              -1.4517               0.3786
6    H               -0.9247               0.1327              -0.4229
7    H                2.1862               0.6522              -1.8860
8    H                1.3754              -0.3873              -3.0967
9    H                0.4150               0.7070              -2.0734


Energy:                 -230.303208 Convergence criteria  Is converged 
Maximum Force:             0.002423     0.002850  Yes
RMS Force:                 0.001234     0.001900  Yes
Maximum Displacement:      0.000645     0.003150  Yes
RMS Displacement:          0.000323     0.002100  Yes

SDCG converged at iteration 16 (phase: SD).

----------------------------------------------------------------------
            Scanning combination 69/73: [463.10]

======================================================================
SDCG Parameters
======================================================================
mode:              SD only
max_step:          0.2
max_iter:          256
sd_enabled:        True
cg_enabled:        False
sd_max_iter:       50
cg_switch_fmax:    0.0
cg_restart_thresh: 0.2
cg_beta_method:    prp+
diis_enabled:      True
diis_store_every:  5
diis_memory:       6
verbose:           0
======================================================================


                             Coordinates                              
----------------------------------------------------------------------
0    C               -0.3967              -0.4369               0.3586
1    O                0.9878              -0.3925               0.0698
2    O                1.1260              -1.0061              -1.2156
3    C                1.3082               0.0641              -2.1233
4    H               -0.5123               0.0406               1.3285
5    H               -0.7528              -1.4678               0.3950
6    H               -0.9615               0.1185              -0.3938
7    H                2.2085               0.6306              -1.8796
8    H                1.4000              -0.3931              -3.1055
9    H                0.4420               0.7296              -2.1076


Energy:                 -230.303448 Convergence criteria  Is converged 
Maximum Force:             0.002630     0.002850  Yes
RMS Force:                 0.001384     0.001900  Yes
Maximum Displacement:      0.000687     0.003150  Yes
RMS Displacement:          0.000356     0.002100  Yes

SDCG converged at iteration 16 (phase: SD).

----------------------------------------------------------------------
            Scanning combination 70/73: [468.10]

======================================================================
SDCG Parameters
======================================================================
mode:              SD only
max_step:          0.2
max_iter:          256
sd_enabled:        True
cg_enabled:        False
sd_max_iter:       50
cg_switch_fmax:    0.0
cg_restart_thresh: 0.2
cg_beta_method:    prp+
diis_enabled:      True
diis_store_every:  5
diis_memory:       6
verbose:           0
======================================================================


                             Coordinates                              
----------------------------------------------------------------------
0    C               -0.4068              -0.4439               0.3760
1    O                0.9671              -0.3570               0.0508
2    O                1.0857              -0.9896              -1.2280
3    C                1.3232               0.0668              -2.1382
4    H               -0.5106               0.0253               1.3510
5    H               -0.7302              -1.4843               0.4152
6    H               -1.0050               0.0995              -0.3601
7    H                2.2331               0.6068              -1.8755
8    H                1.4248              -0.4004              -3.1143
9    H                0.4755               0.7571              -2.1464


Energy:                 -230.303537 Convergence criteria  Is converged 
Maximum Force:             0.002596     0.002850  Yes
RMS Force:                 0.001355     0.001900  Yes
Maximum Displacement:      0.000584     0.003150  Yes
RMS Displacement:          0.000314     0.002100  Yes

SDCG converged at iteration 17 (phase: SD).

----------------------------------------------------------------------
            Scanning combination 71/73: [473.10]

======================================================================
SDCG Parameters
======================================================================
mode:              SD only
max_step:          0.2
max_iter:          256
sd_enabled:        True
cg_enabled:        False
sd_max_iter:       50
cg_switch_fmax:    0.0
cg_restart_thresh: 0.2
cg_beta_method:    prp+
diis_enabled:      True
diis_store_every:  5
diis_memory:       6
verbose:           0
======================================================================


                             Coordinates                              
----------------------------------------------------------------------
0    C               -0.4184              -0.4514               0.3947
1    O                0.9423              -0.3222               0.0317
2    O                1.0460              -0.9693              -1.2421
3    C                1.3393               0.0706              -2.1547
4    H               -0.5079               0.0095               1.3750
5    H               -0.7081              -1.5015               0.4390
6    H               -1.0543               0.0764              -0.3209
7    H                2.2602               0.5820              -1.8740
8    H                1.4507              -0.4091              -3.1236
9    H                0.5154               0.7882              -2.1904


Energy:                 -230.303652 Convergence criteria  Is converged 
Maximum Force:             0.002649     0.002850  Yes
RMS Force:                 0.001438     0.001900  Yes
Maximum Displacement:      0.000644     0.003150  Yes
RMS Displacement:          0.000336     0.002100  Yes

SDCG converged at iteration 17 (phase: SD).

----------------------------------------------------------------------
            Scanning combination 72/73: [478.10]

======================================================================
SDCG Parameters
======================================================================
mode:              SD only
max_step:          0.2
max_iter:          256
sd_enabled:        True
cg_enabled:        False
sd_max_iter:       50
cg_switch_fmax:    0.0
cg_restart_thresh: 0.2
cg_beta_method:    prp+
diis_enabled:      True
diis_store_every:  5
diis_memory:       6
verbose:           0
======================================================================


                             Coordinates                              
----------------------------------------------------------------------
0    C               -0.4308              -0.4595               0.4139
1    O                0.9141              -0.2880               0.0125
2    O                1.0066              -0.9459              -1.2577
3    C                1.3560               0.0749              -2.1716
4    H               -0.5046              -0.0067               1.3993
5    H               -0.6868              -1.5181               0.4645
6    H               -1.1043               0.0509              -0.2790
7    H                2.2877               0.5571              -1.8744
8    H                1.4772              -0.4183              -3.1326
9    H                0.5587               0.8195              -2.2358


Energy:                 -230.303863 Convergence criteria  Is converged 
Maximum Force:             0.002702     0.002850  Yes
RMS Force:                 0.001420     0.001900  Yes
Maximum Displacement:      0.000658     0.003150  Yes
RMS Displacement:          0.000339     0.002100  Yes

SDCG converged at iteration 17 (phase: SD).

----------------------------------------------------------------------
            Scanning combination 73/73: [483.10]

======================================================================
SDCG Parameters
======================================================================
mode:              SD only
max_step:          0.2
max_iter:          256
sd_enabled:        True
cg_enabled:        False
sd_max_iter:       50
cg_switch_fmax:    0.0
cg_restart_thresh: 0.2
cg_beta_method:    prp+
diis_enabled:      True
diis_store_every:  5
diis_memory:       6
verbose:           0
======================================================================


                             Coordinates                              
----------------------------------------------------------------------
0    C               -0.4425              -0.4675               0.4319
1    O                0.8843              -0.2537              -0.0068
2    O                0.9672              -0.9211              -1.2740
3    C                1.3722               0.0791              -2.1873
4    H               -0.5005              -0.0221               1.4220
5    H               -0.6649              -1.5336               0.4890
6    H               -1.1508               0.0244              -0.2386
7    H                2.3137               0.5317              -1.8742
8    H                1.5021              -0.4276              -3.1403
9    H                0.6021               0.8486              -2.2778


Energy:                 -230.304093 Convergence criteria  Is converged 
Maximum Force:             0.002552     0.002850  Yes
RMS Force:                 0.001310     0.001900  Yes
Maximum Displacement:      0.000626     0.003150  Yes
RMS Displacement:          0.000320     0.002100  Yes

SDCG converged at iteration 17 (phase: SD).

======================================================================
Scan completed! Total points: 73Results saved to: /home/axie/MAPLE/MAPLE-fork/examples/scan/sd/dimethyl_peroxide_torsion_scan_final.xyz
Energy range: -230.304684 to -230.269126 Hartree



Program started: 2026-05-15 22:07:04

======================================================================
                      TIMING SUMMARY
======================================================================
Input Reading.......................................   0.071 s  (   0.1 %)
  Settings Parsing....................................   0.070 s  (  98.6 %)
  Coordinate Section Parsing..........................   0.000 s  (   0.5 %)
  Post-Processing Expansion...........................   0.000 s  (   0.1 %)
MLP Initialization..................................   0.192 s  (   0.4 %)
Job Dispatching.....................................  49.949 s  (  99.5 %)
  Scan................................................  49.945 s  ( 100.0 %)
    Optimization (×73)..................................  49.922 s  ( 100.0 %)
======================================================================
Total wall time: 50.212 s
Total CPU time: 45.437 s
======================================================================

Program ended: 2026-05-15 22:07:54
TOTAL RUN TIME: 0 days 0 hours 0 minutes 50 seconds 212 msec
